time,kind,level,count,side,res,cost
2023-04-01 14:00:00,LEVEL,28293.433333333334,3,1,1,0.023271214379958476
2023-04-01 00:00:00,CONTROL,28524.792323618913,3,-1,1,0.017099912970322328
2023-04-02 13:00:00,LEVEL,28161.1,5,1,1,0.034043111329379386
2023-04-02 11:00:00,LEVEL,28293.433333333334,3,1,-1,0.036347901026402805
2023-04-02 19:00:00,CONTROL,27875.741360280404,3,1,1,0.029191168385659213
2023-04-02 16:00:00,CONTROL,27951.294511927103,6,1,1,0.03320617108634055
2023-04-02 15:00:00,CONTROL,28044.087522283182,3,1,1,0.03412208367730283
2023-04-02 04:00:00,CONTROL,28390.91476228685,5,1,-1,0.03332755951552382
2023-04-02 03:00:00,CONTROL,28483.82787252192,3,-1,1,0.03350176395489033
2023-04-03 21:00:00,LEVEL,27283.183333333334,6,1,1,0.013887001012687748
2023-04-03 20:00:00,LEVEL,27481.666666666668,3,1,1,0.014966954291970877
2023-04-03 01:00:00,LEVEL,27640.25,6,1,1,0.022978489036682967
2023-04-03 01:00:00,LEVEL,27762.13333333333,3,1,1,0.023079815719283678
2023-04-03 08:00:00,LEVEL,28161.1,5,-1,-1,0.019167805334581182
2023-04-03 08:00:00,LEVEL,28305.075,4,-1,1,0.01926580167609648
2023-04-03 01:00:00,CONTROL,27978.33780121629,6,1,-1,0.0232595554826697
2023-04-03 00:00:00,CONTROL,28072.42747558061,3,1,-1,0.02678187583383759
2023-04-03 01:00:00,CONTROL,27965.393117215084,5,1,-1,0.023248794028652278
2023-04-03 01:00:00,CONTROL,27989.449038223607,4,1,-1,0.02326879271597101
2023-04-04 04:00:00,LEVEL,27762.13333333333,3,1,1,0.014718405981985542
2023-04-04 06:00:00,LEVEL,28107.933333333334,3,-1,-1,0.014508724500220433
2023-04-04 12:00:00,LEVEL,28201.925000000003,4,1,1,0.014850690319077152
2023-04-04 10:00:00,LEVEL,28332.050000000003,4,-1,1,0.015386616431614117
2023-04-04 01:00:00,CONTROL,27872.951745183414,5,-1,-1,0.014579095046435345
2023-04-04 06:00:00,CONTROL,27950.23902030328,3,-1,-1,0.01442732600977036
2023-04-04 02:00:00,CONTROL,27891.70319355643,3,-1,-1,0.014537813177082526
2023-04-04 06:00:00,CONTROL,28022.214796230815,4,-1,-1,0.014464478392737762
2023-04-05 15:00:00,LEVEL,27961.36666666667,3,1,1,0.018913981722225758
2023-04-05 14:00:00,LEVEL,28107.933333333334,3,1,-1,0.01938227528049536
2023-04-05 14:00:00,LEVEL,28201.925000000003,4,1,-1,0.019447088738525214
2023-04-05 00:00:00,LEVEL,28332.050000000003,4,-1,-1,0.018872699265180384
2023-04-05 00:00:00,LEVEL,28435.666666666668,3,-1,-1,0.018941720962828822
2023-04-05 00:00:00,LEVEL,28604.8,3,-1,1,0.019054384978871342
2023-04-05 15:00:00,CONTROL,27874.73062285648,3,1,1,0.018855378272378463
2023-04-05 15:00:00,CONTROL,27856.92078623671,4,1,1,0.018843331117161844
2023-04-05 00:00:00,CONTROL,28718.06355197401,4,-1,1,0.019129832712237324
2023-04-06 10:00:00,LEVEL,27765.35,4,1,1,0.01915016811794115
2023-04-06 00:00:00,LEVEL,27961.36666666667,3,1,0,0.01933913444427632
2023-04-06 03:00:00,LEVEL,28107.933333333334,3,-1,1,0.020148604795292794
2023-04-06 01:00:00,CONTROL,27868.319819990273,3,1,1,0.019193057727265993
2023-04-06 12:00:00,CONTROL,27849.697743486562,4,1,1,0.019995295665056492
2023-04-07 07:00:00,LEVEL,27765.35,4,1,1,0.0269836668995049
2023-04-07 05:00:00,LEVEL,27859.0,3,1,1,0.027285158999785643
2023-04-07 02:00:00,LEVEL,27961.36666666667,3,1,-1,0.027208871319243773
2023-04-08 18:00:00,LEVEL,27862.625,4,1,1,0.04706276062285555
2023-04-08 05:00:00,LEVEL,28107.933333333334,3,-1,1,0.03662122334866938
2023-04-09 08:00:00,LEVEL,27763.28,5,1,1,0.049016549517241374
2023-04-09 06:00:00,LEVEL,27854.733333333334,6,1,1,0.05118297253325677
2023-04-09 18:00:00,LEVEL,27966.3,4,-1,-1,0.04519577799101075
2023-04-09 19:00:00,LEVEL,28107.933333333334,3,-1,-1,0.04073798028292369
2023-04-09 19:00:00,LEVEL,28175.260000000002,5,-1,-1,0.040835559581503034
2023-04-09 21:00:00,LEVEL,28305.075,4,-1,-1,0.03523818860877698
2023-04-09 21:00:00,LEVEL,28404.966666666664,3,-1,1,0.035362547982155955
2023-04-09 22:00:00,LEVEL,28494.399999999998,3,-1,1,0.03395601236360938
2023-04-10 13:00:00,LEVEL,28175.260000000002,5,1,1,0.030547461290869053
2023-04-10 01:00:00,LEVEL,28305.075,4,1,1,0.03210898649367226
2023-04-10 00:00:00,LEVEL,28404.966666666664,3,-1,1,0.03318943050839205
2023-04-10 15:00:00,LEVEL,28494.399999999998,3,-1,-1,0.02876497050380137
2023-04-10 16:00:00,LEVEL,28604.8,3,-1,-1,0.023371128019200313
2023-04-10 16:00:00,LEVEL,28807.433333333334,3,-1,-1,0.023536686581899256
2023-04-10 16:00:00,CONTROL,28710.4039004317,3,-1,-1,0.02345741012137604
2023-04-10 16:00:00,CONTROL,28931.538336911068,3,-1,-1,0.023638084736280287
2023-04-10 17:00:00,CONTROL,29229.37827792935,3,-1,-1,0.022436136748152726
2023-04-13 14:00:00,LEVEL,30511.666666666668,3,-1,1,0.02273384868523172
2023-04-13 01:00:00,CONTROL,30059.766128447132,3,-1,-1,0.020544028792240984
2023-04-14 00:00:00,LEVEL,30511.666666666668,3,-1,-1,0.02232220698064316
2023-04-14 15:00:00,CONTROL,30178.283032042455,3,1,1,0.019657718052057106
2023-04-16 11:00:00,LEVEL,30213.666666666668,3,1,1,0.04723653182203116
2023-04-16 18:00:00,LEVEL,30478.333333333332,3,-1,1,0.04742556122862469
2023-04-16 01:00:00,CONTROL,30117.305978991964,3,1,1,0.04386880565013172
2023-04-17 00:00:00,LEVEL,30153.875,4,1,-1,0.03292244702992254
2023-04-17 00:00:00,CONTROL,29871.321563000012,4,1,1,0.03261395100535672
2023-04-18 11:00:00,LEVEL,30153.875,4,-1,-1,0.024590316004077406
2023-04-18 12:00:00,LEVEL,30447.13333333333,3,-1,1,0.02450350250658077
2023-04-18 06:00:00,CONTROL,29719.38577164723,4,-1,-1,0.024922569896818795
2023-04-18 11:00:00,CONTROL,30332.825731372963,3,-1,1,0.024736249322220495
2023-04-19 23:00:00,LEVEL,28604.8,3,1,1,0.015219619905890934
2023-04-19 08:00:00,LEVEL,28807.433333333334,3,1,1,0.015993855798647878
2023-04-19 08:00:00,LEVEL,29583.333333333332,3,1,-1,0.01642463463862914
2023-04-19 08:00:00,LEVEL,29930.5,3,1,-1,0.016617381196106687
2023-04-19 02:00:00,LEVEL,30153.875,4,1,-1,0.021864992862160412
2023-04-19 23:00:00,CONTROL,28693.545128912367,4,1,1,0.015266838104603933
2023-04-19 23:00:00,CONTROL,28707.02706436477,4,1,-1,0.015274011373886757
2023-04-19 23:00:00,CONTROL,28700.564138674414,4,1,1,0.015270572675749126
2023-04-19 08:00:00,CONTROL,28994.4745110968,3,1,1,0.016097700858044288
2023-04-19 08:00:00,CONTROL,29110.007598536104,3,1,1,0.016161844703110093
2023-04-19 08:00:00,CONTROL,29404.519917267124,3,1,-1,0.01632535762361936
2023-04-19 00:00:00,CONTROL,30270.0400547071,3,1,-1,0.02108721632199038
2023-04-20 19:00:00,LEVEL,28100.475000000002,4,1,-1,0.014279603633360852
2023-04-20 19:00:00,LEVEL,28172.842857142856,7,1,-1,0.014316378254280806
2023-04-20 12:00:00,LEVEL,28305.075,4,1,1,0.015870521446593747
2023-04-20 12:00:00,LEVEL,28399.475,4,1,1,0.015923451079338347
2023-04-20 12:00:00,LEVEL,28505.574999999997,4,1,1,0.015982940846649814
2023-04-20 03:00:00,LEVEL,28604.8,3,1,1,0.014065700631559512
2023-04-20 02:00:00,LEVEL,28805.575,4,1,-1,0.01470445865969018
2023-04-20 11:00:00,CONTROL,28693.847969029764,4,1,-1,0.017629951518930733
2023-04-20 11:00:00,CONTROL,28691.312864762873,4,1,-1,0.017628393910994394
2023-04-20 00:00:00,CONTROL,28926.758507673807,3,-1,1,0.01511398926027529
2023-04-20 06:00:00,CONTROL,29067.082513571375,4,-1,1,0.014532178865017072
2023-04-21 20:00:00,LEVEL,27165.933333333334,3,1,1,0.016410742782350433
2023-04-21 19:00:00,LEVEL,27283.183333333334,6,1,1,0.016222488139036508
2023-04-21 19:00:00,LEVEL,27481.666666666668,3,1,-1,0.01634050565486145
2023-04-21 19:00:00,LEVEL,27655.850000000002,6,1,-1,0.016444074473224574
2023-04-21 17:00:00,LEVEL,27765.17142857143,7,1,-1,0.017395020962748132
2023-04-21 06:00:00,LEVEL,27854.733333333334,6,1,1,0.016067914097895698
2023-04-21 06:00:00,LEVEL,27965.039999999997,5,1,-1,0.016131544146807498
2023-04-21 00:00:00,LEVEL,28100.475000000002,4,1,-1,0.015587560671196767
2023-04-21 00:00:00,LEVEL,28172.842857142856,7,1,-1,0.01562770370663865
2023-04-21 00:00:00,LEVEL,28305.075,4,-1,1,0.015701053945361237
2023-04-21 19:00:00,CONTROL,27372.33911790258,6,1,1,0.016275499865711893
2023-04-22 01:00:00,LEVEL,27283.183333333334,6,-1,-1,0.01678545491832172
2023-04-22 16:00:00,LEVEL,27655.850000000002,6,-1,1,0.021715345732934183
2023-04-22 17:00:00,LEVEL,27769.525,8,-1,1,0.022246765471660317
2023-04-22 22:00:00,LEVEL,27854.733333333334,6,-1,1,0.028444966385839484
2023-04-22 14:00:00,CONTROL,27375.908576226167,6,-1,-1,0.021897442244644228
2023-04-22 14:00:00,CONTROL,27391.969645927038,8,-1,-1,0.021910289173365616
2023-04-22 16:00:00,CONTROL,27571.607110637007,6,-1,-1,0.021649198300544337
2023-04-22 16:00:00,CONTROL,27567.947805464966,6,-1,-1,0.02164632501778669
2023-04-23 15:00:00,LEVEL,27283.183333333334,6,1,1,0.023156297023225348
2023-04-23 00:00:00,LEVEL,27517.466666666664,3,1,1,0.02572852982712442
2023-04-23 00:00:00,LEVEL,27640.25,6,1,-1,0.025843330898466035
2023-04-23 00:00:00,LEVEL,27740.079999999998,5,1,-1,0.02593667085463842
2023-04-23 00:00:00,CONTROL,27415.104639872847,3,1,1,0.025632822453642984
2023-04-23 15:00:00,CONTROL,27380.536627638914,6,1,1,0.02323892454405336
2023-04-23 15:00:00,CONTROL,27380.593398737798,5,1,1,0.023238972727889242
2023-04-23 00:00:00,CONTROL,27409.215308133644,8,1,1,0.025627315992995666
2023-04-24 16:00:00,LEVEL,27090.2,3,1,1,0.016703335324380064
2023-04-24 08:00:00,LEVEL,27165.95,4,1,1,0.018705306192709912
2023-04-24 08:00:00,LEVEL,27282.68571428571,7,1,1,0.018785685390909825
2023-04-24 07:00:00,LEVEL,27407.7,3,1,1,0.020006989529392994
2023-04-24 00:00:00,LEVEL,27517.466666666664,3,1,1,0.022119594396576958
2023-04-24 00:00:00,LEVEL,27640.25,6,-1,-1,0.022218292345951893
2023-04-24 00:00:00,LEVEL,27743.399999999998,6,-1,-1,0.022301208269486773
2023-04-24 00:00:00,LEVEL,27811.6125,8,-1,1,0.022356040091436585
2023-04-24 01:00:00,LEVEL,27899.675,4,-1,1,0.02167754279470679
2023-04-24 01:00:00,LEVEL,27974.6,5,-1,1,0.021735758164380215
2023-04-24 17:00:00,CONTROL,26984.89504711551,4,1,1,0.015652207607672726
2023-04-24 16:00:00,CONTROL,27001.865838561433,3,1,1,0.01664887005210056
2023-04-25 07:00:00,LEVEL,27282.68571428571,7,1,1,0.017709561094915487
2023-04-25 04:00:00,LEVEL,27407.7,3,-1,-1,0.017275575165458586
2023-04-25 17:00:00,LEVEL,27517.466666666664,3,-1,-1,0.023365677793698816
2023-04-25 17:00:00,LEVEL,27640.25,6,-1,-1,0.023469935785172223
2023-04-25 18:00:00,LEVEL,27737.2,7,-1,1,0.02389528604118996
2023-04-25 20:00:00,LEVEL,27811.6125,8,-1,-1,0.021642751878602165
2023-04-25 20:00:00,LEVEL,27899.675,4,-1,-1,0.021711281340434315
2023-04-25 20:00:00,LEVEL,27978.833333333332,6,-1,-1,0.02177288165819572
2023-04-25 21:00:00,LEVEL,28100.475000000002,4,-1,-1,0.020881387734249808
2023-04-25 21:00:00,LEVEL,28172.842857142856,7,-1,-1,0.020935164095129716
2023-04-25 23:00:00,LEVEL,28304.059999999998,5,-1,-1,0.02045968781766019
2023-04-26 20:00:00,LEVEL,27282.68571428571,7,1,1,0.009780602745338412
2023-04-26 20:00:00,LEVEL,27407.7,3,1,1,0.009825419266661436
2023-04-26 20:00:00,LEVEL,27517.466666666664,3,1,1,0.009864769650732476
2023-04-26 20:00:00,LEVEL,27632.157142857144,7,1,1,0.009905885177189076
2023-04-26 19:00:00,LEVEL,27737.2,7,1,-1,0.010862690001223833
2023-04-26 19:00:00,LEVEL,27811.6125,8,1,-1,0.010891832089095574
2023-04-26 19:00:00,LEVEL,27899.675,4,1,-1,0.01092631991188348
2023-04-26 19:00:00,LEVEL,27978.833333333332,6,1,-1,0.010957320605393048
2023-04-26 19:00:00,LEVEL,28100.475000000002,4,1,-1,0.011004959001346216
2023-04-26 19:00:00,LEVEL,28172.842857142856,7,1,-1,0.011033300347920336
2023-04-26 03:00:00,LEVEL,28304.059999999998,5,1,1,0.020315589350200735
2023-04-26 00:00:00,LEVEL,28393.359999999997,5,-1,-1,0.020275540480228473
2023-04-26 06:00:00,LEVEL,28508.5,5,-1,-1,0.02021431420341235
2023-04-26 08:00:00,LEVEL,28604.8,3,-1,-1,0.019895098785020316
2023-04-26 09:00:00,LEVEL,28805.575,4,-1,-1,0.01958896633798027
2023-04-26 10:00:00,LEVEL,29057.033333333336,3,-1,-1,0.018679438038223035
2023-04-26 12:00:00,LEVEL,29540.0,3,-1,-1,0.015522858644245914
2023-04-26 12:00:00,LEVEL,29930.5,3,-1,1,0.01572806095638464
2023-04-26 08:00:00,CONTROL,28699.987390823342,5,-1,-1,0.019961303147348272
2023-04-26 08:00:00,CONTROL,28711.897346008987,5,-1,-1,0.019969586712866774
2023-04-26 10:00:00,CONTROL,28932.73485567252,5,-1,-1,0.018599532230734864
2023-04-26 10:00:00,CONTROL,28947.55334850412,3,-1,-1,0.018609058362170666
2023-04-26 12:00:00,CONTROL,29220.451208056038,4,-1,-1,0.015354940203918031
2023-04-26 12:00:00,CONTROL,29390.047630195393,3,-1,-1,0.01544406076205747
2023-04-26 12:00:00,CONTROL,29823.52745477212,3,-1,1,0.015671848373500837
2023-04-26 12:00:00,CONTROL,29693.27545894552,3,-1,1,0.015603402763502626
2023-04-27 00:00:00,LEVEL,28502.583333333332,6,-1,-1,0.008684764634374714
2023-04-27 00:00:00,LEVEL,28604.8,3,-1,-1,0.008715910151303073
2023-04-27 00:00:00,LEVEL,28805.575,4,-1,-1,0.008777086487464414
2023-04-27 00:00:00,LEVEL,29057.033333333336,3,-1,-1,0.008853706084179992
2023-04-27 15:00:00,LEVEL,29540.0,3,-1,0,0.008353629438484245
2023-04-27 00:00:00,CONTROL,28701.713144333513,5,-1,-1,0.00874543967986091
2023-04-27 00:00:00,CONTROL,28698.80122892343,6,-1,-1,0.008744552416426713
2023-04-27 00:00:00,CONTROL,28913.746528196018,3,-1,-1,0.008810046456444641
2023-04-27 00:00:00,CONTROL,29200.489178853142,4,-1,1,0.008897417218682938
2023-04-27 00:00:00,CONTROL,29427.88731332842,3,-1,1,0.008966705649598745
2023-04-27 00:00:00,CONTROL,29361.39799424989,3,-1,1,0.00894644628994198
2023-04-27 18:00:00,CONTROL,29805.12469319551,3,-1,1,0.007892391888703448
2023-04-28 13:00:00,LEVEL,29057.033333333336,3,1,0,0.01423513934179438
2023-04-28 00:00:00,LEVEL,29540.0,3,-1,1,0.011827679833835916
2023-04-28 13:00:00,CONTROL,28897.773906451555,6,1,1,0.014157117607533033
2023-04-28 13:00:00,CONTROL,28894.56322990076,4,1,1,0.01415554468618357
2023-04-28 08:00:00,CONTROL,29213.042556382647,4,1,0,0.01463900156290903
2023-04-28 08:00:00,CONTROL,29253.469211969925,3,1,0,0.014659259838752197
2023-04-28 03:00:00,CONTROL,29324.955967083264,3,1,-1,0.0132243318904547
2023-04-29 17:00:00,LEVEL,29057.033333333336,3,1,1,0.034643258817685055
2023-04-29 17:00:00,CONTROL,29156.086771460203,4,1,1,0.034761355316196965
2023-04-29 00:00:00,CONTROL,29197.796021323073,3,1,0,0.02093547856062961
2023-04-29 02:00:00,CONTROL,29358.899433162675,3,-1,1,0.021828685189274968
2023-04-29 00:00:00,CONTROL,29191.234399322337,3,1,0,0.02093077372959993
2023-04-30 20:00:00,LEVEL,29194.900000000005,3,1,1,0.027704074491429895
2023-04-30 14:00:00,LEVEL,29420.766666666666,3,-1,-1,0.03928989789388754
2023-04-30 15:00:00,LEVEL,29540.0,3,-1,-1,0.033310310804144025
2023-04-30 15:00:00,LEVEL,29868.333333333332,3,-1,1,0.03368055066131037
2023-04-30 15:00:00,LEVEL,29930.5,3,-1,1,0.033750651913454055
2023-04-30 13:00:00,CONTROL,29288.913683112365,4,-1,-1,0.04148571343217048
2023-04-30 15:00:00,CONTROL,29645.70552275321,3,-1,-1,0.03342950795433441
2023-04-30 15:00:00,CONTROL,29753.704147487973,3,-1,1,0.03355129088447439
2023-04-30 15:00:00,CONTROL,29676.101252222736,3,-1,-1,0.03346378321485399
2023-04-30 15:00:00,CONTROL,29756.71556142686,3,-1,1,0.03355468665746912
2023-05-01 20:00:00,LEVEL,27737.2,7,1,1,0.014999415293620609
2023-05-01 19:00:00,LEVEL,27811.6125,8,1,1,0.015296339073940384
2023-05-01 19:00:00,LEVEL,27899.675,4,1,1,0.015344773297583433
2023-05-01 19:00:00,LEVEL,27978.833333333332,6,1,1,0.015388310244863807
2023-05-01 15:00:00,LEVEL,28100.475000000002,4,1,-1,0.016197697919481214
2023-05-01 15:00:00,LEVEL,28172.842857142856,7,1,-1,0.016239412256661638
2023-05-01 05:00:00,LEVEL,28304.059999999998,5,1,1,0.017376780308117328
2023-05-01 01:00:00,LEVEL,28393.359999999997,5,1,1,0.020129550479650805
2023-05-01 01:00:00,LEVEL,28502.583333333332,6,1,-1,0.020206984661511954
2023-05-01 01:00:00,LEVEL,28616.1,4,1,-1,0.020287462613820112
2023-05-01 01:00:00,LEVEL,28805.575,4,1,-1,0.02042179143496463
2023-05-01 01:00:00,LEVEL,28897.0,3,1,-1,0.02048660743957282
2023-05-01 01:00:00,LEVEL,29047.78,5,1,-1,0.020593503334293335
2023-05-01 01:00:00,LEVEL,29183.675000000003,4,1,-1,0.020689846467421374
2023-05-01 01:00:00,CONTROL,28719.04904186782,5,1,-1,0.020360448619530954
2023-05-01 01:00:00,CONTROL,28704.865231939297,5,1,-1,0.020350392968563613
2023-05-02 00:00:00,LEVEL,27978.833333333332,6,1,1,0.014389859474865652
2023-05-02 07:00:00,LEVEL,28100.475000000002,4,-1,-1,0.01813957879448074
2023-05-02 12:00:00,LEVEL,28176.237500000003,8,-1,-1,0.01788931965635601
2023-05-02 14:00:00,LEVEL,28304.059999999998,5,-1,-1,0.016412015873303484
2023-05-02 14:00:00,LEVEL,28393.359999999997,5,-1,-1,0.016463796183883873
2023-05-02 14:00:00,LEVEL,28502.583333333332,6,-1,-1,0.016527128973610923
2023-05-02 14:00:00,LEVEL,28616.1,4,-1,1,0.016592951238516306
2023-05-02 15:00:00,LEVEL,28705.433333333334,3,-1,1,0.016348221447046812
2023-05-02 19:00:00,LEVEL,28805.575,4,-1,1,0.0176127025374503
2023-05-03 14:00:00,LEVEL,28100.475000000002,4,1,1,0.01980475729010663
2023-05-03 13:00:00,LEVEL,28176.237500000003,8,1,1,0.01810775811861108
2023-05-03 12:00:00,LEVEL,28304.059999999998,5,1,1,0.018409144715447183
2023-05-03 02:00:00,LEVEL,28393.359999999997,5,1,1,0.018947064269925366
2023-05-03 00:00:00,LEVEL,28502.583333333332,6,1,-1,0.019122432577870024
2023-05-03 06:00:00,LEVEL,28616.1,4,-1,1,0.01895145180984707
2023-05-03 08:00:00,LEVEL,28705.433333333334,3,-1,1,0.019113461925272416
2023-05-03 21:00:00,LEVEL,28805.575,4,-1,-1,0.01684197986515869
2023-05-03 21:00:00,LEVEL,28897.0,3,-1,-1,0.016895434031901486
2023-05-03 21:00:00,LEVEL,29047.78,5,-1,1,0.016983591748734723
2023-05-03 22:00:00,LEVEL,29183.675000000003,4,-1,1,0.016571335285245323
2023-05-04 13:00:00,LEVEL,28718.800000000003,4,1,1,0.015707549523988583
2023-05-04 13:00:00,LEVEL,28805.575,4,1,1,0.01575501051156272
2023-05-04 13:00:00,LEVEL,28894.75,4,1,1,0.015803784162578834
2023-05-04 07:00:00,LEVEL,29047.78,5,1,-1,0.01649124385700346
2023-05-04 05:00:00,LEVEL,29183.675000000003,4,-1,1,0.016432249436936937
2023-05-04 10:00:00,CONTROL,29295.736788065155,4,-1,1,0.016245513070011527
2023-05-04 10:00:00,CONTROL,29300.790223288044,5,-1,1,0.016248315377000964
2023-05-05 12:00:00,LEVEL,28630.733333333334,6,1,1,0.019682129941925006
2023-05-05 12:00:00,LEVEL,28718.800000000003,4,1,1,0.019742671163719964
2023-05-05 12:00:00,LEVEL,28805.575,4,1,1,0.019802324432318642
2023-05-05 00:00:00,LEVEL,28894.75,4,-1,-1,0.02329693365920034
2023-05-05 01:00:00,LEVEL,29047.78,5,-1,-1,0.021417224487915068
2023-05-05 01:00:00,LEVEL,29183.675000000003,4,-1,-1,0.02151742125757476
2023-05-05 02:00:00,LEVEL,29387.074999999997,4,-1,1,0.020854838995830776
2023-05-05 16:00:00,LEVEL,29583.333333333332,3,-1,1,0.019206059376479356
2023-05-05 01:00:00,CONTROL,29294.90095573064,4,-1,1,0.02159942928926482
2023-05-05 02:00:00,CONTROL,29489.831894453993,4,-1,1,0.020927761479254174
2023-05-05 16:00:00,CONTROL,29683.594872722508,4,-1,1,0.019271151063646196
2023-05-05 01:00:00,CONTROL,29292.705767172265,3,-1,1,0.02159781075434931
2023-05-06 15:00:00,LEVEL,28393.359999999997,5,1,1,0.02029818864215182
2023-05-06 14:00:00,LEVEL,28502.583333333332,6,1,1,0.020615764808703644
2023-05-06 14:00:00,LEVEL,28628.957142857143,7,1,-1,0.020707170303589994
2023-05-06 14:00:00,LEVEL,28718.800000000003,4,1,-1,0.02077215315763302
2023-05-06 14:00:00,LEVEL,28805.575,4,1,-1,0.020834917047149765
2023-05-06 13:00:00,LEVEL,28894.75,4,1,-1,0.02138174081953567
2023-05-06 12:00:00,LEVEL,29047.78,5,1,-1,0.020968868235241047
2023-05-06 08:00:00,LEVEL,29183.675000000003,4,1,-1,0.019142327716967993
2023-05-06 03:00:00,LEVEL,29387.074999999997,4,1,-1,0.01947413282528113
2023-05-06 00:00:00,LEVEL,29575.25,4,-1,1,0.017509213350107314
2023-05-06 06:00:00,CONTROL,29279.516017431404,4,1,-1,0.019383989419021128
2023-05-06 06:00:00,CONTROL,29271.6046618049,5,1,-1,0.01937875184495525
2023-05-06 00:00:00,CONTROL,29701.509241435317,4,-1,1,0.017583961661472854
2023-05-06 08:00:00,CONTROL,29287.201266053577,4,1,-1,0.019210233274171172
2023-05-07 23:00:00,LEVEL,28393.359999999997,5,1,1,0.02491123625695718
2023-05-07 23:00:00,LEVEL,28502.583333333332,6,1,-1,0.025007064586589148
2023-05-07 23:00:00,LEVEL,28628.957142857143,7,1,-1,0.025117940080920897
2023-05-07 11:00:00,LEVEL,28718.800000000003,4,1,1,0.02303435346015989
2023-05-07 01:00:00,LEVEL,28805.575,4,1,1,0.022874615976375388
2023-05-07 05:00:00,LEVEL,28894.75,4,-1,1,0.022823657187993656
2023-05-07 01:00:00,LEVEL,29047.78,5,-1,1,0.02306695188227409
2023-05-08 19:00:00,LEVEL,27282.68571428571,7,1,1,0.014995121137321698
2023-05-08 18:00:00,LEVEL,27407.7,3,1,1,0.015227028716274885
2023-05-08 20:00:00,LEVEL,27517.466666666664,3,-1,0,0.014575411880248522
2023-05-08 08:00:00,LEVEL,27634.3875,8,1,1,0.017804945032819226
2023-05-08 08:00:00,LEVEL,27737.2,7,1,1,0.017871187532718553
2023-05-08 07:00:00,LEVEL,27816.32222222222,9,1,-1,0.01910543702749754
2023-05-08 07:00:00,LEVEL,27899.74,5,1,-1,0.019162731916720313
2023-05-08 07:00:00,LEVEL,27978.833333333332,6,1,-1,0.01921705659297416
2023-05-08 01:00:00,LEVEL,28096.379999999997,5,1,-1,0.02278065624445739
2023-05-08 01:00:00,LEVEL,28176.237500000003,8,1,-1,0.022845405021917044
2023-05-08 01:00:00,LEVEL,28311.100000000002,7,1,-1,0.022954752071350747
2023-05-08 01:00:00,LEVEL,28393.359999999997,5,1,-1,0.02302144880533103
2023-05-08 00:00:00,LEVEL,28502.583333333332,6,-1,1,0.024290464903637017
2023-05-09 14:00:00,LEVEL,27407.7,3,1,1,0.020257920266087675
2023-05-09 05:00:00,LEVEL,27525.6,4,1,1,0.017708112020265003
2023-05-09 01:00:00,LEVEL,27634.3875,8,-1,0,0.016723408600930457
2023-05-09 01:00:00,LEVEL,27737.2,7,-1,1,0.016785627293014124
2023-05-10 17:00:00,LEVEL,26770.100000000002,3,1,1,0.017201670682730916
2023-05-10 17:00:00,LEVEL,26953.100000000002,3,1,1,0.017319261044176696
2023-05-10 17:00:00,LEVEL,27090.2,3,1,1,0.017407357429718863
2023-05-10 17:00:00,LEVEL,27172.550000000003,8,1,1,0.017460273092369468
2023-05-10 17:00:00,LEVEL,27282.844444444443,9,1,1,0.017531145024542602
2023-05-10 17:00:00,LEVEL,27411.75,4,1,1,0.017613975903614444
2023-05-10 07:00:00,LEVEL,27525.6,4,1,1,0.02372640879215596
2023-05-10 17:00:00,LEVEL,27634.3875,8,1,1,0.0177570361445783
2023-05-10 00:00:00,LEVEL,27738.5375,8,-1,1,0.022258160936833873
2023-05-10 01:00:00,LEVEL,27816.25,10,-1,1,0.02236145304727927
2023-05-10 12:00:00,LEVEL,27899.74,5,-1,-1,0.022578313691770754
2023-05-10 12:00:00,LEVEL,27978.833333333332,6,-1,-1,0.02264232124492099
2023-05-10 12:00:00,LEVEL,28092.8,6,-1,1,0.022734550604420593
2023-05-10 15:00:00,LEVEL,28176.237500000003,8,-1,1,0.023543962815959905
2023-05-10 17:00:00,CONTROL,26688.444700888725,3,1,1,0.017149201414225674
2023-05-10 17:00:00,CONTROL,26679.9191230186,3,1,1,0.017143723131256918
2023-05-10 17:00:00,CONTROL,26866.453357880095,3,1,1,0.017263584486991217
2023-05-10 17:00:00,CONTROL,26855.435243054715,8,1,1,0.017256504573850407
2023-05-11 17:00:00,LEVEL,26770.100000000002,3,1,-1,0.016003945672277545
2023-05-11 14:00:00,LEVEL,26953.100000000002,3,1,-1,0.013307503124373201
2023-05-11 13:00:00,LEVEL,27090.2,3,1,-1,0.01378877348136602
2023-05-11 13:00:00,LEVEL,27172.550000000003,8,1,-1,0.013830689210898861
2023-05-11 08:00:00,LEVEL,27282.844444444443,9,1,-1,0.013846084661119397
2023-05-11 00:00:00,LEVEL,27420.96,5,1,-1,0.01432394782807424
2023-05-11 00:00:00,LEVEL,27525.6,4,1,-1,0.014378608857473999
2023-05-11 17:00:00,CONTROL,26866.10711908013,3,1,-1,0.016061341525035293
2023-05-12 04:00:00,LEVEL,26508.466666666664,3,1,-1,0.01621436909039936
2023-05-12 02:00:00,LEVEL,26622.2,3,1,-1,0.0167067461562598
2023-05-12 02:00:00,LEVEL,26770.100000000002,3,1,-1,0.01679956071540634
2023-05-12 01:00:00,LEVEL,26953.100000000002,3,1,-1,0.017885268745852684
2023-05-12 01:00:00,CONTROL,26871.613722697377,3,1,-1,0.017831196896282264
2023-05-12 05:00:00,CONTROL,26402.754187166764,3,1,-1,0.014997038074255566
2023-05-12 05:00:00,CONTROL,26380.27002144484,3,1,-1,0.014984266835050398
2023-05-12 01:00:00,CONTROL,26863.845267278826,3,1,-1,0.01782604198226863
2023-05-12 01:00:00,CONTROL,26858.954520240357,8,1,-1,0.017822796629223855
2023-05-13 23:00:00,LEVEL,26801.966666666664,3,1,-1,0.03170189004706634
2023-05-13 01:00:00,LEVEL,26953.100000000002,3,-1,1,0.016221843555455244
2023-05-13 00:00:00,CONTROL,26708.440301367526,4,1,1,0.015908534168039622
2023-05-14 00:00:00,LEVEL,26616.5,4,1,1,0.03047218346391898
2023-05-14 00:00:00,LEVEL,26701.7,4,1,1,0.03056972559121317
2023-05-14 02:00:00,LEVEL,26801.966666666664,3,-1,-1,0.031239999028678255
2023-05-14 16:00:00,LEVEL,26937.6,4,1,-1,0.030132596916838453
2023-05-14 15:00:00,LEVEL,27027.166666666668,3,-1,1,0.03185757084622551
2023-05-14 15:00:00,LEVEL,27130.628571428573,7,-1,1,0.03197952387968584
2023-05-15 00:00:00,LEVEL,26707.359999999997,5,1,1,0.03335683696967333
2023-05-15 00:00:00,LEVEL,26801.966666666664,3,1,1,0.0334749983737299
2023-05-15 01:00:00,LEVEL,26916.25,4,-1,-1,0.029051538046411234
2023-05-15 01:00:00,LEVEL,27013.9,4,-1,-1,0.02915693470048571
2023-05-15 01:00:00,LEVEL,27130.628571428573,7,-1,-1,0.02928292344460721
2023-05-15 01:00:00,LEVEL,27210.5,7,-1,-1,0.029369131138694018
2023-05-15 04:00:00,LEVEL,27292.671428571426,7,-1,-1,0.028855370063577013
2023-05-15 06:00:00,LEVEL,27420.96,5,-1,1,0.026575526076685452
2023-05-15 06:00:00,LEVEL,27525.6,4,-1,1,0.026676939850990372
2023-05-15 17:00:00,LEVEL,27633.9,9,-1,1,0.02358407254300576
2023-05-16 01:00:00,LEVEL,26916.25,4,1,1,0.022340613165949052
2023-05-16 01:00:00,LEVEL,27013.9,4,1,1,0.022421663121855055
2023-05-16 01:00:00,LEVEL,27130.628571428573,7,1,-1,0.022518548381120353
2023-05-16 00:00:00,LEVEL,27209.1875,8,-1,1,0.021960603309120242
2023-05-17 11:00:00,LEVEL,26616.5,4,1,1,0.025682306115064436
2023-05-17 07:00:00,LEVEL,26705.2,6,1,1,0.0260181580149185
2023-05-17 07:00:00,LEVEL,26809.475,4,1,-1,0.026119750342517827
2023-05-17 07:00:00,LEVEL,26916.25,4,1,-1,0.026223778352869483
2023-05-17 17:00:00,LEVEL,27013.9,4,-1,-1,0.02344829382086472
2023-05-17 17:00:00,LEVEL,27132.3,8,-1,-1,0.02355106602289369
2023-05-17 01:00:00,LEVEL,27209.1875,8,-1,1,0.02701669355839643
2023-05-17 19:00:00,LEVEL,27290.362500000003,8,-1,1,0.022586101125048455
2023-05-17 19:00:00,LEVEL,27420.96,5,-1,1,0.022694186473554853
2023-05-18 17:00:00,LEVEL,26521.98,5,1,1,0.01976624729254484
2023-05-18 17:00:00,LEVEL,26616.5,4,1,1,0.01983669096583361
2023-05-18 17:00:00,LEVEL,26705.2,6,1,-1,0.019902797121363808
2023-05-18 17:00:00,LEVEL,26819.98,5,1,-1,0.0199883401262314
2023-05-18 17:00:00,LEVEL,26916.25,4,1,-1,0.020060088035959607
2023-05-18 14:00:00,LEVEL,27013.9,4,1,1,0.02266979964334413
2023-05-18 14:00:00,LEVEL,27132.3,8,1,-1,0.022769159760830753
2023-05-18 05:00:00,LEVEL,27212.444444444445,9,1,1,0.022060604013432517
2023-05-18 04:00:00,LEVEL,27290.362500000003,8,1,-1,0.02217883428571427
2023-05-18 07:00:00,LEVEL,27420.96,5,-1,1,0.022438836977368603
2023-05-18 17:00:00,CONTROL,26392.261745805095,6,1,1,0.019669571135984366
2023-05-18 17:00:00,CONTROL,26422.48707976828,5,1,1,0.019692097411383717
2023-05-19 15:00:00,LEVEL,26616.5,4,1,1,0.020419745390904104
2023-05-19 15:00:00,LEVEL,26705.2,6,1,1,0.020487794586559926
2023-05-19 09:00:00,LEVEL,26819.98,5,1,1,0.020221463644503068
2023-05-19 00:00:00,LEVEL,26916.25,4,-1,1,0.020023247163845986
2023-05-19 15:00:00,LEVEL,27013.9,4,-1,0,0.020724624199851386
2023-05-19 15:00:00,LEVEL,27133.044444444444,9,-1,1,0.020816029877543652
2023-05-20 17:00:00,LEVEL,27013.9,4,-1,-1,0.05817259757738897
2023-05-20 17:00:00,LEVEL,27133.044444444444,9,-1,1,0.05842916704052639
2023-05-21 21:00:00,LEVEL,26705.2,6,1,-1,0.03547390618513906
2023-05-21 11:00:00,LEVEL,26819.98,5,1,1,0.03752850408850401
2023-05-21 10:00:00,LEVEL,26916.25,4,1,-1,0.04058618414852504
2023-05-21 10:00:00,LEVEL,27013.9,4,1,-1,0.04073342757515778
2023-05-21 00:00:00,LEVEL,27209.2,10,-1,1,0.04909192602616142
2023-05-22 00:00:00,LEVEL,26521.98,5,1,1,0.034851484888304904
2023-05-22 00:00:00,LEVEL,26615.439999999995,5,1,1,0.03497429697766101
2023-05-22 04:00:00,LEVEL,26711.600000000002,7,-1,-1,0.03298746526705773
2023-05-22 06:00:00,LEVEL,26819.98,5,-1,-1,0.031099009312606434
2023-05-22 13:00:00,LEVEL,26916.25,4,-1,-1,0.029539748953974942
2023-05-22 13:00:00,LEVEL,27013.9,4,-1,1,0.029646916798134353
2023-05-23 00:00:00,LEVEL,26912.780000000006,5,-1,-1,0.02971120402953156
2023-05-23 01:00:00,LEVEL,27013.9,4,-1,-1,0.02802090113452192
2023-05-23 02:00:00,LEVEL,27130.872727272726,11,-1,-1,0.02761939070028405
2023-05-23 03:00:00,LEVEL,27209.2,10,-1,-1,0.025439560567989287
2023-05-23 03:00:00,LEVEL,27290.1,9,-1,-1,0.02551519897154214
2023-05-23 03:00:00,LEVEL,27420.96,5,-1,1,0.025637548062876214
2023-05-23 05:00:00,LEVEL,27517.7,7,-1,1,0.02518494451435764
2023-05-24 13:00:00,LEVEL,26518.316666666666,6,1,-1,0.027088011406560926
2023-05-24 06:00:00,LEVEL,26615.439999999995,5,1,1,0.030093070454384915
2023-05-24 03:00:00,LEVEL,26708.9,8,1,-1,0.030146548622623563
2023-05-24 03:00:00,LEVEL,26813.75,6,1,-1,0.03026489365454483
2023-05-24 03:00:00,LEVEL,26912.780000000006,5,1,-1,0.030376669606010397
2023-05-24 03:00:00,LEVEL,27013.9,4,1,-1,0.030490804557158496
2023-05-24 00:00:00,LEVEL,27130.872727272726,11,1,-1,0.028550360987626255
2023-05-24 14:00:00,CONTROL,26192.138737311376,6,1,1,0.02539305115866225
2023-05-24 13:00:00,CONTROL,26317.52709814959,5,1,-1,0.02688290826254629
2023-05-24 13:00:00,CONTROL,26368.271025685102,8,1,-1,0.026934742325212247
2023-05-25 19:00:00,LEVEL,26518.316666666666,6,-1,-1,0.02282925219481142
2023-05-25 19:00:00,LEVEL,26595.420000000002,5,-1,1,0.022895629388501846
2023-05-25 00:00:00,CONTROL,26201.924558309896,6,1,-1,0.020146609300444925
2023-05-25 09:00:00,CONTROL,26269.670124394714,5,-1,-1,0.02063907301695632
2023-05-25 11:00:00,CONTROL,26331.973106461497,8,-1,-1,0.02012090213015827
2023-05-25 12:00:00,CONTROL,26434.136798538697,5,-1,1,0.019648155197278614
2023-05-26 07:00:00,LEVEL,26493.816666666666,6,-1,-1,0.028165248109143778
2023-05-26 13:00:00,LEVEL,26584.22857142857,7,-1,-1,0.03040151934406828
2023-05-26 14:00:00,LEVEL,26698.475,8,-1,0,0.028018863964318637
2023-05-26 14:00:00,LEVEL,26787.7,5,-1,1,0.028112501639774495
2023-05-26 14:00:00,LEVEL,26868.766666666666,6,-1,1,0.028197577506668542
2023-05-26 00:00:00,CONTROL,26405.465411773916,3,1,1,0.0252532843149064
2023-05-26 00:00:00,CONTROL,26384.841614285433,8,1,1,0.025233560420117655
2023-05-26 06:00:00,CONTROL,26411.868610973714,5,-1,-1,0.027854193571867056
2023-05-27 13:00:00,LEVEL,26584.22857142857,7,1,1,0.03724422373301123
2023-05-27 14:00:00,LEVEL,26687.725,8,-1,-1,0.042359367094885886
2023-05-27 13:00:00,LEVEL,26770.52,5,-1,1,0.03750521605884134
2023-05-27 23:00:00,LEVEL,26846.52,5,-1,-1,0.045305803185317815
2023-05-28 00:00:00,LEVEL,26771.5,6,1,1,0.039353576186319905
2023-05-28 00:00:00,LEVEL,26929.050000000003,6,-1,-1,0.03958517157425689
2023-05-28 00:00:00,LEVEL,27027.166666666668,3,-1,-1,0.03972940113617214
2023-05-28 01:00:00,LEVEL,27118.760000000002,10,-1,-1,0.03924567293777127
2023-05-28 03:00:00,LEVEL,27201.5,12,-1,-1,0.03822112935803985
2023-05-28 11:00:00,LEVEL,27286.089999999997,10,-1,1,0.03327952433586165
2023-05-28 17:00:00,LEVEL,27414.63333333333,6,-1,-1,0.03324245042314013
2023-05-28 18:00:00,LEVEL,27518.925,8,-1,-1,0.029774330538274288
2023-05-28 18:00:00,LEVEL,27635.51,10,-1,-1,0.02990047065187992
2023-05-28 18:00:00,LEVEL,27738.5375,8,-1,1,0.030011942115228576
2023-05-28 21:00:00,LEVEL,27819.2,11,-1,-1,0.025539042373124477
2023-05-28 21:00:00,LEVEL,27899.74,5,-1,-1,0.025612981036807526
2023-05-28 21:00:00,LEVEL,27978.833333333332,6,-1,-1,0.025685591607615875
2023-05-28 22:00:00,LEVEL,28092.8,6,-1,-1,0.023907494282219027
2023-05-28 22:00:00,LEVEL,28176.237500000003,8,-1,-1,0.023978501143556194
2023-05-29 17:00:00,LEVEL,27518.925,8,1,1,0.01905330390756842
2023-05-29 15:00:00,LEVEL,27635.51,10,1,1,0.019115825515541852
2023-05-29 10:00:00,LEVEL,27738.5375,8,1,1,0.02014326691780505
2023-05-29 10:00:00,LEVEL,27819.2,11,1,-1,0.020201842690509633
2023-05-29 07:00:00,LEVEL,27899.74,5,1,-1,0.02131225513833514
2023-05-29 03:00:00,LEVEL,27978.833333333332,6,1,-1,0.022453796124458664
2023-05-29 02:00:00,LEVEL,28092.8,6,1,-1,0.02296805314256511
2023-05-29 00:00:00,LEVEL,28176.237500000003,8,-1,1,0.023159939379928583
2023-05-29 00:00:00,LEVEL,28309.3375,8,-1,1,0.02326934319693816
2023-05-29 00:00:00,LEVEL,28393.359999999997,5,-1,1,0.02333840692507255
2023-05-30 00:00:00,LEVEL,27635.51,10,1,1,0.02641150195621651
2023-05-30 20:00:00,LEVEL,27738.5375,8,1,-1,0.025533849207490727
2023-05-30 12:00:00,LEVEL,27819.2,11,1,-1,0.025951502784013043
2023-05-30 03:00:00,LEVEL,27899.74,5,-1,1,0.027055113185248
2023-05-30 10:00:00,LEVEL,27978.833333333332,6,-1,1,0.028027882127055637
2023-05-31 14:00:00,LEVEL,26846.52,5,1,1,0.023160397918744784
2023-05-31 14:00:00,LEVEL,26929.050000000003,6,1,1,0.02323159625805409
2023-05-31 05:00:00,LEVEL,27027.166666666668,3,1,1,0.021986712765236265
2023-05-31 05:00:00,LEVEL,27115.390909090915,11,1,-1,0.022058483554273683
2023-05-31 13:00:00,LEVEL,27201.5,12,-1,1,0.02363934604312639
2023-05-31 04:00:00,LEVEL,27285.44545454545,11,1,-1,0.02307254325887096
2023-05-31 04:00:00,LEVEL,27410.68571428571,7,1,-1,0.023178446287480964
2023-05-31 04:00:00,LEVEL,27519.49,10,1,-1,0.023270451074174865
2023-05-31 02:00:00,LEVEL,27635.51,10,1,-1,0.0253065193876091
2023-05-31 00:00:00,LEVEL,27738.5375,8,-1,1,0.026126069168506252
2023-05-31 01:00:00,LEVEL,27819.2,11,-1,1,0.026223654520281612
2023-06-01 02:00:00,LEVEL,26687.725,8,1,1,0.020135980382910458
2023-06-01 02:00:00,LEVEL,26771.5,6,1,1,0.02019918890879936
2023-06-01 02:00:00,LEVEL,26843.100000000002,6,1,1,0.020253211355276773
2023-06-01 02:00:00,LEVEL,26930.9,7,1,-1,0.02031945675752142
2023-06-01 00:00:00,LEVEL,27027.166666666668,3,1,-1,0.02204050288820927
2023-06-01 00:00:00,LEVEL,27115.390909090915,11,1,-1,0.022112449263274915
2023-06-01 00:00:00,LEVEL,27285.44545454545,11,-1,1,0.022251127791678205
2023-06-02 00:00:00,LEVEL,26498.785714285714,7,1,1,0.021559613100534968
2023-06-02 00:00:00,LEVEL,26590.066666666666,9,1,1,0.021633879975930723
2023-06-02 00:00:00,LEVEL,26687.725,8,1,1,0.021713335536853826
2023-06-02 13:00:00,LEVEL,26843.100000000002,6,1,1,0.02156884369114876
2023-06-02 02:00:00,LEVEL,26930.9,7,-1,-1,0.023576417804284128
2023-06-02 12:00:00,LEVEL,27027.166666666668,3,1,1,0.022777101823321294
2023-06-02 04:00:00,LEVEL,27115.390909090915,11,-1,1,0.023891527867473616
2023-06-02 12:00:00,LEVEL,27201.257142857143,14,-1,1,0.022923816295894975
2023-06-02 22:00:00,LEVEL,27285.44545454545,11,-1,1,0.02489618928874152
2023-06-03 21:00:00,LEVEL,26930.9,7,1,1,0.045393141954174265
2023-06-03 19:00:00,LEVEL,27027.166666666668,3,1,-1,0.046445912321214256
2023-06-03 17:00:00,LEVEL,27115.390909090915,11,1,-1,0.04310872958519996
2023-06-03 15:00:00,LEVEL,27282.433333333334,12,-1,1,0.04505536804802935
2023-06-04 23:00:00,LEVEL,27027.166666666668,3,1,-1,0.04230844992336054
2023-06-04 06:00:00,LEVEL,27111.253846153846,13,-1,-1,0.04474265719839736
2023-06-04 09:00:00,LEVEL,27201.675,16,-1,-1,0.043258801311996886
2023-06-04 13:00:00,LEVEL,27283.015384615384,13,-1,1,0.04233001174825175
2023-06-04 22:00:00,LEVEL,27372.699999999997,6,-1,1,0.04875466993209409
2023-06-05 15:00:00,LEVEL,26089.3,3,1,-1,0.023395196861426392
2023-06-05 15:00:00,LEVEL,26330.7,3,1,-1,0.023611668768390104
2023-06-05 15:00:00,LEVEL,26496.1375,8,1,-1,0.0237600224183831
2023-06-05 15:00:00,LEVEL,26590.066666666666,9,1,-1,0.02384425201998975
2023-06-05 12:00:00,LEVEL,26687.725,8,1,-1,0.03096697367466822
2023-06-05 03:00:00,LEVEL,26771.5,6,1,-1,0.03598924550495724
2023-06-05 03:00:00,LEVEL,26842.72857142857,7,1,-1,0.03608499891974947
2023-06-05 02:00:00,LEVEL,26927.037500000002,8,1,-1,0.03802246933192139
2023-06-05 00:00:00,LEVEL,27027.166666666668,3,1,-1,0.04035976169365513
2023-06-05 16:00:00,CONTROL,25901.831375822803,3,1,-1,0.019656104250292416
2023-06-05 15:00:00,CONTROL,26188.067427475406,8,1,-1,0.023483765102401955
2023-06-05 15:00:00,CONTROL,26245.973809458606,9,1,-1,0.023535691800551387
2023-06-05 15:00:00,CONTROL,26409.79601151058,8,1,-1,0.02368259695581728
2023-06-05 15:00:00,CONTROL,26414.343041521937,6,1,-1,0.02368667443824304
2023-06-06 14:00:00,LEVEL,26089.3,3,-1,-1,0.016304857137277067
2023-06-06 16:00:00,LEVEL,26330.7,3,-1,-1,0.020166157675553992
2023-06-06 17:00:00,LEVEL,26496.1375,8,-1,-1,0.019116120304820242
2023-06-06 17:00:00,LEVEL,26590.066666666666,9,-1,-1,0.019183887210473243
2023-06-06 17:00:00,LEVEL,26687.725,8,-1,-1,0.01925434459124311
2023-06-06 17:00:00,LEVEL,26771.5,6,-1,-1,0.019314785588672882
2023-06-06 19:00:00,LEVEL,26842.72857142857,7,-1,-1,0.018479568742431726
2023-06-06 19:00:00,LEVEL,26927.037500000002,8,-1,-1,0.01853761025773412
2023-06-06 19:00:00,LEVEL,27027.166666666668,3,-1,-1,0.018606543034579634
2023-06-06 19:00:00,LEVEL,27114.02142857143,14,-1,1,0.01866633719965326
2023-06-06 19:00:00,LEVEL,27201.675,16,-1,1,0.01872668129598548
2023-06-06 23:00:00,LEVEL,27283.514285714286,14,-1,1,0.017539676098255307
2023-06-06 14:00:00,CONTROL,25794.368916260093,3,-1,-1,0.016120536010005678
2023-06-06 14:00:00,CONTROL,25970.927995928403,3,-1,-1,0.016230878969390596
2023-06-06 16:00:00,CONTROL,26205.650128619418,8,-1,-1,0.020070384474554073
2023-06-06 17:00:00,CONTROL,26415.88005732511,9,-1,-1,0.019058217113099168
2023-06-07 14:00:00,LEVEL,26330.7,3,1,0,0.013880865224625602
2023-06-07 09:00:00,LEVEL,26496.1375,8,1,1,0.014388833452126375
2023-06-07 09:00:00,LEVEL,26590.066666666666,9,1,1,0.014439842061794996
2023-06-07 09:00:00,LEVEL,26687.725,8,1,-1,0.014492875810338366
2023-06-07 03:00:00,LEVEL,26771.5,6,1,-1,0.01586606167237703
2023-06-07 03:00:00,LEVEL,26842.72857142857,7,1,-1,0.015908275104837707
2023-06-07 02:00:00,LEVEL,26927.037500000002,8,1,-1,0.01655870246170989
2023-06-07 02:00:00,LEVEL,27027.166666666668,3,1,-1,0.01662027659806159
2023-06-07 01:00:00,LEVEL,27114.02142857143,14,1,-1,0.016652247154043513
2023-06-07 00:00:00,LEVEL,27283.514285714286,14,-1,1,0.01699278804848001
2023-06-07 00:00:00,LEVEL,27372.699999999997,6,-1,1,0.017048334922828336
2023-06-07 21:00:00,CONTROL,26200.55448454463,8,1,1,0.015420311259778703
2023-06-07 09:00:00,CONTROL,26411.697640445615,9,1,1,0.014342978048641658
2023-06-07 09:00:00,CONTROL,26413.95527090679,6,1,1,0.01434420406389397
2023-06-08 13:00:00,LEVEL,26330.7,3,1,1,0.01936481349543796
2023-06-08 06:00:00,LEVEL,26496.1375,8,-1,0,0.016476096461397957
2023-06-08 12:00:00,LEVEL,26590.066666666666,9,-1,1,0.019451846771673945
2023-06-08 15:00:00,LEVEL,26690.677777777775,9,-1,1,0.02137926630510362
2023-06-08 15:00:00,LEVEL,26771.5,6,-1,1,0.021444005006257844
2023-06-08 03:00:00,CONTROL,26235.90777589841,8,1,1,0.016586633650006902
2023-06-09 02:00:00,LEVEL,26318.875,4,1,1,0.023105099997256552
2023-06-09 15:00:00,LEVEL,26496.1375,8,1,-1,0.02819112913951318
2023-06-09 08:00:00,LEVEL,26590.066666666666,9,-1,1,0.024950360183366056
2023-06-09 12:00:00,LEVEL,26690.677777777775,9,-1,1,0.026488701429378723
2023-06-10 04:00:00,LEVEL,26094.725,4,1,-1,0.026562896042753574
2023-06-10 02:00:00,LEVEL,26277.766666666666,3,1,-1,0.03305899250406255
2023-06-10 04:00:00,CONTROL,25803.088632985153,4,1,-1,0.026266027365298584
2023-06-10 04:00:00,CONTROL,25969.990279112,3,1,-1,0.026435923429558004
2023-06-10 04:00:00,CONTROL,26184.21241966337,8,1,-1,0.02665398897535403
2023-06-10 01:00:00,CONTROL,26375.939315007432,8,1,-1,0.03172926048194578
2023-06-11 19:00:00,LEVEL,26094.725,4,-1,1,0.02921630453797979
2023-06-11 05:00:00,CONTROL,25781.2482976325,4,-1,-1,0.018849817111619226
2023-06-11 17:00:00,CONTROL,26013.766140056785,3,-1,1,0.023778579652702758
2023-06-11 17:00:00,CONTROL,25961.9056945479,3,-1,-1,0.023731175223535586
2023-06-11 20:00:00,CONTROL,26180.184743929545,9,-1,1,0.029643887753644453
2023-06-12 09:00:00,LEVEL,26094.725,4,-1,1,0.02320691456839535
2023-06-12 02:00:00,CONTROL,25799.090872221568,4,1,1,0.02474139618530008
2023-06-12 00:00:00,CONTROL,25998.186125468234,3,-1,1,0.026795347720142575
2023-06-12 00:00:00,CONTROL,26007.400793882,3,-1,1,0.02680484493056645
2023-06-13 02:00:00,LEVEL,26095.32,5,-1,-1,0.025934848127212848
2023-06-13 08:00:00,LEVEL,26164.8,3,-1,-1,0.025969219317018715
2023-06-13 08:00:00,LEVEL,26277.766666666666,3,-1,1,0.026081341563020183
2023-06-13 12:00:00,LEVEL,26349.733333333334,3,-1,1,0.02374451484516536
2023-06-13 00:00:00,CONTROL,25986.893554984224,4,-1,-1,0.025902709748302232
2023-06-13 15:00:00,CONTROL,25717.620925806405,5,1,1,0.022156634349024203
2023-06-13 00:00:00,CONTROL,25970.57525447342,3,-1,-1,0.0258864443104644
2023-06-13 00:00:00,CONTROL,25990.156166160978,3,-1,-1,0.025905961790342352
2023-06-13 00:00:00,CONTROL,25979.549052600145,3,-1,-1,0.0258953890382259
2023-06-14 20:00:00,LEVEL,25327.233333333334,3,1,-1,0.02396284863895292
2023-06-14 20:00:00,LEVEL,25630.575,4,1,-1,0.02424984921057297
2023-06-14 05:00:00,LEVEL,25836.63333333333,3,1,1,0.025865732282150743
2023-06-14 18:00:00,LEVEL,26095.32,5,-1,1,0.03533706741145108
2023-06-14 20:00:00,CONTROL,25151.38470994166,3,1,-1,0.023796473026968603
2023-06-14 20:00:00,CONTROL,25432.268375619136,4,1,-1,0.02406222541599584
2023-06-14 20:00:00,CONTROL,25539.793010751313,3,1,-1,0.02416395767086633
2023-06-14 20:00:00,CONTROL,25718.237891306384,5,1,-1,0.024332789678960534
2023-06-14 00:00:00,CONTROL,25990.299529675325,4,-1,1,0.023439099990125146
2023-06-14 00:00:00,CONTROL,25979.15815384444,3,-1,1,0.023429052248203994
2023-06-14 00:00:00,CONTROL,25983.588222675615,3,-1,1,0.023433047462887015
2023-06-15 18:00:00,LEVEL,25327.233333333334,3,-1,-1,0.0176962699331135
2023-06-15 21:00:00,LEVEL,25630.575,4,-1,1,0.021575693165675775
2023-06-15 01:00:00,CONTROL,25037.344353007167,3,1,-1,0.020190897893103223
2023-06-15 19:00:00,CONTROL,25475.447277468586,4,-1,1,0.01767747230633606
2023-06-15 20:00:00,CONTROL,25541.056801828505,4,-1,1,0.020794143688042527
2023-06-16 14:00:00,LEVEL,25327.233333333334,3,1,1,0.021719723078297337
2023-06-16 14:00:00,LEVEL,25630.575,4,-1,-1,0.02197985796596539
2023-06-16 15:00:00,LEVEL,25832.475,4,-1,-1,0.020665979999999962
2023-06-16 17:00:00,LEVEL,26087.3375,8,-1,-1,0.019324848372609817
2023-06-16 17:00:00,LEVEL,26162.475,4,-1,-1,0.019380508356868345
2023-06-16 17:00:00,LEVEL,26277.766666666666,3,-1,-1,0.01946591354538016
2023-06-16 22:00:00,LEVEL,26349.733333333334,3,-1,-1,0.022060370118430896
2023-06-16 18:00:00,LEVEL,26475.600000000002,6,-1,1,0.019801318188192377
2023-06-16 16:00:00,CONTROL,25911.170270717754,4,-1,-1,0.020017320473732957
2023-06-16 01:00:00,CONTROL,25535.177462164087,4,-1,1,0.022490522921646182
2023-06-16 15:00:00,CONTROL,25748.794077209757,8,-1,-1,0.02059903526176777
2023-06-16 16:00:00,CONTROL,25923.437781412373,4,-1,-1,0.020026797571464302
2023-06-16 16:00:00,CONTROL,25938.569007933253,3,-1,-1,0.020038486993719823
2023-06-16 16:00:00,CONTROL,25982.66885994919,3,-1,-1,0.020072555731697465
2023-06-17 02:00:00,LEVEL,26277.766666666666,3,-1,-1,0.02245783012401068
2023-06-17 04:00:00,LEVEL,26349.733333333334,3,-1,-1,0.022596582250212115
2023-06-17 05:00:00,LEVEL,26475.600000000002,6,-1,-1,0.020187747515905335
2023-06-17 05:00:00,LEVEL,26557.877777777776,9,-1,1,0.020250484640047847
2023-06-17 05:00:00,LEVEL,26645.214285714283,7,-1,1,0.020317079065524248
2023-06-17 05:00:00,LEVEL,26717.399999999998,7,-1,1,0.02037212095217669
2023-06-17 05:00:00,LEVEL,26806.58181818182,11,-1,1,0.020440122433860352
2023-06-18 23:00:00,LEVEL,26280.449999999997,4,1,1,0.03170019224245168
2023-06-18 20:00:00,LEVEL,26349.733333333334,3,1,1,0.03421487853703406
2023-06-18 20:00:00,LEVEL,26475.600000000002,6,1,-1,0.03437831520857007
2023-06-18 12:00:00,LEVEL,26557.877777777776,9,-1,1,0.03499061630800757
2023-06-18 07:00:00,LEVEL,26645.214285714283,7,-1,1,0.033240296953056706
2023-06-19 15:00:00,LEVEL,26354.25,4,1,1,0.032598994974874375
2023-06-19 18:00:00,LEVEL,26468.485714285714,7,1,1,0.02510273977822653
2023-06-19 12:00:00,LEVEL,26561.090000000004,10,-1,1,0.03441530874195246
2023-06-19 17:00:00,LEVEL,26648.949999999997,8,-1,-1,0.03017360413275772
2023-06-19 18:00:00,LEVEL,26717.399999999998,7,-1,1,0.025338810349426467
2023-06-19 18:00:00,LEVEL,26807.38888888889,9,-1,1,0.025424155906595625
2023-06-19 18:00:00,LEVEL,26903.655555555557,9,-1,1,0.025515455314832885
2023-06-19 18:00:00,LEVEL,26967.36666666667,3,-1,1,0.025575878999832012
2023-06-20 14:00:00,LEVEL,26648.949999999997,8,1,1,0.01963813559322033
2023-06-20 14:00:00,LEVEL,26716.4,8,1,1,0.019687840825350033
2023-06-20 05:00:00,LEVEL,26807.38888888889,9,1,1,0.021597634493427432
2023-06-20 00:00:00,LEVEL,26903.655555555557,9,-1,-1,0.02440240866717055
2023-06-20 00:00:00,LEVEL,26967.36666666667,3,-1,1,0.024460196523053642
2023-06-20 01:00:00,LEVEL,27088.68,10,-1,1,0.023212858099242145
2023-06-20 16:00:00,LEVEL,27178.6,18,-1,-1,0.018181945896224423
2023-06-20 16:00:00,LEVEL,27275.193333333333,15,-1,-1,0.018246564925924358
2023-06-20 16:00:00,LEVEL,27375.799999999996,7,-1,-1,0.018313868796253692
2023-06-20 17:00:00,LEVEL,27473.31428571429,7,-1,-1,0.016809997459661875
2023-06-20 17:00:00,LEVEL,27549.7,8,-1,-1,0.01685673531042657
2023-06-20 17:00:00,LEVEL,27656.300000000003,9,-1,-1,0.016921960266926696
2023-06-20 17:00:00,LEVEL,27771.629999999997,10,-1,-1,0.01699252681695633
2023-06-20 17:00:00,LEVEL,27861.909999999996,10,-1,-1,0.01704776611407482
2023-06-20 17:00:00,LEVEL,27967.649999999998,8,-1,-1,0.01711246486548498
2023-06-20 18:00:00,LEVEL,28076.183333333334,6,-1,-1,0.017980264702743068
2023-06-20 20:00:00,LEVEL,28170.925,8,-1,-1,0.01734495988301615
2023-06-20 23:00:00,LEVEL,28309.3375,8,-1,-1,0.016464301552106396
2023-06-21 00:00:00,LEVEL,28402.359999999997,5,-1,-1,0.01650490348121377
2023-06-21 01:00:00,LEVEL,28518.074999999997,4,-1,-1,0.015461665141811506
2023-06-21 01:00:00,LEVEL,28628.957142857143,7,-1,-1,0.015521782192596445
2023-06-21 01:00:00,LEVEL,28716.100000000002,6,-1,-1,0.01556902849784824
2023-06-21 01:00:00,LEVEL,28805.575,4,-1,-1,0.015617539222662716
2023-06-21 01:00:00,LEVEL,28899.333333333332,3,-1,-1,0.01566837224537741
2023-06-21 01:00:00,LEVEL,29047.78,5,-1,1,0.01574885568093251
2023-06-21 10:00:00,LEVEL,29125.100000000002,3,-1,-1,0.014140328624963954
2023-06-21 10:00:00,LEVEL,29210.775,4,-1,1,0.014181924109784395
2023-06-21 13:00:00,LEVEL,29387.074999999997,4,-1,-1,0.01309894555027788
2023-06-21 14:00:00,LEVEL,29575.25,4,-1,-1,0.012586384370885577
2023-06-21 15:00:00,LEVEL,29861.25,4,-1,-1,0.012445104321325305
2023-06-21 15:00:00,LEVEL,29935.375,4,-1,-1,0.012475996978458486
2023-06-21 16:00:00,LEVEL,30171.166666666668,3,-1,1,0.011556651464914273
2023-06-21 16:00:00,LEVEL,30454.28,5,-1,1,0.011665094143135867
2023-06-21 16:00:00,LEVEL,30538.333333333332,3,-1,1,0.011697289619317793
2023-06-21 14:00:00,CONTROL,29477.087529451015,5,-1,-1,0.012544609218177646
2023-06-21 14:00:00,CONTROL,29484.239596796357,4,-1,-1,0.012547652934415206
2023-06-21 15:00:00,CONTROL,29667.797887412165,4,-1,-1,0.01236448037817703
2023-06-21 16:00:00,CONTROL,30290.31802271377,4,-1,1,0.011602290757177027
2023-06-21 16:00:00,CONTROL,30307.951827015855,4,-1,1,0.011609045143991801
2023-06-21 16:00:00,CONTROL,30734.715440408374,5,-1,1,0.011772511091211324
2023-06-22 14:00:00,LEVEL,29575.25,4,1,1,0.012145893223819296
2023-06-22 11:00:00,LEVEL,29861.25,4,1,0,0.012116401445508148
2023-06-22 11:00:00,LEVEL,29935.375,4,1,0,0.012146478158879098
2023-06-22 00:00:00,LEVEL,30171.166666666668,3,-1,1,0.01180160292062406
2023-06-22 02:00:00,LEVEL,30454.28,5,-1,1,0.012325301765568874
2023-06-22 14:00:00,CONTROL,29730.651198581003,4,1,1,0.012209713017897738
2023-06-22 14:00:00,CONTROL,29762.795634001766,4,1,1,0.012222914018070534
2023-06-22 02:00:00,CONTROL,30304.21576373214,4,-1,1,0.012264568528854
2023-06-22 02:00:00,CONTROL,30333.05122928347,4,-1,1,0.012276238672245037
2023-06-22 14:00:00,CONTROL,29752.305418630072,3,1,1,0.012218605921408648
2023-06-23 02:00:00,LEVEL,29861.25,4,1,1,0.01696149954736673
2023-06-23 00:00:00,LEVEL,29935.375,4,-1,-1,0.016246599504765768
2023-06-23 09:00:00,LEVEL,30171.166666666668,3,-1,-1,0.018512757580405978
2023-06-23 14:00:00,LEVEL,30324.63333333333,3,-1,-1,0.020719739220793988
2023-06-23 15:00:00,LEVEL,30459.899999999998,6,-1,-1,0.017261401147552573
2023-06-23 15:00:00,LEVEL,30538.333333333332,3,-1,-1,0.017305848740289467
2023-06-23 04:00:00,CONTROL,30065.30030580118,4,-1,-1,0.01790167295807151
2023-06-23 15:00:00,CONTROL,30711.017644762236,3,-1,-1,0.017403707668633393
2023-06-23 15:00:00,CONTROL,30853.74810853849,6,-1,-1,0.01748459197197051
2023-06-23 15:00:00,CONTROL,30929.244484960687,3,-1,-1,0.017527375212841624
2023-06-24 15:00:00,LEVEL,30293.333333333332,3,1,1,0.018482109945980273
2023-06-24 00:00:00,LEVEL,30475.5,6,1,0,0.0145752589337757
2023-06-24 00:00:00,LEVEL,30593.199999999997,4,1,0,0.01463155031460638
2023-06-24 02:00:00,CONTROL,30769.39102856229,6,-1,1,0.014412736590461845
2023-06-25 20:00:00,LEVEL,30293.333333333332,3,1,1,0.02469020087276923
2023-06-25 18:00:00,LEVEL,30379.966666666664,3,1,-1,0.025900064828382422
2023-06-25 15:00:00,LEVEL,30475.5,6,1,-1,0.025502510460251048
2023-06-25 10:00:00,LEVEL,30566.574999999997,4,1,-1,0.02502764443989562
2023-06-25 02:00:00,CONTROL,30678.55235445048,3,-1,-1,0.029814853322270973
2023-06-25 06:00:00,CONTROL,30782.698599095296,6,1,-1,0.026119543795801226
2023-06-25 04:00:00,CONTROL,30982.549641553098,4,-1,1,0.027578347386083484
2023-06-26 17:00:00,LEVEL,29919.342857142856,7,1,1,0.01877034468658359
2023-06-26 01:00:00,LEVEL,30183.875,4,1,1,0.022242579159470297
2023-06-26 01:00:00,LEVEL,30293.333333333332,3,1,1,0.022323239301477588
2023-06-26 00:00:00,LEVEL,30379.966666666664,3,1,-1,0.024088979194026597
2023-06-26 06:00:00,LEVEL,30475.5,6,-1,1,0.02316317514607376
2023-06-26 07:00:00,LEVEL,30566.574999999997,4,-1,1,0.02272924664218983
2023-06-26 01:00:00,CONTROL,30063.451309943594,3,1,1,0.02215383861642355
2023-06-27 03:00:00,LEVEL,30379.966666666664,3,1,1,0.020625865812346576
2023-06-27 02:00:00,LEVEL,30475.5,6,-1,-1,0.020593293352479038
2023-06-27 10:00:00,LEVEL,30569.26,5,-1,-1,0.02249704061450713
2023-06-27 10:00:00,CONTROL,30685.461127500064,3,-1,-1,0.022582557289913093
2023-06-27 10:00:00,CONTROL,30691.482349901988,3,-1,-1,0.02258698852851439
2023-06-27 11:00:00,CONTROL,30766.259301876096,6,-1,1,0.021751105707974144
2023-06-27 14:00:00,CONTROL,30878.335555750742,5,-1,1,0.022476894014786343
2023-06-28 19:00:00,LEVEL,29814.333333333332,3,1,1,0.021058573373064014
2023-06-28 19:00:00,LEVEL,29916.166666666668,9,1,1,0.021130500680572383
2023-06-28 12:00:00,LEVEL,30088.43333333333,3,1,1,0.021165747783395583
2023-06-28 07:00:00,LEVEL,30191.6,5,1,-1,0.020477124266124067
2023-06-28 07:00:00,LEVEL,30293.333333333332,3,1,-1,0.02054612379276968
2023-06-28 02:00:00,LEVEL,30372.725,4,1,-1,0.021059265037268154
2023-06-28 00:00:00,LEVEL,30477.285714285714,7,1,-1,0.021881829545818774
2023-06-28 00:00:00,LEVEL,30569.26,5,1,-1,0.021947864482835987
2023-06-29 00:00:00,LEVEL,30146.120000000003,5,-1,-1,0.022098223301415636
2023-06-29 20:00:00,LEVEL,30243.625,4,1,1,0.02335302350272664
2023-06-29 07:00:00,LEVEL,30368.18,5,-1,-1,0.0235178664601534
2023-06-29 13:00:00,LEVEL,30478.25,8,1,1,0.021795963975238506
2023-06-29 10:00:00,LEVEL,30569.26,5,-1,1,0.022095598120708288
2023-06-29 10:00:00,CONTROL,30727.237079124072,5,-1,1,0.022209784661455723
2023-06-29 13:00:00,CONTROL,30767.126586797596,5,-1,1,0.02200254879159543
2023-06-30 13:00:00,LEVEL,29575.25,4,1,1,0.014908523810273935
2023-06-30 13:00:00,LEVEL,29811.9,4,1,1,0.015027816196972318
2023-06-30 13:00:00,LEVEL,29916.166666666668,9,1,1,0.015080375755475387
2023-06-30 13:00:00,LEVEL,30146.120000000003,5,1,1,0.015196292433956614
2023-06-30 13:00:00,LEVEL,30243.625,4,1,1,0.0152454435185331
2023-06-30 01:00:00,LEVEL,30368.18,5,1,1,0.024941143135795436
2023-06-30 02:00:00,LEVEL,30478.25,8,-1,-1,0.02333877336141083
2023-06-30 02:00:00,LEVEL,30569.26,5,-1,-1,0.023408464428438035
2023-06-30 03:00:00,LEVEL,30818.5,3,-1,-1,0.022607675026362784
2023-06-30 04:00:00,LEVEL,31036.899999999998,3,-1,1,0.020303387370443765
2023-06-30 13:00:00,CONTROL,29703.15990085188,4,1,1,0.014973001635564339
2023-06-30 13:00:00,CONTROL,29682.729408239746,3,1,1,0.0149627028727284
2023-06-30 13:00:00,CONTROL,30055.26344312764,4,1,1,0.015150492748697784
2023-06-30 13:00:00,CONTROL,29665.7352337904,9,1,1,0.014954136316083437
2023-06-30 13:00:00,CONTROL,29711.87786452887,5,1,1,0.014977396255019985
2023-06-30 13:00:00,CONTROL,30051.041854377745,4,1,1,0.015148364697154859
2023-06-30 02:00:00,CONTROL,30670.40324844622,5,-1,-1,0.023485915048225038
2023-06-30 02:00:00,CONTROL,30721.104351181955,8,-1,-1,0.02352473950651654
2023-06-30 04:00:00,CONTROL,30917.419919281972,5,-1,1,0.02022522716881699
2023-06-30 04:00:00,CONTROL,31251.994154697502,3,-1,1,0.02044409536460367
2023-06-30 02:00:00,CONTROL,30701.711253355206,3,-1,-1,0.023509889207862445
2023-07-01 01:00:00,LEVEL,30368.18,5,1,0,0.013698257167827238
2023-07-01 11:00:00,LEVEL,30569.26,5,-1,0,0.018495647866285977
2023-07-02 15:00:00,LEVEL,30251.3,6,1,1,0.049503533623114104
2023-07-02 15:00:00,LEVEL,30368.18,5,1,1,0.049694797238557735
2023-07-02 02:00:00,LEVEL,30484.81111111111,9,1,1,0.05424645251379337
2023-07-02 16:00:00,LEVEL,30569.26,5,-1,1,0.045664098590234244
2023-07-02 16:00:00,LEVEL,30661.466666666664,3,-1,1,0.04580183611863184
2023-07-03 04:00:00,LEVEL,30668.72,5,1,1,0.0330637773734923
2023-07-03 15:00:00,LEVEL,30818.5,3,-1,-1,0.031371421300419915
2023-07-03 15:00:00,LEVEL,31036.899999999998,3,-1,1,0.03159373966153456
2023-07-03 15:00:00,CONTROL,30926.380305279876,10,-1,-1,0.031481237109331865
2023-07-03 18:00:00,CONTROL,31227.3672442864,3,-1,1,0.02976604068443494
2023-07-04 19:00:00,LEVEL,30668.72,5,1,-1,0.026497800577800573
2023-07-04 16:00:00,LEVEL,30813.875,4,1,-1,0.025184379230199453
2023-07-04 04:00:00,LEVEL,31036.899999999998,3,1,-1,0.02613152314047409
2023-07-04 07:00:00,CONTROL,30908.061623805726,6,1,-1,0.024630390775021938
2023-07-04 07:00:00,CONTROL,30906.86024261904,5,1,-1,0.02462943340382028
2023-07-04 01:00:00,CONTROL,31190.66154601023,4,-1,1,0.027431666056680706
2023-07-05 12:00:00,LEVEL,30251.3,6,1,1,0.03063713643700347
2023-07-05 10:00:00,LEVEL,30368.18,5,1,-1,0.03248585144079694
2023-07-05 10:00:00,LEVEL,30482.129999999997,10,1,-1,0.03260774754295646
2023-07-05 10:00:00,LEVEL,30567.616666666665,6,1,-1,0.03269919547146262
2023-07-05 08:00:00,LEVEL,30668.72,5,1,-1,0.03435910233518889
2023-07-05 00:00:00,LEVEL,30822.3,5,-1,1,0.02882356585522665
2023-07-06 14:00:00,LEVEL,29916.166666666668,9,1,1,0.017250515061416956
2023-07-06 14:00:00,LEVEL,30150.899999999998,7,1,-1,0.017385868997206965
2023-07-06 14:00:00,LEVEL,30251.3,6,1,-1,0.01744376250112624
2023-07-06 13:00:00,LEVEL,30368.18,5,1,-1,0.01900981533646324
2023-07-06 13:00:00,LEVEL,30482.129999999997,10,1,-1,0.019081145539906117
2023-07-06 05:00:00,LEVEL,30573.1625,8,-1,-1,0.028926178227189427
2023-07-06 06:00:00,LEVEL,30668.72,5,-1,-1,0.028218961412387146
2023-07-06 07:00:00,LEVEL,30831.11666666667,6,-1,-1,0.027402392326778525
2023-07-06 08:00:00,LEVEL,31036.899999999998,3,-1,-1,0.024651413537193786
2023-07-06 14:00:00,CONTROL,30035.990760911147,4,1,1,0.01731960905215168
2023-07-06 14:00:00,CONTROL,30016.08008988718,6,1,1,0.01730812799128553
2023-07-06 14:00:00,CONTROL,30015.774361053154,5,1,1,0.017307951699318886
2023-07-06 14:00:00,CONTROL,30038.952166195824,10,1,1,0.017321316682913184
2023-07-06 08:00:00,CONTROL,30936.185325610506,8,-1,-1,0.02457141975277462
2023-07-06 08:00:00,CONTROL,31175.97019018331,6,-1,-1,0.02476187162962264
2023-07-06 09:00:00,CONTROL,31476.18395370685,3,-1,1,0.022517669770821567
2023-07-07 07:00:00,LEVEL,29916.166666666668,9,1,1,0.014262773142630115
2023-07-07 05:00:00,LEVEL,30150.899999999998,7,-1,0,0.014417644949193065
2023-07-07 05:00:00,LEVEL,30258.971428571425,7,-1,0,0.014469322858850652
2023-07-07 13:00:00,LEVEL,30368.18,5,-1,0,0.018895231576900644
2023-07-07 00:00:00,CONTROL,29684.891975024653,4,1,1,0.014345291962922302
2023-07-07 00:00:00,CONTROL,30034.365189431195,5,-1,0,0.014514175693343177
2023-07-07 00:00:00,CONTROL,29718.948053177086,9,1,1,0.014361749640606283
2023-07-07 00:00:00,CONTROL,29700.93428788753,7,1,1,0.014353044447316455
2023-07-07 00:00:00,CONTROL,30060.058190863914,7,-1,0,0.014526591895068492
2023-07-07 00:00:00,CONTROL,30012.02901331337,5,-1,-1,0.014503381685131354
2023-07-08 06:00:00,LEVEL,30144.5375,8,1,1,0.031032852914682742
2023-07-08 00:00:00,LEVEL,30263.7625,8,1,-1,0.027892868663594445
2023-07-08 02:00:00,LEVEL,30368.18,5,-1,1,0.028706775375162436
2023-07-08 19:00:00,CONTROL,30048.804609122904,8,1,1,0.0508978269898335
2023-07-08 19:00:00,CONTROL,30033.116160655718,5,1,1,0.05087125328927506
2023-07-09 20:00:00,LEVEL,30141.079999999998,10,1,-1,0.048307851347290334
2023-07-09 15:00:00,LEVEL,30263.7625,8,1,-1,0.04588242763064393
2023-07-09 14:00:00,LEVEL,30361.985714285714,7,-1,1,0.04777418217323815
2023-07-09 22:00:00,CONTROL,30045.054999649645,7,1,1,0.04570241764456854
2023-07-10 00:00:00,LEVEL,30022.5,3,1,1,0.04233365647307649
2023-07-10 02:00:00,LEVEL,30143.127272727274,11,-1,1,0.04130610109315132
2023-07-10 13:00:00,LEVEL,30252.125,8,-1,-1,0.034220651136484
2023-07-10 16:00:00,LEVEL,30360.244444444445,9,-1,-1,0.03503526225107171
2023-07-10 18:00:00,LEVEL,30470.090909090908,11,-1,-1,0.03150584558261939
2023-07-10 21:00:00,LEVEL,30569.177777777775,9,1,-1,0.023725774651682886
2023-07-10 19:00:00,LEVEL,30668.72,5,-1,-1,0.02910781350100831
2023-07-10 20:00:00,LEVEL,31036.899999999998,3,-1,1,0.028349864413552823
2023-07-10 20:00:00,CONTROL,30926.84431082458,9,-1,1,0.02824933685229306
2023-07-10 20:00:00,CONTROL,30940.094344087312,5,-1,1,0.02826143975710873
2023-07-11 09:00:00,LEVEL,30360.244444444445,9,1,1,0.02254124877545761
2023-07-11 00:00:00,LEVEL,30468.0,10,-1,-1,0.023888858942003738
2023-07-11 01:00:00,LEVEL,30569.177777777775,9,-1,1,0.023365348705127967
2023-07-11 15:00:00,LEVEL,30668.72,5,-1,-1,0.021491744919411363
2023-07-12 19:00:00,LEVEL,30251.339999999997,10,1,1,0.026644359793019948
2023-07-12 19:00:00,LEVEL,30360.244444444445,9,1,1,0.026740279153975092
2023-07-12 13:00:00,LEVEL,30466.666666666668,9,1,1,0.026787562394101783
2023-07-12 01:00:00,LEVEL,30569.825,8,-1,-1,0.03077370076758526
2023-07-12 02:00:00,LEVEL,30667.266666666666,6,-1,-1,0.03085820179024383
2023-07-12 07:00:00,LEVEL,30827.37142857143,7,-1,1,0.031131880131103785
2023-07-12 12:00:00,CONTROL,30929.657177351062,8,-1,1,0.02859719819922667
2023-07-12 12:00:00,CONTROL,30929.29218253225,6,-1,1,0.028596860729298845
2023-07-13 09:00:00,LEVEL,30468.5,10,-1,-1,0.028286054135600123
2023-07-13 09:00:00,LEVEL,30569.825,8,-1,-1,0.028380121268386106
2023-07-13 13:00:00,LEVEL,30670.940000000002,5,-1,1,0.03311302564102565
2023-07-13 15:00:00,LEVEL,30827.37142857143,7,-1,-1,0.02955910124095185
2023-07-13 15:00:00,LEVEL,31026.24,5,-1,1,0.029749788152099013
2023-07-13 15:00:00,CONTROL,30921.68679469126,10,-1,1,0.029649536374617824
2023-07-13 15:00:00,CONTROL,30932.23057271028,8,-1,1,0.029659646370620837
2023-07-13 15:00:00,CONTROL,31185.579603901875,7,-1,1,0.02990257235863903
2023-07-13 18:00:00,CONTROL,31441.039343402084,5,-1,-1,0.02441785406729607
2023-07-14 19:00:00,LEVEL,29920.599999999995,9,1,1,0.01719698254184925
2023-07-14 18:00:00,LEVEL,30022.5,3,1,0,0.016453502312039722
2023-07-14 18:00:00,LEVEL,30139.616666666665,12,1,0,0.01651768681851914
2023-07-14 18:00:00,LEVEL,30247.639999999996,10,1,-1,0.016576887823257395
2023-07-14 18:00:00,LEVEL,30360.244444444445,9,1,-1,0.01663859945576677
2023-07-14 18:00:00,LEVEL,30468.5,10,1,-1,0.016697927727350563
2023-07-14 18:00:00,LEVEL,30569.825,8,1,-1,0.016753457783867092
2023-07-14 17:00:00,LEVEL,30670.940000000002,5,1,-1,0.017767701804884215
2023-07-14 17:00:00,LEVEL,30827.37142857143,7,1,-1,0.017858322665404606
2023-07-14 17:00:00,LEVEL,31018.05,4,1,-1,0.017968782925107247
2023-07-14 17:00:00,CONTROL,30920.59207622737,8,1,-1,0.01791232546641458
2023-07-14 07:00:00,CONTROL,31130.35891539581,5,1,-1,0.01700589786767499
2023-07-14 07:00:00,CONTROL,31165.263045695894,7,1,-1,0.017024965302029228
2023-07-16 02:00:00,LEVEL,30138.322222222225,9,1,1,0.06223711352033492
2023-07-16 18:00:00,LEVEL,30246.67272727273,11,1,-1,0.053849645447464706
2023-07-16 14:00:00,LEVEL,30357.629999999997,10,-1,1,0.057748434193318245
2023-07-17 18:00:00,LEVEL,29835.640000000003,5,1,1,0.029768660513843814
2023-07-17 10:00:00,LEVEL,29920.599999999995,9,1,1,0.041513146028442624
2023-07-17 10:00:00,LEVEL,30029.375,4,1,1,0.041664065209850894
2023-07-17 09:00:00,LEVEL,30138.322222222225,9,1,-1,0.045938187630328295
2023-07-17 11:00:00,LEVEL,30246.67272727273,11,-1,1,0.040594452345456854
2023-07-17 18:00:00,CONTROL,29685.81697884171,4,1,1,0.029619173837706833
2023-07-17 18:00:00,CONTROL,29715.16336530254,9,1,1,0.02964845434303068
2023-07-18 16:00:00,LEVEL,29483.5,4,1,1,0.02091028368794318
2023-07-18 11:00:00,LEVEL,29835.640000000003,5,1,-1,0.023848240995154004
2023-07-18 06:00:00,LEVEL,29918.644444444442,9,1,-1,0.025186694260291922
2023-07-18 05:00:00,LEVEL,30029.375,4,1,-1,0.026177231741534635
2023-07-18 02:00:00,LEVEL,30135.55,10,1,-1,0.026727019761092975
2023-07-18 16:00:00,CONTROL,29654.95164712488,4,1,1,0.021031880600797703
2023-07-18 13:00:00,CONTROL,29708.44618217993,4,1,1,0.023412064173515053
2023-07-18 16:00:00,CONTROL,29578.030562627267,5,1,1,0.020977326640161102
2023-07-18 12:00:00,CONTROL,29736.382807546644,9,1,1,0.023700230382104295
2023-07-18 12:00:00,CONTROL,29725.931919338756,4,1,1,0.023691900907069366
2023-07-19 13:00:00,LEVEL,29835.640000000003,5,1,1,0.025727310158986747
2023-07-19 00:00:00,LEVEL,29918.644444444442,9,-1,-1,0.02420235154007328
2023-07-19 00:00:00,LEVEL,30029.375,4,-1,1,0.024291925779867454
2023-07-19 04:00:00,LEVEL,30135.55,10,-1,1,0.024243598059179857
2023-07-20 18:00:00,LEVEL,29481.333333333332,3,1,1,0.02540467663031282
2023-07-20 14:00:00,LEVEL,29706.0,3,1,-1,0.02642001111728741
2023-07-20 14:00:00,LEVEL,29835.640000000003,5,1,-1,0.026535310728182354
2023-07-20 14:00:00,LEVEL,29918.644444444442,9,1,-1,0.026609133469211316
2023-07-20 05:00:00,LEVEL,30029.375,4,-1,-1,0.02835551358848009
2023-07-20 05:00:00,LEVEL,30138.66666666666,12,-1,-1,0.028458713250120535
2023-07-20 09:00:00,LEVEL,30354.663636363635,11,-1,1,0.028353938827825286
2023-07-20 18:00:00,CONTROL,29591.59576651067,5,1,1,0.025499692056775047
2023-07-20 18:00:00,CONTROL,29573.798943450693,5,1,1,0.02548435616508475
2023-07-20 14:00:00,CONTROL,29613.105172319916,4,1,1,0.02633739203763864
2023-07-21 00:00:00,LEVEL,29706.0,3,1,1,0.026138862155250582
2023-07-21 12:00:00,LEVEL,29831.533333333336,6,-1,-1,0.02914658850350109
2023-07-21 17:00:00,LEVEL,29918.644444444442,9,-1,0,0.037984392867376406
2023-07-21 18:00:00,LEVEL,30029.375,4,-1,1,0.040971262897586805
2023-07-22 23:00:00,LEVEL,29707.075,4,1,1,0.0613822173435786
2023-07-22 23:00:00,CONTROL,29612.454549282636,10,1,1,0.06118670792129181
2023-07-23 01:00:00,LEVEL,29830.17142857143,7,-1,-1,0.06093619442797881
2023-07-23 21:00:00,LEVEL,29921.73,10,1,1,0.04010619753706972
2023-07-23 17:00:00,LEVEL,30020.71428571429,7,-1,-1,0.057376984838013484
2023-07-23 17:00:00,LEVEL,30126.14545454545,11,-1,-1,0.057578489789491545
2023-07-23 18:00:00,LEVEL,30225.05454545455,11,-1,-1,0.05214587801674293
2023-07-23 19:00:00,LEVEL,30324.090000000004,10,-1,1,0.04489547885629697
2023-07-24 09:00:00,LEVEL,29051.466666666664,3,1,1,0.026633632239889248
2023-07-24 09:00:00,LEVEL,29125.100000000002,3,1,1,0.026701137372869246
2023-07-24 09:00:00,LEVEL,29389.659999999996,5,1,-1,0.02694367912906463
2023-07-24 09:00:00,LEVEL,29478.199999999997,4,1,-1,0.027024850307978826
2023-07-24 09:00:00,LEVEL,29594.399999999998,3,1,-1,0.027131379458530322
2023-07-24 03:00:00,LEVEL,29718.059999999998,5,1,-1,0.037353310027887957
2023-07-24 02:00:00,LEVEL,29830.925,8,1,-1,0.03878711145422775
2023-07-24 01:00:00,LEVEL,29926.53636363636,11,1,-1,0.04011263984402968
2023-07-24 15:00:00,CONTROL,28875.054139058553,6,1,1,0.021175701442646373
2023-07-24 15:00:00,CONTROL,28889.033558641207,3,1,1,0.0211859533373787
2023-07-24 09:00:00,CONTROL,29225.13339276533,4,1,-1,0.026792845396604828
2023-07-24 09:00:00,CONTROL,29261.109662404422,3,1,-1,0.026825827508865276
2023-07-24 09:00:00,CONTROL,29273.143579361764,5,1,-1,0.02683685989226694
2023-07-25 09:00:00,CONTROL,29238.374042434727,4,-1,1,0.03637179168705924
2023-07-25 09:00:00,CONTROL,29269.841501591956,3,-1,1,0.03641093640378415
2023-07-25 09:00:00,CONTROL,29260.32618956894,4,-1,1,0.036399099598282025
2023-07-25 09:00:00,CONTROL,29267.638578982172,3,-1,1,0.03640819602423536
2023-07-25 13:00:00,CONTROL,29295.20175158012,5,-1,1,0.03989133855534321
2023-07-26 00:00:00,LEVEL,29125.100000000002,3,1,1,0.043976935780682166
2023-07-26 02:00:00,LEVEL,29212.8,3,-1,-1,0.042466251760323384
2023-07-26 03:00:00,LEVEL,29387.966666666664,6,-1,1,0.04007051571576687
2023-07-26 18:00:00,LEVEL,29478.199999999997,4,-1,1,0.0395083933657228
2023-07-26 20:00:00,LEVEL,29594.399999999998,3,-1,1,0.034349684439608265
2023-07-27 18:00:00,LEVEL,29125.100000000002,3,1,1,0.033040385706182486
2023-07-27 21:00:00,LEVEL,29212.8,3,-1,-1,0.04053814397224612
2023-07-28 09:00:00,LEVEL,29212.8,3,-1,-1,0.04637412441710472
2023-07-28 14:00:00,LEVEL,29391.77142857143,7,-1,-1,0.043870361757277945
2023-07-28 14:00:00,LEVEL,29478.199999999997,4,-1,1,0.04399936564205401
2023-07-30 20:00:00,LEVEL,29075.314285714285,7,1,1,0.06051053961647071
2023-07-30 19:00:00,LEVEL,29172.4,4,1,-1,0.07073168661918439
2023-07-30 19:00:00,LEVEL,29265.266666666666,3,1,-1,0.07095685204828979
2023-07-30 14:00:00,LEVEL,29384.399999999998,6,-1,-1,0.1042462084257202
2023-07-31 14:00:00,LEVEL,29265.266666666666,3,1,-1,0.038112019100330935
2023-07-31 00:00:00,LEVEL,29382.17142857143,7,-1,1,0.04688956142600666
2023-07-31 00:00:00,LEVEL,29477.85,4,-1,1,0.047042250149611
2023-08-01 15:00:00,LEVEL,28657.375,4,1,1,0.02895689791278533
2023-08-01 02:00:00,LEVEL,28874.13333333333,3,1,-1,0.03557981696124865
2023-08-01 02:00:00,LEVEL,29060.057142857142,7,1,-1,0.03580891942590889
2023-08-01 01:00:00,LEVEL,29160.48,5,1,-1,0.04347038852138261
2023-08-01 18:00:00,LEVEL,29235.7,3,-1,-1,0.027201535196115498
2023-08-01 23:00:00,LEVEL,29352.52,5,-1,-1,0.02431353903499687
2023-08-01 23:00:00,LEVEL,29430.866666666665,6,-1,-1,0.02437843583902807
2023-08-01 23:00:00,LEVEL,29528.499999999996,6,-1,-1,0.0244593083454131
2023-08-01 23:00:00,LEVEL,29645.675,4,-1,-1,0.024556367778007845
2023-08-01 23:00:00,LEVEL,29727.575,4,-1,-1,0.024624207910540458
2023-08-01 02:00:00,CONTROL,28753.04054974226,7,1,1,0.03543060177872663
2023-08-01 02:00:00,CONTROL,28780.530484119463,5,1,1,0.035464475932528106
2023-08-01 02:00:00,CONTROL,28962.58100678262,5,1,-1,0.03568880558423672
2023-08-02 16:00:00,LEVEL,29029.8,5,1,1,0.022771819385203677
2023-08-02 16:00:00,LEVEL,29101.28333333333,6,1,1,0.02282789299079927
2023-08-02 16:00:00,LEVEL,29209.949999999997,6,1,-1,0.022913134284453567
2023-08-02 13:00:00,LEVEL,29349.983333333337,6,1,-1,0.023464734589183668
2023-08-02 08:00:00,LEVEL,29430.866666666665,6,1,-1,0.023967723655859176
2023-08-02 10:00:00,LEVEL,29528.499999999996,6,-1,1,0.023728987217799594
2023-08-02 03:00:00,LEVEL,29645.675,4,1,-1,0.025759248397958005
2023-08-02 03:00:00,LEVEL,29727.575,4,1,-1,0.0258304116433148
2023-08-02 00:00:00,LEVEL,29830.925,8,-1,1,0.024176006078257522
2023-08-02 01:00:00,LEVEL,29927.099999999995,9,-1,1,0.023655449066297744
2023-08-02 01:00:00,LEVEL,30016.133333333335,6,-1,1,0.023725824193920185
2023-08-03 06:00:00,LEVEL,29029.8,5,1,1,0.028810122813546692
2023-08-03 04:00:00,LEVEL,29101.28333333333,6,1,1,0.028711878481428938
2023-08-03 13:00:00,LEVEL,29200.26,5,-1,-1,0.03060924165492838
2023-08-03 14:00:00,LEVEL,29343.980000000003,5,-1,1,0.029730476190476144
2023-08-03 14:00:00,LEVEL,29430.866666666665,6,-1,1,0.029818507261060407
2023-08-04 20:00:00,LEVEL,28880.233333333334,3,1,1,0.03934134207426942
2023-08-04 18:00:00,LEVEL,28995.225,4,1,-1,0.04323813784426089
2023-08-04 02:00:00,LEVEL,29091.4,8,1,1,0.034795724003887064
2023-08-04 13:00:00,LEVEL,29311.175,4,-1,1,0.037726554581288485
2023-08-06 21:00:00,LEVEL,29058.25555555556,9,1,1,0.07819241320028376
2023-08-06 20:00:00,LEVEL,29137.733333333334,6,-1,1,0.08915734047300287
2023-08-07 15:00:00,LEVEL,28948.516666666666,6,1,-1,0.04447417222782328
2023-08-07 06:00:00,LEVEL,29054.77,10,1,-1,0.05681348243201931
2023-08-07 01:00:00,LEVEL,29136.914285714283,7,-1,1,0.06393617617382247
2023-08-07 15:00:00,CONTROL,28813.46736479258,10,1,-1,0.044266693344536964
2023-08-07 16:00:00,CONTROL,28719.01223933583,7,1,1,0.04045999787174186
2023-08-07 15:00:00,CONTROL,28795.551723979763,4,1,1,0.044239169195225414
2023-08-08 01:00:00,LEVEL,29138.4,8,1,1,0.037409380140421215
2023-08-08 13:00:00,LEVEL,29340.61666666667,6,1,1,0.03175391414141411
2023-08-08 11:00:00,LEVEL,29432.171428571426,7,-1,-1,0.03649087507610555
2023-08-08 12:00:00,LEVEL,29524.0,5,-1,1,0.03507845394126161
2023-08-08 13:00:00,LEVEL,29645.675,4,-1,1,0.03208406385281382
2023-08-08 16:00:00,LEVEL,29752.325,4,-1,-1,0.03199174731182792
2023-08-08 17:00:00,LEVEL,29843.64285714286,7,-1,-1,0.03134219138262456
2023-08-08 18:00:00,LEVEL,29942.51,10,-1,-1,0.03164124958721352
2023-08-08 21:00:00,LEVEL,30037.079999999998,5,-1,1,0.028155088315416344
2023-08-08 21:00:00,LEVEL,30126.14545454545,11,-1,1,0.02823857331923762
2023-08-08 21:00:00,LEVEL,30225.05454545455,11,-1,1,0.028331285200344013
2023-08-09 19:00:00,LEVEL,29432.171428571426,7,1,1,0.02539239938837681
2023-08-09 16:00:00,LEVEL,29524.0,5,1,0,0.025187096774193504
2023-08-09 02:00:00,LEVEL,29645.675,4,1,1,0.02519886312322358
2023-08-09 02:00:00,LEVEL,29752.325,4,1,1,0.02528951576486833
2023-08-09 00:00:00,LEVEL,29843.64285714286,7,-1,-1,0.026535053387845776
2023-08-09 12:00:00,LEVEL,29942.51,10,-1,1,0.024842113559761448
2023-08-09 12:00:00,LEVEL,30037.079999999998,5,-1,1,0.024920574539797746
2023-08-09 13:00:00,LEVEL,30126.14545454545,11,-1,1,0.025188426685795566
2023-08-10 17:00:00,LEVEL,29339.1,7,1,1,0.03474652849740933
2023-08-10 14:00:00,LEVEL,29432.171428571426,7,1,0,0.032596022901442694
2023-08-10 14:00:00,LEVEL,29524.0,5,1,-1,0.03269772271059734
2023-08-10 13:00:00,LEVEL,29642.140000000003,5,-1,1,0.03456557393775959
2023-08-11 16:00:00,LEVEL,29236.166666666668,6,1,1,0.05067475535333887
2023-08-11 02:00:00,LEVEL,29337.711111111115,9,1,1,0.04201229551398726
2023-08-11 14:00:00,LEVEL,29524.0,5,-1,1,0.0565086428614156
2023-08-14 02:00:00,LEVEL,29140.800000000003,9,1,1,0.07639105431309923
2023-08-14 00:00:00,LEVEL,29233.85714285714,7,1,1,0.10812337362129308
2023-08-14 02:00:00,LEVEL,29340.96,15,-1,-1,0.07691576308675369
2023-08-14 14:00:00,LEVEL,29443.136363636364,11,-1,-1,0.050969995327907254
2023-08-14 14:00:00,LEVEL,29524.942857142858,7,-1,-1,0.051111613277174645
2023-08-14 15:00:00,LEVEL,29643.45,6,-1,1,0.046661931231246054
2023-08-15 19:00:00,LEVEL,29051.93333333333,12,1,1,0.05384038145981769
2023-08-15 19:00:00,LEVEL,29140.800000000003,9,1,1,0.054005073261134275
2023-08-15 19:00:00,LEVEL,29233.75,8,1,-1,0.054177332483929204
2023-08-15 15:00:00,LEVEL,29340.96,15,1,-1,0.050563343206419566
2023-08-15 14:00:00,LEVEL,29447.96153846154,13,-1,1,0.050611459757815794
2023-08-16 16:00:00,LEVEL,28948.516666666666,6,1,1,0.04649197156001656
2023-08-16 12:00:00,LEVEL,29051.93333333333,12,1,1,0.046123331348812455
2023-08-16 14:00:00,LEVEL,29140.800000000003,9,-1,1,0.04523432452097971
2023-08-16 20:00:00,CONTROL,28836.534870022177,9,1,-1,0.042391083969161476
2023-08-16 20:00:00,CONTROL,28838.820831020235,8,1,-1,0.042394444441043955
2023-08-17 21:00:00,LEVEL,25327.233333333334,3,1,1,0.011335582347291746
2023-08-17 21:00:00,LEVEL,25630.575,4,1,1,0.011471347450278307
2023-08-17 21:00:00,LEVEL,25832.475,4,1,1,0.011561710817085772
2023-08-17 21:00:00,LEVEL,26085.514285714286,7,1,1,0.011674962336608795
2023-08-17 21:00:00,LEVEL,26164.14,5,1,1,0.011710152451816813
2023-08-17 21:00:00,LEVEL,26265.82,5,1,1,0.011755660857646346
2023-08-17 21:00:00,LEVEL,26349.159999999996,5,1,1,0.011792960921983807
2023-08-17 21:00:00,LEVEL,26466.842857142856,7,1,-1,0.011845631646040026
2023-08-17 21:00:00,LEVEL,26556.166666666668,6,1,-1,0.011885609853888665
2023-08-17 21:00:00,LEVEL,26645.86666666667,6,1,-1,0.01192575643141531
2023-08-17 21:00:00,LEVEL,26751.283333333336,6,1,-1,0.011972937238337648
2023-08-17 21:00:00,LEVEL,26825.125,4,1,-1,0.012005986181431626
2023-08-17 21:00:00,LEVEL,26922.316666666666,6,1,-1,0.012049485766501604
2023-08-17 21:00:00,LEVEL,27100.987500000003,8,1,-1,0.012129452572099896
2023-08-17 21:00:00,LEVEL,27207.425000000003,8,1,-1,0.01217709026825923
2023-08-17 21:00:00,LEVEL,27305.850000000002,6,1,-1,0.01222114185012166
2023-08-17 21:00:00,LEVEL,27406.1,4,1,-1,0.012266010238048592
2023-08-17 20:00:00,LEVEL,27523.666666666668,3,1,-1,0.02143587746625121
2023-08-17 21:00:00,CONTROL,24953.558761008633,3,1,1,0.011168338699715723
2023-08-17 21:00:00,CONTROL,25970.09527652907,4,1,1,0.011623304831588696
2023-08-17 21:00:00,CONTROL,25545.690222394172,4,1,1,0.011433355997602897
2023-08-17 21:00:00,CONTROL,25712.697546298412,7,1,1,0.011508102624990177
2023-08-17 21:00:00,CONTROL,25992.306895505306,5,1,1,0.01163324597409953
2023-08-17 21:00:00,CONTROL,25917.609511410916,5,1,1,0.011599814041863376
2023-08-17 21:00:00,CONTROL,25967.556193041797,5,1,1,0.01162216842677188
2023-08-17 21:00:00,CONTROL,27011.5466720543,6,1,-1,0.012089421990905144
2023-08-17 20:00:00,CONTROL,27660.534139486695,6,1,-1,0.02154247207125123
2023-08-17 20:00:00,CONTROL,27679.151649897536,4,1,-1,0.02155697168995126
2023-08-17 16:00:00,CONTROL,27766.480860383002,3,1,1,0.022344458381296436
2023-08-17 00:00:00,CONTROL,28625.176142460237,6,1,-1,0.03280939992688572
2023-08-17 00:00:00,CONTROL,28653.29665234437,13,1,-1,0.032841630892045365
2023-08-18 17:00:00,LEVEL,25630.575,4,1,1,0.008528156551215006
2023-08-18 16:00:00,LEVEL,25832.475,4,1,0,0.008980035414380853
2023-08-18 14:00:00,LEVEL,26085.514285714286,7,1,0,0.00879003050780146
2023-08-18 04:00:00,LEVEL,26164.14,5,1,-1,0.00966469444765093
2023-08-18 04:00:00,LEVEL,26265.82,5,1,-1,0.009702253722728846
2023-08-18 03:00:00,LEVEL,26349.159999999996,5,1,-1,0.009941555186115331
2023-08-18 02:00:00,LEVEL,26466.842857142856,7,1,-1,0.01007936700618338
2023-08-18 01:00:00,LEVEL,26556.166666666668,6,1,-1,0.01028424360510381
2023-08-18 01:00:00,LEVEL,26652.8,5,1,-1,0.010321666202756827
2023-08-18 00:00:00,LEVEL,26751.283333333336,6,-1,1,0.010492113724480829
2023-08-18 14:00:00,CONTROL,25999.099806222184,4,1,0,0.00876091143800925
2023-08-18 17:00:00,CONTROL,25724.386988795606,7,1,0,0.008559370963175321
2023-08-18 14:00:00,CONTROL,25989.894410779183,5,1,0,0.008757809497756355
2023-08-18 14:00:00,CONTROL,25942.607506397264,5,1,0,0.008741875239087581
2023-08-18 14:00:00,CONTROL,25996.542959175484,5,1,0,0.008760049857773641
2023-08-19 15:00:00,LEVEL,26085.514285714286,7,-1,0,0.022731236238300145
2023-08-19 15:00:00,LEVEL,26161.783333333336,6,-1,0,0.022797698019352636
2023-08-19 16:00:00,LEVEL,26265.82,5,-1,1,0.024489561492963503
2023-08-19 08:00:00,CONTROL,25992.27066175616,5,-1,-1,0.018981552777931922
2023-08-19 14:00:00,CONTROL,25996.262804691945,4,-1,-1,0.02236538270601274
2023-08-19 08:00:00,CONTROL,25981.96686444274,6,-1,-1,0.01897402815359021
2023-08-19 08:00:00,CONTROL,25968.924432057473,5,-1,-1,0.018964503567535564
2023-08-20 01:00:00,LEVEL,26085.514285714286,7,1,1,0.032558563739092654
2023-08-20 00:00:00,LEVEL,26161.783333333336,6,-1,1,0.03370685133738643
2023-08-20 20:00:00,LEVEL,26266.416666666668,6,-1,1,0.04319690273066786
2023-08-20 15:00:00,CONTROL,25952.871608185607,6,1,1,0.03969656763357106
2023-08-20 15:00:00,CONTROL,25996.664628343016,5,1,1,0.03976355184297964
2023-08-21 15:00:00,LEVEL,25832.475,4,1,1,0.03249240202822209
2023-08-21 13:00:00,LEVEL,26085.514285714286,7,-1,1,0.035578231060559816
2023-08-21 05:00:00,LEVEL,26172.1625,8,-1,1,0.042859075789365896
2023-08-21 21:00:00,LEVEL,26266.416666666668,6,-1,1,0.03186825908372815
2023-08-21 11:00:00,CONTROL,26003.481796499575,5,-1,-1,0.03698108606230764
2023-08-21 11:00:00,CONTROL,25999.02980888154,3,-1,-1,0.0369747546279813
2023-08-21 09:00:00,CONTROL,25995.143224466763,4,1,-1,0.03990045007592744
2023-08-21 10:00:00,CONTROL,25946.322998953914,8,1,1,0.03773839079889656
2023-08-21 10:00:00,CONTROL,25914.107704956237,6,1,1,0.037691534319285375
2023-08-21 10:00:00,CONTROL,25955.215956600336,5,1,1,0.0377513254220812
2023-08-22 21:00:00,LEVEL,25327.233333333334,3,1,1,0.027717902416780533
2023-08-22 21:00:00,LEVEL,25624.46,5,1,1,0.02804318467852243
2023-08-22 17:00:00,LEVEL,25747.13333333333,3,1,1,0.03599267252049542
2023-08-22 16:00:00,LEVEL,25825.98,5,1,-1,0.040497444994364376
2023-08-22 21:00:00,CONTROL,25484.39863063471,3,1,1,0.027889902742144552
2023-08-22 21:00:00,CONTROL,25461.423105580914,5,1,1,0.027864758528679385
2023-08-22 13:00:00,CONTROL,25964.792962115367,3,1,-1,0.03988830411846782
2023-08-22 21:00:00,CONTROL,25527.196793635845,5,1,1,0.027936740677029514
2023-08-22 14:00:00,CONTROL,25919.723105492903,7,1,-1,0.040228496429128235
2023-08-22 15:00:00,CONTROL,25909.6314344646,9,1,-1,0.04465974715339936
2023-08-23 06:00:00,LEVEL,26092.471428571433,7,-1,1,0.022887505433356596
2023-08-23 00:00:00,LEVEL,26174.544444444444,9,-1,1,0.024366121373737268
2023-08-23 16:00:00,LEVEL,26270.4375,8,-1,-1,0.019994624678907755
2023-08-23 16:00:00,LEVEL,26349.159999999996,5,-1,-1,0.02005454095709251
2023-08-23 16:00:00,LEVEL,26461.316666666666,6,-1,-1,0.020139904227317356
2023-08-23 17:00:00,LEVEL,26554.1,5,-1,1,0.02065412119297045
2023-08-23 19:00:00,LEVEL,26643.5,4,-1,1,0.020370134989845846
2023-08-23 19:00:00,LEVEL,26743.775,4,-1,1,0.020446799665511835
2023-08-23 13:00:00,CONTROL,25985.64987305892,5,-1,-1,0.020790598958342905
2023-08-23 13:00:00,CONTROL,25985.77004538534,5,-1,-1,0.020790695105818786
2023-08-23 10:00:00,CONTROL,25942.64367138216,9,1,1,0.02198179837642923
2023-08-23 13:00:00,CONTROL,25987.82767364074,8,-1,-1,0.02079234137304983
2023-08-23 05:00:00,CONTROL,25978.993731461993,5,1,1,0.023307384754031057
2023-08-24 14:00:00,LEVEL,26089.916666666668,6,1,-1,0.02118332825873678
2023-08-24 14:00:00,LEVEL,26176.65,10,1,-1,0.02125375012686493
2023-08-24 14:00:00,LEVEL,26270.4375,8,1,-1,0.02132989952298794
2023-08-24 01:00:00,LEVEL,26349.159999999996,5,1,-1,0.02135264181523495
2023-08-24 09:00:00,LEVEL,26554.1,5,-1,1,0.021267205606307096
2023-08-24 17:00:00,CONTROL,25962.20186794156,5,1,1,0.02190960889723174
2023-08-24 17:00:00,CONTROL,25948.680483009975,3,1,1,0.02189819814489622
2023-08-24 17:00:00,CONTROL,25906.811797504008,6,1,1,0.021862864989059014
2023-08-24 17:00:00,CONTROL,25936.240409732665,10,1,1,0.021887699915911437
2023-08-24 17:00:00,CONTROL,25904.661855685437,8,1,1,0.02186105064431906
2023-08-24 15:00:00,CONTROL,25999.485577985026,5,1,1,0.02108689744000815
2023-08-25 14:00:00,LEVEL,25819.149999999998,6,1,1,0.02745987769210317
2023-08-25 08:00:00,LEVEL,26089.916666666668,6,-1,-1,0.028424258931408628
2023-08-25 13:00:00,LEVEL,26176.65,10,-1,1,0.03021835497835498
2023-08-25 14:00:00,LEVEL,26270.4375,8,-1,1,0.02793984312682798
2023-08-25 14:00:00,CONTROL,25953.67078386106,5,1,0,0.027602946858666384
2023-08-25 14:00:00,CONTROL,25952.15675642141,10,1,0,0.02760133661943251
2023-08-25 03:00:00,CONTROL,26001.151938250307,8,1,1,0.028604127544829865
2023-08-25 06:00:00,CONTROL,25985.333293137308,4,1,1,0.028937903789121103
2023-08-26 02:00:00,LEVEL,26089.916666666668,6,-1,0,0.029508264706228915
2023-08-27 17:00:00,LEVEL,26087.071428571428,7,1,-1,0.09385948793729304
2023-08-27 14:00:00,LEVEL,26171.481818181815,11,-1,1,0.10869401923190372
2023-08-28 00:00:00,LEVEL,25972.45,6,1,1,0.07038604336043343
2023-08-28 12:00:00,LEVEL,26087.071428571428,7,-1,1,0.04345129532137667
2023-08-28 12:00:00,LEVEL,26171.658333333336,12,-1,1,0.04359218543965593
2023-08-29 13:00:00,LEVEL,26087.071428571428,7,-1,-1,0.04230407366919786
2023-08-29 14:00:00,LEVEL,26171.658333333336,12,-1,-1,0.023629293983767324
2023-08-29 14:00:00,LEVEL,26254.862500000003,8,-1,-1,0.02370441554044518
2023-08-29 14:00:00,LEVEL,26307.25,4,-1,-1,0.02375171401969355
2023-08-29 14:00:00,LEVEL,26398.775,4,-1,-1,0.023834348108230076
2023-08-29 14:00:00,LEVEL,26499.5,4,-1,-1,0.02392528849138048
2023-08-29 14:00:00,LEVEL,26598.050000000003,4,-1,-1,0.0240142651581412
2023-08-29 14:00:00,LEVEL,26699.600000000002,3,-1,-1,0.02410595039923253
2023-08-29 14:00:00,LEVEL,26809.5,5,-1,-1,0.02420517450554407
2023-08-29 14:00:00,LEVEL,26927.5,4,-1,-1,0.024311711762548274
2023-08-29 14:00:00,LEVEL,27101.0,4,-1,-1,0.024468357644668863
2023-08-29 14:00:00,LEVEL,27205.899999999998,6,-1,-1,0.024563067460429376
2023-08-29 14:00:00,LEVEL,27317.025,4,-1,-1,0.02466339756792592
2023-08-29 14:00:00,CONTROL,27017.289897665072,3,-1,-1,0.024392779299869674
2023-08-29 14:00:00,CONTROL,27399.907925405314,4,-1,-1,0.024738229089325634
2023-08-29 14:00:00,CONTROL,27558.215014944937,6,-1,1,0.024881157929019453
2023-08-29 14:00:00,CONTROL,27679.779376104747,4,-1,1,0.02499091329840449
2023-08-30 13:00:00,LEVEL,27101.0,4,1,1,0.013861739366718358
2023-08-30 13:00:00,LEVEL,27203.159999999996,5,1,1,0.013913992615443642
2023-08-30 03:00:00,LEVEL,27317.025,4,1,-1,0.015209924832962119
2023-08-30 14:00:00,CONTROL,27010.218613242614,3,1,1,0.01705661671910179
2023-08-30 02:00:00,CONTROL,27403.280770457797,4,1,-1,0.015548787784007099
2023-08-30 01:00:00,CONTROL,27497.744252114928,5,1,-1,0.016141318121357384
2023-08-30 00:00:00,CONTROL,27612.47706944758,4,1,-1,0.01646724190656232
2023-08-31 21:00:00,LEVEL,25624.46,5,1,1,0.017667852879705234
2023-08-31 21:00:00,LEVEL,25748.949999999997,4,1,1,0.01775368770334618
2023-08-31 21:00:00,LEVEL,25823.614285714284,7,1,1,0.017805168109776923
2023-08-31 19:00:00,LEVEL,25940.083333333332,6,1,-1,0.019748356450090807
2023-08-31 19:00:00,LEVEL,26015.8,3,1,-1,0.01980600004758167
2023-08-31 19:00:00,LEVEL,26104.6375,8,1,-1,0.01987363262198749
2023-08-31 18:00:00,LEVEL,26183.00833333333,12,1,-1,0.021566997005499938
2023-08-31 16:00:00,LEVEL,26270.809999999998,10,1,-1,0.022463283454467714
2023-08-31 16:00:00,LEVEL,26378.7,4,1,-1,0.022555536554082937
2023-08-31 16:00:00,LEVEL,26458.86666666667,3,1,-1,0.022624084366538403
2023-08-31 16:00:00,LEVEL,26552.55,4,1,-1,0.022704189824711406
2023-08-31 16:00:00,LEVEL,26672.8,3,1,-1,0.022807011543394602
2023-08-31 15:00:00,LEVEL,26815.5,3,1,-1,0.02695871819038643
2023-08-31 15:00:00,LEVEL,26929.5,4,1,-1,0.027073327049952876
2023-08-31 12:00:00,LEVEL,27101.0,4,1,-1,0.024675126614692983
2023-08-31 00:00:00,LEVEL,27208.95,4,1,1,0.024192453459294272
2023-08-31 11:00:00,LEVEL,27296.3,4,-1,1,0.026032891246684328
2023-08-31 12:00:00,CONTROL,27014.540612953395,3,1,-1,0.024596406407969843
2023-08-31 11:00:00,CONTROL,27388.997223290815,4,-1,1,0.026121297980666567
2023-08-31 11:00:00,CONTROL,27549.672562637108,4,-1,1,0.026274536464828382
2023-08-31 11:00:00,CONTROL,27513.888330937276,4,-1,1,0.026240408505647544
2023-09-01 15:00:00,LEVEL,25624.46,5,1,1,0.0181363956471733
2023-09-01 14:00:00,LEVEL,25748.949999999997,4,1,-1,0.01800468490516561
2023-09-01 14:00:00,LEVEL,25823.614285714284,7,1,-1,0.018056893128722495
2023-09-01 13:00:00,LEVEL,25940.083333333332,6,1,-1,0.018769110176517577
2023-09-01 00:00:00,LEVEL,26015.8,3,-1,1,0.017568227572963047
2023-09-01 12:00:00,LEVEL,26104.6375,8,-1,1,0.019156730725129575
2023-09-01 17:00:00,CONTROL,25482.721556938504,3,1,1,0.01923768731296668
2023-09-01 17:00:00,CONTROL,25450.27501808644,5,1,1,0.019213192426601057
2023-09-01 17:00:00,CONTROL,25440.91552066826,4,1,1,0.019206126655218075
2023-09-01 17:00:00,CONTROL,25442.727119106617,7,1,1,0.019207494286387922
2023-09-02 05:00:00,LEVEL,25823.614285714284,7,-1,0,0.02246936012026145
2023-09-02 15:00:00,LEVEL,25940.083333333332,6,-1,1,0.029335689378946317
2023-09-03 13:00:00,LEVEL,25823.614285714284,7,1,1,0.05093101122606219
2023-09-03 18:00:00,LEVEL,25945.071428571428,7,-1,-1,0.05005983031138292
2023-09-03 12:00:00,LEVEL,26015.8,3,-1,1,0.05332472457084304
2023-09-03 12:00:00,LEVEL,26103.466666666667,9,-1,1,0.05350441540695203
2023-09-04 21:00:00,LEVEL,25623.350000000002,6,1,1,0.037431965304724896
2023-09-04 15:00:00,LEVEL,25753.949999999997,6,1,1,0.03605260072619092
2023-09-04 12:00:00,LEVEL,25823.614285714284,7,1,1,0.03826252058817692
2023-09-04 15:00:00,LEVEL,25945.071428571428,7,-1,1,0.03632014898789465
2023-09-05 14:00:00,LEVEL,25623.350000000002,6,1,1,0.031492825318789434
2023-09-05 00:00:00,LEVEL,25747.314285714285,7,1,-1,0.03473352966328807
2023-09-05 12:00:00,LEVEL,25828.233333333334,6,-1,1,0.03290089831880368
2023-09-06 14:00:00,LEVEL,25577.066666666666,3,1,-1,0.04448910873149624
2023-09-06 14:00:00,LEVEL,25626.683333333334,6,1,-1,0.04457541265786105
2023-09-06 17:00:00,LEVEL,25747.314285714285,7,-1,-1,0.03522957442779576
2023-09-06 02:00:00,LEVEL,25828.233333333334,6,-1,1,0.038175679753656794
2023-09-06 17:00:00,LEVEL,25941.88888888889,9,-1,1,0.03549580726234433
2023-09-06 17:00:00,LEVEL,26015.8,3,-1,1,0.03559693847009032
2023-09-06 17:00:00,CONTROL,25449.441866042096,6,1,1,0.0348220010994719
2023-09-06 17:00:00,CONTROL,25468.697362145722,7,1,1,0.03484834803902448
2023-09-06 17:00:00,CONTROL,25492.377189916195,6,1,1,0.034880748709852506
2023-09-07 12:00:00,LEVEL,25626.683333333334,6,1,1,0.030315103569800154
2023-09-07 13:00:00,LEVEL,25747.314285714285,7,-1,-1,0.029822784129397137
2023-09-07 16:00:00,LEVEL,25832.557142857142,7,-1,-1,0.02931146119322836
2023-09-07 16:00:00,LEVEL,25941.88888888889,9,-1,-1,0.029435516787619395
2023-09-07 21:00:00,LEVEL,26106.33636363636,11,-1,-1,0.03435750621576645
2023-09-07 21:00:00,LEVEL,26180.592307692303,13,-1,-1,0.034455231496860014
2023-09-07 21:00:00,LEVEL,26269.411111111112,9,-1,-1,0.0345721223753055
2023-09-07 21:00:00,LEVEL,26378.7,4,-1,1,0.03471595311536079
2023-09-08 10:00:00,LEVEL,25747.314285714285,7,1,0,0.02102465186135694
2023-09-08 10:00:00,LEVEL,25833.2375,8,1,0,0.021094814739205842
2023-09-08 10:00:00,LEVEL,25941.88888888889,9,1,0,0.021183536910392035
2023-09-08 09:00:00,LEVEL,26024.85,4,1,-1,0.023447791198580935
2023-09-08 09:00:00,LEVEL,26106.33636363636,11,1,-1,0.023521208537780856
2023-09-08 08:00:00,LEVEL,26180.592307692303,13,1,-1,0.02451079443669257
2023-09-08 01:00:00,LEVEL,26273.5875,8,1,-1,0.027070474595917295
2023-09-08 00:00:00,LEVEL,26378.7,4,-1,1,0.028027040308121365
2023-09-10 19:00:00,LEVEL,25583.375,4,1,1,0.049063166726596975
2023-09-10 19:00:00,LEVEL,25621.56,5,1,1,0.04913639697950361
2023-09-10 04:00:00,LEVEL,25746.63333333333,9,1,1,0.0747769347128936
2023-09-10 19:00:00,LEVEL,25831.766666666666,9,-1,-1,0.04953952614966622
2023-09-10 22:00:00,LEVEL,26014.88,5,-1,1,0.04196159887091073
2023-09-11 14:00:00,LEVEL,25306.0,3,1,-1,0.02266356944949769
2023-09-11 10:00:00,LEVEL,25577.833333333332,3,1,1,0.030267386534526573
2023-09-11 10:00:00,LEVEL,25616.95,4,1,-1,0.03031367502403672
2023-09-11 00:00:00,LEVEL,25744.75,10,1,1,0.03766605705925383
2023-09-11 05:00:00,LEVEL,25831.766666666666,9,-1,1,0.03552894925356035
2023-09-11 14:00:00,CONTROL,24988.540225821198,3,1,1,0.02237925854933476
2023-09-11 14:00:00,CONTROL,25406.588608005008,3,1,-1,0.022753654682381188
2023-09-11 14:00:00,CONTROL,25423.687346638206,4,1,-1,0.02276896798557064
2023-09-11 14:00:00,CONTROL,25453.020100227914,10,1,-1,0.022795237838495852
2023-09-11 14:00:00,CONTROL,25500.352933295948,9,1,-1,0.0228376282182271
2023-09-12 03:00:00,LEVEL,25306.0,3,-1,-1,0.018765601464556365
2023-09-12 03:00:00,LEVEL,25611.683333333334,6,-1,-1,0.018992280181370187
2023-09-12 03:00:00,LEVEL,25748.833333333332,9,-1,-1,0.019093983423323233
2023-09-12 03:00:00,LEVEL,25831.766666666666,9,-1,-1,0.019155482430730984
2023-09-12 03:00:00,LEVEL,25928.1,13,-1,1,0.019226918174866194
2023-09-12 10:00:00,LEVEL,26018.61666666667,6,-1,-1,0.016404857512528
2023-09-12 10:00:00,LEVEL,26103.11111111111,9,-1,-1,0.01645813164848493
2023-09-12 10:00:00,LEVEL,26181.199999999997,11,-1,-1,0.01650736705219396
2023-09-12 10:00:00,LEVEL,26273.5875,8,-1,1,0.01656561779599236
2023-09-12 14:00:00,LEVEL,26381.266666666666,3,-1,1,0.01707767146103478
2023-09-12 16:00:00,LEVEL,26482.13333333333,3,-1,1,0.01640490672448392
2023-09-12 03:00:00,CONTROL,25441.842419758825,6,-1,-1,0.018866335073628327
2023-09-12 03:00:00,CONTROL,25415.50065850629,9,-1,-1,0.018846801405978778
2023-09-12 03:00:00,CONTROL,25487.423111843844,9,-1,-1,0.01890013532266595
2023-09-13 03:00:00,LEVEL,25833.2375,8,1,1,0.01706748425725195
2023-09-13 00:00:00,LEVEL,25928.1,13,-1,-1,0.014914868144313205
2023-09-13 07:00:00,LEVEL,26009.25,6,-1,-1,0.017782582685240533
2023-09-13 09:00:00,LEVEL,26107.385714285716,7,-1,-1,0.017455471947037057
2023-09-13 09:00:00,LEVEL,26181.199999999997,11,-1,-1,0.017504824387288138
2023-09-13 14:00:00,LEVEL,26273.5875,8,-1,-1,0.019381161825726096
2023-09-13 15:00:00,LEVEL,26381.266666666666,3,-1,1,0.019091352887521902
2023-09-14 01:00:00,LEVEL,26107.385714285716,7,1,1,0.019954054238490976
2023-09-14 01:00:00,LEVEL,26181.199999999997,11,1,1,0.02001047100410808
2023-09-14 00:00:00,LEVEL,26273.5875,8,-1,-1,0.02200007326774119
2023-09-14 00:00:00,LEVEL,26385.95,4,-1,1,0.02209415951433947
2023-09-14 00:00:00,LEVEL,26482.13333333333,3,-1,1,0.02217469820668473
2023-09-14 13:00:00,LEVEL,26593.050000000003,4,-1,-1,0.02168703585718286
2023-09-14 13:00:00,CONTROL,26762.18035690432,4,-1,1,0.02182496422999914
2023-09-14 13:00:00,CONTROL,26687.0819325173,3,-1,1,0.021763720325200738
2023-09-14 13:00:00,CONTROL,26769.351587375735,4,-1,1,0.02183081247728081
2023-09-15 14:00:00,LEVEL,26273.5875,8,1,1,0.026124189789640564
2023-09-15 11:00:00,LEVEL,26385.95,4,1,1,0.023834873676781984
2023-09-15 02:00:00,LEVEL,26568.75,4,-1,1,0.0242325780247969
2023-09-15 09:00:00,LEVEL,26672.8,3,-1,1,0.024836454635395484
2023-09-15 11:00:00,CONTROL,26480.41425490566,8,1,-1,0.02392020483153092
2023-09-15 22:00:00,CONTROL,26760.53757802475,4,-1,1,0.030434559565582393
2023-09-15 22:00:00,CONTROL,26778.276338154585,4,-1,1,0.03045473372502209
2023-09-16 09:00:00,LEVEL,26568.75,4,-1,0,0.028209296924250893
2023-09-16 01:00:00,LEVEL,26677.475,4,-1,1,0.028272204007286007
2023-09-16 19:00:00,CONTROL,26487.113087202808,11,1,0,0.03425980674173348
2023-09-17 00:00:00,LEVEL,26449.833333333332,3,1,1,0.046659022418228495
2023-09-18 00:00:00,LEVEL,26430.933333333334,6,1,1,0.05461994618447974
2023-09-18 02:00:00,LEVEL,26581.859999999997,5,-1,-1,0.048363629747555266
2023-09-18 07:00:00,CONTROL,26775.755737032203,6,-1,-1,0.040884868234242984
2023-09-18 09:00:00,CONTROL,26897.744218906824,5,-1,-1,0.03788914975591053
2023-09-19 08:00:00,CONTROL,26979.04432650931,6,-1,-1,0.02125798824111824
2023-09-20 19:00:00,LEVEL,26851.333333333332,3,1,1,0.023375664254493334
2023-09-20 19:00:00,CONTROL,26763.043171960016,6,1,1,0.02329880247844605
2023-09-21 13:00:00,LEVEL,26403.440000000002,5,1,1,0.022582725183086537
2023-09-21 12:00:00,LEVEL,26586.75,6,1,0,0.02333194383501535
2023-09-21 09:00:00,LEVEL,26851.333333333332,3,1,-1,0.025155683071307947
2023-09-21 02:00:00,LEVEL,26933.325,4,1,-1,0.02443624610150262
2023-09-21 13:00:00,CONTROL,26501.757719077945,5,1,1,0.022666815817888864
2023-09-21 09:00:00,CONTROL,26682.031166220735,5,1,-1,0.024997072263930158
2023-09-21 09:00:00,CONTROL,26754.00360592321,4,1,-1,0.025064499674723822
2023-09-22 00:00:00,CONTROL,26492.93648701792,8,1,1,0.027695075874181595
2023-09-22 00:00:00,CONTROL,26492.71109836534,5,1,1,0.027694840258328392
2023-09-22 07:00:00,CONTROL,26667.834865462144,6,-1,1,0.02798670850369892
2023-09-24 23:00:00,LEVEL,26107.2875,8,1,-1,0.04452319334896616
2023-09-24 23:00:00,LEVEL,26184.454545454544,11,1,-1,0.0446547935117537
2023-09-24 23:00:00,LEVEL,26275.8,5,1,-1,0.044810573438499306
2023-09-24 18:00:00,LEVEL,26396.216666666664,6,1,-1,0.07646921359164739
2023-09-24 18:00:00,LEVEL,26478.45,6,1,-1,0.0767074416078222
2023-09-24 18:00:00,LEVEL,26586.31428571429,7,1,-1,0.07701992188510422
2023-09-24 17:00:00,LEVEL,26663.375,4,-1,-1,0.10756782652546736
2023-09-25 00:00:00,LEVEL,26013.35714285714,7,1,1,0.03927285471652336
2023-09-25 00:00:00,LEVEL,26107.2875,8,1,1,0.039414663143989455
2023-09-25 01:00:00,LEVEL,26184.454545454544,11,1,-1,0.03695922303623775
2023-09-25 15:00:00,LEVEL,26275.8,5,-1,0,0.0249517953587749
2023-09-25 16:00:00,LEVEL,26396.216666666664,6,-1,1,0.023914355010711194
2023-09-26 14:00:00,LEVEL,26107.2875,8,1,1,0.039565863130475894
2023-09-26 11:00:00,LEVEL,26184.454545454544,11,1,1,0.040274094950951266
2023-09-26 16:00:00,LEVEL,26275.8,5,-1,1,0.04068445347655674
2023-09-27 14:00:00,LEVEL,26103.56666666667,9,1,1,0.026593044899345195
2023-09-27 14:00:00,LEVEL,26187.5,12,1,1,0.0266785520995829
2023-09-27 03:00:00,LEVEL,26275.8,5,-1,-1,0.04018666539215205
2023-09-27 14:00:00,LEVEL,26395.04285714286,7,1,-1,0.026889986674367896
2023-09-27 10:00:00,LEVEL,26463.433333333334,6,-1,-1,0.03904781051628471
2023-09-27 11:00:00,LEVEL,26552.914285714283,7,-1,-1,0.03428809398905846
2023-09-27 11:00:00,LEVEL,26632.91666666667,6,-1,-1,0.034391402014984626
2023-09-27 11:00:00,LEVEL,26727.275,4,-1,1,0.03451324805294381
2023-09-28 00:00:00,LEVEL,26463.433333333334,6,-1,-1,0.026819631565056717
2023-09-28 10:00:00,LEVEL,26552.914285714283,7,-1,-1,0.0237443972933591
2023-09-28 14:00:00,LEVEL,26632.91666666667,6,-1,-1,0.02940528355702766
2023-09-28 14:00:00,LEVEL,26727.275,4,-1,-1,0.02950946416865056
2023-09-28 14:00:00,LEVEL,26850.975,4,-1,-1,0.02964604078252766
2023-09-28 15:00:00,LEVEL,26930.140000000003,5,-1,-1,0.028294463670092224
2023-09-28 16:00:00,LEVEL,27299.5,3,-1,1,0.026807745419952705
2023-09-28 15:00:00,CONTROL,27062.430377379613,4,-1,-1,0.02843345608812905
2023-09-28 15:00:00,CONTROL,27068.218971627874,4,-1,-1,0.028439537941756927
2023-09-28 16:00:00,CONTROL,27181.45816820262,5,-1,1,0.026691829913231737
2023-09-28 15:00:00,CONTROL,27035.9677596902,3,-1,-1,0.028405652832192443
2023-09-28 16:00:00,CONTROL,27145.66012743772,3,-1,1,0.026656676713965877
2023-09-29 14:00:00,LEVEL,26632.91666666667,6,1,1,0.02059727223658873
2023-09-29 14:00:00,LEVEL,26727.275,4,1,1,0.020670246755443808
2023-09-29 02:00:00,LEVEL,26850.975,4,1,1,0.022077422338703474
2023-09-29 02:00:00,LEVEL,26930.140000000003,5,1,1,0.02214251342531927
2023-09-29 06:00:00,CONTROL,27029.386801087254,6,-1,1,0.02231989000915543
2023-09-29 00:00:00,CONTROL,27082.593194676847,4,-1,1,0.02255766631691766
2023-09-29 07:00:00,CONTROL,27153.50341879547,4,-1,1,0.021677280446099543
2023-09-29 07:00:00,CONTROL,27157.60731713574,5,-1,1,0.021680556684670758
2023-09-30 21:00:00,LEVEL,26930.140000000003,5,1,1,0.0654736726941194
2023-10-01 06:00:00,LEVEL,27116.333333333332,3,-1,-1,0.06402912239275856
2023-10-01 10:00:00,LEVEL,27275.774999999998,4,-1,1,0.05492227535867088
2023-10-01 22:00:00,LEVEL,27371.2,3,-1,-1,0.030281016421780466
2023-10-01 22:00:00,LEVEL,27481.2,3,-1,-1,0.030402710458081246
2023-10-01 20:00:00,CONTROL,27016.279621868205,4,1,1,0.04934761960727107
2023-10-01 20:00:00,CONTROL,27016.555628225422,5,1,1,0.049348123757247155
2023-10-01 22:00:00,CONTROL,27622.87356045991,4,-1,-1,0.03055944525271278
2023-10-01 22:00:00,CONTROL,27764.15821598009,3,-1,-1,0.03071574979814565
2023-10-01 22:00:00,CONTROL,27674.503328572264,3,-1,-1,0.030616563751575194
2023-10-02 21:00:00,LEVEL,27297.339999999997,5,1,0,0.012562955803886017
2023-10-02 21:00:00,LEVEL,27481.2,3,1,0,0.012647573024981646
2023-10-02 21:00:00,CONTROL,27398.13334586564,3,1,0,0.012609343559961734
2023-10-02 18:00:00,CONTROL,27644.51385843929,5,1,-1,0.014469779564741832
2023-10-02 18:00:00,CONTROL,27648.886963174926,3,1,-1,0.01447206854916247
2023-10-03 14:00:00,LEVEL,27297.339999999997,5,1,1,0.017679624352331568
2023-10-03 01:00:00,LEVEL,27481.2,3,-1,0,0.01472831781335832
2023-10-03 20:00:00,CONTROL,27191.57203247331,5,1,1,0.021324109913960162
2023-10-03 20:00:00,CONTROL,27173.628025658796,7,1,1,0.021310037907635828
2023-10-03 06:00:00,CONTROL,27639.696590801548,5,-1,1,0.01587063145353756
2023-10-04 00:00:00,LEVEL,27290.283333333336,6,1,1,0.024797372481093385
2023-10-04 02:00:00,LEVEL,27481.2,3,-1,-1,0.024922726370979146
2023-10-04 00:00:00,CONTROL,27193.10162734829,5,1,1,0.024709068122643726
2023-10-04 02:00:00,CONTROL,27393.040059746538,3,-1,-1,0.02484277403746318
2023-10-04 09:00:00,CONTROL,27573.29617656186,6,-1,1,0.02614821828028625
2023-10-05 15:00:00,LEVEL,27485.9,4,1,1,0.024244688240807034
2023-10-05 02:00:00,LEVEL,27655.63333333333,3,1,1,0.030045162677530657
2023-10-05 15:00:00,CONTROL,27401.640239961456,4,1,1,0.02417036461984575
2023-10-05 00:00:00,CONTROL,27843.34243923019,4,-1,1,0.02935609891125055
2023-10-05 13:00:00,CONTROL,27922.637706787875,3,-1,1,0.028918519212156386
2023-10-06 12:00:00,LEVEL,27299.0375,8,1,1,0.022374540890812637
2023-10-06 12:00:00,LEVEL,27495.340000000004,5,1,-1,0.022535432215762055
2023-10-06 12:00:00,LEVEL,27655.63333333333,3,1,-1,0.02266681009826766
2023-10-06 12:00:00,CONTROL,27203.595622717563,5,1,1,0.02229631585500499
2023-10-06 12:00:00,CONTROL,27207.916333962818,7,1,1,0.0222998571494713
2023-10-06 12:00:00,CONTROL,27396.100479288045,4,1,1,0.02245409459665536
2023-10-06 15:00:00,CONTROL,27860.679196293666,5,-1,-1,0.022610746494582654
2023-10-06 15:00:00,CONTROL,28013.79674564735,3,-1,-1,0.022735011307651837
2023-10-07 08:00:00,CONTROL,27957.948237316574,3,-1,0,0.019548022452730764
2023-10-08 13:00:00,CONTROL,27879.539452680947,5,-1,1,0.04487652225783654
2023-10-09 16:00:00,LEVEL,27299.0375,8,1,1,0.030414636863728108
2023-10-09 09:00:00,LEVEL,27495.340000000004,5,1,-1,0.03427678834391692
2023-10-09 09:00:00,LEVEL,27659.475000000002,4,1,-1,0.034481405586505254
2023-10-09 08:00:00,CONTROL,27746.656473540104,5,1,-1,0.038259706431390844
2023-10-09 11:00:00,CONTROL,27410.480697686442,4,1,1,0.033058281473107694
2023-10-10 18:00:00,LEVEL,27281.885714285716,7,1,1,0.03572973491270944
2023-10-10 15:00:00,LEVEL,27361.775,4,1,-1,0.031491037260825805
2023-10-10 11:00:00,LEVEL,27495.340000000004,5,1,-1,0.03306839854173718
2023-10-10 02:00:00,LEVEL,27659.475000000002,4,-1,1,0.02827625071880384
2023-10-11 17:00:00,LEVEL,26552.5375,8,1,1,0.02472663038733522
2023-10-11 16:00:00,LEVEL,26631.785714285717,7,1,1,0.02536511527046679
2023-10-11 15:00:00,LEVEL,26727.275,4,1,1,0.025461367628233766
2023-10-11 15:00:00,LEVEL,26850.78,5,1,-1,0.025579022952576594
2023-10-11 15:00:00,LEVEL,26924.414285714283,7,1,-1,0.025649169633022464
2023-10-11 02:00:00,LEVEL,27094.1,4,1,1,0.03219140830950883
2023-10-11 02:00:00,LEVEL,27184.5,3,1,-1,0.03229881557940079
2023-10-11 02:00:00,LEVEL,27281.775,8,1,-1,0.032414391267218706
2023-10-11 02:00:00,LEVEL,27361.775,4,1,-1,0.03250944194853902
2023-10-12 16:00:00,LEVEL,26549.477777777778,9,1,1,0.02991806489730918
2023-10-12 14:00:00,LEVEL,26631.785714285717,7,1,1,0.02804360600405221
2023-10-12 01:00:00,LEVEL,26727.275,4,1,0,0.023909669844287308
2023-10-12 02:00:00,LEVEL,26850.78,5,-1,1,0.025561520794906898
2023-10-12 02:00:00,LEVEL,26927.825,8,-1,1,0.02563486642470401
2023-10-13 09:00:00,LEVEL,26727.275,4,1,1,0.03531850016518002
2023-10-13 07:00:00,LEVEL,26850.78,5,-1,1,0.03520980863008637
2023-10-13 20:00:00,LEVEL,26929.066666666666,9,-1,-1,0.036863883185032933
2023-10-13 20:00:00,LEVEL,27094.1,4,-1,1,0.03708980150581778
2023-10-14 15:00:00,LEVEL,26929.060000000005,10,-1,1,0.03916776146538784
2023-10-15 13:00:00,LEVEL,26929.863636363636,11,-1,1,0.08532234023402278
2023-10-15 17:00:00,LEVEL,26988.933333333334,3,-1,-1,0.08005616116672798
2023-10-15 20:00:00,LEVEL,27099.440000000002,5,-1,-1,0.05302244451238143
2023-10-15 20:00:00,LEVEL,27184.5,3,-1,1,0.053188871904616214
2023-10-15 20:00:00,LEVEL,27286.022222222222,9,-1,1,0.053387509086585704
2023-10-15 20:00:00,LEVEL,27361.775,4,-1,1,0.05353572607765198
2023-10-16 01:00:00,LEVEL,27184.5,3,-1,-1,0.041602295552367295
2023-10-16 05:00:00,LEVEL,27361.775,4,-1,-1,0.02727823540407503
2023-10-16 05:00:00,LEVEL,27489.471428571433,7,-1,-1,0.027405541956330177
2023-10-16 05:00:00,LEVEL,27666.6,5,-1,-1,0.027582129727708897
2023-10-16 05:00:00,LEVEL,27749.066666666666,3,-1,-1,0.027664344611294585
2023-10-16 05:00:00,LEVEL,27847.966666666664,3,-1,1,0.027762942654786387
2023-10-16 05:00:00,LEVEL,28005.275,4,-1,1,0.027919770702224445
2023-10-16 13:00:00,LEVEL,28948.516666666666,6,-1,1,0.013516882864216283
2023-10-16 13:00:00,LEVEL,29048.88333333333,12,-1,1,0.013563746905383796
2023-10-16 13:00:00,LEVEL,29140.800000000003,9,-1,1,0.013606665402069094
2023-10-16 13:00:00,LEVEL,29233.288888888885,9,-1,1,0.013649851085527343
2023-10-16 13:00:00,LEVEL,29340.831250000003,16,-1,1,0.013700065661797984
2023-10-16 13:00:00,LEVEL,29447.85714285714,14,-1,1,0.013750039084403566
2023-10-16 13:00:00,LEVEL,29527.766666666666,6,-1,1,0.013787351105793332
2023-10-16 13:00:00,LEVEL,29647.48,5,-1,1,0.013843248653933158
2023-10-16 13:00:00,LEVEL,29736.775,4,-1,1,0.013884943020150895
2023-10-16 13:00:00,LEVEL,29823.066666666666,3,-1,1,0.01392523504491755
2023-10-16 13:00:00,LEVEL,29973.85,4,-1,1,0.013995640056615077
2023-10-16 13:00:00,LEVEL,30083.550000000003,4,-1,1,0.014046862095632778
2023-10-16 05:00:00,CONTROL,27573.404947363815,9,-1,-1,0.02748921921352241
2023-10-16 05:00:00,CONTROL,28145.80659922864,3,-1,1,0.02805987323743899
2023-10-16 13:00:00,CONTROL,28181.915847059365,3,-1,-1,0.013158935215237927
2023-10-16 13:00:00,CONTROL,28396.100347357584,4,-1,1,0.013258944028649612
2023-10-16 13:00:00,CONTROL,28538.31141438921,6,-1,1,0.01332534640626349
2023-10-16 13:00:00,CONTROL,28856.433415771156,12,-1,1,0.013473886584633362
2023-10-16 13:00:00,CONTROL,28819.853020401206,9,-1,1,0.013456806161306812
2023-10-16 13:00:00,CONTROL,28844.70347841641,9,-1,1,0.013468409544443206
2023-10-16 13:00:00,CONTROL,30222.670480905148,3,-1,1,0.014111821390993623
2023-10-16 13:00:00,CONTROL,30360.849361858585,4,-1,1,0.014176341026651043
2023-10-16 13:00:00,CONTROL,30453.712660601257,4,-1,1,0.01421970153268121
2023-10-17 04:00:00,CONTROL,28111.13916035118,3,1,1,0.01068331456653331
2023-10-17 04:00:00,CONTROL,28180.14528903905,4,1,1,0.01070953955071435
2023-10-17 10:00:00,CONTROL,28597.87045633528,6,-1,-1,0.011758992786322071
2023-10-18 04:00:00,LEVEL,28591.0,4,-1,1,0.020890786619477093
2023-10-18 04:00:00,LEVEL,28802.63333333333,3,-1,1,0.021045422232370496
2023-10-18 04:00:00,LEVEL,28948.516666666666,6,-1,1,0.021152015831335372
2023-10-18 04:00:00,LEVEL,29048.88333333333,12,-1,1,0.021225351448034384
2023-10-18 09:00:00,CONTROL,28232.77218283967,3,1,0,0.01941230575528294
2023-10-18 02:00:00,CONTROL,28404.727446727902,5,-1,-1,0.022945782402122843
2023-10-18 09:00:00,CONTROL,28336.2069897781,3,1,0,0.01948342551940047
2023-10-18 09:00:00,CONTROL,28326.993465694348,4,1,0,0.019477090479205365
2023-10-18 02:00:00,CONTROL,28485.680903505847,3,-1,-1,0.023011177868684184
2023-10-18 04:00:00,CONTROL,28688.068111930937,6,-1,1,0.020961712058038342
2023-10-18 04:00:00,CONTROL,28706.604185869837,9,-1,1,0.020975255941268044
2023-10-19 01:00:00,LEVEL,28108.9,4,1,1,0.022122649351927016
2023-10-19 14:00:00,LEVEL,28591.0,4,-1,-1,0.030920679982425925
2023-10-19 16:00:00,LEVEL,28802.63333333333,3,-1,1,0.028318562898782235
2023-10-19 10:00:00,CONTROL,28463.997689996886,4,-1,-1,0.03264570897386835
2023-10-19 14:00:00,CONTROL,28709.750919810107,6,-1,-1,0.03104910708148042
2023-10-19 14:00:00,CONTROL,28700.071053209933,12,-1,-1,0.031038638470469383
2023-10-20 02:00:00,LEVEL,28802.63333333333,3,-1,-1,0.023488984598656046
2023-10-20 02:00:00,LEVEL,28946.35714285714,7,-1,-1,0.023606193546507975
2023-10-20 02:00:00,LEVEL,29048.88333333333,12,-1,-1,0.023689805210802124
2023-10-20 02:00:00,LEVEL,29136.719999999994,10,-1,-1,0.023761437345498047
2023-10-20 03:00:00,LEVEL,29233.288888888885,9,-1,-1,0.021492596081434622
2023-10-20 03:00:00,LEVEL,29340.831250000003,16,-1,-1,0.02157166226306715
2023-10-20 08:00:00,LEVEL,29450.100000000002,12,-1,-1,0.017695386521959542
2023-10-20 08:00:00,LEVEL,29527.766666666666,6,-1,-1,0.01774205331380537
2023-10-20 08:00:00,LEVEL,29647.48,5,-1,-1,0.017813984264979238
2023-10-20 10:00:00,LEVEL,30001.449999999997,4,-1,1,0.01675678355121915
2023-10-20 02:00:00,CONTROL,28705.65816903202,4,-1,-1,0.023409899880451147
2023-10-20 02:00:00,CONTROL,28704.373340687816,10,-1,-1,0.023408852083437605
2023-10-20 08:00:00,CONTROL,29754.722561309616,16,-1,-1,0.01787842202831378
2023-10-20 08:00:00,CONTROL,29751.55675067277,12,-1,-1,0.017876519819395156
2023-10-20 10:00:00,CONTROL,29885.083607293203,6,-1,1,0.016691789144108033
2023-10-20 10:00:00,CONTROL,29854.961889890576,5,-1,1,0.01667496518730905
2023-10-21 02:00:00,LEVEL,29450.100000000002,12,1,1,0.017657258487596517
2023-10-21 01:00:00,LEVEL,29527.766666666666,6,1,1,0.016204848879818455
2023-10-21 06:00:00,LEVEL,29647.48,5,-1,-1,0.019836895412537164
2023-10-21 09:00:00,CONTROL,29768.852514129885,17,-1,-1,0.02283982162779704
2023-10-21 14:00:00,CONTROL,29888.73620767861,12,-1,-1,0.032079139984763305
2023-10-21 15:00:00,CONTROL,29947.527016591976,6,-1,-1,0.031140601304053585
2023-10-21 14:00:00,CONTROL,29887.167925731846,5,-1,-1,0.032077456770867735
2023-10-22 07:00:00,LEVEL,29658.8,4,1,1,0.021647771543269006
2023-10-22 07:00:00,CONTROL,29760.02500012934,17,1,1,0.021721655034080075
2023-10-22 01:00:00,CONTROL,29849.261825791476,13,1,1,0.024874384854826303
2023-10-22 01:00:00,CONTROL,29880.042474646496,6,1,1,0.024900035395538818
2023-10-22 07:00:00,CONTROL,29914.451834712505,4,1,1,0.021834370209178416
2023-10-23 01:00:00,LEVEL,30240.899999999998,3,-1,-1,0.02421754298155606
2023-10-23 00:00:00,CONTROL,29890.53616341531,13,1,1,0.026275950695821348
2023-10-23 00:00:00,CONTROL,29899.639567258622,3,1,1,0.02628395324851038
2023-10-27 17:00:00,LEVEL,33706.86666666667,3,1,1,0.021223480644865008
2023-10-27 17:00:00,CONTROL,33504.18147226801,3,1,1,0.02109586020055433
2023-10-28 11:00:00,LEVEL,34248.1,3,-1,1,0.02628214585481656
2023-10-28 02:00:00,CONTROL,34124.513751442624,3,-1,-1,0.023806589200683653
2023-10-28 12:00:00,CONTROL,33968.26856493917,3,1,1,0.026167178480453773
2023-10-29 08:00:00,LEVEL,34235.95,4,-1,-1,0.037774994827942936
2023-10-29 17:00:00,CONTROL,34742.69056600235,4,-1,1,0.03670648765557561
2023-10-30 02:00:00,LEVEL,34235.95,4,1,1,0.026984664646912425
2023-10-30 09:00:00,CONTROL,34597.58373802315,4,-1,1,0.023787093217384717
2023-10-31 03:00:00,LEVEL,34235.95,4,1,1,0.022084592900195547
2023-10-31 20:00:00,CONTROL,34670.90703559937,4,-1,1,0.024434952651452117
2023-11-01 14:00:00,LEVEL,34095.9,3,1,1,0.02120886400746448
2023-11-01 14:00:00,LEVEL,34235.95,4,1,1,0.021295980094860483
2023-11-01 00:00:00,LEVEL,34573.36666666666,3,1,1,0.022965660591467034
2023-11-01 11:00:00,CONTROL,34466.55861787692,4,-1,-1,0.028975669287832684
2023-11-01 12:00:00,CONTROL,34869.11478170599,3,-1,-1,0.026909723212699715
2023-11-02 13:00:00,LEVEL,34573.36666666666,3,1,1,0.014098810176158485
2023-11-02 13:00:00,LEVEL,34782.4,3,1,-1,0.014184052707369593
2023-11-02 16:00:00,CONTROL,34389.9684783172,4,1,1,0.013811578996788938
2023-11-02 16:00:00,CONTROL,34460.44074894245,4,1,1,0.013839881823918234
2023-11-02 13:00:00,CONTROL,34958.99091342104,3,1,-1,0.01425606541562453
2023-11-02 06:00:00,CONTROL,35053.3144061719,3,1,-1,0.014020799982469426
2023-11-03 08:00:00,LEVEL,34248.759999999995,5,1,1,0.017116089394199667
2023-11-03 00:00:00,LEVEL,34573.36666666666,3,1,-1,0.016677184361134956
2023-11-03 00:00:00,LEVEL,34782.4,3,1,-1,0.0167780159483863
2023-11-03 00:00:00,CONTROL,34457.17239883079,4,1,0,0.016621135633075323
2023-11-04 05:00:00,LEVEL,34573.36666666666,3,1,1,0.024265736699347104
2023-11-04 14:00:00,LEVEL,34782.4,3,-1,-1,0.029583945990484355
2023-11-04 06:00:00,LEVEL,34875.4,3,-1,-1,0.02311207571396026
2023-11-04 06:00:00,LEVEL,35101.1,3,-1,1,0.02326164806262553
2023-11-05 21:00:00,LEVEL,34584.840000000004,5,1,1,0.022657226384965
2023-11-05 13:00:00,LEVEL,34782.4,3,1,1,0.029118794474675535
2023-11-05 13:00:00,LEVEL,34875.4,3,1,1,0.029196651318543262
2023-11-05 06:00:00,LEVEL,35103.575,4,1,-1,0.03317036468330113
2023-11-05 21:00:00,CONTROL,34477.44148576528,5,1,1,0.022586867451674434
2023-11-05 21:00:00,CONTROL,34459.481125957,5,1,1,0.02257510125763879
2023-11-05 21:00:00,CONTROL,34372.28318202167,5,1,1,0.022517976125469717
2023-11-05 21:00:00,CONTROL,34400.239579940244,3,1,1,0.022536290925727558
2023-11-05 21:00:00,CONTROL,34451.57694499646,3,1,1,0.0225699230692357
2023-11-06 05:00:00,LEVEL,34776.3,4,1,1,0.021629994752084554
2023-11-06 01:00:00,LEVEL,34875.4,3,1,1,0.02122100779615894
2023-11-06 09:00:00,LEVEL,35103.575,4,-1,1,0.02190636140255076
2023-11-06 10:00:00,LEVEL,35299.0,3,-1,1,0.021689926648488764
2023-11-07 10:00:00,LEVEL,34584.840000000004,5,1,1,0.027744863997593263
2023-11-07 09:00:00,LEVEL,34778.23333333334,6,1,-1,0.028290080242676895
2023-11-07 00:00:00,LEVEL,34875.4,3,1,-1,0.025987630402384408
2023-11-07 18:00:00,LEVEL,35103.575,4,-1,-1,0.025209596265625342
2023-11-07 18:00:00,LEVEL,35299.225,4,-1,-1,0.02535010211180681
2023-11-07 18:00:00,CONTROL,34993.22824774412,6,-1,-1,0.02513035085903659
2023-11-07 19:00:00,CONTROL,35596.05437826753,4,-1,-1,0.025144005564976382
2023-11-07 20:00:00,CONTROL,35665.2659014014,4,-1,1,0.023127819499561143
2023-11-08 15:00:00,LEVEL,35134.3,4,1,1,0.02291538634001178
2023-11-08 00:00:00,LEVEL,35299.225,4,1,1,0.02199799801359325
2023-11-08 13:00:00,CONTROL,35472.06364089574,3,-1,1,0.023680109241862115
2023-11-08 18:00:00,CONTROL,35630.63265667841,4,-1,-1,0.024499457337151788
2023-11-08 18:00:00,CONTROL,35578.54019722897,4,-1,-1,0.02446363880425718
2023-11-09 01:00:00,LEVEL,35967.833333333336,3,-1,-1,0.0205901834856914
2023-11-09 16:00:00,CONTROL,35493.069813563045,4,1,1,0.009672124485080353
2023-11-09 16:00:00,CONTROL,35592.968186081904,5,1,1,0.009699347531718323
2023-11-09 16:00:00,CONTROL,35629.243558395465,4,1,1,0.009709232839430572
2023-11-09 00:00:00,CONTROL,35706.52786871925,3,-1,-1,0.021364363557814094
2023-11-12 00:00:00,LEVEL,36921.200000000004,4,1,1,0.026721816619170304
2023-11-12 14:00:00,CONTROL,37180.94586512411,4,-1,-1,0.029802872293070635
2023-11-13 03:00:00,LEVEL,36927.96000000001,5,1,-1,0.03582847371293421
2023-11-13 01:00:00,LEVEL,37244.799999999996,4,-1,1,0.038808036208524466
2023-11-13 14:00:00,CONTROL,36557.65173667888,5,1,1,0.028426030411958108
2023-11-14 18:00:00,LEVEL,34562.4,5,1,1,0.01567633518539513
2023-11-14 18:00:00,LEVEL,34785.675,8,1,1,0.01577760517065423
2023-11-14 18:00:00,LEVEL,34875.4,3,1,1,0.015818301394715913
2023-11-14 18:00:00,LEVEL,35024.75,4,1,1,0.01588604150130396
2023-11-14 18:00:00,LEVEL,35141.979999999996,5,1,1,0.01593921306270548
2023-11-14 18:00:00,LEVEL,35300.18,5,1,1,0.01601096722984461
2023-11-14 15:00:00,LEVEL,35967.833333333336,3,1,1,0.02119612284611077
2023-11-14 18:00:00,CONTROL,35513.17448320569,4,1,1,0.016107574320537745
2023-11-14 18:00:00,CONTROL,35645.2734577357,5,1,-1,0.01616748994567892
2023-11-14 15:00:00,CONTROL,35792.01329696322,5,1,1,0.021092510736502406
2023-11-14 00:00:00,CONTROL,36223.52303785258,3,1,1,0.022695109881767615
2023-11-14 09:00:00,CONTROL,36683.78632580215,5,1,-1,0.024686262668776625
2023-11-14 14:00:00,CONTROL,36702.77693510713,4,-1,1,0.02499444268830438
2023-11-15 09:00:00,LEVEL,35967.833333333336,3,-1,-1,0.01525596027075267
2023-11-15 18:00:00,LEVEL,36937.95,4,-1,-1,0.018667020419765937
2023-11-15 18:00:00,LEVEL,37244.799999999996,4,-1,-1,0.018822090617646576
2023-11-15 18:00:00,LEVEL,37502.933333333334,3,-1,-1,0.01895254128435536
2023-11-15 04:00:00,CONTROL,35508.26831869802,4,-1,-1,0.015170016637717736
2023-11-15 02:00:00,CONTROL,35520.03011567908,5,-1,-1,0.01543007389907863
2023-11-15 01:00:00,CONTROL,35603.68235991158,5,-1,-1,0.015508307840701945
2023-11-15 04:00:00,CONTROL,35569.77303448324,3,-1,-1,0.015196292984212182
2023-11-15 18:00:00,CONTROL,37373.95388040502,4,-1,-1,0.01888736002547274
2023-11-15 18:00:00,CONTROL,36703.19407425757,4,-1,-1,0.018548383796469434
2023-11-15 23:00:00,CONTROL,37982.99672762745,3,-1,1,0.016780647990999507
2023-11-16 19:00:00,LEVEL,35967.833333333336,3,1,1,0.01426622705900821
2023-11-16 13:00:00,LEVEL,36937.95,4,1,-1,0.014614059988625396
2023-11-16 08:00:00,LEVEL,37244.799999999996,4,1,-1,0.015325107367879644
2023-11-16 01:00:00,LEVEL,37502.933333333334,3,1,-1,0.016017696390516464
2023-11-16 19:00:00,CONTROL,35675.61398090921,5,1,1,0.01415032161666244
2023-11-16 19:00:00,CONTROL,35729.664428011856,3,1,1,0.014171760104320594
2023-11-16 14:00:00,CONTROL,36465.586163548905,4,1,-1,0.014028935021683193
2023-11-16 01:00:00,CONTROL,37680.96876482229,4,1,-1,0.01609373624219948
2023-11-17 14:00:00,LEVEL,35967.833333333336,3,1,1,0.015186112687082478
2023-11-17 17:00:00,LEVEL,36937.95,4,-1,1,0.014963533477649926
2023-11-17 02:00:00,CONTROL,36433.79307863584,3,1,-1,0.015348420617373982
2023-11-17 13:00:00,CONTROL,36620.12912684,4,-1,1,0.015775188897459495
2023-11-17 17:00:00,CONTROL,36795.4475490907,4,-1,1,0.014905805850783018
2023-11-19 18:00:00,LEVEL,36743.299999999996,3,-1,-1,0.040807468850865884
2023-11-19 18:00:00,LEVEL,36923.3,6,-1,-1,0.04100737861382012
2023-11-19 23:00:00,LEVEL,37244.799999999996,4,-1,-1,0.032851886766448894
2023-11-19 23:00:00,LEVEL,37502.933333333334,3,-1,1,0.03307957404191588
2023-11-19 21:00:00,CONTROL,37072.705230390784,3,-1,-1,0.03725548997809578
2023-11-19 06:00:00,CONTROL,36612.20779973555,6,-1,1,0.03863320746526182
2023-11-20 14:00:00,LEVEL,36737.7,4,1,1,0.020789163380431096
2023-11-20 14:00:00,LEVEL,36923.3,6,1,1,0.020894190878706934
2023-11-20 00:00:00,LEVEL,37244.799999999996,4,1,-1,0.03176020892181422
2023-11-20 14:00:00,LEVEL,37502.933333333334,3,-1,1,0.021222194321149176
2023-11-20 17:00:00,CONTROL,37740.72071216524,4,-1,1,0.017368525653482972
2023-11-21 15:00:00,LEVEL,36373.7,4,1,1,0.0172058478321926
2023-11-21 14:00:00,LEVEL,36578.166666666664,3,1,1,0.019376594711517207
2023-11-21 14:00:00,LEVEL,36737.7,4,1,-1,0.01946110448947156
2023-11-21 14:00:00,LEVEL,36923.3,6,1,-1,0.019559422593034004
2023-11-21 11:00:00,LEVEL,37244.799999999996,4,1,-1,0.01882952477249741
2023-11-21 01:00:00,LEVEL,37509.25,4,-1,1,0.017221630773203964
2023-11-21 23:00:00,CONTROL,35762.86387166883,5,1,1,0.014629555951900911
2023-11-21 23:00:00,CONTROL,35853.44871803981,4,1,1,0.014666611599433332
2023-11-21 15:00:00,CONTROL,36215.64416856225,3,1,1,0.017131082697364176
2023-11-21 13:00:00,CONTROL,37083.814333481554,4,1,-1,0.01860644828422666
2023-11-21 13:00:00,CONTROL,37128.82634011511,4,1,-1,0.018629032626982373
2023-11-22 02:00:00,LEVEL,36209.53333333333,3,-1,-1,0.01444949578085378
2023-11-22 03:00:00,LEVEL,36373.7,4,-1,-1,0.014479435729657758
2023-11-22 10:00:00,LEVEL,36578.166666666664,3,1,1,0.013824274634856895
2023-11-22 18:00:00,LEVEL,36737.7,4,-1,-1,0.016561802121634734
2023-11-22 18:00:00,LEVEL,36923.3,6,-1,-1,0.01664547285969878
2023-11-22 18:00:00,LEVEL,37244.799999999996,4,-1,-1,0.016790408971162085
2023-11-22 20:00:00,LEVEL,37513.6,5,-1,1,0.01683498162847443
2023-11-22 00:00:00,CONTROL,35656.16314262683,5,1,1,0.014023883931663287
2023-11-22 00:00:00,CONTROL,36091.623458381204,4,-1,-1,0.014195154320475372
2023-11-22 00:00:00,CONTROL,36100.863080545045,3,-1,-1,0.01419878834549034
2023-11-22 18:00:00,CONTROL,37085.652983129905,4,-1,-1,0.016718663559727755
2023-11-22 21:00:00,CONTROL,37770.30856978034,4,-1,1,0.016837550314600522
2023-11-23 15:00:00,LEVEL,36923.3,6,1,1,0.01988263722949554
2023-11-23 11:00:00,LEVEL,37244.799999999996,4,1,-1,0.01983150188026223
2023-11-23 00:00:00,LEVEL,37513.6,5,-1,1,0.0193135741291931
2023-11-23 15:00:00,CONTROL,37059.203139823236,3,1,1,0.019955819009765847
2023-11-23 15:00:00,CONTROL,37091.43994946544,5,1,1,0.0199731780429929
2023-11-23 07:00:00,CONTROL,37371.937537063066,6,-1,1,0.02015304765989814
2023-11-23 09:00:00,CONTROL,37630.68949645852,4,-1,1,0.020347099859529424
2023-11-23 15:00:00,CONTROL,37093.82558602288,5,1,1,0.01997446267210874
2023-11-24 07:00:00,LEVEL,37513.6,5,-1,-1,0.028715110632699537
2023-11-24 09:00:00,LEVEL,37656.96666666667,3,-1,-1,0.028167904004986852
2023-11-24 01:00:00,CONTROL,37396.981004558846,7,-1,-1,0.028707561103149492
2023-11-24 10:00:00,CONTROL,37771.53833567399,4,-1,-1,0.02667599264492544
2023-11-24 11:00:00,CONTROL,38059.27569235846,5,-1,1,0.025295908739157415
2023-11-24 10:00:00,CONTROL,38023.657362000806,3,-1,1,0.026854050663960048
2023-11-25 10:00:00,LEVEL,37656.96666666667,3,1,0,0.022921818746710804
2023-11-26 16:00:00,LEVEL,37244.799999999996,4,1,1,0.0428070397241579
2023-11-26 12:00:00,LEVEL,37526.41111111111,9,1,-1,0.05950080049328873
2023-11-26 12:00:00,CONTROL,37409.428366838736,7,1,1,0.05931531601123957
2023-11-26 12:00:00,CONTROL,37376.19068589904,3,1,1,0.0592626152982245
2023-11-27 13:00:00,LEVEL,36745.96,5,1,1,0.022214322256437373
2023-11-27 11:00:00,LEVEL,36913.728571428575,7,1,1,0.021531494400133307
2023-11-27 07:00:00,LEVEL,37073.6,3,1,1,0.025136241710278135
2023-11-27 02:00:00,LEVEL,37244.799999999996,4,1,-1,0.02904431826489582
2023-11-27 00:00:00,LEVEL,37526.41111111111,9,-1,1,0.031090647150879124
2023-11-27 02:00:00,CONTROL,37387.6404802133,7,1,-1,0.029155708428581104
2023-11-28 06:00:00,LEVEL,37073.6,3,-1,-1,0.021921232838744243
2023-11-28 11:00:00,LEVEL,37189.43333333333,3,-1,-1,0.024134779992834293
2023-11-28 15:00:00,LEVEL,37506.725,8,-1,-1,0.025982620743402702
2023-11-28 16:00:00,LEVEL,37626.96666666667,6,-1,-1,0.025946277061874193
2023-11-28 16:00:00,LEVEL,37794.3,4,-1,-1,0.026061664439943122
2023-11-28 00:00:00,CONTROL,37323.44955081656,7,-1,1,0.0217249415313251
2023-11-28 00:00:00,CONTROL,37322.381662065076,3,-1,1,0.021724319942994785
2023-11-28 16:00:00,CONTROL,37917.30827191195,8,-1,-1,0.026146486762513098
2023-11-28 17:00:00,CONTROL,37947.1435745522,6,-1,-1,0.025091094189306367
2023-11-28 13:00:00,CONTROL,37365.297348787564,4,-1,-1,0.02476111568185719
2023-11-29 15:00:00,LEVEL,37626.96666666667,6,1,1,0.01818578944453674
2023-11-29 14:00:00,LEVEL,37794.3,4,1,0,0.01838188284646014
2023-11-29 10:00:00,CONTROL,37973.65903319347,8,1,-1,0.019552948477998804
2023-11-29 01:00:00,CONTROL,38074.249770168186,6,-1,-1,0.02175282972050316
2023-11-29 01:00:00,CONTROL,38082.39352318319,4,-1,-1,0.021757482462807752
2023-11-30 14:00:00,LEVEL,37511.73333333333,9,1,1,0.025710027344056884
2023-11-30 08:00:00,LEVEL,37631.0,7,1,1,0.02276269328191752
2023-11-30 02:00:00,LEVEL,37794.3,4,-1,-1,0.022999288770561982
2023-11-30 03:00:00,CONTROL,37971.46875792186,7,-1,1,0.0227191257082344
2023-12-01 00:00:00,LEVEL,37604.21111111111,9,1,1,0.029698036860622303
2023-12-01 01:00:00,LEVEL,37853.525,4,-1,-1,0.028390587352927352
2023-12-01 09:00:00,LEVEL,38454.975,4,-1,-1,0.02784511574231202
2023-12-01 02:00:00,CONTROL,38016.13743595522,9,-1,-1,0.028640088472327088
2023-12-01 04:00:00,CONTROL,38163.78598602288,9,-1,-1,0.0290343101030082
2023-12-01 14:00:00,CONTROL,38238.291293990405,3,1,1,0.02783370459505222
2023-12-01 04:00:00,CONTROL,38158.750284187176,4,-1,-1,0.029030479033188825
2023-12-01 16:00:00,CONTROL,38854.92572357827,4,-1,0,0.02618256450375877
2023-12-02 16:00:00,CONTROL,38701.187167023185,4,1,1,0.044591437343633536
2023-12-09 08:00:00,LEVEL,44035.799999999996,3,1,-1,0.022728521427764933
2023-12-10 07:00:00,LEVEL,44035.799999999996,3,-1,1,0.03141417393049009
2023-12-10 10:00:00,CONTROL,43738.88998428163,3,-1,-1,0.032402177967798075
2023-12-11 02:00:00,CONTROL,42967.329682698655,4,1,-1,0.01908148479462589
2023-12-14 11:00:00,CONTROL,43130.7294194117,4,-1,1,0.01848748699244762
2023-12-16 03:00:00,LEVEL,42447.0,3,-1,1,0.02095469060952474
2023-12-16 01:00:00,CONTROL,42095.17709164869,3,-1,-1,0.020050991603768373
2023-12-16 16:00:00,CONTROL,42745.951408160785,3,-1,1,0.026310766605650057
2023-12-17 14:00:00,LEVEL,41628.275,4,1,1,0.025776021671826667
2023-12-17 02:00:00,LEVEL,42139.566666666666,3,-1,1,0.029084335547694948
2023-12-17 17:00:00,LEVEL,42447.35,4,-1,1,0.023957866516156383
2023-12-17 23:00:00,CONTROL,41306.95716097985,4,1,-1,0.020594911800058544
2023-12-18 14:00:00,LEVEL,41636.86,5,-1,-1,0.016223799330289165
2023-12-18 21:00:00,LEVEL,42139.566666666666,3,-1,-1,0.015260183707727405
2023-12-18 21:00:00,LEVEL,42453.08,5,-1,-1,0.015373717648390189
2023-12-18 00:00:00,CONTROL,41289.49966312919,5,1,-1,0.020213940230404126
2023-12-18 20:00:00,CONTROL,41801.17237668894,3,-1,-1,0.01622657264576994
2023-12-18 20:00:00,CONTROL,41877.777858958754,5,-1,-1,0.016256309716584934
2023-12-18 21:00:00,CONTROL,42663.786825923344,3,-1,-1,0.015450021823454375
2023-12-19 17:00:00,LEVEL,42139.566666666666,3,1,1,0.016183600366445405
2023-12-19 14:00:00,LEVEL,42453.08,5,1,-1,0.01690074221520007
2023-12-19 01:00:00,LEVEL,43081.833333333336,3,-1,1,0.01555195571900214
2023-12-19 17:00:00,CONTROL,41863.98414674585,3,1,1,0.016077763555031196
2023-12-19 00:00:00,CONTROL,42945.21644939285,5,-1,-1,0.01600324812665877
2023-12-19 01:00:00,CONTROL,43364.299952938534,3,-1,1,0.01565392232581312
2023-12-19 01:00:00,CONTROL,43301.73845426316,5,-1,1,0.015631338475920156
2023-12-19 01:00:00,CONTROL,43401.93301964253,5,-1,1,0.01566750735090763
2023-12-20 00:00:00,LEVEL,42453.08,5,-1,-1,0.017392120855204186
2023-12-20 13:00:00,LEVEL,43518.175,4,-1,-1,0.01695540836701895
2023-12-20 13:00:00,LEVEL,43605.933333333334,3,-1,-1,0.01698960048052729
2023-12-20 14:00:00,LEVEL,44044.520000000004,5,-1,1,0.017403097287218946
2023-12-20 14:00:00,LEVEL,44140.0,3,-1,1,0.017440823835924293
2023-12-20 04:00:00,CONTROL,42777.2082955462,3,-1,-1,0.018942898377558057
2023-12-20 06:00:00,CONTROL,42919.072840139794,4,-1,-1,0.018111223901314387
2023-12-20 13:00:00,CONTROL,43341.04610503901,3,-1,-1,0.01688639598891113
2023-12-21 01:00:00,LEVEL,43518.175,4,1,1,0.01578532759011562
2023-12-21 00:00:00,LEVEL,43605.933333333334,3,1,1,0.015799072323305522
2023-12-21 10:00:00,LEVEL,44044.520000000004,5,-1,1,0.01615849400974493
2023-12-21 11:00:00,LEVEL,44140.0,3,-1,1,0.01619166618902965
2023-12-21 06:00:00,CONTROL,43834.7940399969,4,-1,-1,0.016253732972733817
2023-12-21 08:00:00,CONTROL,43894.8181899341,3,-1,-1,0.01622148008543489
2023-12-22 09:00:00,LEVEL,43518.175,4,1,1,0.01718600024682218
2023-12-22 07:00:00,LEVEL,43605.933333333334,3,1,0,0.017463547885144082
2023-12-22 01:00:00,LEVEL,44044.520000000004,5,-1,1,0.018411577118522336
2023-12-22 01:00:00,LEVEL,44140.0,3,-1,1,0.01845148985643562
2023-12-22 06:00:00,LEVEL,44352.7,4,-1,1,0.018361230562239653
2023-12-22 06:00:00,CONTROL,43885.28353769528,5,1,-1,0.018167728443248852
2023-12-22 06:00:00,CONTROL,43902.82163871151,4,1,-1,0.01817498890577724
2023-12-22 06:00:00,CONTROL,43842.39717205229,3,1,-1,0.018149974249083732
2023-12-23 04:00:00,LEVEL,43327.52,5,1,1,0.02223456291996088
2023-12-23 02:00:00,LEVEL,43500.62,5,1,1,0.022365357326478177
2023-12-23 03:00:00,LEVEL,43605.933333333334,3,-1,0,0.022416261573144438
2023-12-23 00:00:00,CONTROL,43834.980683718975,5,1,-1,0.021884663346839237
2023-12-23 00:00:00,CONTROL,43841.37457661068,3,1,-1,0.021887855505047772
2023-12-24 22:00:00,LEVEL,43075.6,4,1,-1,0.029574099422858196
2023-12-24 22:00:00,LEVEL,43323.63333333333,6,1,-1,0.029744389853175655
2023-12-24 05:00:00,LEVEL,43502.75,6,1,1,0.04020238542178072
2023-12-24 05:00:00,LEVEL,43605.933333333334,3,1,1,0.04029774068405199
2023-12-24 22:00:00,CONTROL,42766.611367405865,4,1,1,0.029361959358857413
2023-12-24 22:00:00,CONTROL,42787.726003487536,5,1,1,0.02937645588001456
2023-12-24 22:00:00,CONTROL,42613.97754530389,4,1,1,0.02925716667273964
2023-12-24 22:00:00,CONTROL,42719.161590494376,6,1,1,0.029329382112806914
2023-12-24 01:00:00,CONTROL,43866.42118379826,6,-1,1,0.04078107776884873
2023-12-24 01:00:00,CONTROL,43927.005275103256,3,-1,1,0.040837400679913476
2023-12-25 01:00:00,LEVEL,43075.6,4,-1,-1,0.02713957865721591
2023-12-25 12:00:00,LEVEL,43323.63333333333,6,-1,-1,0.025568622243534116
2023-12-25 12:00:00,LEVEL,43480.416666666664,6,-1,-1,0.025661152198102766
2023-12-25 12:00:00,LEVEL,43593.2,4,-1,1,0.02572771435421694
2023-12-25 00:00:00,CONTROL,42774.80890654031,4,1,1,0.02685858142199806
2023-12-25 00:00:00,CONTROL,42861.20252730553,6,1,1,0.02691282853979896
2023-12-25 12:00:00,CONTROL,43761.67896057079,6,-1,1,0.025827146801760608
2023-12-26 17:00:00,LEVEL,41651.825,4,1,1,0.019255950764252086
2023-12-26 09:00:00,LEVEL,42159.25,4,1,1,0.021732272302587112
2023-12-26 09:00:00,LEVEL,42453.08,5,1,1,0.021883735945101367
2023-12-26 05:00:00,LEVEL,43077.119999999995,5,1,-1,0.025203734298721907
2023-12-26 05:00:00,LEVEL,43328.88571428571,7,1,-1,0.025351038393526412
2023-12-26 00:00:00,LEVEL,43480.416666666664,6,1,-1,0.027943151313102897
2023-12-26 01:00:00,LEVEL,43593.2,4,-1,1,0.028315891606617277
2023-12-26 17:00:00,CONTROL,41913.54252614127,4,1,1,0.01937694473744577
2023-12-26 05:00:00,CONTROL,42782.82285185073,4,1,-1,0.025031545741854004
2023-12-26 17:00:00,CONTROL,41903.5481048179,5,1,1,0.01937232424158707
2023-12-26 05:00:00,CONTROL,42717.77528416234,5,1,-1,0.024993487449823416
2023-12-26 05:00:00,CONTROL,42867.35768631374,7,1,-1,0.025081005722158912
2023-12-26 05:00:00,CONTROL,42925.93095291758,6,1,-1,0.025115276004120456
2023-12-27 03:00:00,LEVEL,42149.2,5,1,1,0.018198890882841042
2023-12-27 00:00:00,LEVEL,42453.08,5,1,1,0.019206551017234317
2023-12-27 12:00:00,LEVEL,42813.9,3,1,1,0.020431962299042514
2023-12-27 10:00:00,LEVEL,43077.119999999995,5,-1,-1,0.02139315341041352
2023-12-27 20:00:00,LEVEL,43332.0625,8,-1,-1,0.021880045444504
2023-12-27 20:00:00,LEVEL,43480.416666666664,6,-1,1,0.021954955239267365
2023-12-27 20:00:00,LEVEL,43593.2,4,-1,1,0.022011903935367762
2023-12-27 02:00:00,CONTROL,42300.54923904779,3,1,1,0.01851480749076088
2023-12-27 08:00:00,CONTROL,42646.350633721915,5,-1,-1,0.02022951705127629
2023-12-27 10:00:00,CONTROL,42943.74087537399,6,-1,-1,0.021326914068626725
2023-12-28 15:00:00,LEVEL,42453.08,5,1,1,0.02032524252670638
2023-12-28 13:00:00,LEVEL,42616.96666666667,3,1,-1,0.020475083452193305
2023-12-28 12:00:00,LEVEL,42813.9,3,1,-1,0.02077934873280453
2023-12-28 06:00:00,LEVEL,43077.119999999995,5,1,-1,0.019860645756191724
2023-12-28 01:00:00,LEVEL,43480.416666666664,6,1,-1,0.020433426832909884
2023-12-28 00:00:00,LEVEL,43593.2,4,-1,1,0.02078155111283257
2023-12-28 00:00:00,LEVEL,43790.4,3,-1,1,0.020875559395763178
2023-12-28 07:00:00,CONTROL,42946.64912141732,4,1,-1,0.019321946572074273
2023-12-29 22:00:00,LEVEL,41556.666666666664,3,1,1,0.016399833923234707
2023-12-29 22:00:00,LEVEL,41651.825,4,1,1,0.016437387004082028
2023-12-29 01:00:00,LEVEL,42148.61666666667,6,1,1,0.021016840410336298
2023-12-29 07:00:00,LEVEL,42390.333333333336,3,1,1,0.020400503311125497
2023-12-29 00:00:00,LEVEL,42491.225,4,1,1,0.021700647961952178
2023-12-29 00:00:00,LEVEL,42685.86666666666,3,-1,1,0.02180005319884664
2023-12-29 14:00:00,LEVEL,43077.119999999995,5,-1,1,0.021082325303968797
2023-12-29 17:00:00,CONTROL,41806.783614772736,6,1,1,0.017564952939350988
2023-12-29 16:00:00,CONTROL,41871.190132718075,3,1,-1,0.018130225894036497
2023-12-29 11:00:00,CONTROL,42908.02211648218,4,-1,1,0.01979409096151528
2023-12-29 11:00:00,CONTROL,42864.335216402666,9,-1,1,0.01977393756288849
2023-12-29 10:00:00,CONTROL,42854.256217965965,6,-1,1,0.020206527553928516
2023-12-30 08:00:00,LEVEL,41651.825,4,1,1,0.017712403986710912
2023-12-30 05:00:00,LEVEL,42144.97142857143,7,-1,1,0.017924257860930617
2023-12-30 15:00:00,LEVEL,42453.08,5,-1,1,0.020793451395160104
2023-12-30 16:00:00,LEVEL,42616.96666666667,3,-1,1,0.021897667448108935
2023-12-30 02:00:00,CONTROL,41907.18997296128,4,1,1,0.017221837971114665
2023-12-30 08:00:00,CONTROL,41786.47418230751,7,1,1,0.017769663439652313
2023-12-30 02:00:00,CONTROL,41946.13505863708,5,1,1,0.017237842526793837
2023-12-30 17:00:00,CONTROL,42317.35334767502,3,1,1,0.021852493337296594
2023-12-30 17:00:00,CONTROL,42314.69463087832,4,1,1,0.021851120387750146
2023-12-31 22:00:00,LEVEL,42144.97142857143,7,1,1,0.02400610700999108
2023-12-31 00:00:00,LEVEL,42453.08,5,-1,1,0.026338210512030048
2023-12-31 07:00:00,LEVEL,42626.375,4,-1,1,0.02506742626114123
2023-12-31 09:00:00,LEVEL,42820.2,4,-1,1,0.02517539501727051
2023-12-31 00:00:00,CONTROL,42290.64114694307,4,-1,-1,0.026237432224397058
2023-12-31 00:00:00,CONTROL,42301.2057991347,4,-1,-1,0.026243986614170656
2024-01-01 03:00:00,LEVEL,42390.333333333336,3,1,1,0.023123839396315658
2024-01-01 00:00:00,LEVEL,42491.225,4,-1,-1,0.0237933609813289
2024-01-01 01:00:00,LEVEL,42678.05,4,-1,1,0.02354569842419231
2024-01-01 01:00:00,LEVEL,42822.7,4,-1,1,0.023625502568876973
2024-01-01 18:00:00,LEVEL,43020.63333333333,3,-1,-1,0.026067186750485905
2024-01-01 18:00:00,LEVEL,43111.65,4,-1,-1,0.026122335832765187
2024-01-01 19:00:00,LEVEL,43325.955555555556,9,-1,-1,0.02465247564461985
2024-01-01 19:00:00,LEVEL,43480.416666666664,6,-1,-1,0.024740364041560683
2024-01-01 19:00:00,LEVEL,43593.2,4,-1,-1,0.02480453777627621
2024-01-01 20:00:00,LEVEL,43805.3,4,-1,1,0.02412808923008068
2024-01-01 23:00:00,LEVEL,43940.5,4,-1,-1,0.022910287743995797
2024-01-01 23:00:00,LEVEL,44084.1,7,-1,-1,0.02298515983967149
2024-01-01 23:00:00,CONTROL,44233.948600311094,4,-1,-1,0.023063289914458125
2024-01-02 00:00:00,LEVEL,44374.533333333326,3,-1,-1,0.02028868917496556
2024-01-02 00:00:00,CONTROL,44553.39870963193,4,-1,-1,0.020370469055254685
2024-01-02 00:00:00,CONTROL,44585.94822680145,7,-1,-1,0.020385351173150705
2024-01-02 00:00:00,CONTROL,45016.47840386544,3,-1,-1,0.020582195901122927
2024-01-03 12:00:00,LEVEL,41338.46666666667,3,1,1,0.009880130656469081
2024-01-03 12:00:00,LEVEL,41555.0,4,1,1,0.009931883365200758
2024-01-03 12:00:00,LEVEL,41651.825,4,1,1,0.009955025095602288
2024-01-03 12:00:00,LEVEL,42092.65,6,1,1,0.010060384799235175
2024-01-03 12:00:00,LEVEL,42200.82000000001,5,1,1,0.010086238049713188
2024-01-03 12:00:00,LEVEL,42390.333333333336,3,1,1,0.010131532823454421
2024-01-03 12:00:00,LEVEL,42491.225,4,1,1,0.010155646510516245
2024-01-03 12:00:00,LEVEL,42678.05,4,1,1,0.010200298757170165
2024-01-03 12:00:00,LEVEL,42824.56,5,1,-1,0.010235315487571693
2024-01-03 12:00:00,LEVEL,43020.63333333333,3,1,-1,0.010282178138941993
2024-01-03 12:00:00,LEVEL,43111.65,4,1,-1,0.010303931644359457
2024-01-03 12:00:00,LEVEL,43325.955555555556,9,1,-1,0.010355151901423405
2024-01-03 12:00:00,LEVEL,43480.416666666664,6,1,-1,0.010392068992989159
2024-01-03 11:00:00,LEVEL,43593.2,4,1,-1,0.013524085779656404
2024-01-03 11:00:00,LEVEL,43805.3,4,1,-1,0.013589886376856543
2024-01-03 11:00:00,LEVEL,43940.5,4,1,-1,0.013631829991856349
2024-01-03 11:00:00,LEVEL,44084.1,7,1,-1,0.013676379571101705
2024-01-03 11:00:00,LEVEL,44374.533333333326,3,1,-1,0.013766481819004393
2024-01-03 12:00:00,CONTROL,40806.236516416015,3,1,1,0.009752924597613762
2024-01-03 12:00:00,CONTROL,41194.068649361296,4,1,1,0.00984561870204619
2024-01-03 12:00:00,CONTROL,41946.78527224209,4,1,1,0.010025522292600874
2024-01-03 12:00:00,CONTROL,41810.47003318007,6,1,1,0.009992942168542076
2024-01-03 12:00:00,CONTROL,41871.686015153966,5,1,1,0.010007573139377135
2024-01-03 12:00:00,CONTROL,41824.896935244426,3,1,1,0.009996390280890152
2024-01-03 12:00:00,CONTROL,41867.5416048474,4,1,1,0.010006582601540958
2024-01-03 11:00:00,CONTROL,44226.338245824925,4,1,-1,0.013720506688121884
2024-01-03 11:00:00,CONTROL,44582.13462603824,4,1,-1,0.013830886764970938
2024-01-03 11:00:00,CONTROL,44723.61773027552,7,1,-1,0.013874779611517578
2024-01-03 11:00:00,CONTROL,44799.08301500814,3,1,-1,0.01389819149649299
2024-01-04 01:00:00,LEVEL,42626.375,4,1,1,0.009410185300164171
2024-01-04 02:00:00,LEVEL,42813.25,6,-1,-1,0.009244675969661782
2024-01-04 02:00:00,LEVEL,43020.63333333333,3,-1,-1,0.009289456305613269
2024-01-04 02:00:00,LEVEL,43111.65,4,-1,-1,0.009309109557612874
2024-01-04 12:00:00,LEVEL,43325.955555555556,9,-1,-1,0.013178872613166949
2024-01-04 13:00:00,LEVEL,43480.416666666664,6,-1,-1,0.013469248144562745
2024-01-04 14:00:00,LEVEL,43593.2,4,-1,-1,0.013440561138463604
2024-01-04 15:00:00,LEVEL,43805.3,4,-1,-1,0.01366673426409796
2024-01-04 15:00:00,LEVEL,43940.5,4,-1,-1,0.013708915061227669
2024-01-04 15:00:00,LEVEL,44084.1,7,-1,-1,0.013753716558770763
2024-01-04 19:00:00,LEVEL,44374.533333333326,3,-1,1,0.016562489842732463
2024-01-04 20:00:00,LEVEL,44536.700000000004,3,-1,1,0.015500629737989852
2024-01-04 15:00:00,CONTROL,44230.46234785711,4,-1,1,0.013799379876096123
2024-01-04 15:00:00,CONTROL,44221.27211233792,4,-1,1,0.01379651263156943
2024-01-04 15:00:00,CONTROL,44238.656477585915,4,-1,1,0.013801936347425601
2024-01-04 20:00:00,CONTROL,44674.725725427634,7,-1,1,0.015548668449079157
2024-01-04 20:00:00,CONTROL,44789.08716049838,3,-1,1,0.015588470999814545
2024-01-05 01:00:00,LEVEL,42453.08,5,1,1,0.01197822632126546
2024-01-05 01:00:00,LEVEL,42630.12,5,1,1,0.012028178531750939
2024-01-05 01:00:00,LEVEL,42813.25,6,1,1,0.012079849048618342
2024-01-05 01:00:00,LEVEL,43020.63333333333,3,1,1,0.012138362694787833
2024-01-05 01:00:00,LEVEL,43111.65,4,1,1,0.01216404323981167
2024-01-05 01:00:00,LEVEL,43322.36,10,1,1,0.012223495512017922
2024-01-05 01:00:00,LEVEL,43480.416666666664,6,1,1,0.012268091534848733
2024-01-05 01:00:00,LEVEL,43593.2,4,1,1,0.012299913590914709
2024-01-05 01:00:00,LEVEL,43805.3,4,1,-1,0.012359758054561172
2024-01-05 01:00:00,LEVEL,43940.5,4,1,-1,0.012397905020544208
2024-01-05 01:00:00,LEVEL,44084.1,7,1,-1,0.012438422064295419
2024-01-05 20:00:00,LEVEL,44374.533333333326,3,-1,1,0.011404769706899694
2024-01-05 09:00:00,CONTROL,44229.8687485167,4,-1,1,0.01193547021480585
2024-01-05 09:00:00,CONTROL,44229.35926380917,4,-1,1,0.011935332729895231
2024-01-06 06:00:00,LEVEL,43480.416666666664,6,1,1,0.014964543583786842
2024-01-06 05:00:00,LEVEL,43593.2,4,1,1,0.014841501404374846
2024-01-06 14:00:00,LEVEL,43805.3,4,-1,-1,0.019844412355955732
2024-01-06 01:00:00,LEVEL,43940.5,4,1,0,0.013733015587764207
2024-01-06 18:00:00,LEVEL,44084.1,7,-1,1,0.023078792638036864
2024-01-07 23:00:00,LEVEL,43584.56,5,1,1,0.02307854847517087
2024-01-07 17:00:00,LEVEL,43805.3,4,1,1,0.02388959217410574
2024-01-07 15:00:00,LEVEL,43940.5,4,1,-1,0.02586542069828197
2024-01-07 00:00:00,LEVEL,44092.325,8,-1,-1,0.027615415027498896
2024-01-07 13:00:00,LEVEL,44364.0,4,-1,1,0.028095707415543663
2024-01-07 00:00:00,CONTROL,44228.603304092845,4,-1,1,0.027700767340554915
2024-01-08 02:00:00,LEVEL,43322.36,10,1,1,0.021637513969096325
2024-01-08 02:00:00,LEVEL,43453.96666666667,6,1,1,0.021703245408667627
2024-01-08 02:00:00,LEVEL,43594.63333333333,6,1,1,0.0217735018989647
2024-01-08 00:00:00,LEVEL,43736.03333333333,3,1,-1,0.023151093687106807
2024-01-08 06:00:00,LEVEL,43893.439999999995,5,-1,-1,0.01951741211127477
2024-01-08 06:00:00,LEVEL,44063.35714285715,7,-1,-1,0.019592966519904248
2024-01-08 06:00:00,LEVEL,44184.65,4,-1,1,0.019646899924964573
2024-01-08 06:00:00,LEVEL,44348.64,5,-1,1,0.019719818803323796
2024-01-08 11:00:00,LEVEL,44519.4,5,-1,-1,0.016737599718028524
2024-01-08 12:00:00,CONTROL,44831.09558627479,4,-1,-1,0.015662373041768558
2024-01-08 11:00:00,CONTROL,44660.73911309068,5,-1,-1,0.016790737844315333
2024-01-08 12:00:00,CONTROL,44851.09181024522,5,-1,-1,0.0156693590035247
2024-01-09 21:00:00,LEVEL,44519.4,5,1,1,0.010414884455394145
2024-01-09 21:00:00,CONTROL,44688.44880279228,7,1,1,0.010454431793148119
2024-01-09 21:00:00,CONTROL,44799.441644426224,4,1,1,0.010480397498458464
2024-01-09 21:00:00,CONTROL,44791.4650019501,5,1,1,0.010478531439847368
2024-01-09 21:00:00,CONTROL,45177.941342839156,5,1,1,0.01056894385410055
2024-01-10 12:00:00,LEVEL,44348.64,5,1,1,0.0099928633895942
2024-01-10 12:00:00,LEVEL,44519.4,5,1,1,0.010031339910010772
2024-01-10 12:00:00,CONTROL,44707.01723266578,7,1,1,0.010073614788689414
2024-01-10 11:00:00,CONTROL,44826.7228154835,4,1,1,0.009868361299234806
2024-01-10 12:00:00,CONTROL,44690.19577825518,5,1,1,0.010069824492167596
2024-01-10 11:00:00,CONTROL,45008.50529480539,5,1,1,0.009908379731793508
2024-01-12 22:00:00,LEVEL,41555.0,4,1,1,0.009749688393577236
2024-01-12 22:00:00,LEVEL,41651.825,4,1,1,0.009772405601583689
2024-01-12 22:00:00,LEVEL,42135.9375,8,1,1,0.009885988708849618
2024-01-12 22:00:00,LEVEL,42273.0,4,1,1,0.009918146491678272
2024-01-12 22:00:00,LEVEL,42453.08,5,1,0,0.009960397096561328
2024-01-12 22:00:00,LEVEL,42630.12,5,1,0,0.01000193445267248
2024-01-12 22:00:00,LEVEL,42813.25,6,1,0,0.010044900652540503
2024-01-12 22:00:00,LEVEL,43015.475,4,1,0,0.01009234694625705
2024-01-12 22:00:00,LEVEL,43120.939999999995,5,1,0,0.010117091282352074
2024-01-12 16:00:00,LEVEL,43322.36,10,1,-1,0.011430230613843413
2024-01-12 16:00:00,LEVEL,43453.96666666667,6,1,-1,0.011464953896469733
2024-01-12 16:00:00,LEVEL,43594.63333333333,6,1,-1,0.01150206758186639
2024-01-12 16:00:00,LEVEL,43736.03333333333,3,1,-1,0.011539374750930989
2024-01-12 16:00:00,LEVEL,43893.439999999995,5,1,-1,0.011580905140784088
2024-01-12 16:00:00,LEVEL,44063.35714285715,7,1,-1,0.011625736311756832
2024-01-12 16:00:00,LEVEL,44184.65,4,1,-1,0.011657738384796128
2024-01-12 16:00:00,LEVEL,44350.27142857143,7,1,-1,0.011701436168646447
2024-01-12 15:00:00,LEVEL,44519.4,5,1,-1,0.011949812526736941
2024-01-12 15:00:00,LEVEL,44780.03333333333,3,1,-1,0.012019771229494656
2024-01-12 09:00:00,LEVEL,45597.46666666667,3,1,-1,0.009718777447702266
2024-01-12 22:00:00,CONTROL,41877.121368073356,3,1,1,0.009825264929821444
2024-01-12 22:00:00,CONTROL,41860.870337881424,8,1,1,0.009821452091885072
2024-01-12 22:00:00,CONTROL,41816.10634814487,4,1,1,0.009810949506126806
2024-01-12 22:00:00,CONTROL,41866.44902592772,5,1,1,0.009822760970963315
2024-01-12 15:00:00,CONTROL,44961.19563595758,7,1,-1,0.012068398469602826
2024-01-12 15:00:00,CONTROL,45174.760082381545,5,1,-1,0.012125723031415042
2024-01-12 14:00:00,CONTROL,45351.86313243616,3,1,-1,0.011178669739323658
2024-01-12 00:00:00,CONTROL,46146.72752943344,3,1,-1,0.010101344029208063
2024-01-13 03:00:00,LEVEL,42453.08,5,1,0,0.009989033448775348
2024-01-13 01:00:00,LEVEL,42630.12,5,1,0,0.010061095672183367
2024-01-13 02:00:00,LEVEL,42813.25,6,-1,0,0.010058839509254694
2024-01-13 05:00:00,LEVEL,43015.475,4,-1,0,0.010065557611167578
2024-01-13 05:00:00,LEVEL,43120.939999999995,5,-1,0,0.010090236265383573
2024-01-14 20:00:00,LEVEL,42135.9375,8,1,1,0.026344222578250184
2024-01-14 20:00:00,LEVEL,42273.0,4,1,1,0.026429916767613634
2024-01-14 20:00:00,LEVEL,42462.53333333333,6,1,-1,0.026548416761100924
2024-01-14 01:00:00,LEVEL,42813.25,6,-1,1,0.021769218546413723
2024-01-14 23:00:00,CONTROL,41860.54799578999,4,1,1,0.020830029481017587
2024-01-14 23:00:00,CONTROL,41937.19427422645,4,1,1,0.020868169073447254
2024-01-14 23:00:00,CONTROL,41871.63561393299,8,1,1,0.020835546738288472
2024-01-14 23:00:00,CONTROL,41784.965176659796,4,1,1,0.020792419071548062
2024-01-14 23:00:00,CONTROL,41878.18490274436,6,1,1,0.020838805698945993
2024-01-14 21:00:00,CONTROL,41994.11006233406,5,1,1,0.02399620581765844
2024-01-15 00:00:00,LEVEL,42135.9375,8,-1,-1,0.019678196147110333
2024-01-15 00:00:00,LEVEL,42273.0,4,-1,-1,0.019742206654991247
2024-01-15 14:00:00,LEVEL,42462.53333333333,6,1,1,0.017759551785582035
2024-01-15 03:00:00,LEVEL,42617.26666666667,6,-1,1,0.01928874053539269
2024-01-15 05:00:00,LEVEL,42776.14,5,-1,1,0.019346418294372066
2024-01-15 13:00:00,LEVEL,42886.700000000004,3,-1,1,0.01914344460098481
2024-01-15 18:00:00,LEVEL,43063.166666666664,9,-1,1,0.015975021543146204
2024-01-15 18:00:00,LEVEL,43234.28333333333,6,-1,1,0.016038500210601176
2024-01-15 18:00:00,LEVEL,43341.96666666667,9,-1,1,0.016078447193208226
2024-01-15 00:00:00,CONTROL,41958.2419692545,4,-1,-1,0.01959520932597992
2024-01-15 00:00:00,CONTROL,42008.01782982135,4,-1,-1,0.019618455495538284
2024-01-15 00:00:00,CONTROL,41878.34059289244,8,-1,-1,0.01955789403053938
2024-01-15 00:00:00,CONTROL,41963.50149786508,4,-1,-1,0.019597665614881535
2024-01-15 00:00:00,CONTROL,41892.48177068805,6,-1,-1,0.019564498199971067
2024-01-15 00:00:00,CONTROL,42006.11737314313,6,-1,-1,0.019617567950096036
2024-01-16 14:00:00,LEVEL,42138.166666666664,9,1,1,0.01885323863053795
2024-01-16 14:00:00,LEVEL,42273.0,4,1,1,0.018913565056905595
2024-01-16 14:00:00,LEVEL,42462.53333333333,6,1,1,0.01899836507181942
2024-01-16 00:00:00,LEVEL,42617.26666666667,6,-1,-1,0.020124436049543063
2024-01-16 04:00:00,LEVEL,42785.083333333336,6,1,-1,0.020392056399563104
2024-01-16 03:00:00,LEVEL,42886.700000000004,3,-1,1,0.020590763690922734
2024-01-16 12:00:00,LEVEL,43063.166666666664,9,-1,1,0.020186647915934254
2024-01-16 15:00:00,LEVEL,43234.28333333333,6,-1,1,0.01817163021825268
2024-01-16 16:00:00,LEVEL,43345.37,10,-1,1,0.017900214742927946
2024-01-16 21:00:00,LEVEL,43480.416666666664,6,-1,1,0.018573437277516702
2024-01-17 17:00:00,LEVEL,42231.68,5,1,1,0.021987793433340938
2024-01-17 12:00:00,LEVEL,42378.075,4,1,1,0.01875447253415942
2024-01-17 12:00:00,LEVEL,42504.61666666667,6,1,0,0.018810473714296245
2024-01-17 07:00:00,LEVEL,42677.93333333334,6,1,-1,0.01894429000786053
2024-01-17 09:00:00,LEVEL,42825.433333333334,6,-1,1,0.01960366587512754
2024-01-18 18:00:00,LEVEL,41346.35,4,1,-1,0.02012998006907358
2024-01-18 17:00:00,LEVEL,41555.0,4,1,-1,0.020991680742576586
2024-01-18 17:00:00,LEVEL,41664.159999999996,5,1,-1,0.021046823369693893
2024-01-18 16:00:00,LEVEL,42113.325,8,1,-1,0.022946914589293002
2024-01-18 16:00:00,LEVEL,42226.4,6,1,-1,0.02300852744857648
2024-01-18 12:00:00,LEVEL,42378.075,4,1,1,0.02417632460956994
2024-01-18 10:00:00,LEVEL,42504.61666666667,6,1,-1,0.02318934315363541
2024-01-18 00:00:00,LEVEL,42677.93333333334,6,1,-1,0.022902030229854233
2024-01-18 08:00:00,LEVEL,42825.433333333334,6,1,-1,0.02398218271120985
2024-01-18 20:00:00,CONTROL,40752.54873391151,3,1,1,0.017389377135001508
2024-01-18 19:00:00,CONTROL,40824.18514085092,4,1,1,0.01822508265216557
2024-01-18 19:00:00,CONTROL,41188.04744184933,4,1,-1,0.018387521179397005
2024-01-18 16:00:00,CONTROL,41955.50300115493,5,1,-1,0.02286091976632879
2024-01-18 16:00:00,CONTROL,41816.98427571404,8,1,1,0.02278544300542925
2024-01-18 16:00:00,CONTROL,41858.94588881553,6,1,-1,0.022808307254496937
2024-01-18 16:00:00,CONTROL,41828.29485460678,4,1,-1,0.02279160596899973
2024-01-18 16:00:00,CONTROL,41883.67339554361,6,1,-1,0.022821780899356266
2024-01-19 06:00:00,LEVEL,41346.35,4,-1,1,0.015449360112097152
2024-01-19 07:00:00,LEVEL,41555.0,4,-1,1,0.01518406869461952
2024-01-19 18:00:00,LEVEL,41664.159999999996,5,-1,0,0.014139620752555872
2024-01-19 20:00:00,LEVEL,42113.325,8,-1,1,0.014987115070229847
2024-01-19 16:00:00,CONTROL,40546.08793915381,3,1,1,0.014775934563864251
2024-01-19 03:00:00,CONTROL,40752.45373930868,4,1,1,0.01580184084793917
2024-01-19 00:00:00,CONTROL,41221.3259780966,4,1,-1,0.016715442523495067
2024-01-19 14:00:00,CONTROL,41053.85453640657,5,1,-1,0.014947528645962611
2024-01-19 18:00:00,CONTROL,41843.82147095477,8,-1,0,0.014200592702143884
2024-01-19 18:00:00,CONTROL,41799.95893915473,6,-1,0,0.014185707017063481
2024-01-19 18:00:00,CONTROL,41855.82016188847,4,-1,0,0.014204664713660007
2024-01-19 18:00:00,CONTROL,41961.70464650849,6,-1,0,0.014240598870405446
2024-01-20 00:00:00,LEVEL,41559.659999999996,5,1,0,0.015613843498679161
2024-01-20 01:00:00,LEVEL,41664.159999999996,5,-1,0,0.015638048723271968
2024-01-20 20:00:00,CONTROL,41791.04309739531,4,-1,1,0.03743878440976064
2024-01-20 20:00:00,CONTROL,41818.14878012016,5,-1,1,0.03746306721623307
2024-01-20 21:00:00,CONTROL,41845.19984572038,8,-1,1,0.03821043245813981
2024-01-20 20:00:00,CONTROL,41817.427191008246,6,-1,1,0.03746242077581926
2024-01-20 20:00:00,CONTROL,41820.29515633495,4,-1,1,0.03746499006166625
2024-01-21 23:00:00,LEVEL,41507.020000000004,5,1,1,0.04630864793250081
2024-01-21 15:00:00,LEVEL,41630.43333333333,6,1,1,0.04715158980167268
2024-01-21 21:00:00,LEVEL,41777.575,4,-1,1,0.046726168256963775
2024-01-22 18:00:00,LEVEL,40283.35,4,1,-1,0.015413011299097229
2024-01-22 09:00:00,LEVEL,40594.46666666667,3,1,1,0.02344679770650192
2024-01-22 09:00:00,LEVEL,40753.73333333334,3,1,-1,0.023538787911605137
2024-01-22 01:00:00,LEVEL,41346.35,4,1,-1,0.03977403276717236
2024-01-22 01:00:00,LEVEL,41513.58571428571,7,1,-1,0.03993490884885409
2024-01-22 18:00:00,CONTROL,40022.543302573016,4,1,-1,0.01531322276179032
2024-01-22 03:00:00,CONTROL,41116.16739844021,3,1,-1,0.035994784470496886
2024-01-22 03:00:00,CONTROL,41171.00172028721,3,1,-1,0.03604278869174012
2024-01-22 03:00:00,CONTROL,41080.497406368166,4,1,-1,0.0359635574919642
2024-01-22 04:00:00,CONTROL,40910.09890912936,7,1,1,0.03208399296846131
2024-01-22 03:00:00,CONTROL,41141.67483227248,6,1,-1,0.03601711472745617
2024-01-23 02:00:00,CONTROL,40022.13466742412,4,-1,1,0.011788877724509803
2024-01-23 02:00:00,CONTROL,39994.07497835443,3,-1,1,0.011780612492128292
2024-01-24 00:00:00,LEVEL,40224.36666666667,3,-1,1,0.01519782435011908
2024-01-24 01:00:00,CONTROL,39774.541260111015,3,1,1,0.014663594284767734
2024-01-24 00:00:00,CONTROL,40084.08665777133,3,-1,1,0.015144822870874134
2024-01-25 11:00:00,LEVEL,40230.025,4,-1,1,0.021911778322440102
2024-01-25 05:00:00,CONTROL,39832.27662484749,4,1,1,0.01865052532073688
2024-01-26 02:00:00,LEVEL,40218.28,5,-1,1,0.024618569543011316
2024-01-26 09:00:00,LEVEL,40311.0,3,-1,-1,0.023628523803418074
2024-01-26 10:00:00,LEVEL,40586.0,4,-1,-1,0.021679831736387066
2024-01-26 11:00:00,LEVEL,41311.399999999994,4,-1,1,0.02051052394768284
2024-01-26 12:00:00,LEVEL,41463.520000000004,5,-1,1,0.02073597199431138
2024-01-26 16:00:00,LEVEL,41597.8,8,-1,-1,0.018477132783654007
2024-01-26 16:00:00,LEVEL,41736.525,4,-1,-1,0.018538752394436607
2024-01-26 16:00:00,LEVEL,41867.96,5,-1,1,0.018597133894117348
2024-01-26 18:00:00,LEVEL,42086.55714285715,7,-1,1,0.018813050254535432
2024-01-26 20:00:00,LEVEL,42194.6375,8,-1,1,0.01887903243847871
2024-01-26 11:00:00,CONTROL,41077.1485621291,4,-1,-1,0.020394221432487758
2024-01-26 11:00:00,CONTROL,41149.24713378234,3,-1,-1,0.02043001735033338
2024-01-26 11:00:00,CONTROL,40991.03597071459,4,-1,-1,0.020351467752670462
2024-01-26 11:00:00,CONTROL,41053.119433490545,5,-1,-1,0.020382291311059217
2024-01-26 11:00:00,CONTROL,41166.7010175886,8,-1,-1,0.020438682955996424
2024-01-26 11:00:00,CONTROL,41185.24322878263,4,-1,-1,0.020447888900765623
2024-01-27 08:00:00,LEVEL,41463.520000000004,5,1,1,0.018414675863600398
2024-01-27 07:00:00,LEVEL,41597.8,8,1,1,0.018725885911233014
2024-01-27 05:00:00,LEVEL,41736.525,4,1,1,0.01863107763130358
2024-01-27 01:00:00,LEVEL,41867.96,5,-1,1,0.017977038120412726
2024-01-28 19:00:00,LEVEL,41725.58,5,1,1,0.02316157646405775
2024-01-28 19:00:00,LEVEL,41867.96,5,1,1,0.0232406106022759
2024-01-28 01:00:00,LEVEL,42086.55714285715,7,-1,-1,0.03726432109159769
2024-01-28 01:00:00,LEVEL,42199.600000000006,9,-1,-1,0.037364411610082825
2024-01-28 04:00:00,LEVEL,42343.075,4,-1,-1,0.032579427747054635
2024-01-28 04:00:00,LEVEL,42495.385714285716,7,-1,-1,0.03269661800570198
2024-01-28 04:00:00,LEVEL,42677.93333333334,6,-1,1,0.03283707301434646
2024-01-28 05:00:00,LEVEL,42830.412500000006,8,-1,1,0.031094974703360107
2024-01-29 00:00:00,LEVEL,41867.96,5,1,1,0.02091437277552295
2024-01-29 01:00:00,LEVEL,42086.55714285715,7,-1,-1,0.02070074591634409
2024-01-29 01:00:00,LEVEL,42199.600000000006,9,-1,1,0.02075634731551363
2024-01-29 03:00:00,LEVEL,42343.075,4,-1,1,0.020121748169708527
2024-01-29 15:00:00,LEVEL,42495.385714285716,7,-1,-1,0.020535062032544755
2024-01-29 16:00:00,LEVEL,42831.03333333334,9,-1,-1,0.019025973328891266
2024-01-29 16:00:00,LEVEL,42992.6,7,-1,-1,0.019097742857936122
2024-01-29 16:00:00,LEVEL,43109.78571428572,7,-1,-1,0.019149797924111513
2024-01-29 23:00:00,LEVEL,43318.31538461538,13,-1,-1,0.020301197877999645
2024-01-30 23:00:00,LEVEL,42677.93333333334,6,1,1,0.02002513037825579
2024-01-30 23:00:00,LEVEL,42831.03333333334,9,1,-1,0.02009696720870785
2024-01-30 23:00:00,LEVEL,42992.6,7,1,-1,0.020172776726931477
2024-01-30 14:00:00,LEVEL,43109.78571428572,7,1,1,0.019157510073145614
2024-01-30 01:00:00,LEVEL,43316.864285714284,14,-1,-1,0.020084032298460636
2024-01-30 01:00:00,LEVEL,43453.96666666667,6,-1,-1,0.020147600349672314
2024-01-30 02:00:00,LEVEL,43593.82857142857,7,-1,1,0.019738832570935366
2024-01-30 02:00:00,LEVEL,43736.03333333333,3,-1,1,0.019803221409402
2024-01-31 21:00:00,LEVEL,42343.075,4,1,1,0.01632563104690533
2024-01-31 10:00:00,LEVEL,42495.087499999994,8,1,1,0.019872607704448462
2024-01-31 02:00:00,LEVEL,42677.93333333334,6,1,1,0.020639481731122834
2024-01-31 00:00:00,LEVEL,42831.03333333334,9,1,-1,0.019886436161208713
2024-01-31 15:00:00,LEVEL,42992.6,7,-1,-1,0.019352415248276852
2024-01-31 15:00:00,LEVEL,43107.5625,8,-1,-1,0.019404163736109176
2024-01-31 15:00:00,LEVEL,43316.864285714284,14,-1,1,0.019498377509394548
2024-01-31 15:00:00,LEVEL,43453.96666666667,6,-1,1,0.01956009190228351
2024-01-31 16:00:00,LEVEL,43593.82857142857,7,-1,1,0.01956717369567442
2024-02-01 01:00:00,LEVEL,41867.96,5,1,1,0.01602735540057184
2024-02-01 01:00:00,LEVEL,42086.55714285715,7,1,1,0.016111035954821943
2024-02-01 01:00:00,LEVEL,42199.600000000006,9,1,1,0.01615430957137562
2024-02-01 00:00:00,LEVEL,42342.659999999996,5,1,1,0.016850913703689897
2024-02-01 14:00:00,LEVEL,42495.087499999994,8,-1,-1,0.016714925941859762
2024-02-01 00:00:00,LEVEL,42671.700000000004,7,-1,1,0.016981860239525443
2024-02-01 15:00:00,LEVEL,42831.03333333334,9,-1,-1,0.017610086941624928
2024-02-01 17:00:00,LEVEL,42992.6,7,-1,0,0.01720456699806167
2024-02-01 17:00:00,LEVEL,43104.166666666664,9,-1,1,0.017249213197440563
2024-02-02 13:00:00,LEVEL,42671.700000000004,7,1,1,0.020443063103525717
2024-02-02 13:00:00,LEVEL,42831.03333333334,9,1,1,0.020519396162387408
2024-02-02 13:00:00,LEVEL,42992.6,7,1,1,0.020596799161613895
2024-02-02 05:00:00,LEVEL,43104.166666666664,9,-1,1,0.021032193793012344
2024-02-02 00:00:00,LEVEL,43316.864285714284,14,-1,1,0.01906342360467129
2024-02-02 16:00:00,LEVEL,43453.96666666667,6,-1,1,0.020874394771869774
2024-02-03 09:00:00,LEVEL,43104.166666666664,9,-1,1,0.027502508989159822
2024-02-03 00:00:00,LEVEL,43316.864285714284,14,-1,1,0.02511941678704755
2024-02-04 22:00:00,LEVEL,42199.600000000006,9,1,1,0.032332212804673896
2024-02-04 22:00:00,LEVEL,42342.659999999996,5,1,1,0.03244182157735981
2024-02-04 22:00:00,LEVEL,42497.044444444444,9,1,-1,0.032560106838630275
2024-02-04 19:00:00,LEVEL,42671.700000000004,7,1,1,0.04415646100116455
2024-02-04 07:00:00,LEVEL,42833.76,10,-1,-1,0.04741854009548182
2024-02-04 11:00:00,LEVEL,43104.166666666664,9,-1,1,0.04467476383265878
2024-02-05 00:00:00,LEVEL,42342.659999999996,5,1,1,0.031229029224670603
2024-02-05 01:00:00,LEVEL,42497.044444444444,9,-1,-1,0.029985566727426125
2024-02-05 03:00:00,LEVEL,42675.537500000006,8,-1,-1,0.027908468895610425
2024-02-05 15:00:00,LEVEL,42833.76,10,1,-1,0.02182577220107966
2024-02-05 07:00:00,LEVEL,42992.6,7,-1,-1,0.026605875186137915
2024-02-05 07:00:00,LEVEL,43104.96,10,-1,-1,0.026675408923011578
2024-02-05 14:00:00,LEVEL,43317.0375,16,1,-1,0.023905237561438364
2024-02-05 13:00:00,LEVEL,43454.225000000006,8,-1,1,0.02472765942312486
2024-02-06 06:00:00,LEVEL,42675.537500000006,8,1,1,0.02334148976173391
2024-02-06 02:00:00,LEVEL,42833.76,10,-1,-1,0.022737049963506152
2024-02-06 08:00:00,LEVEL,42990.675,8,-1,1,0.024459091474797794
2024-02-06 15:00:00,LEVEL,43104.96,10,-1,0,0.024596268188302364
2024-02-07 03:00:00,LEVEL,42833.76,10,1,1,0.02681666738403137
2024-02-07 10:00:00,LEVEL,42990.675,8,1,1,0.027337975438178112
2024-02-07 09:00:00,LEVEL,43105.41818181818,11,-1,-1,0.026765239479551773
2024-02-07 17:00:00,LEVEL,43320.67058823529,17,-1,-1,0.026865011507984995
2024-02-07 17:00:00,LEVEL,43454.225000000006,8,-1,-1,0.02694783434429574
2024-02-07 17:00:00,LEVEL,43592.1,8,-1,-1,0.027033336563244983
2024-02-07 20:00:00,LEVEL,43750.81666666667,6,-1,-1,0.024950565535595524
2024-02-07 20:00:00,LEVEL,43892.533333333326,6,-1,-1,0.025031384849348963
2024-02-07 20:00:00,LEVEL,44063.35714285715,7,-1,-1,0.02512880361725534
2024-02-07 20:00:00,LEVEL,44184.65,4,-1,-1,0.025197975477616243
2024-02-07 21:00:00,LEVEL,44350.27142857143,7,-1,-1,0.02497639445486411
2024-02-08 00:00:00,LEVEL,44519.4,5,-1,-1,0.023374365032486785
2024-02-08 02:00:00,LEVEL,44780.03333333333,3,-1,-1,0.022597276058011283
2024-02-08 20:00:00,LEVEL,45597.46666666667,3,-1,-1,0.022056064293452225
2024-02-08 13:00:00,CONTROL,44936.9303237346,7,-1,-1,0.022396028008776377
2024-02-08 13:00:00,CONTROL,44959.80233207522,5,-1,-1,0.02240742714386912
2024-02-08 15:00:00,CONTROL,45343.95235118626,3,-1,1,0.02180063215898852
2024-02-09 02:00:00,LEVEL,45597.46666666667,3,-1,-1,0.021132868901923847
2024-02-09 01:00:00,CONTROL,45435.82683091386,4,-1,-1,0.023445455197040048
2024-02-12 02:00:00,LEVEL,48173.30000000001,3,1,-1,0.020561343416963397
2024-02-12 00:00:00,CONTROL,48688.13895376875,3,-1,1,0.022140092460254873
2024-02-14 08:00:00,LEVEL,50377.333333333336,3,-1,-1,0.015411214357640868
2024-02-17 13:00:00,LEVEL,51628.63333333333,3,1,-1,0.027321254616614297
2024-02-17 13:00:00,CONTROL,51256.58041280039,3,1,-1,0.027124368665612904
2024-02-18 04:00:00,LEVEL,51628.63333333333,3,-1,-1,0.023684556901536355
2024-02-18 09:00:00,CONTROL,51948.86911162303,3,-1,-1,0.0224959918205578
2024-02-19 08:00:00,LEVEL,52140.35,4,1,-1,0.026954623586429756
2024-02-20 00:00:00,LEVEL,51638.240000000005,5,1,1,0.0249622139976132
2024-02-20 10:00:00,LEVEL,52140.35,4,-1,-1,0.024267903946009643
2024-02-20 13:00:00,LEVEL,52466.333333333336,3,-1,1,0.02187834955715696
2024-02-20 17:00:00,CONTROL,50866.84816431199,5,1,1,0.01808478480610165
2024-02-20 01:00:00,CONTROL,51480.006097810925,4,1,1,0.02445315572868351
2024-02-20 13:00:00,CONTROL,53038.335383498525,3,-1,1,0.022116873197096053
2024-02-21 07:00:00,LEVEL,51638.240000000005,5,1,-1,0.01744627229055588
2024-02-21 05:00:00,LEVEL,52140.35,4,-1,1,0.018031115049603388
2024-02-21 10:00:00,CONTROL,50930.34683968237,3,1,1,0.016252691034532696
2024-02-21 10:00:00,CONTROL,50909.317712887336,5,1,1,0.016245980302685502
2024-02-22 00:00:00,LEVEL,51638.240000000005,5,1,-1,0.017052172046561558
2024-02-22 01:00:00,CONTROL,51285.76026535549,5,1,1,0.0165297966287758
2024-02-22 20:00:00,CONTROL,51962.18418954983,3,-1,1,0.01958642904841972
2024-02-23 23:00:00,LEVEL,50612.96666666667,3,1,1,0.024988658828853875
2024-02-23 02:00:00,CONTROL,51077.05793970974,3,1,-1,0.01991308301743061
2024-02-23 07:00:00,CONTROL,50988.943260670814,5,1,0,0.020325454486290535
2024-02-23 01:00:00,CONTROL,51356.39255912177,5,1,-1,0.020304486914575214
2024-02-24 01:00:00,LEVEL,50622.95,4,1,1,0.024800734866346225
2024-02-24 17:00:00,LEVEL,51638.240000000005,5,-1,-1,0.03631061967126663
2024-02-24 04:00:00,CONTROL,51018.2474422385,5,-1,-1,0.026403116752407828
2024-02-24 17:00:00,CONTROL,51462.436317257285,6,-1,-1,0.036186999256223845
2024-02-25 01:00:00,LEVEL,51654.63333333333,6,-1,-1,0.040181546215491214
2024-02-26 10:00:00,LEVEL,51269.63333333333,3,-1,-1,0.03296088933534237
2024-02-26 07:00:00,LEVEL,51390.9,3,1,-1,0.035995902464650016
2024-02-26 00:00:00,LEVEL,51654.63333333333,6,1,-1,0.03478206903324002
2024-02-26 15:00:00,LEVEL,52086.049999999996,6,-1,-1,0.0256870189714427
2024-02-26 15:00:00,LEVEL,52555.2,5,-1,-1,0.025918387350316745
2024-02-26 15:00:00,CONTROL,51885.99898099749,3,-1,-1,0.025588360802501615
2024-02-26 09:00:00,CONTROL,50990.36474508377,3,1,1,0.03399924303722874
2024-02-26 15:00:00,CONTROL,52855.63155263909,6,-1,-1,0.026066549689220547
2024-02-26 16:00:00,CONTROL,53173.554429598684,5,-1,-1,0.024183194408083458
2024-03-05 19:00:00,LEVEL,62251.25,4,1,1,0.005876102853333408
2024-03-05 19:00:00,CONTROL,63032.05762610675,4,1,1,0.0059498058861186184
2024-03-10 01:00:00,CONTROL,68766.2489454597,3,-1,-1,0.033178336141588445
2024-03-11 00:00:00,LEVEL,68049.09999999999,3,1,1,0.015822727305755624
2024-03-11 00:00:00,LEVEL,68620.53333333334,3,1,-1,0.015955596569371934
2024-03-11 00:00:00,CONTROL,67605.34118529258,3,1,1,0.01571954482847612
2024-03-11 07:00:00,CONTROL,69603.2606195107,3,-1,-1,0.014380096197409379
2024-03-12 17:00:00,LEVEL,68620.53333333334,3,1,1,0.011288592775378721
2024-03-12 17:00:00,CONTROL,69039.7279237186,3,1,1,0.011357553431827046
2024-03-14 19:00:00,LEVEL,68615.4,4,1,1,0.01159521340078791
2024-03-15 02:00:00,LEVEL,68049.09999999999,3,1,-1,0.008597383953917168
2024-03-15 02:00:00,LEVEL,68615.4,4,1,-1,0.00866893080072489
2024-03-15 03:00:00,CONTROL,67419.15537300854,3,1,-1,0.007751583513652594
2024-03-15 02:00:00,CONTROL,69210.30653371551,4,1,-1,0.008744091822502492
2024-03-16 11:00:00,LEVEL,68049.09999999999,3,1,-1,0.011003113615118364
2024-03-16 10:00:00,LEVEL,68612.31999999999,5,1,-1,0.01093902825939654
2024-03-16 17:00:00,CONTROL,67187.23124144084,3,1,-1,0.011347397475727593
2024-03-16 01:00:00,CONTROL,69369.34594840907,5,1,-1,0.006778239072554718
2024-03-17 15:00:00,LEVEL,68049.09999999999,3,-1,1,0.010027542952398955
2024-03-17 17:00:00,LEVEL,68612.31999999999,5,-1,1,0.010113751163112092
2024-03-18 00:00:00,LEVEL,68049.09999999999,3,1,-1,0.01166291501748714
2024-03-18 04:00:00,LEVEL,68612.31999999999,5,-1,1,0.011178627564787975
2024-03-18 00:00:00,CONTROL,67635.62484621786,3,1,1,0.011592049633809717
2024-03-18 00:00:00,CONTROL,67724.23811642379,5,1,1,0.011607237035844913
2024-03-19 23:00:00,LEVEL,62251.25,4,1,1,0.007421824644284898
2024-03-19 07:00:00,LEVEL,64622.9,4,1,-1,0.009950404188159212
2024-03-19 01:00:00,LEVEL,66687.23333333334,3,1,-1,0.011782456915273479
2024-03-19 00:00:00,LEVEL,68049.09999999999,3,-1,1,0.01226192760772127
2024-03-19 03:00:00,CONTROL,65127.43518979526,4,1,-1,0.01099899158256826
2024-03-19 00:00:00,CONTROL,67292.16710305678,3,1,-1,0.012125534086187254
2024-03-19 00:00:00,CONTROL,67472.15381389862,3,1,-1,0.012157966315543623
2024-03-20 00:00:00,LEVEL,62251.25,4,-1,-1,0.007337758492400857
2024-03-20 17:00:00,LEVEL,64622.9,4,-1,-1,0.007721526133809283
2024-03-20 20:00:00,LEVEL,66687.23333333334,3,-1,1,0.0073993130007443285
2024-03-20 22:00:00,LEVEL,68081.475,4,-1,1,0.007668209032448818
2024-03-20 00:00:00,CONTROL,63069.376346371704,4,-1,1,0.007434193721347198
2024-03-20 18:00:00,CONTROL,65028.71290739692,4,-1,-1,0.007529303604642592
2024-03-20 20:00:00,CONTROL,66283.68240213947,3,-1,-1,0.007354536819421588
2024-03-20 20:00:00,CONTROL,67480.48784329835,4,-1,1,0.007487328923959265
2024-03-21 20:00:00,LEVEL,64622.9,4,1,1,0.011179888521860432
2024-03-21 03:00:00,LEVEL,66687.23333333334,3,1,-1,0.008504092527872214
2024-03-21 00:00:00,LEVEL,68081.475,4,-1,1,0.008057605065482164
2024-03-21 18:00:00,CONTROL,65104.724318384,4,1,1,0.010680182594638205
2024-03-21 03:00:00,CONTROL,67195.758072316,3,1,-1,0.008568940643723783
2024-03-21 03:00:00,CONTROL,67366.20360846233,4,1,-1,0.008590676207457638
2024-03-22 21:00:00,LEVEL,62308.975,4,1,1,0.01087138004547263
2024-03-22 10:00:00,LEVEL,64622.9,4,1,-1,0.011985862250841865
2024-03-22 06:00:00,LEVEL,66687.23333333334,3,-1,1,0.012745269578858912
2024-03-22 13:00:00,CONTROL,62995.033204463805,4,1,1,0.010934086896735458
2024-03-22 01:00:00,CONTROL,65293.05214738332,4,1,1,0.011660970262457045
2024-03-22 04:00:00,CONTROL,66223.91185677137,3,-1,1,0.012217940808527573
2024-03-23 07:00:00,LEVEL,64572.925,4,-1,-1,0.010664727437885145
2024-03-23 14:00:00,CONTROL,65076.095470996646,4,-1,1,0.012472135542184331
2024-03-23 17:00:00,CONTROL,66019.1885105929,4,-1,1,0.013731380163786026
2024-03-24 00:00:00,LEVEL,64572.925,4,-1,-1,0.014458884200656347
2024-03-24 18:00:00,LEVEL,66099.66666666667,3,-1,-1,0.01618503101534444
2024-03-24 21:00:00,LEVEL,66688.4,4,-1,-1,0.01617730205056287
2024-03-24 03:00:00,CONTROL,64118.90189200342,4,1,1,0.015670886654376034
2024-03-24 22:00:00,CONTROL,66946.42315899278,3,-1,-1,0.015896335433920807
2024-03-24 23:00:00,CONTROL,67246.85800527359,4,-1,-1,0.016281546638889574
2024-03-25 00:00:00,LEVEL,66688.4,4,1,1,0.015933316907455124
2024-03-25 13:00:00,LEVEL,68081.475,4,-1,-1,0.015211931544439556
2024-03-25 14:00:00,LEVEL,68624.48333333332,6,-1,-1,0.014165624664026162
2024-03-25 00:00:00,CONTROL,67004.08906667911,3,1,1,0.016008741928052666
2024-03-25 13:00:00,CONTROL,67495.11462993652,4,-1,-1,0.015080916847566756
2024-03-25 13:00:00,CONTROL,67441.39671589526,4,-1,-1,0.015068914269316126
2024-03-25 13:00:00,CONTROL,67867.49989791871,6,-1,-1,0.015164121554936901
2024-03-27 14:00:00,LEVEL,68624.48333333332,6,1,1,0.013479982239355355
2024-03-27 14:00:00,LEVEL,69399.2,3,1,-1,0.013632160680633713
2024-03-27 14:00:00,CONTROL,68926.29450326877,4,1,1,0.013539267337220606
2024-03-27 14:00:00,CONTROL,69087.0135713217,6,1,1,0.013570837559357738
2024-03-27 04:00:00,CONTROL,70112.34258870732,3,1,1,0.014456712004578987
2024-03-28 01:00:00,LEVEL,69404.4,4,1,1,0.0135268156016274
2024-03-28 02:00:00,CONTROL,69177.20042714285,6,1,1,0.013272917260770534
2024-03-29 15:00:00,LEVEL,69404.4,4,1,1,0.020323954720572576
2024-03-29 09:00:00,CONTROL,69652.41117906784,6,1,1,0.019658121727700845
2024-03-29 09:00:00,CONTROL,69674.45043032797,3,1,1,0.019664341904098548
2024-03-29 07:00:00,CONTROL,70216.5080702308,4,1,-1,0.019629484989100693
2024-03-30 03:00:00,CONTROL,69843.82802145519,4,1,0,0.022272960523454465
2024-03-30 01:00:00,CONTROL,70152.932851898,3,-1,0,0.02195108784038737
2024-03-31 05:00:00,LEVEL,70387.05,4,-1,-1,0.03855306300600789
2024-03-31 13:00:00,LEVEL,70740.0,3,-1,1,0.0380744777475024
2024-03-31 18:00:00,LEVEL,71222.09999999999,3,-1,1,0.03453297372647669
2024-03-31 01:00:00,CONTROL,70113.7456142969,4,-1,-1,0.03777934700036202
2024-03-31 04:00:00,CONTROL,70166.9976876911,3,-1,-1,0.038315141565238665
2024-04-01 15:00:00,LEVEL,68624.48333333332,6,1,1,0.018069179036522682
2024-04-01 06:00:00,LEVEL,68934.525,4,1,1,0.02339390417205773
2024-04-01 05:00:00,LEVEL,69404.4,4,1,1,0.025149938850387438
2024-04-01 03:00:00,LEVEL,70658.76666666668,3,1,-1,0.0293643008965253
2024-04-01 15:00:00,CONTROL,68399.34211100647,4,1,1,0.01800989819596662
2024-04-01 05:00:00,CONTROL,69156.90237532445,6,1,1,0.025060253612474482
2024-04-01 15:00:00,CONTROL,68287.23411806209,4,1,1,0.017980379585442477
2024-04-01 05:00:00,CONTROL,70137.11131813774,4,1,-1,0.025415450040544706
2024-04-01 01:00:00,CONTROL,70872.95735479188,4,1,-1,0.029490847370757294
2024-04-01 05:00:00,CONTROL,69769.52445130567,3,1,-1,0.025282248295078535
2024-04-02 02:00:00,LEVEL,66099.66666666667,3,1,1,0.012624755038010142
2024-04-02 02:00:00,LEVEL,66688.4,4,1,-1,0.012737200599249144
2024-04-02 02:00:00,LEVEL,67745.95,4,1,-1,0.01293918814871406
2024-04-02 02:00:00,LEVEL,68085.84,5,1,-1,0.013004105692270042
2024-04-02 02:00:00,LEVEL,68624.48333333332,6,1,-1,0.013106984276673247
2024-04-02 02:00:00,LEVEL,68926.72,5,1,-1,0.013164710193800992
2024-04-02 00:00:00,LEVEL,69404.4,4,1,-1,0.01701348858587406
2024-04-02 11:00:00,CONTROL,65128.87201447488,3,1,1,0.011312865200694766
2024-04-02 02:00:00,CONTROL,67293.08252099754,4,1,-1,0.012852692387458271
2024-04-02 02:00:00,CONTROL,68331.39241386796,4,1,-1,0.013051005158340094
2024-04-02 02:00:00,CONTROL,67137.31715125972,5,1,-1,0.01282294186471718
2024-04-02 00:00:00,CONTROL,69155.07174362506,6,1,-1,0.016952369356488445
2024-04-02 02:00:00,CONTROL,68415.71764118205,4,1,-1,0.013067110917900632
2024-04-03 00:00:00,LEVEL,64588.31666666667,6,1,1,0.00999050717246958
2024-04-03 01:00:00,LEVEL,65596.43333333333,3,-1,-1,0.009925929148441506
2024-04-03 03:00:00,LEVEL,66099.66666666667,3,-1,0,0.012164579990529934
2024-04-03 08:00:00,LEVEL,66688.4,4,-1,1,0.01271420707076724
2024-04-03 00:00:00,CONTROL,65221.04931946255,6,1,1,0.010088378125487858
2024-04-03 04:00:00,CONTROL,66389.7784947107,3,-1,1,0.012378430618904623
2024-04-03 00:00:00,CONTROL,65337.61597929242,3,1,1,0.010106408631796161
2024-04-04 02:00:00,LEVEL,65559.07999999999,5,1,1,0.016319900426299896
2024-04-04 01:00:00,LEVEL,66099.66666666667,3,1,-1,0.01689596796310646
2024-04-04 12:00:00,LEVEL,66690.01999999999,5,-1,-1,0.017786673334333508
2024-04-04 13:00:00,LEVEL,66918.2,3,-1,-1,0.01729361922067436
2024-04-04 14:00:00,LEVEL,67745.95,4,-1,-1,0.017851958233143395
2024-04-04 16:00:00,LEVEL,68085.84,5,-1,-1,0.01902353884169076
2024-04-04 17:00:00,LEVEL,68624.48333333332,6,-1,1,0.018180025553780232
2024-04-04 19:00:00,LEVEL,68926.72,5,-1,1,0.01760130745658837
2024-04-04 02:00:00,CONTROL,65852.56666968335,5,1,1,0.0163929593103733
2024-04-04 13:00:00,CONTROL,67419.21588215364,3,-1,-1,0.017423096371725576
2024-04-04 13:00:00,CONTROL,67142.03069764112,4,-1,-1,0.01735146361659211
2024-04-04 13:00:00,CONTROL,67225.90559033875,5,-1,-1,0.017373139340931498
2024-04-04 17:00:00,CONTROL,68365.60831063711,4,-1,-1,0.018111444279295553
2024-04-05 12:00:00,LEVEL,66099.66666666667,3,1,1,0.011944148926158067
2024-04-05 05:00:00,LEVEL,66690.01999999999,5,1,1,0.013378557753189366
2024-04-05 05:00:00,LEVEL,66918.2,3,1,1,0.013424332507914628
2024-04-05 02:00:00,LEVEL,67745.95,4,1,-1,0.014730382550791602
2024-04-05 01:00:00,LEVEL,68085.84,5,1,-1,0.014851008336343872
2024-04-05 05:00:00,CONTROL,67367.54948524637,3,1,-1,0.013514475651367496
2024-04-05 01:00:00,CONTROL,68414.76608810661,4,1,-1,0.014922754298154909
2024-04-05 05:00:00,CONTROL,67152.74190033811,5,1,-1,0.013471383511336373
2024-04-05 01:00:00,CONTROL,68374.59348217412,5,1,-1,0.014913991775645147
2024-04-05 01:00:00,CONTROL,68381.48180867052,5,1,-1,0.014915494270058397
2024-04-06 01:00:00,LEVEL,67666.5,3,1,1,0.014075652484805148
2024-04-06 05:00:00,LEVEL,68085.84,5,-1,-1,0.016067573359685533
2024-04-06 22:00:00,LEVEL,68618.97142857143,7,-1,-1,0.02820706376325422
2024-04-06 22:00:00,LEVEL,68926.72,5,-1,-1,0.02833356935488018
2024-04-06 23:00:00,LEVEL,69389.46,5,-1,1,0.026649816610657757
2024-04-06 23:00:00,CONTROL,69180.66445315877,7,-1,-1,0.026569626290219448
2024-04-06 17:00:00,CONTROL,68411.16409749234,5,-1,-1,0.026190164153753043
2024-04-07 19:00:00,LEVEL,68926.72,5,1,1,0.021307588658648624
2024-04-07 01:00:00,LEVEL,69389.46,5,-1,-1,0.025750466426997656
2024-04-07 16:00:00,LEVEL,70043.92499999999,4,-1,1,0.023576619087189422
2024-04-07 16:00:00,LEVEL,70387.05,4,-1,1,0.02369211414867109
2024-04-07 00:00:00,CONTROL,69142.28089050138,7,-1,-1,0.02670617261124048
2024-04-07 02:00:00,CONTROL,69769.79634090119,5,-1,1,0.02536507024436316
2024-04-07 01:00:00,CONTROL,69622.7508198824,4,-1,1,0.02583704077741209
2024-04-07 02:00:00,CONTROL,69690.20604673174,4,-1,1,0.025336134895426302
2024-04-07 02:00:00,CONTROL,69764.83942324755,3,-1,1,0.025363268138422282
2024-04-08 07:00:00,LEVEL,70388.63999999998,5,-1,-1,0.02140102499786222
2024-04-08 07:00:00,LEVEL,70658.76666666668,3,-1,-1,0.021483154550953787
2024-04-08 08:00:00,LEVEL,71222.09999999999,3,-1,-1,0.019039206054834355
2024-04-08 08:00:00,LEVEL,71612.95000000001,4,-1,-1,0.019143688703991465
2024-04-08 00:00:00,CONTROL,69171.35313621929,3,1,1,0.022338560676964114
2024-04-08 00:00:00,CONTROL,69167.53049162096,7,1,1,0.02233732617200744
2024-04-08 01:00:00,CONTROL,69658.31938639825,5,-1,-1,0.02264597759206699
2024-04-08 07:00:00,CONTROL,70882.0959653268,3,-1,-1,0.021551055790463174
2024-04-08 08:00:00,CONTROL,70980.22267577716,5,-1,-1,0.018974547020407254
2024-04-08 01:00:00,CONTROL,69625.15243076606,3,-1,-1,0.022635194987194237
2024-04-08 08:00:00,CONTROL,71919.90414566862,3,-1,-1,0.019225744178749584
2024-04-08 07:00:00,CONTROL,70897.08444424086,4,-1,-1,0.021555612900984414
2024-04-09 17:00:00,LEVEL,68299.59999999999,3,1,1,0.014561747206694613
2024-04-09 15:00:00,LEVEL,68618.97142857143,7,1,1,0.015241674549958263
2024-04-09 14:00:00,LEVEL,68919.15000000001,6,1,-1,0.015840296492084942
2024-04-09 14:00:00,LEVEL,69389.46,5,1,-1,0.015948391990116946
2024-04-09 08:00:00,LEVEL,69911.7,4,1,1,0.016760748293713528
2024-04-09 07:00:00,LEVEL,70388.63999999998,5,1,-1,0.016190717874625324
2024-04-09 06:00:00,LEVEL,70658.76666666668,3,1,-1,0.015921868963202378
2024-04-09 01:00:00,LEVEL,71235.575,4,1,-1,0.017191088989441893
2024-04-09 02:00:00,LEVEL,71612.95000000001,4,-1,1,0.01708642623341955
2024-04-09 14:00:00,CONTROL,69134.76886742926,3,1,-1,0.01588985407933561
2024-04-09 14:00:00,CONTROL,69166.62535350941,7,1,-1,0.015897175936681582
2024-04-09 08:00:00,CONTROL,69603.94043706864,6,1,1,0.01668696549957069
2024-04-09 08:00:00,CONTROL,70126.71888539071,5,1,1,0.016812297282172234
2024-04-09 14:00:00,CONTROL,69157.2624029332,4,1,-1,0.015895023967117707
2024-04-09 01:00:00,CONTROL,70922.46729049699,5,1,-1,0.017115527551251123
2024-04-09 08:00:00,CONTROL,69613.36939083404,3,1,1,0.016689226012771414
2024-04-10 12:00:00,LEVEL,67598.33333333333,3,1,1,0.01474266267739856
2024-04-10 12:00:00,LEVEL,67761.26666666666,3,1,1,0.014778197150717489
2024-04-10 12:00:00,LEVEL,68085.84,5,1,1,0.014848984031568776
2024-04-10 12:00:00,LEVEL,68278.7,4,1,1,0.014891045274557455
2024-04-10 02:00:00,LEVEL,68618.97142857143,7,1,-1,0.014237224182806754
2024-04-10 01:00:00,LEVEL,68919.15000000001,6,1,-1,0.014939088378142215
2024-04-10 05:00:00,LEVEL,69389.46,5,-1,1,0.014596015986537638
2024-04-10 02:00:00,LEVEL,69564.40000000001,3,-1,1,0.01443338390715166
2024-04-10 17:00:00,LEVEL,69911.7,4,-1,-1,0.01670430679170892
2024-04-10 22:00:00,LEVEL,70388.63999999998,5,-1,-1,0.014764072835961716
2024-04-10 22:00:00,LEVEL,70658.76666666668,3,-1,1,0.014820732117652663
2024-04-10 22:00:00,LEVEL,71138.2,3,-1,1,0.014921293637996302
2024-04-10 02:00:00,CONTROL,69177.86724708081,4,1,-1,0.014353185190342904
2024-04-10 02:00:00,CONTROL,69139.74059918577,4,1,-1,0.014345274584542208
2024-04-10 22:00:00,CONTROL,71388.27977866407,5,-1,1,0.014973748069094808
2024-04-10 22:00:00,CONTROL,70915.68631081928,4,-1,1,0.014874621215939805
2024-04-11 13:00:00,LEVEL,69911.7,4,1,1,0.014696111778964592
2024-04-11 00:00:00,LEVEL,70388.63999999998,5,1,1,0.014813690669577918
2024-04-11 04:00:00,LEVEL,70658.76666666668,3,1,-1,0.015835560691482488
2024-04-11 07:00:00,LEVEL,71138.2,3,-1,1,0.01553617427861645
2024-04-11 11:00:00,CONTROL,70153.4686345767,5,1,1,0.014764683032151163
2024-04-11 11:00:00,CONTROL,70130.37805052134,4,1,1,0.014759823327260726
2024-04-11 02:00:00,CONTROL,70895.049409501,4,-1,1,0.01588384255850801
2024-04-11 02:00:00,CONTROL,70884.2158064446,5,-1,1,0.015881415319275897
2024-04-12 18:00:00,LEVEL,65559.07999999999,5,1,1,0.013678178060309722
2024-04-12 18:00:00,LEVEL,66099.66666666667,3,1,1,0.013790965498505869
2024-04-12 18:00:00,LEVEL,66690.01999999999,5,1,1,0.013914136202119013
2024-04-12 18:00:00,LEVEL,66918.2,3,1,-1,0.01396174343928283
2024-04-12 17:00:00,LEVEL,67387.09999999999,3,1,-1,0.017229182080393767
2024-04-12 17:00:00,LEVEL,67585.3,4,1,-1,0.01727985682212229
2024-04-12 17:00:00,LEVEL,67761.26666666666,3,1,-1,0.01732484706120484
2024-04-12 17:00:00,LEVEL,68085.84,5,1,-1,0.017407832277343247
2024-04-12 17:00:00,LEVEL,68278.7,4,1,-1,0.01745714171573761
2024-04-12 17:00:00,LEVEL,68605.85,8,1,-1,0.017540785720563477
2024-04-12 16:00:00,LEVEL,68919.15000000001,6,1,-1,0.019823222535818977
2024-04-12 14:00:00,LEVEL,69389.46,5,1,-1,0.020649512419674377
2024-04-12 14:00:00,LEVEL,69587.16,5,1,-1,0.02070834568636026
2024-04-12 13:00:00,LEVEL,69911.7,4,1,-1,0.02095203416498094
2024-04-12 12:00:00,LEVEL,70388.63999999998,5,1,-1,0.020282901369641015
2024-04-12 02:00:00,LEVEL,70658.76666666668,3,-1,1,0.017559881126194762
2024-04-12 18:00:00,CONTROL,65183.119089348154,7,1,1,0.013599737968111786
2024-04-12 18:00:00,CONTROL,65116.6462668177,5,1,1,0.013585869147763132
2024-04-12 18:00:00,CONTROL,65337.54899295119,3,1,1,0.013631958062099053
2024-04-12 18:00:00,CONTROL,65773.58716325035,5,1,1,0.013722932611077526
2024-04-12 18:00:00,CONTROL,66409.50051917975,3,1,1,0.01385560891027714
2024-04-12 18:00:00,CONTROL,66479.19608534226,3,1,1,0.013870150120495235
2024-04-12 18:00:00,CONTROL,67135.24477307714,4,1,-1,0.014007027434317669
2024-04-12 18:00:00,CONTROL,67169.63224630759,3,1,-1,0.014014202000859639
2024-04-12 18:00:00,CONTROL,67130.02731484667,5,1,-1,0.01400593886927529
2024-04-12 16:00:00,CONTROL,69140.81938476407,4,1,-1,0.01988698132482836
2024-04-12 16:00:00,CONTROL,69180.3035714062,8,1,-1,0.019898338165683954
2024-04-12 13:00:00,CONTROL,70143.74110141527,5,1,-1,0.021021575215828404
2024-04-12 03:00:00,CONTROL,70918.30475658015,4,-1,1,0.017452383258177346
2024-04-12 01:00:00,CONTROL,70159.40379642165,3,1,1,0.01745869529519422
2024-04-13 20:00:00,LEVEL,62305.979999999996,5,1,1,0.009482053359965758
2024-04-13 19:00:00,LEVEL,64575.700000000004,7,1,-1,0.012459361000403981
2024-04-13 19:00:00,LEVEL,65074.36666666667,3,1,-1,0.01255557471576236
2024-04-13 19:00:00,LEVEL,65559.07999999999,5,1,-1,0.012649096247882166
2024-04-13 01:00:00,LEVEL,66099.66666666667,3,1,1,0.012180341210976518
2024-04-13 01:00:00,LEVEL,66690.01999999999,5,1,1,0.012289127009720392
2024-04-13 00:00:00,LEVEL,66918.2,3,1,-1,0.013044562893292507
2024-04-13 04:00:00,LEVEL,67387.09999999999,3,-1,1,0.01178959246826241
2024-04-13 04:00:00,LEVEL,67585.3,4,-1,1,0.011824268203339445
2024-04-13 04:00:00,LEVEL,67761.26666666666,3,-1,1,0.011855054144387487
2024-04-13 20:00:00,CONTROL,61879.79644115529,5,1,1,0.00941719449335126
2024-04-13 19:00:00,CONTROL,63943.860547021286,7,1,-1,0.012337452668957949
2024-04-13 01:00:00,CONTROL,65866.64554226445,3,1,1,0.01213740185972536
2024-04-13 19:00:00,CONTROL,64834.11332503684,5,1,-1,0.012509219769320908
2024-04-13 19:00:00,CONTROL,65352.001589765365,3,1,-1,0.012609142137148519
2024-04-13 01:00:00,CONTROL,65882.41033369357,5,1,1,0.012140306874960835
2024-04-13 01:00:00,CONTROL,66402.56967339286,3,1,1,0.012236157861223203
2024-04-13 01:00:00,CONTROL,66455.94613677678,3,1,1,0.012245993667807976
2024-04-13 03:00:00,CONTROL,67168.09595213975,4,-1,1,0.012085075795138013
2024-04-13 03:00:00,CONTROL,67132.53172197634,3,-1,1,0.01207867697720179
2024-04-14 03:00:00,LEVEL,62305.979999999996,5,1,1,0.007364038604305863
2024-04-14 06:00:00,LEVEL,64575.700000000004,7,-1,1,0.007552547824243619
2024-04-14 22:00:00,LEVEL,65074.36666666667,3,-1,-1,0.009486664297710919
2024-04-14 23:00:00,LEVEL,65559.07999999999,5,-1,-1,0.010096399949948496
2024-04-14 00:00:00,CONTROL,64070.97346162554,7,-1,1,0.007743944095256869
2024-04-14 00:00:00,CONTROL,64168.69259021164,3,-1,1,0.007755754926713352
2024-04-14 22:00:00,CONTROL,65282.29859096055,4,-1,-1,0.009516977007055557
2024-04-14 23:00:00,CONTROL,65782.43646411723,5,-1,1,0.010130797873060505
2024-04-15 19:00:00,LEVEL,62305.979999999996,5,1,1,0.010159964125560523
2024-04-15 14:00:00,LEVEL,64575.700000000004,7,1,-1,0.011061863109321954
2024-04-15 01:00:00,LEVEL,65074.36666666667,3,1,1,0.01051606024337731
2024-04-15 14:00:00,LEVEL,65559.07999999999,5,1,-1,0.011230316799246258
2024-04-15 06:00:00,LEVEL,66066.25,4,-1,1,0.011494405358676837
2024-04-15 09:00:00,LEVEL,66690.01999999999,5,-1,1,0.011814521457991911
2024-04-15 17:00:00,CONTROL,63669.52807352163,7,1,-1,0.010849196721705525
2024-04-15 14:00:00,CONTROL,64166.720808435864,3,1,-1,0.01099180468437815
2024-04-15 04:00:00,CONTROL,64772.75202075307,5,1,1,0.01160321139684548
2024-04-15 00:00:00,CONTROL,65272.51393138253,4,1,1,0.01047009156066969
2024-04-15 00:00:00,CONTROL,65795.2085932678,5,-1,1,0.01055393483004285
2024-04-15 06:00:00,CONTROL,66273.57892119592,3,-1,1,0.011530477069464163
2024-04-16 04:00:00,LEVEL,62305.979999999996,5,1,1,0.009710606124069137
2024-04-16 10:00:00,CONTROL,61548.12109904687,5,1,1,0.009189715729607596
2024-04-16 21:00:00,CONTROL,63902.946442800196,8,-1,1,0.01024973703263347
2024-04-16 21:00:00,CONTROL,64149.73376933911,3,-1,1,0.010289320578319815
2024-04-17 14:00:00,LEVEL,61614.45,4,1,-1,0.011922228604945056
2024-04-17 12:00:00,LEVEL,62160.46666666667,3,1,-1,0.012416495111349691
2024-04-17 12:00:00,LEVEL,62305.979999999996,5,1,-1,0.012445561263662513
2024-04-17 01:00:00,LEVEL,63716.333333333336,3,1,-1,0.010725865449023457
2024-04-17 14:00:00,CONTROL,60979.6900943293,4,1,-1,0.011799404288495597
2024-04-17 10:00:00,CONTROL,62762.40135039937,3,1,-1,0.012452934623929823
2024-04-17 07:00:00,CONTROL,63227.29351149255,5,1,-1,0.011545398683943959
2024-04-17 05:00:00,CONTROL,64284.78545675779,3,-1,1,0.01152999840044081
2024-04-17 00:00:00,CONTROL,63918.27131715787,8,-1,1,0.010558404520671742
2024-04-17 00:00:00,CONTROL,64168.38509374799,3,-1,1,0.010599719818708008
2024-04-18 04:00:00,LEVEL,61614.45,4,1,1,0.01060871979467644
2024-04-18 03:00:00,LEVEL,62160.46666666667,3,-1,1,0.010670752284391042
2024-04-18 11:00:00,LEVEL,62305.979999999996,5,-1,-1,0.010244797985766774
2024-04-18 14:00:00,LEVEL,63716.333333333336,3,-1,1,0.010521353981220128
2024-04-18 00:00:00,CONTROL,60983.13630504359,4,1,1,0.010437068050966421
2024-04-18 05:00:00,CONTROL,61263.60999785448,3,1,1,0.01045705037968446
2024-04-18 11:00:00,CONTROL,62892.647745566006,5,-1,1,0.010341262121923352
2024-04-18 15:00:00,CONTROL,63962.609537755554,8,-1,1,0.011202471157616871
2024-04-19 01:00:00,LEVEL,61614.45,4,1,-1,0.010809730423197751
2024-04-19 01:00:00,LEVEL,62169.05,4,1,-1,0.010907030269138201
2024-04-19 01:00:00,LEVEL,62305.979999999996,5,1,-1,0.0109310534712742
2024-04-19 06:00:00,LEVEL,63716.333333333336,3,-1,-1,0.008799724935225989
2024-04-19 06:00:00,LEVEL,64392.225000000006,4,-1,1,0.008893070870899387
2024-04-19 06:00:00,LEVEL,64584.8875,8,-1,1,0.008919679071915342
2024-04-19 07:00:00,LEVEL,65074.36666666667,3,-1,1,0.008764667126847035
2024-04-19 01:00:00,CONTROL,60797.60886012375,4,1,-1,0.010666422603025052
2024-04-19 01:00:00,CONTROL,62555.58311641855,4,1,-1,0.010974844211940954
2024-04-19 00:00:00,CONTROL,63159.99062779174,5,1,-1,0.012355769454687004
2024-04-19 00:00:00,CONTROL,63118.29482106665,3,1,-1,0.012347612648930676
2024-04-19 11:00:00,CONTROL,65273.037685478754,4,-1,1,0.00869416017721552
2024-04-19 06:00:00,CONTROL,64053.236911729306,8,-1,0,0.008846253959488388
2024-04-19 06:00:00,CONTROL,64852.909291914286,3,-1,1,0.00895669498168456
2024-04-19 11:00:00,CONTROL,65309.43352480059,4,-1,1,0.008699007986786954
2024-04-20 02:00:00,LEVEL,63812.675,4,-1,-1,0.009833171694796902
2024-04-20 15:00:00,LEVEL,64392.225000000006,4,-1,-1,0.01579051136842589
2024-04-20 15:00:00,LEVEL,64584.8875,8,-1,-1,0.015837756814541772
2024-04-20 17:00:00,LEVEL,65074.36666666667,3,-1,1,0.016922212109391932
2024-04-20 00:00:00,CONTROL,63523.641524668965,4,1,1,0.008639513310564187
2024-04-20 00:00:00,CONTROL,64061.80238299075,8,-1,0,0.008712705712433813
2024-04-20 17:00:00,CONTROL,65288.629366201094,4,-1,1,0.016977929883292445
2024-04-21 16:00:00,LEVEL,64392.225000000006,4,1,1,0.02209445749026918
2024-04-21 00:00:00,LEVEL,64584.8875,8,1,1,0.020382823610631703
2024-04-21 01:00:00,LEVEL,65074.36666666667,3,-1,1,0.021238153712259532
2024-04-21 03:00:00,LEVEL,65493.219999999994,5,-1,1,0.020829934601546515
2024-04-21 03:00:00,LEVEL,65654.63333333333,3,-1,1,0.02088127165868237
2024-04-21 02:00:00,CONTROL,65286.989216691574,8,-1,1,0.02153642164930501
2024-04-22 01:00:00,LEVEL,64576.911111111105,9,1,1,0.020427448874126914
2024-04-22 02:00:00,LEVEL,64789.96666666667,3,-1,-1,0.020699463197585196
2024-04-22 00:00:00,LEVEL,65074.36666666667,3,-1,1,0.02211697697718955
2024-04-22 01:00:00,LEVEL,65481.85,6,-1,1,0.02071370587479362
2024-04-22 03:00:00,LEVEL,65660.65,4,-1,-1,0.019517535809166375
2024-04-22 03:00:00,LEVEL,65870.53333333334,3,-1,-1,0.01957992333463377
2024-04-22 03:00:00,LEVEL,66099.66666666667,3,-1,-1,0.0196480328955109
2024-04-22 17:00:00,LEVEL,66690.01999999999,5,-1,1,0.017810126852717358
2024-04-22 22:00:00,LEVEL,66907.375,4,-1,1,0.01776012210397095
2024-04-22 07:00:00,CONTROL,66440.02630239881,6,-1,1,0.01853827704930646
2024-04-22 07:00:00,CONTROL,66429.30679788077,4,-1,1,0.018535286063967562
2024-04-22 05:00:00,CONTROL,66367.61123335449,3,-1,1,0.01890007439366494
2024-04-22 22:00:00,CONTROL,67171.23647658149,5,-1,1,0.01783016239538309
2024-04-22 05:00:00,CONTROL,66376.03478477492,4,-1,1,0.01890247324071618
2024-04-22 05:00:00,CONTROL,66377.81810211236,3,-1,1,0.018902981091303516
2024-04-22 22:00:00,CONTROL,67163.40011767768,3,-1,1,0.01782808228551505
2024-04-22 22:00:00,CONTROL,67141.98742568186,6,-1,1,0.017822398427428846
2024-04-23 11:00:00,LEVEL,65870.53333333334,3,1,1,0.02053360869198149
2024-04-23 07:00:00,LEVEL,66099.66666666667,3,1,1,0.02056696874230236
2024-04-23 03:00:00,LEVEL,66400.26666666666,3,1,1,0.02018168509301833
2024-04-23 14:00:00,LEVEL,66690.01999999999,5,-1,1,0.020469619398403943
2024-04-23 14:00:00,LEVEL,66907.375,4,-1,1,0.020536333640270122
2024-04-23 01:00:00,CONTROL,67142.74858788177,5,-1,1,0.018589122482845298
2024-04-24 19:00:00,LEVEL,63812.675,4,1,1,0.018692153344806135
2024-04-24 18:00:00,LEVEL,64186.06666666667,3,1,-1,0.019450139045400484
2024-04-24 16:00:00,LEVEL,64407.880000000005,5,1,1,0.020805258822579373
2024-04-24 15:00:00,LEVEL,64576.911111111105,9,1,-1,0.02120034425487629
2024-04-24 14:00:00,LEVEL,64789.96666666667,3,1,-1,0.02152177770396054
2024-04-24 14:00:00,LEVEL,65074.36666666667,3,1,-1,0.02161624902249813
2024-04-24 14:00:00,LEVEL,65481.85,6,1,-1,0.02175160587123966
2024-04-24 14:00:00,LEVEL,65656.28571428571,7,1,-1,0.021809549513745346
2024-04-24 13:00:00,LEVEL,65870.53333333334,3,1,-1,0.02371336235829707
2024-04-24 13:00:00,LEVEL,66099.66666666667,3,1,-1,0.0237958502551872
2024-04-24 12:00:00,LEVEL,66400.26666666666,3,1,-1,0.023860044393039383
2024-04-24 00:00:00,LEVEL,66690.01999999999,5,-1,1,0.022540644929602723
2024-04-24 04:00:00,LEVEL,66907.375,4,-1,1,0.02328630470721299
2024-04-24 14:00:00,CONTROL,65281.69495751188,5,1,-1,0.021685118843195354
2024-04-24 20:00:00,CONTROL,63609.11989875782,9,1,1,0.018435923129095026
2024-04-25 07:00:00,LEVEL,63812.675,4,1,-1,0.01632311689142202
2024-04-25 01:00:00,LEVEL,64186.06666666667,3,1,-1,0.01669759231709337
2024-04-25 00:00:00,LEVEL,64407.880000000005,5,-1,1,0.017302754098911192
2024-04-25 00:00:00,LEVEL,64576.911111111105,9,-1,1,0.0173481631971554
2024-04-25 17:00:00,LEVEL,64789.96666666667,3,-1,1,0.014929961281898031
2024-04-25 21:00:00,LEVEL,65074.36666666667,3,-1,1,0.01589821298600827
2024-04-25 13:00:00,CONTROL,62818.27088891028,4,1,1,0.013929917941923328
2024-04-25 13:00:00,CONTROL,62818.66640421826,5,1,1,0.013930005647231146
2024-04-25 10:00:00,CONTROL,63429.76147174022,4,1,1,0.01546572261239306
2024-04-25 10:00:00,CONTROL,63383.73448799143,3,1,1,0.01545450011136472
2024-04-25 10:00:00,CONTROL,63463.788537958906,5,1,1,0.015474019240903733
2024-04-25 10:00:00,CONTROL,63617.24551929063,9,1,-1,0.015511435795075532
2024-04-26 15:00:00,LEVEL,63550.799999999996,3,1,-1,0.01792435481596389
2024-04-26 13:00:00,LEVEL,63812.675,4,1,1,0.018129244646471813
2024-04-26 00:00:00,LEVEL,64186.06666666667,3,1,-1,0.016370864417947256
2024-04-26 05:00:00,LEVEL,64407.880000000005,5,-1,1,0.016372499980140617
2024-04-26 01:00:00,LEVEL,64576.911111111105,9,-1,1,0.016239380397293175
2024-04-26 14:00:00,LEVEL,64770.875,4,-1,1,0.01782817526535808
2024-04-26 16:00:00,CONTROL,63324.84003398293,3,1,1,0.018004876905536826
2024-04-27 01:00:00,LEVEL,62628.6,3,1,1,0.017522012292681213
2024-04-27 00:00:00,LEVEL,63244.833333333336,3,1,-1,0.017887405024320242
2024-04-27 00:00:00,LEVEL,63550.799999999996,3,1,-1,0.017973940941993744
2024-04-27 00:00:00,CONTROL,62956.28463541373,5,1,1,0.01780579539461776
2024-04-27 00:00:00,CONTROL,62854.48439242693,3,1,1,0.01777700344305578
2024-04-27 00:00:00,CONTROL,62960.32033032478,3,1,1,0.017806936801838303
2024-04-27 00:00:00,CONTROL,62991.423868645106,5,1,1,0.017815733751064065
2024-04-28 10:00:00,LEVEL,63244.833333333336,3,1,1,0.024087821405475704
2024-04-28 00:00:00,LEVEL,63569.2,4,-1,-1,0.022168374708485
2024-04-28 02:00:00,LEVEL,63818.94,5,-1,-1,0.02515217971771313
2024-04-28 03:00:00,LEVEL,64186.06666666667,3,-1,1,0.025007050993283396
2024-04-28 22:00:00,CONTROL,62845.23519934396,4,1,1,0.026887818894282996
2024-04-28 22:00:00,CONTROL,62903.88631094336,5,1,-1,0.026912912291763822
2024-04-29 03:00:00,LEVEL,62169.05,4,1,1,0.024270564122584354
2024-04-29 03:00:00,LEVEL,62310.44999999999,6,1,-1,0.024325766152644857
2024-04-29 02:00:00,LEVEL,62647.2,5,1,-1,0.0252076048687254
2024-04-29 00:00:00,LEVEL,63241.3,4,-1,1,0.026513489152080436
2024-04-29 22:00:00,LEVEL,63569.2,4,-1,-1,0.016793091947760318
2024-04-29 22:00:00,LEVEL,63818.94,5,-1,-1,0.01685906582792609
2024-04-29 13:00:00,CONTROL,61801.81000180461,6,1,1,0.01934726342517286
2024-04-29 02:00:00,CONTROL,63046.80853665165,5,1,-1,0.025368396956705144
2024-04-29 23:00:00,CONTROL,64064.97277939078,4,-1,1,0.016956255615533843
2024-04-29 23:00:00,CONTROL,64030.2737367012,4,-1,1,0.016947071722808484
2024-04-29 02:00:00,CONTROL,63041.33394562079,5,1,-1,0.025366194123577344
2024-04-29 23:00:00,CONTROL,64031.478925652445,10,-1,1,0.016947390703540635
2024-04-29 23:00:00,CONTROL,64072.286079299476,6,-1,1,0.01695819124708514
2024-04-30 19:00:00,LEVEL,59606.166666666664,3,1,1,0.01205413011788299
2024-04-30 09:00:00,LEVEL,61614.45,4,1,-1,0.014085315045006415
2024-04-30 08:00:00,LEVEL,62169.05,4,1,-1,0.014488348347910934
2024-04-30 08:00:00,LEVEL,62310.44999999999,6,1,-1,0.014521301279577003
2024-04-30 08:00:00,LEVEL,62647.2,5,1,-1,0.014599780061320638
2024-04-30 02:00:00,LEVEL,63241.3,4,1,-1,0.014842544702448186
2024-04-30 01:00:00,LEVEL,63569.2,4,1,-1,0.014974966320919311
2024-04-30 01:00:00,LEVEL,63818.94,5,1,-1,0.015033797454376812
2024-04-30 00:00:00,LEVEL,64292.9,5,-1,1,0.01610102442498375
2024-04-30 00:00:00,LEVEL,64529.11,10,-1,1,0.016160179059156815
2024-04-30 12:00:00,CONTROL,60832.5442872178,4,1,-1,0.013374842263155504
2024-04-30 11:00:00,CONTROL,61367.30467776686,4,1,-1,0.013461709177516249
2024-04-30 08:00:00,CONTROL,62845.60293516169,6,1,-1,0.01464601739063274
2024-04-30 00:00:00,CONTROL,64024.951178576965,4,-1,1,0.0160339213619958
2024-04-30 08:00:00,CONTROL,62837.30574099901,4,1,-1,0.014644083749386185
2024-04-30 08:00:00,CONTROL,62917.66252456452,5,1,-1,0.014662810705522958
2024-04-30 00:00:00,CONTROL,64052.43854741512,10,-1,1,0.016040805089390923
2024-05-01 02:00:00,LEVEL,59606.166666666664,3,1,-1,0.012159638240587863
2024-05-01 07:00:00,CONTROL,58955.334300833405,3,1,-1,0.01035899987165902
2024-05-03 13:00:00,LEVEL,61665.75,4,-1,-1,0.014110247481211891
2024-05-03 20:00:00,LEVEL,62258.637500000004,8,-1,-1,0.013757389773158853
2024-05-03 20:00:00,LEVEL,62687.2,5,-1,-1,0.013852089907813411
2024-05-03 23:00:00,LEVEL,63241.3,4,-1,-1,0.01407835711353975
2024-05-03 13:00:00,CONTROL,61177.84354981843,4,-1,-1,0.013998605593133965
2024-05-03 20:00:00,CONTROL,62964.925458432495,8,-1,-1,0.013913459342401263
2024-05-03 14:00:00,CONTROL,62055.387699135834,5,-1,-1,0.014355534717283193
2024-05-03 20:00:00,CONTROL,62495.75575071907,4,-1,-1,0.013809786168718774
2024-05-03 20:00:00,CONTROL,63012.06304730526,4,-1,-1,0.013923875410100938
2024-05-03 20:00:00,CONTROL,63022.95765420119,5,-1,-1,0.013926282808648532
2024-05-04 02:00:00,LEVEL,62687.2,5,1,1,0.013904803626634122
2024-05-04 01:00:00,LEVEL,63241.3,4,-1,-1,0.013747921903235
2024-05-04 10:00:00,LEVEL,63569.2,4,-1,-1,0.013182135358614785
2024-05-04 10:00:00,LEVEL,63818.94,5,-1,1,0.013233923118795196
2024-05-04 10:00:00,LEVEL,64292.9,5,-1,1,0.013332206640918632
2024-05-04 11:00:00,LEVEL,64529.11,10,-1,1,0.013083180870678127
2024-05-04 00:00:00,CONTROL,63034.0165013583,4,-1,-1,0.013957544687394225
2024-05-04 00:00:00,CONTROL,63051.26721892255,5,-1,-1,0.013961364492551134
2024-05-04 10:00:00,CONTROL,64047.69433755164,7,-1,1,0.013281359151362476
2024-05-05 01:00:00,LEVEL,63248.66000000001,5,1,1,0.016900674037208976
2024-05-05 00:00:00,LEVEL,63566.46,5,1,1,0.016910049130857654
2024-05-05 07:00:00,LEVEL,63818.94,5,-1,-1,0.017491529883344445
2024-05-05 15:00:00,LEVEL,64292.9,5,-1,1,0.020272279208174412
2024-05-05 15:00:00,LEVEL,64530.818181818184,11,-1,1,0.020347297504292945
2024-05-05 01:00:00,CONTROL,62926.53718030455,9,1,1,0.01681459960060242
2024-05-05 00:00:00,CONTROL,64038.92334925274,5,-1,1,0.0170357345701348
2024-05-05 01:00:00,CONTROL,63045.51447307476,5,1,1,0.01684639152224849
2024-05-05 00:00:00,CONTROL,64011.582567910365,7,-1,1,0.017028461332710923
2024-05-06 19:00:00,LEVEL,62687.2,5,1,1,0.015045078450784519
2024-05-06 14:00:00,LEVEL,63248.66000000001,5,1,1,0.016899545105373903
2024-05-06 12:00:00,LEVEL,63566.46,5,1,-1,0.01771702191408562
2024-05-06 02:00:00,LEVEL,63837.850000000006,6,1,1,0.02313096529468373
2024-05-06 00:00:00,LEVEL,64277.23333333333,6,-1,1,0.022794860769406892
2024-05-06 07:00:00,LEVEL,64530.818181818184,11,-1,-1,0.023394505164025216
2024-05-06 08:00:00,LEVEL,64700.4375,8,-1,-1,0.021767939188123562
2024-05-06 08:00:00,LEVEL,65157.53333333333,3,-1,1,0.02192172538629486
2024-05-06 08:00:00,LEVEL,65481.85,6,-1,1,0.022030839107167223
2024-05-06 04:00:00,CONTROL,64072.26470534294,5,-1,-1,0.02270682175725089
2024-05-06 15:00:00,CONTROL,62915.3133676751,5,1,1,0.016557886914044657
2024-05-06 15:00:00,CONTROL,62970.91382849391,6,1,1,0.016572519697278628
2024-05-06 08:00:00,CONTROL,64939.07668966603,6,-1,1,0.021848227414436608
2024-05-06 04:00:00,CONTROL,64057.64344307174,8,-1,-1,0.022701640070638362
2024-05-06 08:00:00,CONTROL,64912.96210054975,7,-1,1,0.021839441372026834
2024-05-07 23:00:00,LEVEL,62256.52222222223,9,1,-1,0.0158572417586888
2024-05-07 23:00:00,LEVEL,62687.2,5,1,-1,0.01596693888597034
2024-05-07 03:00:00,LEVEL,63248.66000000001,5,1,1,0.014114164812864826
2024-05-07 00:00:00,LEVEL,63574.08571428572,7,-1,1,0.014869826790465352
2024-05-07 01:00:00,LEVEL,63837.850000000006,6,-1,1,0.014839648697142964
2024-05-07 08:00:00,LEVEL,64277.23333333333,6,-1,1,0.014615728463488034
2024-05-07 00:00:00,CONTROL,62943.70775013816,7,1,1,0.014722382890422065
2024-05-07 03:00:00,CONTROL,62910.80677933347,6,1,1,0.014038771657673164
2024-05-07 08:00:00,CONTROL,64078.511219137035,11,-1,1,0.01457054188170532
2024-05-07 08:00:00,CONTROL,64070.13991341388,8,-1,1,0.01456863836587258
2024-05-08 20:00:00,LEVEL,61665.75,4,1,-1,0.01682070341135753
2024-05-08 06:00:00,LEVEL,62256.52222222223,9,1,-1,0.01628100349049644
2024-05-08 02:00:00,LEVEL,62681.88333333333,6,-1,1,0.016356284741192533
2024-05-08 13:00:00,CONTROL,61973.21649392604,3,1,1,0.017036724921872352
2024-05-09 05:00:00,LEVEL,61679.94,5,-1,1,0.018541993085825926
2024-05-09 15:00:00,LEVEL,62000.23333333334,3,-1,-1,0.01822196424197894
2024-05-09 15:00:00,LEVEL,62256.52222222223,9,-1,-1,0.018297287941872808
2024-05-09 22:00:00,LEVEL,62698.75714285714,7,-1,-1,0.017810723828630786
2024-05-09 22:00:00,LEVEL,62849.53333333333,3,-1,1,0.017853554551453342
2024-05-09 22:00:00,LEVEL,63248.66000000001,5,-1,1,0.01796693374996672
2024-05-09 10:00:00,CONTROL,60897.10865135009,5,1,1,0.01837345939452958
2024-05-09 07:00:00,CONTROL,61124.35099279557,3,1,1,0.018973326786717155
2024-05-09 03:00:00,CONTROL,61465.2998437319,9,1,-1,0.017657210013191305
2024-05-09 16:00:00,CONTROL,62493.884573636424,5,-1,1,0.017723733571649577
2024-05-10 14:00:00,LEVEL,60802.46666666667,3,1,0,0.01561577673084692
2024-05-10 14:00:00,LEVEL,61696.450000000004,6,1,-1,0.015845376694462954
2024-05-10 14:00:00,LEVEL,62000.23333333334,3,1,-1,0.015923396764502093
2024-05-10 14:00:00,LEVEL,62256.52222222223,9,1,-1,0.01598921893072154
2024-05-10 05:00:00,LEVEL,62698.75714285714,7,1,1,0.01784716310028937
2024-05-10 00:00:00,LEVEL,62849.53333333333,3,1,-1,0.01768214686583262
2024-05-10 11:00:00,LEVEL,63248.66000000001,5,-1,1,0.018590927728992918
2024-05-10 14:00:00,CONTROL,61221.42091953395,3,1,-1,0.015723375919364728
2024-05-10 14:00:00,CONTROL,61138.663018232255,6,1,-1,0.015702121371970697
2024-05-10 14:00:00,CONTROL,62470.46132503817,3,1,-1,0.016044164485511065
2024-05-10 14:00:00,CONTROL,61440.4685471972,9,1,-1,0.01577963348644278
2024-05-10 14:00:00,CONTROL,62465.93691264604,3,1,-1,0.016043002489664067
2024-05-10 14:00:00,CONTROL,62458.910619300834,5,1,-1,0.01604119794070184
2024-05-10 06:00:00,CONTROL,63056.736469037336,7,-1,1,0.01760669750018932
2024-05-11 08:00:00,LEVEL,60802.46666666667,3,1,0,0.01682807563793197
2024-05-11 15:00:00,CONTROL,61323.41956842705,3,-1,1,0.022609275136411106
2024-05-11 15:00:00,CONTROL,61286.43104264598,6,-1,1,0.02259563787087438
2024-05-11 15:00:00,CONTROL,61490.96896935696,3,-1,1,0.022671048770876126
2024-05-11 15:00:00,CONTROL,61441.788322371765,9,-1,1,0.022652916403390747
2024-05-12 10:00:00,LEVEL,61114.200000000004,3,-1,-1,0.030857965160313063
2024-05-12 15:00:00,LEVEL,61450.63333333333,3,-1,-1,0.0344768263319073
2024-05-12 16:00:00,LEVEL,61696.450000000004,6,-1,1,0.033417169939065634
2024-05-13 03:00:00,LEVEL,60781.925,4,1,1,0.0267162287268382
2024-05-13 02:00:00,LEVEL,61109.9,4,1,1,0.028019612844062996
2024-05-13 06:00:00,LEVEL,61450.63333333333,3,-1,-1,0.02422415820768046
2024-05-13 00:00:00,LEVEL,61696.450000000004,6,-1,1,0.030704776124045437
2024-05-13 07:00:00,LEVEL,62145.659999999996,5,-1,-1,0.022867636263281373
2024-05-13 07:00:00,LEVEL,62300.74285714285,7,-1,-1,0.022924701847069736
2024-05-13 08:00:00,LEVEL,62648.549999999996,6,-1,-1,0.021850175476839255
2024-05-13 08:00:00,LEVEL,62819.719999999994,5,-1,-1,0.021909875095367865
2024-05-13 09:00:00,LEVEL,63248.66000000001,5,-1,1,0.021114117966158287
2024-05-13 07:00:00,CONTROL,61946.354306250374,4,-1,-1,0.022794298075065698
2024-05-13 07:00:00,CONTROL,61911.06638087754,3,-1,-1,0.022781313235224723
2024-05-13 08:00:00,CONTROL,63034.530694698085,5,-1,1,0.021984795446652213
2024-05-13 08:00:00,CONTROL,63041.37208317015,7,-1,1,0.021987181543993966
2024-05-13 08:00:00,CONTROL,63050.20536937242,6,-1,1,0.021990262363159884
2024-05-13 07:00:00,CONTROL,61907.72610311703,5,-1,-1,0.022780084118712875
2024-05-14 12:00:00,LEVEL,61109.9,4,1,1,0.01970611685511014
2024-05-14 06:00:00,LEVEL,61450.63333333333,3,1,1,0.01747307860908713
2024-05-14 06:00:00,LEVEL,61709.47142857143,7,1,-1,0.01754667749879407
2024-05-14 06:00:00,LEVEL,62145.659999999996,5,1,-1,0.017670704816065388
2024-05-14 06:00:00,LEVEL,62300.74285714285,7,1,-1,0.017714801594353742
2024-05-14 01:00:00,LEVEL,62633.07142857143,7,1,-1,0.017998332277108856
2024-05-14 06:00:00,CONTROL,61923.148128722896,3,1,-1,0.01760743504637579
2024-05-14 00:00:00,CONTROL,63051.457486855514,7,-1,1,0.018248346142388974
2024-05-14 00:00:00,CONTROL,63047.554645520475,7,-1,1,0.01824721658246349
2024-05-14 06:00:00,CONTROL,61921.3962641696,5,1,-1,0.01760693691534944
2024-05-15 01:00:00,LEVEL,61567.3,4,-1,-1,0.019124548375510846
2024-05-15 00:00:00,LEVEL,61759.81666666667,6,-1,-1,0.01895326818383795
2024-05-15 05:00:00,LEVEL,62000.23333333334,3,-1,-1,0.019724685257907923
2024-05-15 09:00:00,LEVEL,62260.46000000001,10,-1,-1,0.020598142343162002
2024-05-15 09:00:00,LEVEL,62500.76666666666,3,-1,-1,0.020677644982975626
2024-05-15 09:00:00,LEVEL,62698.75714285714,7,-1,-1,0.02074314780790114
2024-05-15 09:00:00,LEVEL,62849.53333333333,3,-1,1,0.020793030340625573
2024-05-15 12:00:00,LEVEL,63255.43333333334,6,-1,-1,0.01832544670475089
2024-05-15 12:00:00,LEVEL,63520.700000000004,9,-1,-1,0.01840229591605785
2024-05-15 12:00:00,LEVEL,63776.219999999994,5,-1,-1,0.0184763214644613
2024-05-15 12:00:00,LEVEL,63933.975,4,-1,-1,0.01852202395502324
2024-05-15 12:00:00,LEVEL,64189.274999999994,4,-1,-1,0.018595985768217513
2024-05-15 13:00:00,LEVEL,64387.7,8,-1,-1,0.017830217122285986
2024-05-15 13:00:00,LEVEL,64580.4,11,-1,-1,0.017883579532178943
2024-05-15 15:00:00,LEVEL,64761.1,6,-1,-1,0.018477764502380666
2024-05-15 16:00:00,LEVEL,65074.36666666667,3,-1,-1,0.01885547436443045
2024-05-15 18:00:00,LEVEL,65386.675,4,-1,-1,0.017924132436715652
2024-05-15 18:00:00,LEVEL,65565.7125,8,-1,-1,0.01797321111920162
2024-05-15 18:00:00,LEVEL,65765.78,5,-1,-1,0.018028054653702844
2024-05-15 19:00:00,LEVEL,66015.175,4,-1,-1,0.016899208831646736
2024-05-15 23:00:00,LEVEL,66400.26666666666,3,-1,1,0.015969280102613427
2024-05-15 12:00:00,CONTROL,63056.63772311868,3,-1,-1,0.01826785452384004
2024-05-15 12:00:00,CONTROL,63048.73888923596,9,-1,-1,0.018265566188250204
2024-05-15 12:00:00,CONTROL,63063.367369372674,5,-1,-1,0.018269804139347687
2024-05-16 17:00:00,LEVEL,64580.4,11,1,1,0.01658552339066294
2024-05-16 17:00:00,LEVEL,64761.1,6,1,1,0.01663193072286734
2024-05-16 15:00:00,LEVEL,65386.675,4,1,-1,0.017873147230669295
2024-05-16 14:00:00,LEVEL,65565.7125,8,1,-1,0.01760699881674676
2024-05-16 02:00:00,LEVEL,65765.78,5,1,1,0.015301818181818163
2024-05-16 00:00:00,LEVEL,66015.175,4,1,-1,0.015544640833566341
2024-05-16 00:00:00,LEVEL,66400.26666666666,3,-1,1,0.015635318645847118
2024-05-16 12:00:00,LEVEL,66690.01999999999,5,-1,1,0.01763411535283421
2024-05-17 01:00:00,LEVEL,65074.36666666667,3,1,1,0.020157784145176622
2024-05-17 00:00:00,LEVEL,65386.675,4,-1,-1,0.020355016829775984
2024-05-17 03:00:00,LEVEL,65573.18888888888,9,-1,-1,0.01991158008829164
2024-05-17 03:00:00,LEVEL,65765.78,5,-1,-1,0.019970061205317687
2024-05-17 06:00:00,LEVEL,66015.175,4,-1,-1,0.019247458862547112
2024-05-17 07:00:00,LEVEL,66400.26666666666,3,-1,-1,0.01895779421430331
2024-05-17 14:00:00,LEVEL,66699.15714285713,7,-1,-1,0.019674360774037197
2024-05-17 16:00:00,LEVEL,66907.375,4,1,-1,0.019717422135450233
2024-05-17 15:00:00,LEVEL,67129.96666666666,3,-1,1,0.019207601403207573
2024-05-17 15:00:00,LEVEL,67387.09999999999,3,-1,1,0.019281173830238092
2024-05-18 00:00:00,LEVEL,66699.15714285713,7,1,0,0.02020995197965563
2024-05-18 12:00:00,LEVEL,66907.375,4,1,1,0.024872919062721387
2024-05-18 07:00:00,LEVEL,67129.96666666666,3,-1,1,0.023195004301052004
2024-05-19 19:00:00,LEVEL,66015.175,4,1,1,0.028502038668591453
2024-05-19 19:00:00,LEVEL,66426.0,4,1,-1,0.028679412280583304
2024-05-19 16:00:00,LEVEL,66699.275,8,1,-1,0.03219562554680647
2024-05-19 06:00:00,LEVEL,66907.375,4,1,1,0.03754490933959925
2024-05-19 02:00:00,LEVEL,67112.425,4,-1,-1,0.038237974503240256
2024-05-19 10:00:00,LEVEL,67380.48000000001,5,-1,1,0.03539181195935844
2024-05-19 10:00:00,LEVEL,67585.3,4,-1,1,0.035499394317416964
2024-05-19 19:00:00,CONTROL,66217.51742748852,6,1,1,0.02858939997139152
2024-05-20 01:00:00,LEVEL,66015.175,4,1,1,0.025143549519739978
2024-05-20 00:00:00,LEVEL,66426.0,4,-1,-1,0.026703248662093833
2024-05-20 02:00:00,LEVEL,66699.275,8,-1,-1,0.02547384200412944
2024-05-20 04:00:00,LEVEL,66907.375,4,-1,1,0.02464388402260609
2024-05-20 04:00:00,LEVEL,67112.425,4,-1,1,0.024719409753795447
2024-05-20 15:00:00,LEVEL,67380.48000000001,5,-1,-1,0.022238928987674766
2024-05-20 16:00:00,LEVEL,67585.3,4,-1,-1,0.021329746042704305
2024-05-20 16:00:00,LEVEL,67758.45,4,-1,-1,0.021384391735292697
2024-05-20 16:00:00,LEVEL,68030.0,6,-1,-1,0.02147009221362003
2024-05-20 18:00:00,LEVEL,68605.85,8,-1,-1,0.020562798669976148
2024-05-20 19:00:00,LEVEL,68919.15000000001,6,-1,-1,0.019248302888014206
2024-05-20 19:00:00,LEVEL,69389.46,5,-1,-1,0.019379654904562033
2024-05-20 19:00:00,LEVEL,69587.16,5,-1,-1,0.01943487017464241
2024-05-20 19:00:00,LEVEL,69889.36,5,-1,1,0.01951927105789123
2024-05-20 20:00:00,LEVEL,70388.63999999998,5,-1,1,0.01807545344386221
2024-05-20 23:00:00,LEVEL,70658.76666666668,3,-1,-1,0.014947217466225087
2024-05-20 23:00:00,LEVEL,71138.2,3,-1,-1,0.01504863721400666
2024-05-20 23:00:00,LEVEL,71334.52,5,-1,1,0.015090166918973245
2024-05-20 23:00:00,LEVEL,71612.95000000001,4,-1,1,0.015149066245347766
2024-05-20 01:00:00,CONTROL,66225.92296521926,4,1,1,0.025223818214016328
2024-05-20 19:00:00,CONTROL,69175.87884373446,5,-1,-1,0.01932000421550142
2024-05-20 20:00:00,CONTROL,70166.28811819645,5,-1,1,0.01801835458405053
2024-05-20 19:00:00,CONTROL,69158.15270476241,5,-1,-1,0.019315053514687944
2024-05-20 19:00:00,CONTROL,69137.6554731716,5,-1,-1,0.019309328880503893
2024-05-20 20:00:00,CONTROL,70155.08708210252,3,-1,1,0.018015478213567467
2024-05-21 19:00:00,LEVEL,69389.46,5,1,1,0.014730610197826635
2024-05-21 18:00:00,LEVEL,69587.16,5,1,1,0.014075072815533928
2024-05-21 15:00:00,LEVEL,69889.36,5,1,0,0.013679069818648842
2024-05-21 14:00:00,LEVEL,70388.63999999998,5,1,-1,0.013936619725281483
2024-05-21 13:00:00,LEVEL,70658.76666666668,3,1,-1,0.014328138380004232
2024-05-21 00:00:00,LEVEL,71138.2,3,1,-1,0.014428191866950622
2024-05-21 02:00:00,LEVEL,71334.52,5,-1,1,0.01414052307501705
2024-05-21 00:00:00,LEVEL,71612.95000000001,4,-1,1,0.014524480275834105
2024-05-21 16:00:00,CONTROL,70134.48850704596,5,-1,0,0.014005714058895065
2024-05-21 16:00:00,CONTROL,70115.15739597475,5,-1,0,0.014001853675510692
2024-05-21 16:00:00,CONTROL,70167.90839275034,3,-1,1,0.014012387941788065
2024-05-21 00:00:00,CONTROL,72124.87680379856,3,-1,1,0.014628308853827928
2024-05-21 00:00:00,CONTROL,71926.02966032711,5,-1,1,0.014587978837912413
2024-05-22 21:00:00,LEVEL,68919.15000000001,6,1,1,0.018561268494672545
2024-05-22 04:00:00,LEVEL,69389.46,5,1,1,0.02006128004047555
2024-05-22 04:00:00,LEVEL,69587.16,5,1,1,0.020118437353185605
2024-05-22 03:00:00,LEVEL,69889.36,5,1,1,0.020834314779449383
2024-05-22 02:00:00,LEVEL,70388.63999999998,5,-1,1,0.02087251403895687
2024-05-22 16:00:00,LEVEL,70658.76666666668,3,-1,1,0.02041828941585848
2024-05-22 21:00:00,CONTROL,69167.72887386456,5,1,1,0.01862821562358959
2024-05-22 21:00:00,CONTROL,69147.44456627915,8,1,1,0.018622752664755635
2024-05-22 08:00:00,CONTROL,70160.6450715234,5,-1,1,0.01973489774789035
2024-05-22 21:00:00,CONTROL,69179.46289937843,5,1,1,0.018631375825044285
2024-05-22 08:00:00,CONTROL,70164.39001149876,3,-1,1,0.019735951130558236
2024-05-22 06:00:00,CONTROL,70105.72279061854,3,-1,1,0.020299170521008627
2024-05-23 20:00:00,LEVEL,66426.0,4,1,1,0.015202523226124842
2024-05-23 20:00:00,LEVEL,66701.16666666667,9,1,1,0.0152654989832238
2024-05-23 18:00:00,LEVEL,66907.375,4,1,1,0.017079645170554252
2024-05-23 18:00:00,LEVEL,67112.425,4,1,-1,0.017131988895625255
2024-05-23 18:00:00,LEVEL,67380.48000000001,5,1,-1,0.017200416094961545
2024-05-23 19:00:00,LEVEL,67585.3,4,-1,1,0.016967242772525794
2024-05-23 14:00:00,LEVEL,67758.45,4,1,-1,0.016986591040847376
2024-05-23 13:00:00,LEVEL,68030.0,6,1,-1,0.017076606893522226
2024-05-23 13:00:00,LEVEL,68258.68,5,1,-1,0.017134009193454765
2024-05-23 13:00:00,LEVEL,68605.85,8,1,-1,0.017221154359046774
2024-05-23 13:00:00,LEVEL,68919.15000000001,6,1,-1,0.017299797618487323
2024-05-23 12:00:00,LEVEL,69150.66666666667,3,1,-1,0.01938282937995633
2024-05-23 00:00:00,LEVEL,69389.46,5,-1,1,0.018448203918180143
2024-05-23 00:00:00,LEVEL,69587.16,5,-1,1,0.018500765357837175
2024-05-23 07:00:00,LEVEL,69889.36,5,-1,1,0.0198982118421638
2024-05-23 20:00:00,CONTROL,66213.63554874338,4,1,1,0.015153920638243107
2024-05-23 11:00:00,CONTROL,70099.109486207,5,-1,1,0.0206268644005391
2024-05-24 08:00:00,LEVEL,66701.16666666667,9,1,1,0.013527676196632954
2024-05-24 06:00:00,LEVEL,66907.375,4,1,1,0.013928698752228196
2024-05-24 05:00:00,LEVEL,67112.425,4,1,1,0.014398525014414668
2024-05-24 05:00:00,LEVEL,67380.48000000001,5,1,1,0.014456034434208976
2024-05-24 05:00:00,LEVEL,67585.3,4,1,-1,0.01449997720476826
2024-05-24 00:00:00,LEVEL,67758.45,4,1,-1,0.015027482725401475
2024-05-24 14:00:00,LEVEL,68030.0,6,-1,-1,0.015761709275469403
2024-05-24 15:00:00,LEVEL,68258.68,5,-1,-1,0.015839577664974687
2024-05-24 17:00:00,LEVEL,68605.85,8,-1,-1,0.015692433935425826
2024-05-24 17:00:00,LEVEL,68855.86,5,-1,0,0.015749619516658268
2024-05-25 08:00:00,LEVEL,68919.15000000001,6,-1,-1,0.026704439009033038
2024-05-25 09:00:00,LEVEL,69150.66666666667,3,-1,0,0.02710727819155888
2024-05-25 10:00:00,LEVEL,69389.46,5,-1,1,0.02642338482042985
2024-05-25 11:00:00,LEVEL,69587.16,5,-1,1,0.025535401128388584
2024-05-26 21:00:00,LEVEL,68258.68,5,1,1,0.03495179953275501
2024-05-26 21:00:00,LEVEL,68518.31999999999,5,1,1,0.03508474797580555
2024-05-26 02:00:00,LEVEL,68908.42857142857,7,1,1,0.03847483448990979
2024-05-26 03:00:00,LEVEL,69150.66666666667,3,-1,-1,0.03864920063809209
2024-05-26 07:00:00,LEVEL,69338.64,5,-1,1,0.036984922907672454
2024-05-26 08:00:00,LEVEL,69583.74285714286,7,-1,1,0.035969304118061
2024-05-27 05:00:00,LEVEL,68518.31999999999,5,1,1,0.030046952803815054
2024-05-27 07:00:00,LEVEL,68654.59999999999,7,-1,-1,0.0296820579334196
2024-05-27 03:00:00,LEVEL,68898.625,8,1,-1,0.031408122854252915
2024-05-27 01:00:00,LEVEL,69150.66666666667,3,-1,1,0.031581054594584164
2024-05-27 14:00:00,LEVEL,69359.00000000001,7,-1,-1,0.026782768191142572
2024-05-27 19:00:00,LEVEL,69584.5625,8,1,-1,0.021847800704480867
2024-05-27 15:00:00,LEVEL,69889.36,5,-1,-1,0.026075990998868863
2024-05-27 15:00:00,LEVEL,70120.06666666667,3,-1,-1,0.026162068550063765
2024-05-27 15:00:00,LEVEL,70394.40000000001,6,-1,1,0.026264423379621368
2024-05-27 16:00:00,LEVEL,70672.925,4,-1,1,0.02564940399904712
2024-05-28 18:00:00,LEVEL,67380.48000000001,5,1,1,0.015238742269935617
2024-05-28 04:00:00,LEVEL,67585.3,4,1,1,0.017769530852025265
2024-05-28 04:00:00,LEVEL,67758.45,4,1,1,0.017815055459699244
2024-05-28 03:00:00,LEVEL,68047.23749999999,8,1,1,0.01863940833568727
2024-05-28 03:00:00,LEVEL,68269.91428571429,7,1,-1,0.01870040366317293
2024-05-28 03:00:00,LEVEL,68518.31999999999,5,1,-1,0.01876844662438042
2024-05-28 01:00:00,LEVEL,68654.59999999999,7,1,-1,0.020173801893462805
2024-05-28 01:00:00,LEVEL,68898.625,8,1,-1,0.020245507387443577
2024-05-28 00:00:00,LEVEL,69150.66666666667,3,1,-1,0.021325315215470767
2024-05-28 01:00:00,LEVEL,69584.5625,8,-1,1,0.02044706660177586
2024-05-29 15:00:00,LEVEL,67362.56666666667,6,1,1,0.020796933269014283
2024-05-29 14:00:00,LEVEL,67568.24,5,1,1,0.020571262427811637
2024-05-29 08:00:00,LEVEL,67758.45,4,1,0,0.018767216860691542
2024-05-29 07:00:00,LEVEL,68047.23749999999,8,1,-1,0.018424758004467592
2024-05-29 07:00:00,LEVEL,68269.91428571429,7,1,-1,0.018485050913345763
2024-05-29 05:00:00,LEVEL,68654.59999999999,7,1,-1,0.018790656619653262
2024-05-29 02:00:00,LEVEL,68901.17777777779,9,-1,1,0.016867260485544246
2024-05-30 08:00:00,LEVEL,67362.56666666667,6,1,1,0.021391732825235456
2024-05-30 07:00:00,LEVEL,67568.24,5,1,1,0.021970062287252866
2024-05-30 01:00:00,LEVEL,67758.45,4,-1,-1,0.02296847948136682
2024-05-30 02:00:00,LEVEL,68047.23749999999,8,-1,1,0.02325953983208349
2024-05-30 12:00:00,LEVEL,68277.5,8,-1,-1,0.021024229710744486
2024-05-30 13:00:00,LEVEL,68518.31999999999,5,-1,-1,0.02121987708924087
2024-05-30 13:00:00,LEVEL,68654.59999999999,7,-1,-1,0.02126208251473469
2024-05-30 17:00:00,LEVEL,68909.36000000002,10,-1,1,0.020893297581034795
2024-05-30 17:00:00,LEVEL,69150.66666666667,3,-1,1,0.02096646169103312
2024-05-30 17:00:00,LEVEL,69355.57500000001,8,-1,1,0.021028589837124845
2024-05-31 16:00:00,LEVEL,66907.375,4,1,1,0.02120026537018158
2024-05-31 14:00:00,LEVEL,67362.56666666667,6,1,-1,0.02184702368886913
2024-05-31 14:00:00,LEVEL,67568.24,5,1,-1,0.021913727652329084
2024-05-31 14:00:00,LEVEL,67758.45,4,1,-1,0.02197541654842508
2024-05-31 19:00:00,LEVEL,68047.23749999999,8,-1,1,0.023678127072844616
2024-05-31 06:00:00,LEVEL,68277.5,8,1,1,0.02160231755667835
2024-05-31 13:00:00,LEVEL,68511.76666666666,6,1,-1,0.022785276643213274
2024-05-31 01:00:00,LEVEL,68654.59999999999,7,-1,1,0.020282757856641694
2024-05-31 12:00:00,LEVEL,68909.36000000002,10,-1,1,0.02330922728906374
2024-06-01 02:00:00,LEVEL,67758.45,4,-1,0,0.025177023025742918
2024-06-02 19:00:00,LEVEL,67362.56666666667,6,1,1,0.03368128333333356
2024-06-02 09:00:00,LEVEL,67571.86666666667,6,1,1,0.056777117249588505
2024-06-02 01:00:00,LEVEL,67778.26,5,1,-1,0.05800605279345333
2024-06-02 11:00:00,LEVEL,68025.3,9,-1,-1,0.0466365926814638
2024-06-02 11:00:00,LEVEL,68251.275,8,-1,1,0.04679151598251787
2024-06-02 14:00:00,LEVEL,68453.9,5,-1,1,0.04039248400361445
2024-06-03 01:00:00,LEVEL,68017.94,10,-1,-1,0.02935762179660114
2024-06-03 01:00:00,LEVEL,68251.275,8,-1,-1,0.029458332883733594
2024-06-03 01:00:00,LEVEL,68469.23333333334,6,-1,-1,0.02955240715762983
2024-06-03 14:00:00,LEVEL,68653.01000000001,10,1,1,0.020754218775093817
2024-06-03 06:00:00,LEVEL,68909.36000000002,10,-1,-1,0.025364922298268998
2024-06-03 06:00:00,LEVEL,69133.0,4,-1,-1,0.025447242192442803
2024-06-03 08:00:00,LEVEL,69355.57500000001,8,-1,-1,0.02403433323947949
2024-06-03 12:00:00,LEVEL,69582.82222222222,9,-1,-1,0.024530415122793848
2024-06-03 13:00:00,LEVEL,70120.06666666667,3,-1,1,0.023760452934615428
2024-06-04 09:00:00,LEVEL,68653.01000000001,10,1,1,0.019878896067466605
2024-06-04 10:00:00,LEVEL,68918.76666666666,9,-1,-1,0.02005529466683646
2024-06-04 00:00:00,LEVEL,69133.0,4,-1,-1,0.01785257993189044
2024-06-04 03:00:00,LEVEL,69356.37142857144,7,-1,1,0.018980782232930152
2024-06-04 13:00:00,LEVEL,69582.82222222222,9,-1,-1,0.021251935700756987
2024-06-04 14:00:00,LEVEL,69889.36,5,-1,-1,0.022945577215086006
2024-06-04 14:00:00,LEVEL,70120.06666666667,3,-1,1,0.023021321185756723
2024-06-04 15:00:00,LEVEL,70391.32857142857,7,-1,-1,0.022612282430213466
2024-06-04 16:00:00,LEVEL,70688.34,5,-1,-1,0.02316819665079121
2024-06-04 18:00:00,LEVEL,71138.2,3,-1,1,0.02300183293421037
2024-06-05 12:00:00,LEVEL,70688.34,5,1,1,0.019927469805220515
2024-06-05 01:00:00,LEVEL,71140.25,4,-1,1,0.021798967739464326
2024-06-05 01:00:00,LEVEL,71334.52,5,-1,1,0.02185849642347578
2024-06-05 15:00:00,LEVEL,71590.08,5,-1,1,0.021168754019589727
2024-06-05 00:00:00,CONTROL,70914.22196866914,5,-1,-1,0.022548466330124643
2024-06-06 20:00:00,LEVEL,70120.06666666667,3,1,1,0.027125423209745144
2024-06-06 19:00:00,LEVEL,70688.34,5,1,-1,0.029044656334664347
2024-06-06 09:00:00,LEVEL,71140.25,4,-1,1,0.02467577176552205
2024-06-06 14:00:00,LEVEL,71356.05714285714,7,-1,1,0.026028404351812206
2024-06-06 13:00:00,LEVEL,71590.08,5,-1,1,0.025709633021345393
2024-06-06 05:00:00,CONTROL,70915.14528741698,8,1,1,0.023719918983979793
2024-06-07 18:00:00,LEVEL,68521.4,8,1,1,0.01985498075791189
2024-06-07 18:00:00,LEVEL,68661.87,10,1,1,0.01989568379589804
2024-06-07 18:00:00,LEVEL,68918.76666666666,9,1,1,0.01997012299844554
2024-06-07 18:00:00,LEVEL,69133.0,4,1,0,0.0200321999366143
2024-06-07 18:00:00,LEVEL,69362.85,8,1,0,0.020098802010232265
2024-06-07 18:00:00,LEVEL,69582.82222222222,9,1,-1,0.020162541867262292
2024-06-07 17:00:00,LEVEL,69889.36,5,1,-1,0.022765959058196006
2024-06-07 17:00:00,LEVEL,70120.06666666667,3,1,-1,0.02284111010447524
2024-06-07 17:00:00,LEVEL,70423.4625,8,1,-1,0.022939939126805586
2024-06-07 01:00:00,LEVEL,70767.0111111111,9,1,1,0.02914846641209359
2024-06-07 07:00:00,LEVEL,71140.25,4,1,1,0.02851955601212689
2024-06-07 12:00:00,LEVEL,71356.05714285714,7,1,-1,0.024558431333986833
2024-06-07 11:00:00,LEVEL,71590.08,5,-1,-1,0.02782527310490579
2024-06-07 12:00:00,CONTROL,72083.38639468949,4,-1,1,0.024808754378778452
2024-06-08 07:00:00,LEVEL,69582.82222222222,9,-1,0,0.021663815756758107
2024-06-09 13:00:00,LEVEL,69351.18888888888,9,1,1,0.06435372029706957
2024-06-09 12:00:00,LEVEL,69585.9,10,-1,-1,0.06959459932491581
2024-06-09 18:00:00,LEVEL,69861.75,4,-1,1,0.05876908517350203
2024-06-10 06:00:00,LEVEL,69344.54999999999,10,1,1,0.04681389844096153
2024-06-10 14:00:00,LEVEL,69585.9,10,-1,-1,0.04378450950704945
2024-06-10 15:00:00,LEVEL,69865.2,5,-1,1,0.040504500326110866
2024-06-10 15:00:00,LEVEL,70115.525,4,-1,1,0.040649626784549885
2024-06-11 15:00:00,LEVEL,66111.86666666667,3,1,1,0.017268628955459418
2024-06-11 15:00:00,LEVEL,66426.0,4,1,1,0.017350681577014124
2024-06-11 13:00:00,LEVEL,66685.0,10,1,1,0.01807457098812489
2024-06-11 10:00:00,LEVEL,66876.5,3,1,-1,0.01947551963889191
2024-06-11 09:00:00,LEVEL,67124.28333333334,6,1,-1,0.020469986245191373
2024-06-11 06:00:00,LEVEL,67360.2125,8,1,-1,0.02204420854554005
2024-06-11 06:00:00,LEVEL,67587.18333333333,6,1,-1,0.02211848670171058
2024-06-11 04:00:00,LEVEL,67841.58333333333,6,1,-1,0.02370632771322903
2024-06-11 02:00:00,LEVEL,68049.9,6,1,-1,0.026119668945663862
2024-06-11 02:00:00,LEVEL,68277.5,8,1,-1,0.02620702890728075
2024-06-11 01:00:00,LEVEL,68499.525,8,1,-1,0.029493478290119803
2024-06-11 01:00:00,LEVEL,68676.72857142857,7,1,-1,0.029569775894911374
2024-06-11 01:00:00,LEVEL,68918.76666666666,9,1,-1,0.029673988957809063
2024-06-11 01:00:00,LEVEL,69155.07142857143,7,1,-1,0.029775733449688244
2024-06-12 02:00:00,LEVEL,67360.2125,8,-1,-1,0.01811884740177867
2024-06-12 02:00:00,LEVEL,67587.18333333333,6,-1,-1,0.01817989901876728
2024-06-12 11:00:00,LEVEL,67841.58333333333,6,1,1,0.022938585461551215
2024-06-12 10:00:00,LEVEL,68049.9,6,-1,-1,0.022839369021647942
2024-06-12 12:00:00,LEVEL,68277.5,8,-1,-1,0.020220634509310338
2024-06-12 12:00:00,LEVEL,68499.525,8,-1,-1,0.020286388035390374
2024-06-12 12:00:00,LEVEL,68676.72857142857,7,-1,-1,0.020338867529390615
2024-06-12 12:00:00,LEVEL,68918.76666666666,9,-1,-1,0.02041054800774936
2024-06-12 12:00:00,LEVEL,69155.07142857143,7,-1,-1,0.02048053053820648
2024-06-12 12:00:00,LEVEL,69354.14545454545,11,-1,1,0.020539487048323538
2024-06-12 13:00:00,LEVEL,69585.9,10,-1,1,0.020947580925861457
2024-06-12 14:00:00,LEVEL,69867.5,6,-1,1,0.020313825969235234
2024-06-13 15:00:00,LEVEL,66426.0,4,1,0,0.01394680139098482
2024-06-13 15:00:00,LEVEL,66685.0,10,1,0,0.01400118102486711
2024-06-13 15:00:00,LEVEL,66887.375,4,1,0,0.01404367167508691
2024-06-13 03:00:00,LEVEL,67124.28333333334,6,1,1,0.01521542715335776
2024-06-13 03:00:00,LEVEL,67360.2125,8,1,1,0.01526890650346035
2024-06-13 03:00:00,LEVEL,67592.47142857143,7,1,1,0.015321553900689852
2024-06-13 02:00:00,LEVEL,67841.58333333333,6,1,-1,0.01620303073275465
2024-06-13 00:00:00,LEVEL,68049.9,6,1,-1,0.01644337989881447
2024-06-13 12:00:00,LEVEL,68277.5,8,-1,1,0.015114733004503505
2024-06-13 12:00:00,LEVEL,68499.525,8,-1,1,0.015163883143206956
2024-06-14 18:00:00,LEVEL,65157.53333333333,3,1,1,0.022269655832897247
2024-06-14 16:00:00,LEVEL,65468.51666666666,6,1,1,0.023438115695575697
2024-06-14 16:00:00,LEVEL,65673.9375,8,1,-1,0.023511657567349915
2024-06-14 16:00:00,LEVEL,65895.35,6,1,-1,0.023590924550255136
2024-06-14 16:00:00,LEVEL,66111.86666666667,3,1,-1,0.023668438795906854
2024-06-14 15:00:00,LEVEL,66362.975,4,1,-1,0.02527120535979921
2024-06-14 00:00:00,LEVEL,66647.1,8,1,-1,0.01804885793353247
2024-06-14 03:00:00,LEVEL,66801.45,4,1,-1,0.019550451801719358
2024-06-14 02:00:00,LEVEL,67007.45,6,-1,1,0.018607365753757474
2024-06-14 05:00:00,LEVEL,67227.68571428572,7,-1,1,0.019876983672337985
2024-06-15 20:00:00,LEVEL,65985.175,4,1,1,0.04000844307179222
2024-06-15 00:00:00,LEVEL,66178.90000000001,3,-1,0,0.020272292847296706
2024-06-15 15:00:00,LEVEL,66435.06,5,-1,1,0.027742684588281222
2024-06-16 11:00:00,LEVEL,66439.91428571429,7,1,1,0.05178859662248412
2024-06-16 10:00:00,LEVEL,66683.87000000001,10,-1,1,0.05494461055179303
2024-06-16 22:00:00,LEVEL,66901.3,5,-1,1,0.04888770751980979
2024-06-17 13:00:00,LEVEL,65386.675,4,1,1,0.028446381619196468
2024-06-17 12:00:00,LEVEL,65567.05714285714,7,1,-1,0.030206968550820217
2024-06-17 09:00:00,LEVEL,65779.9375,8,1,-1,0.03069839140136203
2024-06-17 08:00:00,LEVEL,66001.16666666667,6,1,-1,0.0327026823364248
2024-06-17 02:00:00,LEVEL,66204.8,4,1,1,0.04011196607088746
2024-06-17 17:00:00,LEVEL,66439.91428571429,7,-1,-1,0.02288959623985678
2024-06-17 19:00:00,LEVEL,66701.71,10,1,-1,0.020590720907573704
2024-06-17 18:00:00,LEVEL,66969.98333333334,6,-1,1,0.021551514176337664
2024-06-17 18:00:00,LEVEL,67211.6875,8,-1,1,0.021629296647157
2024-06-18 19:00:00,LEVEL,64189.274999999994,4,1,1,0.015570591044504572
2024-06-18 14:00:00,LEVEL,64410.32857142857,7,1,1,0.015104283411151317
2024-06-18 01:00:00,LEVEL,64601.088888888895,9,1,1,0.0161177848122101
2024-06-18 01:00:00,LEVEL,64779.15,4,1,1,0.01616221054437149
2024-06-18 01:00:00,LEVEL,65087.325,4,1,-1,0.016239099315442297
2024-06-18 01:00:00,LEVEL,65386.675,4,1,-1,0.01631378627454037
2024-06-18 00:00:00,LEVEL,65567.05714285714,7,1,-1,0.01778360960630798
2024-06-18 00:00:00,LEVEL,65776.67142857143,7,1,-1,0.017840462830891874
2024-06-18 00:00:00,LEVEL,66001.16666666667,6,1,-1,0.01790135218366643
2024-06-18 00:00:00,LEVEL,66204.8,4,1,-1,0.017956583207607936
2024-06-19 01:00:00,LEVEL,64779.15,4,1,1,0.0172340835210881
2024-06-19 08:00:00,LEVEL,65087.325,4,1,1,0.018172251208403892
2024-06-19 01:00:00,LEVEL,65386.675,4,-1,1,0.017395711708416108
2024-06-19 03:00:00,LEVEL,65567.05714285714,7,-1,1,0.018295496451647852
2024-06-20 16:00:00,LEVEL,64597.479999999996,10,1,1,0.02428590817237657
2024-06-20 14:00:00,LEVEL,64779.15,4,1,-1,0.02455470558273416
2024-06-20 15:00:00,LEVEL,65087.325,4,-1,1,0.02476657193478962
2024-06-20 13:00:00,LEVEL,65386.675,4,1,-1,0.02549871554266496
2024-06-20 05:00:00,LEVEL,65567.05714285714,7,-1,-1,0.029482833254709788
2024-06-20 07:00:00,LEVEL,65768.575,8,-1,-1,0.02910234661282955
2024-06-20 10:00:00,LEVEL,66001.16666666667,6,-1,1,0.02809793304686009
2024-06-20 10:00:00,LEVEL,66230.06666666667,3,-1,1,0.0281953800648334
2024-06-20 11:00:00,LEVEL,66439.91428571429,7,-1,1,0.028968392859575903
2024-06-21 08:00:00,LEVEL,63510.8,8,1,1,0.02204327208833168
2024-06-21 08:00:00,LEVEL,63779.575,4,1,1,0.022136558276752254
2024-06-21 08:00:00,LEVEL,63949.14,5,1,-1,0.02219541074643706
2024-06-21 07:00:00,LEVEL,64189.274999999994,4,1,-1,0.023698103281185146
2024-06-21 03:00:00,LEVEL,64410.32857142857,7,1,-1,0.02325571217418359
2024-06-21 03:00:00,LEVEL,64595.51818181818,11,1,-1,0.023322575926820622
2024-06-21 02:00:00,LEVEL,64779.15,4,1,-1,0.024318209333427213
2024-06-22 00:00:00,LEVEL,63949.14,5,1,0,0.01954286500114598
2024-06-22 01:00:00,LEVEL,64189.274999999994,4,-1,0,0.019948302887276736
2024-06-23 23:00:00,LEVEL,63282.46666666667,6,1,-1,0.04805731010805762
2024-06-23 21:00:00,LEVEL,63510.8,8,1,1,0.05665074843205575
2024-06-23 20:00:00,LEVEL,63765.43333333333,3,1,-1,0.06124298777437616
2024-06-23 20:00:00,LEVEL,63949.14,5,1,-1,0.061419427336574774
2024-06-23 00:00:00,LEVEL,64405.36000000001,10,-1,1,0.07099454081984155
2024-06-24 09:00:00,LEVEL,60513.30000000001,3,1,1,0.020015148633563497
2024-06-24 09:00:00,LEVEL,60789.54,5,1,1,0.020106516723859935
2024-06-24 09:00:00,LEVEL,61047.4,4,1,1,0.020191805515359502
2024-06-24 09:00:00,LEVEL,61393.56666666666,3,1,-1,0.020306302283595878
2024-06-24 09:00:00,LEVEL,61617.6,3,1,-1,0.02038040269566297
2024-06-24 09:00:00,LEVEL,61794.48333333334,6,1,-1,0.02043890795330826
2024-06-24 06:00:00,LEVEL,62163.13333333333,3,1,1,0.03093703271694227
2024-06-24 05:00:00,LEVEL,62290.4,3,1,1,0.032245580432250634
2024-06-24 04:00:00,LEVEL,62636.166666666664,6,1,-1,0.035528171677065706
2024-06-24 02:00:00,LEVEL,62837.15,4,1,-1,0.0388018370576204
2024-06-24 01:00:00,LEVEL,63282.46666666667,6,-1,1,0.04394043599647045
2024-06-24 16:00:00,CONTROL,60133.56363143291,3,1,-1,0.014724633744037948
2024-06-24 17:00:00,CONTROL,59944.83360924343,5,1,-1,0.014168633946610375
2024-06-24 16:00:00,CONTROL,60258.92076090795,4,1,-1,0.014755329377345784
2024-06-24 00:00:00,CONTROL,63026.38033660485,3,1,1,0.046055082452762075
2024-06-24 00:00:00,CONTROL,63064.63644297252,3,1,-1,0.04608303722540926
2024-06-24 02:00:00,CONTROL,63082.136878095145,6,1,-1,0.038953116053009315
2024-06-24 02:00:00,CONTROL,63092.56827837016,8,1,-1,0.03895955742556924
2024-06-24 02:00:00,CONTROL,63075.49816095322,5,1,-1,0.03894901665606319
2024-06-25 00:00:00,LEVEL,60509.975000000006,4,-1,-1,0.011497103635003395
2024-06-25 03:00:00,LEVEL,60789.54,5,-1,-1,0.011509764392639494
2024-06-25 03:00:00,LEVEL,61047.4,4,-1,-1,0.011558587065854097
2024-06-25 03:00:00,LEVEL,61393.56666666666,3,-1,-1,0.011624129538686077
2024-06-25 14:00:00,LEVEL,61617.6,3,-1,0,0.013530156246783458
2024-06-25 14:00:00,LEVEL,61794.48333333334,6,-1,0,0.013568996758868511
2024-06-25 18:00:00,LEVEL,62163.13333333333,3,-1,1,0.014051241915014352
2024-06-25 19:00:00,LEVEL,62290.4,3,-1,1,0.014920973126731043
2024-06-26 20:00:00,LEVEL,60789.54,5,1,1,0.02346661776946738
2024-06-26 17:00:00,LEVEL,61047.4,4,1,1,0.02160229124968205
2024-06-26 08:00:00,LEVEL,61393.56666666666,3,1,-1,0.018724508280833517
2024-06-26 13:00:00,LEVEL,61604.7,4,-1,1,0.020125061507835214
2024-06-26 13:00:00,LEVEL,61794.48333333334,6,-1,1,0.020187060044578282
2024-06-26 01:00:00,LEVEL,62163.13333333333,3,-1,1,0.01723118999563996
2024-06-26 02:00:00,LEVEL,62290.4,3,-1,1,0.017010230240139253
2024-06-27 05:00:00,LEVEL,60789.54,5,1,1,0.024485377237368763
2024-06-27 09:00:00,LEVEL,61047.4,4,-1,-1,0.02436535621632405
2024-06-27 12:00:00,LEVEL,61393.56666666666,3,-1,-1,0.023608086488738245
2024-06-27 12:00:00,LEVEL,61604.7,4,-1,-1,0.02368927502793897
2024-06-27 13:00:00,LEVEL,61794.48333333334,6,-1,-1,0.02307432456611198
2024-06-27 14:00:00,LEVEL,62261.119999999995,5,-1,1,0.02255301434215142
2024-06-27 13:00:00,CONTROL,61998.68693835844,4,-1,1,0.02315057506624971
2024-06-28 19:00:00,LEVEL,60528.98,5,1,1,0.02181077134427853
2024-06-28 14:00:00,LEVEL,60773.94999999999,6,1,-1,0.023708567806115036
2024-06-28 14:00:00,LEVEL,61047.4,4,1,-1,0.023815243575364565
2024-06-28 07:00:00,LEVEL,61377.15,4,1,-1,0.023345641269463924
2024-06-28 02:00:00,LEVEL,61604.7,4,1,-1,0.023534297140810623
2024-06-28 01:00:00,LEVEL,61794.48333333334,6,-1,1,0.02452648673678642
2024-06-28 19:00:00,CONTROL,60185.05933033281,6,1,1,0.021686844341268035
2024-06-28 19:00:00,CONTROL,60139.11581935603,4,1,1,0.021670289239684167
2024-06-28 01:00:00,CONTROL,62085.353986049544,4,-1,1,0.024641934505278663
2024-06-28 01:00:00,CONTROL,62080.998747032274,4,-1,1,0.02464020589284871
2024-06-28 01:00:00,CONTROL,62015.33537801263,7,-1,1,0.024614143829336247
2024-06-29 00:00:00,LEVEL,60773.94999999999,6,-1,0,0.020965571366968503
2024-06-29 07:00:00,LEVEL,61047.4,4,-1,-1,0.02502776026853204
2024-06-30 02:00:00,LEVEL,60773.94999999999,6,1,1,0.05075996137081375
2024-06-30 06:00:00,LEVEL,61042.52,5,-1,-1,0.04722482992046003
2024-06-30 07:00:00,LEVEL,61279.58,5,-1,-1,0.04267844603564953
2024-06-30 07:00:00,LEVEL,61461.86666666667,3,-1,-1,0.04280540042512726
2024-06-30 07:00:00,LEVEL,61672.14,5,-1,1,0.042951846257644435
2024-06-30 14:00:00,LEVEL,61855.25,6,-1,-1,0.0392630472298811
2024-06-30 20:00:00,LEVEL,62173.35,4,-1,-1,0.03377093680511944
2024-06-30 20:00:00,LEVEL,62312.725000000006,4,-1,1,0.033846641658038155
2024-06-30 22:00:00,LEVEL,62500.85,4,-1,-1,0.029551665952511144
2024-06-30 22:00:00,LEVEL,62737.91428571428,7,-1,-1,0.0296637547413948
2024-06-30 22:00:00,CONTROL,62940.24125423736,4,-1,-1,0.029759419024152207
2024-06-30 22:00:00,CONTROL,62952.47597968394,4,-1,-1,0.02976520384978927
2024-06-30 23:00:00,CONTROL,63024.4422988799,3,-1,1,0.029038921737111912
2024-06-30 23:00:00,CONTROL,63055.31157116966,5,-1,1,0.029053144955111253
2024-07-01 13:00:00,LEVEL,62737.91428571428,7,1,1,0.023619257369414465
2024-07-01 01:00:00,LEVEL,63282.46666666667,6,-1,-1,0.0257311173231682
2024-07-01 01:00:00,LEVEL,63510.8,8,-1,1,0.025823959339263073
2024-07-01 02:00:00,LEVEL,63765.43333333333,3,-1,1,0.024543161051572327
2024-07-01 01:00:00,CONTROL,63053.23959209249,4,-1,-1,0.025637911905298138
2024-07-01 08:00:00,CONTROL,63021.98354815794,4,1,-1,0.024814246893654152
2024-07-01 08:00:00,CONTROL,62975.85929072825,4,1,1,0.024796085949691286
2024-07-01 08:00:00,CONTROL,63000.58332665258,8,1,1,0.024805820780255054
2024-07-01 08:00:00,CONTROL,63042.1351042205,3,1,-1,0.024822181358094574
2024-07-01 08:00:00,CONTROL,63006.048314787346,5,1,1,0.02480797256217641
2024-07-02 15:00:00,LEVEL,61847.1,7,1,1,0.024265659637076997
2024-07-02 14:00:00,LEVEL,62173.35,4,1,-1,0.024183143308617965
2024-07-02 14:00:00,LEVEL,62312.725000000006,4,1,-1,0.024237355050443665
2024-07-02 10:00:00,LEVEL,62501.119999999995,5,1,1,0.026425788993856114
2024-07-02 13:00:00,LEVEL,62737.91428571428,7,1,-1,0.02601478848731221
2024-07-02 03:00:00,LEVEL,63282.46666666667,6,-1,1,0.026534224342007556
2024-07-02 12:00:00,CONTROL,63015.76394086253,4,-1,1,0.02645602191138402
2024-07-02 12:00:00,CONTROL,63040.527160266436,4,-1,1,0.02646641829848108
2024-07-02 12:00:00,CONTROL,62954.42247766741,5,-1,1,0.026430268814176636
2024-07-02 02:00:00,CONTROL,63045.31291750162,8,-1,1,0.026842427565029494
2024-07-03 10:00:00,LEVEL,60044.1,3,1,1,0.01948297708375583
2024-07-03 08:00:00,LEVEL,60528.98,5,1,-1,0.021881239945774986
2024-07-03 03:00:00,LEVEL,60764.09999999999,7,1,-1,0.02285223768333965
2024-07-03 01:00:00,LEVEL,61042.52,5,1,1,0.02482759434142131
2024-07-03 01:00:00,LEVEL,61279.58,5,1,-1,0.024924012862717244
2024-07-03 01:00:00,LEVEL,61461.86666666667,3,1,-1,0.024998153632361908
2024-07-03 01:00:00,LEVEL,61672.14,5,1,-1,0.025083677313573274
2024-07-03 01:00:00,LEVEL,61841.212499999994,8,1,-1,0.025152443534959445
2024-07-03 10:00:00,CONTROL,59535.97736924242,3,1,1,0.019318102573674282
2024-07-03 10:00:00,CONTROL,59787.09506194756,5,1,1,0.019399584688524863
2024-07-03 10:00:00,CONTROL,60281.5677103829,7,1,-1,0.019560030082460482
2024-07-03 10:00:00,CONTROL,60260.95350311502,5,1,-1,0.0195533412299704
2024-07-04 01:00:00,LEVEL,59498.1,3,1,-1,0.014976199353422832
2024-07-04 01:00:00,LEVEL,60044.1,3,1,-1,0.015113632394931197
2024-07-04 01:00:00,CONTROL,58625.819086262396,3,1,-1,0.014756638512718336
2024-07-04 01:00:00,CONTROL,59263.46177070993,3,1,-1,0.014917138830519039
2024-07-04 01:00:00,CONTROL,59860.7903229096,5,1,-1,0.015067491723758212
2024-07-08 08:00:00,LEVEL,56564.26666666666,3,-1,-1,0.012803953775162044
2024-07-08 08:00:00,LEVEL,57005.56666666667,3,-1,-1,0.012903846960983349
2024-07-08 08:00:00,CONTROL,57393.44755618652,3,-1,1,0.012991648134274393
2024-07-08 08:00:00,CONTROL,57571.314901412035,3,-1,1,0.013031910395249136
2024-07-09 00:00:00,LEVEL,56564.26666666666,3,1,1,0.009768934319910914
2024-07-09 01:00:00,LEVEL,57005.56666666667,3,-1,-1,0.00984637130437286
2024-07-09 01:00:00,CONTROL,57257.765054499825,3,-1,0,0.009889932646083397
2024-07-09 06:00:00,CONTROL,57650.15795659399,3,-1,-1,0.010324804281530396
2024-07-10 12:00:00,LEVEL,58236.200000000004,3,1,-1,0.014380196308414129
2024-07-10 00:00:00,CONTROL,57720.816318423604,3,1,1,0.014820991953376573
2024-07-10 00:00:00,CONTROL,57543.27739485067,3,1,1,0.014775405228768078
2024-07-10 04:00:00,CONTROL,59245.16271282982,3,-1,1,0.0151650631674097
2024-07-11 01:00:00,LEVEL,58236.200000000004,3,-1,1,0.015807603698362885
2024-07-11 12:00:00,LEVEL,59485.975,4,-1,1,0.016528042649625332
2024-07-11 01:00:00,CONTROL,57775.96089804275,3,-1,1,0.0156826766370122
2024-07-11 12:00:00,CONTROL,59078.49384433216,4,-1,1,0.01641482493873135
2024-07-11 12:00:00,CONTROL,59305.83851208088,3,-1,1,0.016477992136793008
2024-07-11 12:00:00,CONTROL,59688.659944051025,6,-1,1,0.016584358199630393
2024-07-12 01:00:00,LEVEL,56564.26666666666,3,1,1,0.014153008267392282
2024-07-12 02:00:00,LEVEL,57034.340000000004,5,-1,-1,0.014411823214017806
2024-07-12 15:00:00,LEVEL,58236.200000000004,3,-1,1,0.01829044333428212
2024-07-12 12:00:00,CONTROL,57407.125895955985,3,-1,-1,0.016090004805649302
2024-07-12 13:00:00,CONTROL,57871.010790726614,3,-1,1,0.0163411074713945
2024-07-13 09:00:00,LEVEL,58236.200000000004,3,-1,-1,0.020868047748090743
2024-07-13 09:00:00,LEVEL,58450.666666666664,3,-1,-1,0.020944898583831632
2024-07-13 22:00:00,LEVEL,59485.975,4,-1,-1,0.0254424229463498
2024-07-13 23:00:00,LEVEL,59685.833333333336,3,-1,1,0.02378869403480802
2024-07-13 22:00:00,CONTROL,59076.90325224632,3,-1,-1,0.025267461093211277
2024-07-13 22:00:00,CONTROL,59054.851217016025,3,-1,-1,0.025258029337118237
2024-07-13 16:00:00,CONTROL,58946.69693149863,3,-1,-1,0.023180267917762884
2024-07-13 22:00:00,CONTROL,59183.14526236142,3,-1,-1,0.025312901285727562
2024-07-14 00:00:00,LEVEL,59485.975,4,-1,-1,0.022538969404186798
2024-07-14 04:00:00,LEVEL,60044.1,3,-1,1,0.019987633413086462
2024-07-14 21:00:00,LEVEL,60524.15,6,-1,-1,0.016754669711754735
2024-07-14 21:00:00,LEVEL,60756.0875,8,-1,-1,0.016818876085677708
2024-07-14 21:00:00,LEVEL,61042.52,5,-1,-1,0.016898168102702518
2024-07-14 21:00:00,LEVEL,61279.58,5,-1,-1,0.01696379251877228
2024-07-14 00:00:00,CONTROL,59738.73044589147,4,-1,-1,0.022634737310179592
2024-07-14 04:00:00,CONTROL,59853.16719330177,6,-1,-1,0.019924075212583568
2024-07-14 05:00:00,CONTROL,60228.90885365843,8,-1,1,0.019807050853677316
2024-07-14 08:00:00,CONTROL,60327.25994518432,5,-1,1,0.018757747272007255
2024-07-15 00:00:00,LEVEL,60921.65,4,-1,-1,0.01827181284795771
2024-07-15 00:00:00,LEVEL,61130.7,5,-1,-1,0.018334511781356023
2024-07-15 01:00:00,LEVEL,61369.72000000001,5,-1,-1,0.01802903842975966
2024-07-15 01:00:00,LEVEL,61604.7,4,-1,-1,0.018098070249527205
2024-07-15 02:00:00,LEVEL,61803.688888888886,9,-1,-1,0.016835941469689662
2024-07-15 02:00:00,LEVEL,62269.9,7,-1,-1,0.016962942027751768
2024-07-15 02:00:00,LEVEL,62468.520000000004,5,-1,-1,0.017017048097386567
2024-07-15 03:00:00,LEVEL,62741.3875,8,-1,-1,0.016744711514403432
2024-07-15 16:00:00,LEVEL,63255.0,7,-1,-1,0.016260402943350138
2024-07-15 16:00:00,LEVEL,63448.78333333333,6,-1,-1,0.016310217109561594
2024-07-15 17:00:00,LEVEL,63605.225,4,-1,-1,0.01585918030232195
2024-07-15 22:00:00,LEVEL,63876.899999999994,8,-1,-1,0.015298711174313293
2024-07-15 22:00:00,LEVEL,64138.740000000005,5,-1,-1,0.015361422648005382
2024-07-15 22:00:00,LEVEL,64326.1375,8,-1,1,0.0154063049172966
2024-07-15 22:00:00,LEVEL,64521.972727272725,11,-1,1,0.015453208047846166
2024-07-15 22:00:00,LEVEL,64713.86,5,-1,1,0.015499165631315015
2024-07-15 02:00:00,CONTROL,62039.38143346972,5,-1,-1,0.016900146470341628
2024-07-15 02:00:00,CONTROL,62067.59474744734,5,-1,-1,0.016907832058553802
2024-07-15 02:00:00,CONTROL,62047.17859056943,4,-1,-1,0.016902270493727948
2024-07-15 06:00:00,CONTROL,62963.23507704671,7,-1,-1,0.01765778169446729
2024-07-15 02:00:00,CONTROL,62035.17606490587,5,-1,-1,0.016899000885987808
2024-07-15 02:00:00,CONTROL,62063.34942168427,8,-1,-1,0.016906675589460258
2024-07-15 06:00:00,CONTROL,62962.798957172854,6,-1,-1,0.017657659386432836
2024-07-15 07:00:00,CONTROL,63059.66569210013,4,-1,1,0.017608129965246414
2024-07-15 07:00:00,CONTROL,63046.244541066895,8,-1,1,0.017604382381603483
2024-07-16 08:00:00,LEVEL,62351.583333333336,6,1,1,0.01423135831175717
2024-07-16 08:00:00,LEVEL,62539.375,4,1,1,0.0142742205833054
2024-07-16 07:00:00,LEVEL,62754.44285714285,7,1,1,0.014574249903318686
2024-07-16 06:00:00,LEVEL,63253.025,8,1,-1,0.014985983148979011
2024-07-16 05:00:00,LEVEL,63448.78333333333,6,1,-1,0.015965346942092003
2024-07-16 05:00:00,LEVEL,63605.225,4,1,-1,0.016004711691947185
2024-07-16 05:00:00,LEVEL,63891.55000000001,6,1,-1,0.016076758431428053
2024-07-16 05:00:00,LEVEL,64138.740000000005,5,1,-1,0.016138957797645726
2024-07-16 05:00:00,LEVEL,64326.1375,8,1,-1,0.016186111831914003
2024-07-16 00:00:00,LEVEL,64521.972727272725,11,1,-1,0.01536935013118102
2024-07-16 01:00:00,LEVEL,64713.86,5,-1,1,0.015700935758531535
2024-07-16 23:00:00,LEVEL,65365.200000000004,3,-1,1,0.013197925368802293
2024-07-16 06:00:00,CONTROL,63004.5624107744,4,1,1,0.014927117091975627
2024-07-16 06:00:00,CONTROL,63041.11899160845,6,1,1,0.014935778121299731
2024-07-16 06:00:00,CONTROL,63026.23860929885,4,1,1,0.01493225264313419
2024-07-16 06:00:00,CONTROL,63038.21407472041,6,1,1,0.014935089884878891
2024-07-16 06:00:00,CONTROL,62992.4635835916,4,1,1,0.014924250623213321
2024-07-16 00:00:00,CONTROL,64918.79363439409,5,-1,1,0.015463874201092838
2024-07-16 04:00:00,CONTROL,64975.24485876115,8,-1,1,0.017214122908311105
2024-07-16 04:00:00,CONTROL,64939.48392527265,11,-1,1,0.01720464863690628
2024-07-16 16:00:00,CONTROL,65162.9468641663,5,-1,1,0.012522756643004927
2024-07-16 16:00:00,CONTROL,64997.59110921718,5,-1,-1,0.012490979229944332
2024-07-16 16:00:00,CONTROL,65136.18159816837,6,-1,1,0.012517613000356658
2024-07-16 16:00:00,CONTROL,65112.38014251534,4,-1,1,0.012513038931023769
2024-07-17 16:00:00,LEVEL,63891.55000000001,6,1,1,0.01565345910023582
2024-07-17 16:00:00,LEVEL,64138.740000000005,5,1,1,0.015714020763788937
2024-07-17 16:00:00,LEVEL,64321.82857142858,7,1,1,0.015758877547895407
2024-07-17 13:00:00,LEVEL,64525.840000000004,10,1,0,0.014956986041390511
2024-07-17 11:00:00,LEVEL,64713.86,5,1,-1,0.01483826799750647
2024-07-17 08:00:00,LEVEL,65078.275,4,1,-1,0.014294866901882178
2024-07-17 00:00:00,LEVEL,65365.200000000004,3,-1,1,0.013059572316049074
2024-07-17 00:00:00,LEVEL,65562.88,5,-1,1,0.013099067586551369
2024-07-17 01:00:00,LEVEL,65758.53333333333,6,-1,1,0.012892013176247625
2024-07-17 01:00:00,LEVEL,65997.75,4,-1,1,0.012938911795519013
2024-07-18 19:00:00,LEVEL,63253.025,8,1,1,0.01857634199392441
2024-07-18 15:00:00,LEVEL,63448.78333333333,6,1,1,0.01838429071592417
2024-07-18 15:00:00,LEVEL,63605.225,4,1,1,0.018429619703006144
2024-07-18 00:00:00,LEVEL,63881.75714285715,7,1,1,0.01769179572266828
2024-07-18 14:00:00,LEVEL,64130.340000000004,5,1,-1,0.018281005906090473
2024-07-18 00:00:00,LEVEL,64321.82857142858,7,-1,-1,0.017813671734942922
2024-07-18 04:00:00,LEVEL,64525.840000000004,10,1,-1,0.017624743971661454
2024-07-18 05:00:00,LEVEL,64713.86,5,-1,1,0.017556365362768514
2024-07-18 02:00:00,LEVEL,65078.275,4,-1,1,0.01770054737701017
2024-07-19 01:00:00,LEVEL,63443.04,5,1,1,0.01880385751069779
2024-07-19 00:00:00,LEVEL,63605.225,4,1,1,0.01931161713917034
2024-07-19 07:00:00,LEVEL,63880.4375,8,1,1,0.020085621923299875
2024-07-19 03:00:00,LEVEL,64130.340000000004,5,-1,1,0.019819503781037827
2024-07-19 03:00:00,LEVEL,64321.82857142858,7,-1,1,0.019878683390337482
2024-07-19 13:00:00,LEVEL,64525.840000000004,10,-1,-1,0.017905193201526167
2024-07-19 13:00:00,LEVEL,64713.86,5,-1,-1,0.017957366631980554
2024-07-19 13:00:00,LEVEL,65097.63333333333,6,-1,-1,0.018063859405711622
2024-07-19 14:00:00,LEVEL,65368.85,4,-1,-1,0.018313327438431812
2024-07-19 14:00:00,LEVEL,65602.62000000001,5,-1,-1,0.01837881897691356
2024-07-19 14:00:00,LEVEL,65774.5,5,-1,-1,0.01842697180077565
2024-07-19 16:00:00,LEVEL,66018.2,5,-1,-1,0.018383869816821104
2024-07-19 16:00:00,LEVEL,66230.06666666667,3,-1,-1,0.018442867626796595
2024-07-19 16:00:00,LEVEL,66465.76666666668,6,-1,-1,0.018508502226283176
2024-07-19 17:00:00,LEVEL,66703.5875,8,-1,-1,0.01837342951090604
2024-07-19 19:00:00,LEVEL,67010.83333333333,6,-1,1,0.01823036486007792
2024-07-19 19:00:00,LEVEL,67226.15714285715,7,-1,1,0.018288943919842104
2024-07-20 00:00:00,LEVEL,66230.06666666667,3,1,1,0.017442304832917713
2024-07-20 00:00:00,LEVEL,66465.76666666668,6,1,1,0.017504378622905124
2024-07-20 03:00:00,LEVEL,66703.5875,8,-1,-1,0.018164228334127584
2024-07-20 17:00:00,LEVEL,67010.83333333333,6,-1,-1,0.02721977515158451
2024-07-20 17:00:00,LEVEL,67226.15714285715,7,-1,1,0.027307239601561818
2024-07-20 17:00:00,LEVEL,67403.51999999999,5,-1,1,0.027379284327041592
2024-07-21 18:00:00,LEVEL,65774.5,5,1,1,0.020304492528530546
2024-07-21 18:00:00,LEVEL,66018.2,5,1,1,0.020379722364245036
2024-07-21 18:00:00,LEVEL,66218.14,5,1,1,0.020441443551576823
2024-07-21 17:00:00,LEVEL,66465.76666666668,6,1,-1,0.023214666535689526
2024-07-21 06:00:00,LEVEL,66706.41111111111,9,1,1,0.028843287196556495
2024-07-21 04:00:00,LEVEL,67010.83333333333,6,1,-1,0.030224627773784197
2024-07-21 01:00:00,LEVEL,67226.15714285715,7,-1,1,0.029657099529501334
2024-07-21 01:00:00,LEVEL,67396.73333333334,6,-1,1,0.029732349927163743
2024-07-21 19:00:00,LEVEL,67654.96,5,-1,-1,0.019798071548760027
2024-07-21 20:00:00,LEVEL,67947.025,4,-1,1,0.018640999305561547
2024-07-21 20:00:00,LEVEL,68164.16666666667,3,-1,1,0.018700571268536262
2024-07-22 14:00:00,LEVEL,66706.41111111111,9,1,1,0.014956699217031764
2024-07-22 08:00:00,LEVEL,67010.83333333333,6,1,1,0.0163055787899526
2024-07-22 06:00:00,LEVEL,67226.15714285715,7,1,1,0.01654059749166857
2024-07-22 06:00:00,LEVEL,67396.73333333334,6,1,-1,0.016582566752269517
2024-07-22 05:00:00,LEVEL,67654.96,5,1,-1,0.016817695193853864
2024-07-22 01:00:00,LEVEL,67947.025,4,1,-1,0.017756964589050062
2024-07-22 02:00:00,LEVEL,68164.16666666667,3,-1,1,0.017351194264138163
2024-07-22 00:00:00,LEVEL,68408.93333333333,6,-1,1,0.018032008786381132
2024-07-23 18:00:00,LEVEL,65774.5,5,1,1,0.016472967473311804
2024-07-23 13:00:00,LEVEL,66018.2,5,1,1,0.018443574902001887
2024-07-23 07:00:00,LEVEL,66218.14,5,1,1,0.018530817759665644
2024-07-23 05:00:00,LEVEL,66492.02857142859,7,1,1,0.01853807743960655
2024-07-23 05:00:00,LEVEL,66706.41111111111,9,1,-1,0.01859784761368185
2024-07-23 04:00:00,LEVEL,66993.06,5,1,-1,0.019004281015912464
2024-07-23 01:00:00,LEVEL,67226.85,6,1,-1,0.01967927110395555
2024-07-23 00:00:00,LEVEL,67654.96,5,-1,1,0.0194313089681913
2024-07-23 19:00:00,CONTROL,65449.49789215067,5,1,1,0.01671028788884844
2024-07-23 19:00:00,CONTROL,65525.1212807808,5,1,1,0.016729595731319928
2024-07-23 19:00:00,CONTROL,65424.57616516777,5,1,1,0.016703924979338303
2024-07-23 19:00:00,CONTROL,65548.84997428484,7,1,1,0.016735654040588122
2024-07-24 21:00:00,LEVEL,65097.63333333333,6,1,-1,0.019064532444989422
2024-07-24 00:00:00,LEVEL,65774.5,5,1,1,0.017230295687481523
2024-07-24 00:00:00,LEVEL,66080.33333333333,6,-1,-1,0.0173104118231332
2024-07-24 08:00:00,LEVEL,66247.775,4,-1,-1,0.01850803467753893
2024-07-24 12:00:00,LEVEL,66492.02857142859,7,-1,1,0.01918650394313422
2024-07-24 13:00:00,LEVEL,66706.41111111111,9,-1,1,0.019437661909300318
2024-07-24 14:00:00,LEVEL,66974.275,4,-1,1,0.020544453071827614
2024-07-24 21:00:00,CONTROL,65322.471947139515,10,1,-1,0.019130378818018767
2024-07-24 21:00:00,CONTROL,65317.27877293949,5,1,-1,0.019128857941867684
2024-07-24 02:00:00,CONTROL,65496.53230065432,6,1,1,0.016883405163735234
2024-07-24 21:00:00,CONTROL,65365.38084172974,5,1,-1,0.019142945142955732
2024-07-24 02:00:00,CONTROL,65496.11008379104,6,1,1,0.016883296326547687
2024-07-24 21:00:00,CONTROL,65358.59398074965,4,1,-1,0.019140957538726067
2024-07-25 14:00:00,LEVEL,63505.65,6,1,1,0.015394492716295343
2024-07-25 13:00:00,LEVEL,63796.4,5,1,1,0.016128402474383175
2024-07-25 02:00:00,LEVEL,63965.88333333333,6,1,1,0.016991867003143358
2024-07-25 01:00:00,LEVEL,64266.0,6,1,-1,0.017219824662764664
2024-07-25 01:00:00,LEVEL,64492.659999999996,10,1,-1,0.017280557327907387
2024-07-25 01:00:00,LEVEL,64681.85,4,1,-1,0.017331250052333186
2024-07-25 01:00:00,LEVEL,65097.63333333333,6,1,-1,0.017442657578827753
2024-07-25 21:00:00,LEVEL,65774.5,5,-1,-1,0.0160578600038146
2024-07-25 22:00:00,LEVEL,66088.21428571429,7,-1,-1,0.016008529946731093
2024-07-26 00:00:00,LEVEL,65949.3,3,-1,-1,0.015724209459660847
2024-07-26 00:00:00,LEVEL,66164.25,8,-1,-1,0.015775459720442298
2024-07-26 00:00:00,LEVEL,66410.575,4,-1,-1,0.015834190683396428
2024-07-26 02:00:00,LEVEL,66573.74285714286,7,-1,-1,0.016718932142240545
2024-07-26 02:00:00,LEVEL,66737.65000000001,6,-1,-1,0.016760094803095253
2024-07-26 02:00:00,LEVEL,66996.87999999999,5,-1,-1,0.01682519627693807
2024-07-26 03:00:00,LEVEL,67226.85,6,-1,-1,0.016715560459370025
2024-07-26 03:00:00,LEVEL,67388.34285714287,7,-1,-1,0.01675571470752129
2024-07-26 13:00:00,LEVEL,67654.96,5,-1,1,0.017439092666580776
2024-07-26 13:00:00,LEVEL,67944.06000000001,5,-1,1,0.017513612578940616
2024-07-26 21:00:00,LEVEL,68180.275,4,-1,-1,0.019643187179256373
2024-07-27 20:00:00,LEVEL,66755.94285714286,7,1,1,0.020235588839480317
2024-07-27 20:00:00,LEVEL,66996.87999999999,5,1,1,0.02030862360987446
2024-07-27 20:00:00,LEVEL,67226.85,6,1,1,0.020378333933274047
2024-07-27 20:00:00,LEVEL,67398.6,8,1,1,0.020430396150275733
2024-07-27 01:00:00,LEVEL,67654.96,5,1,1,0.02147925669441336
2024-07-27 02:00:00,LEVEL,67944.06000000001,5,-1,-1,0.0224694348046258
2024-07-27 09:00:00,LEVEL,68180.275,4,-1,-1,0.024225456079768257
2024-07-27 12:00:00,LEVEL,68416.18571428572,7,-1,-1,0.024593551368873853
2024-07-27 13:00:00,LEVEL,68625.44285714286,7,-1,-1,0.024163622445049868
2024-07-27 13:00:00,LEVEL,68872.14,5,-1,1,0.024250486680384303
2024-07-27 13:00:00,LEVEL,69206.36666666667,9,-1,1,0.024368170831453647
2024-07-28 00:00:00,LEVEL,67226.85,6,1,1,0.016724137073201115
2024-07-28 00:00:00,LEVEL,67398.6,8,1,1,0.016766863610921123
2024-07-28 00:00:00,LEVEL,67654.96,5,1,1,0.01683063872131356
2024-07-28 03:00:00,LEVEL,67944.06000000001,5,1,-1,0.017206881454925358
2024-07-28 01:00:00,LEVEL,68184.22,5,-1,1,0.016822110651946
2024-07-29 17:00:00,LEVEL,66410.575,4,1,1,0.016495295460014103
2024-07-29 17:00:00,LEVEL,66580.0875,8,1,1,0.01653739957930031
2024-07-29 16:00:00,LEVEL,66755.94285714286,7,1,1,0.01719544531456628
2024-07-29 16:00:00,LEVEL,67003.56666666667,6,1,-1,0.01725922992299228
2024-07-29 16:00:00,LEVEL,67226.85,6,1,-1,0.01731674474764548
2024-07-29 16:00:00,LEVEL,67398.6,8,1,-1,0.017360985269258614
2024-07-29 15:00:00,LEVEL,67654.96,5,1,-1,0.01928625011135457
2024-07-29 15:00:00,LEVEL,67944.06000000001,5,1,-1,0.019368663210219645
2024-07-29 14:00:00,LEVEL,68169.08333333334,6,1,-1,0.020145272308620503
2024-07-29 00:00:00,LEVEL,68384.22857142858,7,-1,-1,0.02706343607664931
2024-07-29 00:00:00,LEVEL,68595.0,7,-1,-1,0.027146850033391817
2024-07-29 00:00:00,LEVEL,68822.9,5,-1,1,0.027237042716861597
2024-07-29 00:00:00,LEVEL,69097.15,4,-1,1,0.0273455786687773
2024-07-29 02:00:00,LEVEL,69275.95999999999,10,-1,-1,0.024106991452619665
2024-07-29 02:00:00,LEVEL,69509.38333333335,6,-1,1,0.024188219259517023
2024-07-29 12:00:00,LEVEL,69928.66666666667,3,-1,1,0.024537181413131253
2024-07-30 20:00:00,LEVEL,65436.775,4,1,1,0.016557233788517343
2024-07-30 14:00:00,LEVEL,65733.94,5,1,1,0.016283876881154406
2024-07-30 00:00:00,LEVEL,65949.3,3,1,1,0.015095583007274605
2024-07-30 00:00:00,LEVEL,66164.25,8,1,-1,0.01514478437207171
2024-07-30 00:00:00,LEVEL,66401.62,5,1,-1,0.015199117602878355
2024-07-30 00:00:00,LEVEL,66580.0875,8,1,-1,0.015239968240570502
2024-07-30 01:00:00,LEVEL,66755.94285714286,7,-1,1,0.01491575840457884
2024-07-31 19:00:00,LEVEL,65097.63333333333,6,1,-1,0.017790491807012122
2024-07-31 19:00:00,LEVEL,65436.775,4,1,-1,0.01788317562258734
2024-07-31 04:00:00,LEVEL,65748.28333333334,6,1,1,0.019282081737143377
2024-07-31 00:00:00,LEVEL,65949.3,3,1,1,0.018480311044169653
2024-07-31 01:00:00,LEVEL,66164.25,8,1,-1,0.019452028113372214
2024-07-31 06:00:00,LEVEL,66401.62,5,-1,1,0.018960887342167443
2024-07-31 13:00:00,LEVEL,66580.0875,8,-1,1,0.01950707562717451
2024-07-31 13:00:00,LEVEL,66755.94285714286,7,-1,1,0.019558598896068227
2024-07-31 19:00:00,CONTROL,64894.59685246903,5,1,-1,0.01773500409318319
2024-07-31 20:00:00,CONTROL,64774.10084602553,5,1,-1,0.017771891308327164
2024-07-31 20:00:00,CONTROL,64883.76575925272,4,1,-1,0.017801979767954626
2024-07-31 20:00:00,CONTROL,64798.678056943645,6,1,-1,0.017778634489867218
2024-08-01 17:00:00,LEVEL,62354.44999999999,6,1,1,0.014350025890340007
2024-08-01 17:00:00,LEVEL,62502.5,3,1,1,0.014384097577814838
2024-08-01 15:00:00,LEVEL,62771.92,5,1,1,0.014954151454691617
2024-08-01 15:00:00,LEVEL,63286.975000000006,8,1,-1,0.01507685298234118
2024-08-01 15:00:00,LEVEL,63477.700000000004,6,1,-1,0.015122289389833512
2024-08-01 03:00:00,LEVEL,63787.6,5,1,1,0.01592400923672219
2024-08-01 02:00:00,LEVEL,63964.280000000006,5,1,1,0.01619835836723064
2024-08-01 01:00:00,LEVEL,64249.2,5,1,-1,0.01630767961673301
2024-08-01 01:00:00,LEVEL,64492.659999999996,10,1,-1,0.016369474435648883
2024-08-01 21:00:00,LEVEL,65097.63333333333,6,-1,1,0.015508783319311978
2024-08-01 22:00:00,LEVEL,65350.26666666666,3,-1,1,0.01515544217687074
2024-08-01 22:00:00,LEVEL,65510.8,4,-1,1,0.015192671614100178
2024-08-01 15:00:00,CONTROL,63052.25549957301,6,1,1,0.01502093576714759
2024-08-01 15:00:00,CONTROL,63069.18771663611,3,1,1,0.015024969528396652
2024-08-01 15:00:00,CONTROL,63052.598202483874,6,1,1,0.015021017409245411
2024-08-01 13:00:00,CONTROL,64688.016996840284,5,1,-1,0.01682447855829907
2024-08-01 15:00:00,CONTROL,63050.25271908569,5,1,1,0.015020458644849312
2024-08-01 12:00:00,CONTROL,64880.757448862394,5,-1,1,0.016567723244333015
2024-08-01 12:00:00,CONTROL,64889.57537871023,10,-1,1,0.016569974960050454
2024-08-01 13:00:00,CONTROL,64725.54887074708,3,1,-1,0.016834240091224535
2024-08-01 12:00:00,CONTROL,64856.71154529814,4,-1,1,0.016561582966520653
2024-08-01 12:00:00,CONTROL,64848.695864172645,6,-1,1,0.01655953611023038
2024-08-02 21:00:00,LEVEL,61369.72000000001,5,1,-1,0.011256110232248888
2024-08-02 21:00:00,LEVEL,61834.52857142857,7,1,-1,0.011341362967912242
2024-08-02 20:00:00,LEVEL,62342.557142857135,7,1,-1,0.011930519562069357
2024-08-02 15:00:00,LEVEL,62502.5,3,1,-1,0.011300270065651933
2024-08-02 15:00:00,LEVEL,62771.92,5,1,-1,0.01134898041741527
2024-08-02 14:00:00,LEVEL,63286.975000000006,8,1,-1,0.011412569032752508
2024-08-02 14:00:00,LEVEL,63489.385714285716,7,1,-1,0.011449069849069836
2024-08-02 02:00:00,LEVEL,63787.6,5,1,1,0.014025803259764163
2024-08-02 02:00:00,LEVEL,63964.280000000006,5,1,1,0.014064652172718019
2024-08-02 02:00:00,LEVEL,64249.2,5,1,1,0.014127301212104544
2024-08-02 02:00:00,LEVEL,64492.659999999996,10,1,1,0.014180833905945073
2024-08-02 00:00:00,LEVEL,65032.44,5,1,-1,0.014739169493806258
2024-08-02 13:00:00,LEVEL,65201.76666666666,3,-1,1,0.01277980505771907
2024-08-02 13:00:00,LEVEL,65441.3,5,-1,1,0.012826754541779457
2024-08-02 21:00:00,CONTROL,61581.72492410096,4,1,-1,0.011294995056808295
2024-08-02 20:00:00,CONTROL,62116.8415022539,5,1,-1,0.011887324271579248
2024-08-02 21:00:00,CONTROL,61605.36581871229,7,1,-1,0.01129933114495949
2024-08-02 15:00:00,CONTROL,62972.08047000352,3,1,-1,0.011385168847758177
2024-08-02 20:00:00,CONTROL,62020.939332535345,5,1,-1,0.011868971435822924
2024-08-02 16:00:00,CONTROL,63066.641338249974,7,1,-1,0.011326496665267301
2024-08-02 01:00:00,CONTROL,64728.462651074806,5,1,-1,0.015071970812602914
2024-08-02 02:00:00,CONTROL,64764.14688215585,5,-1,1,0.014240529232258098
2024-08-02 10:00:00,CONTROL,64835.866945780224,5,-1,1,0.01370221139148818
2024-08-02 02:00:00,CONTROL,64762.92093052841,3,-1,1,0.014240259666443857
2024-08-02 01:00:00,CONTROL,64748.22283431873,5,1,-1,0.015076571955483592
2024-08-02 02:00:00,CONTROL,64788.82422108825,6,-1,1,0.014245955357411584
2024-08-03 01:00:00,LEVEL,60489.51666666666,6,1,1,0.010560378260909086
2024-08-03 01:00:00,LEVEL,60696.049999999996,6,1,1,0.01059643525464414
2024-08-03 00:00:00,LEVEL,60921.65,4,1,1,0.010965389850719393
2024-08-03 00:00:00,LEVEL,61147.575,4,1,-1,0.01100605446998075
2024-08-03 15:00:00,LEVEL,61369.72000000001,5,1,-1,0.014766202037670583
2024-08-03 03:00:00,LEVEL,61834.52857142857,7,-1,1,0.01110060428093773
2024-08-03 19:00:00,CONTROL,59970.559453268936,6,1,1,0.013477665972586206
2024-08-03 18:00:00,CONTROL,60180.064659731666,4,1,1,0.01376252121885121
2024-08-03 12:00:00,CONTROL,62059.784965700834,4,-1,1,0.01235558463822824
2024-08-03 12:00:00,CONTROL,62053.28461091603,5,-1,1,0.012354290471905128
2024-08-03 00:00:00,CONTROL,61616.33748288689,3,-1,1,0.011090427814633203
2024-08-03 12:00:00,CONTROL,62095.44245239247,5,-1,1,0.01236268374588787
2024-08-04 17:00:00,LEVEL,57046.56666666667,6,1,1,0.013857079888970714
2024-08-04 17:00:00,LEVEL,58240.775,4,1,1,0.014147162907915024
2024-08-04 17:00:00,LEVEL,58450.666666666664,3,1,1,0.014198147318774033
2024-08-04 16:00:00,LEVEL,58883.333333333336,3,1,-1,0.015633953956611702
2024-08-04 14:00:00,LEVEL,59467.56666666667,3,1,-1,0.014800865928812376
2024-08-04 01:00:00,LEVEL,60487.2,7,1,-1,0.01678538945834852
2024-08-04 03:00:00,LEVEL,60696.049999999996,6,1,-1,0.01752385145620558
2024-08-04 02:00:00,LEVEL,60921.65,4,-1,1,0.016906390543833645
2024-08-04 17:00:00,CONTROL,57615.41619132716,3,1,1,0.013995258113684619
2024-08-04 17:00:00,CONTROL,57395.07310681078,6,1,1,0.013941734967533391
2024-08-04 17:00:00,CONTROL,57809.21258236486,4,1,1,0.014042332849811953
2024-08-04 14:00:00,CONTROL,59282.34980234524,3,1,-1,0.01475476735558602
2024-08-04 17:00:00,CONTROL,58061.17914389489,3,1,1,0.014103537598432013
2024-08-04 08:00:00,CONTROL,60214.92289484039,3,1,1,0.016746573840266406
2024-08-04 14:00:00,CONTROL,59944.66199547775,7,1,-1,0.014919610050907984
2024-08-04 14:00:00,CONTROL,59924.902041642636,6,1,-1,0.014914692001559971
2024-08-05 00:00:00,LEVEL,56784.5,3,1,-1,0.010755658679799229
2024-08-05 00:00:00,LEVEL,57045.62857142858,7,1,-1,0.01080511953242326
2024-08-05 00:00:00,CONTROL,57233.26951732615,3,1,-1,0.010840660956023521
2024-08-05 00:00:00,CONTROL,57524.168867654604,7,1,-1,0.010895760747732668
2024-08-05 00:00:00,CONTROL,57497.16350078265,4,1,-1,0.010890645610528018
2024-08-06 16:00:00,LEVEL,56784.5,3,-1,0,0.008053539454323043
2024-08-07 01:00:00,LEVEL,56784.5,3,-1,1,0.010003765648913795
2024-08-07 04:00:00,LEVEL,57039.9125,8,-1,1,0.009877522173698933
2024-08-07 01:00:00,CONTROL,56098.98932124614,3,1,1,0.009882998746324508
2024-08-07 01:00:00,CONTROL,56503.11615202024,8,-1,-1,0.009954194056796595
2024-08-07 08:00:00,CONTROL,57408.15792823168,4,-1,1,0.010818651121600732
2024-08-08 01:00:00,LEVEL,56784.5,3,-1,-1,0.010548979994659055
2024-08-08 01:00:00,LEVEL,57039.9125,8,-1,-1,0.010596428529961573
2024-08-08 01:00:00,LEVEL,57238.96666666667,3,-1,-1,0.010633407255177436
2024-08-08 01:00:00,LEVEL,57679.53333333333,3,-1,-1,0.010715252282482076
2024-08-08 12:00:00,LEVEL,58240.775,4,-1,1,0.01048757385794515
2024-08-08 12:00:00,LEVEL,58450.666666666664,3,-1,1,0.010525369617983267
2024-08-08 14:00:00,LEVEL,58883.333333333336,3,-1,-1,0.0098813600504836
2024-08-08 15:00:00,LEVEL,59467.56666666667,3,-1,-1,0.009844961448853988
2024-08-08 21:00:00,LEVEL,60078.63333333333,3,-1,-1,0.009851025403218238
2024-08-08 21:00:00,LEVEL,60476.73333333333,6,-1,-1,0.00991630140893665
2024-08-08 21:00:00,LEVEL,60696.049999999996,6,-1,-1,0.009952262514155132
2024-08-08 21:00:00,LEVEL,60947.666666666664,3,-1,-1,0.009993519813758702
2024-08-08 21:00:00,LEVEL,61124.06666666667,6,-1,-1,0.01002244392179369
2024-08-08 22:00:00,LEVEL,61369.72000000001,5,-1,-1,0.009574012607192834
2024-08-08 22:00:00,LEVEL,61843.78333333333,6,-1,1,0.009647969084914113
2024-08-08 22:00:00,LEVEL,62258.850000000006,6,-1,1,0.009712721759351802
2024-08-08 22:00:00,LEVEL,62453.71666666667,6,-1,1,0.009743122027161209
2024-08-08 01:00:00,CONTROL,56437.40703594889,3,-1,-1,0.010484499780268471
2024-08-08 01:00:00,CONTROL,57417.0670608074,8,-1,-1,0.010666493352524977
2024-08-08 01:00:00,CONTROL,56546.9473900894,3,-1,-1,0.010504849329959603
2024-08-08 12:00:00,CONTROL,57852.6305696188,4,-1,1,0.010417679640686316
2024-08-08 12:00:00,CONTROL,57914.04884555449,3,-1,1,0.01042873939573084
2024-08-08 16:00:00,CONTROL,59717.671339035456,3,-1,-1,0.009863353099188283
2024-08-08 14:00:00,CONTROL,58686.45147030831,3,-1,-1,0.009848320810586174
2024-08-08 15:00:00,CONTROL,59221.45667431965,3,-1,-1,0.009804217501814495
2024-08-08 16:00:00,CONTROL,59792.586563318786,6,-1,-1,0.009875726577474405
2024-08-08 22:00:00,CONTROL,61575.01944284499,6,-1,1,0.009606040445254463
2024-08-08 21:00:00,CONTROL,60272.43123532931,3,-1,-1,0.009882802225521443
2024-08-08 21:00:00,CONTROL,60282.150090669726,6,-1,-1,0.00988439581521443
2024-08-08 23:00:00,CONTROL,62726.64905093225,6,-1,1,0.009491274846465138
2024-08-08 22:00:00,CONTROL,61565.440789157714,6,-1,1,0.009604546122791172
2024-08-08 23:00:00,CONTROL,62710.78671187471,6,-1,1,0.009488874689243592
2024-08-09 10:00:00,LEVEL,60476.73333333333,6,1,0,0.009920215430776123
2024-08-09 04:00:00,LEVEL,60696.049999999996,6,1,-1,0.010280387445085486
2024-08-09 01:00:00,LEVEL,60947.666666666664,3,1,-1,0.010012810837359188
2024-08-09 00:00:00,LEVEL,61124.06666666667,6,1,-1,0.00924974762999184
2024-08-09 00:00:00,LEVEL,61369.72000000001,5,1,-1,0.009286921716431328
2024-08-09 14:00:00,CONTROL,59673.916109035,3,1,1,0.010779247852065578
2024-08-09 13:00:00,CONTROL,60054.70516683778,3,1,1,0.01069784715645717
2024-08-09 13:00:00,CONTROL,59826.84772629984,6,1,1,0.010657257762744147
2024-08-09 13:00:00,CONTROL,59983.004544190815,6,1,1,0.010685074763353763
2024-08-09 10:00:00,CONTROL,60218.88993349478,6,1,1,0.009877920453305964
2024-08-10 00:00:00,LEVEL,60485.56,5,1,0,0.01224140759199059
2024-08-10 01:00:00,LEVEL,60696.049999999996,6,-1,0,0.012492835319770247
2024-08-10 00:00:00,LEVEL,60947.666666666664,3,-1,0,0.012334931336461876
2024-08-10 00:00:00,LEVEL,61133.0,5,-1,0,0.012372440138128186
2024-08-10 00:00:00,LEVEL,61339.3,4,-1,1,0.012414192291637679
2024-08-11 20:00:00,LEVEL,58450.666666666664,3,1,1,0.018816358831971882
2024-08-11 20:00:00,LEVEL,58883.333333333336,3,1,-1,0.018955642294743336
2024-08-11 20:00:00,LEVEL,59475.675,4,1,-1,0.01914632811556879
2024-08-11 15:00:00,LEVEL,60109.0,3,1,-1,0.022374464917178497
2024-08-11 11:00:00,LEVEL,60446.1,5,1,-1,0.025129595177467143
2024-08-11 11:00:00,LEVEL,60691.2,5,1,-1,0.025231491971106385
2024-08-11 02:00:00,LEVEL,60947.666666666664,3,1,1,0.029291201089350852
2024-08-11 00:00:00,LEVEL,61141.666666666664,6,-1,-1,0.02710030103237489
2024-08-11 08:00:00,LEVEL,61361.44,5,-1,-1,0.029372716230366497
2024-08-11 09:00:00,LEVEL,61842.659999999996,5,-1,1,0.026935323052633017
2024-08-11 20:00:00,CONTROL,58684.97706463503,4,1,1,0.018891787715467394
2024-08-11 20:00:00,CONTROL,59116.23813425666,3,1,-1,0.019030618690356653
2024-08-11 19:00:00,CONTROL,59667.362556837776,3,1,-1,0.021807001174307134
2024-08-11 20:00:00,CONTROL,58665.1381622472,4,1,1,0.018885401203089517
2024-08-11 19:00:00,CONTROL,59689.11497822682,3,1,-1,0.02181495116670579
2024-08-11 19:00:00,CONTROL,59748.51293953181,5,1,-1,0.0218366597081332
2024-08-11 09:00:00,CONTROL,61583.88507365839,5,-1,1,0.02682261466914931
2024-08-11 09:00:00,CONTROL,61560.391230869776,3,-1,1,0.026812382019951182
2024-08-11 09:00:00,CONTROL,61561.65501329218,6,-1,1,0.026812932455327274
2024-08-12 07:00:00,LEVEL,57681.85,4,1,1,0.013106439541868742
2024-08-12 00:00:00,LEVEL,58240.775,4,1,1,0.015644425790529593
2024-08-12 00:00:00,LEVEL,58450.666666666664,3,1,-1,0.015700806128930263
2024-08-12 00:00:00,LEVEL,58883.333333333336,3,-1,1,0.01581702748001466
2024-08-12 11:00:00,LEVEL,59475.675,4,-1,1,0.012684423235850818
2024-08-12 14:00:00,LEVEL,60109.0,3,-1,1,0.010283722372515262
2024-08-12 14:00:00,LEVEL,60446.1,5,-1,1,0.010341394980806448
2024-08-12 07:00:00,CONTROL,58000.84866835267,3,1,1,0.01317892225108665
2024-08-12 07:00:00,CONTROL,58065.62423070564,4,1,1,0.013193640520208907
2024-08-12 07:00:00,CONTROL,57886.546053747676,3,1,1,0.013152950471266866
2024-08-12 11:00:00,CONTROL,59275.73829063949,3,-1,1,0.012641782579113218
2024-08-12 11:00:00,CONTROL,59902.77019359024,4,-1,1,0.012775510158319476
2024-08-12 11:00:00,CONTROL,59724.104565316346,3,-1,1,0.012737406001507044
2024-08-12 11:00:00,CONTROL,59711.09882931335,5,-1,1,0.012734632258124464
2024-08-13 03:00:00,LEVEL,58883.333333333336,3,1,1,0.00927785136201969
2024-08-13 00:00:00,LEVEL,59475.675,4,-1,-1,0.009499294249178947
2024-08-13 16:00:00,LEVEL,60109.0,3,-1,-1,0.013186497381193934
2024-08-13 16:00:00,LEVEL,60446.1,5,-1,-1,0.013260449173225086
2024-08-13 16:00:00,LEVEL,60674.4,5,-1,-1,0.013310532810486171
2024-08-13 16:00:00,LEVEL,61106.833333333336,6,-1,1,0.0134053984881308
2024-08-13 17:00:00,LEVEL,61304.0,4,-1,1,0.013435940988726467
2024-08-13 10:00:00,CONTROL,58524.29490763256,6,1,1,0.010029494593948592
2024-08-13 10:00:00,CONTROL,58660.2307295218,3,1,1,0.01005279034818047
2024-08-13 00:00:00,CONTROL,59758.414678096015,3,-1,1,0.00954445266727428
2024-08-13 03:00:00,CONTROL,59066.27150779376,4,1,1,0.00930667570152294
2024-08-13 03:00:00,CONTROL,59215.941835283,3,1,1,0.00933025824981193
2024-08-13 00:00:00,CONTROL,59732.766893554865,5,-1,1,0.009540356272366683
2024-08-14 14:00:00,LEVEL,58883.333333333336,3,1,1,0.013708642837568783
2024-08-14 13:00:00,LEVEL,59475.675,4,1,-1,0.013909184985968192
2024-08-14 13:00:00,LEVEL,59825.0,3,1,-1,0.013990879326473336
2024-08-14 13:00:00,LEVEL,60109.0,3,1,-1,0.014057296538821325
2024-08-14 13:00:00,LEVEL,60446.1,5,1,-1,0.014136131898970998
2024-08-14 00:00:00,LEVEL,60674.4,5,-1,-1,0.014734395774519604
2024-08-14 03:00:00,LEVEL,61106.833333333336,6,-1,1,0.015366385599291672
2024-08-14 11:00:00,LEVEL,61299.96666666667,3,-1,1,0.016293161896218527
2024-08-14 12:00:00,LEVEL,61520.333333333336,3,-1,1,0.015649922226726974
2024-08-14 14:00:00,CONTROL,59290.752222087365,3,1,-1,0.01380349412595613
2024-08-14 14:00:00,CONTROL,59073.1632121129,4,1,-1,0.013752837176794735
2024-08-14 14:00:00,CONTROL,59247.45989897822,3,1,-1,0.013793415229916867
2024-08-14 14:00:00,CONTROL,59211.37801533941,3,1,-1,0.013785014998005555
2024-08-14 03:00:00,CONTROL,60898.63400780674,5,-1,-1,0.015314030225219145
2024-08-14 11:00:00,CONTROL,60856.98307316334,3,1,1,0.01617541952540182
2024-08-15 20:00:00,LEVEL,56566.73333333334,3,1,1,0.012625358098572693
2024-08-15 19:00:00,LEVEL,56784.5,3,1,1,0.013438826148373285
2024-08-15 19:00:00,LEVEL,57039.9125,8,1,-1,0.01349927299889801
2024-08-15 19:00:00,LEVEL,57238.96666666667,3,1,-1,0.013546381881426563
2024-08-15 07:00:00,LEVEL,57686.06666666666,6,1,1,0.013287032465024091
2024-08-15 01:00:00,LEVEL,58165.6,3,1,1,0.013965854061151762
2024-08-15 01:00:00,LEVEL,58321.275,4,1,1,0.014003232414181213
2024-08-15 01:00:00,LEVEL,58490.666666666664,3,1,1,0.014043904208091047
2024-08-15 00:00:00,LEVEL,58883.333333333336,3,-1,1,0.014859795641007447
2024-08-15 16:00:00,LEVEL,59475.675,4,1,-1,0.01649968010125789
2024-08-15 20:00:00,CONTROL,56162.84404998827,3,1,1,0.012535212415166181
2024-08-15 20:00:00,CONTROL,56385.57137254028,3,1,1,0.012584923827507864
2024-08-15 20:00:00,CONTROL,56220.006500156276,8,1,1,0.012547970733715531
2024-08-15 20:00:00,CONTROL,56392.75988778519,3,1,1,0.012586528261312256
2024-08-15 19:00:00,CONTROL,57453.30765553321,3,1,-1,0.01359710859885558
2024-08-15 12:00:00,CONTROL,59100.865983456926,4,-1,1,0.014012727088286731
2024-08-15 12:00:00,CONTROL,59156.44552236072,3,-1,1,0.0140259049139817
2024-08-15 12:00:00,CONTROL,59085.876190151044,4,-1,1,0.014009173030673363
2024-08-15 12:00:00,CONTROL,59208.16505483263,3,-1,1,0.01403816753791458
2024-08-15 12:00:00,CONTROL,59262.23580791148,3,-1,1,0.01405098763274304
2024-08-16 01:00:00,LEVEL,57238.96666666667,3,1,1,0.012655963222457132
2024-08-16 02:00:00,LEVEL,57685.142857142855,7,-1,-1,0.01222110491928557
2024-08-16 02:00:00,LEVEL,58165.6,3,-1,-1,0.012322893991154882
2024-08-16 02:00:00,LEVEL,58321.275,4,-1,-1,0.012355875109239679
2024-08-16 02:00:00,LEVEL,58490.666666666664,3,-1,1,0.012391762223811149
2024-08-16 13:00:00,LEVEL,58883.333333333336,3,-1,1,0.012008199768452141
2024-08-16 18:00:00,LEVEL,59475.675,4,-1,0,0.012285744901977239
2024-08-16 02:00:00,CONTROL,57967.64188469589,3,-1,-1,0.012280954823165878
2024-08-16 13:00:00,CONTROL,58688.75831416114,3,-1,1,0.011968519682969489
2024-08-16 02:00:00,CONTROL,57881.06204855837,4,-1,-1,0.012262612123314172
2024-08-16 17:00:00,CONTROL,59119.037441142624,3,-1,0,0.011561576481654009
2024-08-16 13:00:00,CONTROL,58684.12238779634,4,-1,1,0.011967574268932121
2024-08-16 17:00:00,CONTROL,59075.550495534946,4,-1,0,0.011553071985143944
2024-08-17 14:00:00,LEVEL,59475.675,4,-1,-1,0.02390531432518996
2024-08-17 00:00:00,CONTROL,59169.55824752982,4,-1,0,0.014363504300655085
2024-08-17 01:00:00,CONTROL,59290.91377447949,3,-1,0,0.014674266141640009
2024-08-17 00:00:00,CONTROL,59087.39682284885,4,-1,0,0.01434355948423756
2024-08-17 00:00:00,CONTROL,59077.79191055498,4,-1,0,0.01434122787651348
2024-08-18 23:00:00,LEVEL,58490.666666666664,3,1,-1,0.02022761134886672
2024-08-18 01:00:00,LEVEL,59475.675,4,1,1,0.03655823280829802
2024-08-18 02:00:00,LEVEL,59774.08,5,-1,-1,0.03270475942960702
2024-08-18 23:00:00,CONTROL,58954.54227431319,3,1,-1,0.020388031737971993
2024-08-18 23:00:00,CONTROL,58932.15650209715,4,1,-1,0.020380290148998302
2024-08-18 23:00:00,CONTROL,58981.7857885984,3,1,-1,0.020397453261954253
2024-08-18 02:00:00,CONTROL,60224.57292753645,5,-1,1,0.03295124189859389
2024-08-18 02:00:00,CONTROL,60105.55682447198,5,-1,1,0.0328861234890931
2024-08-18 03:00:00,CONTROL,60244.80087127231,6,-1,1,0.02897821377607153
2024-08-19 09:00:00,LEVEL,58165.6,3,1,1,0.021639239667499872
2024-08-19 09:00:00,LEVEL,58321.275,4,1,-1,0.021697155147358038
2024-08-19 01:00:00,LEVEL,58490.666666666664,3,-1,1,0.019639685770847782
2024-08-19 23:00:00,LEVEL,59475.675,4,-1,-1,0.019227373844521913
2024-08-19 13:00:00,CONTROL,58848.579080461,3,-1,1,0.02039348209976885
2024-08-19 17:00:00,CONTROL,59189.68931692785,4,-1,-1,0.01902421689357974
2024-08-19 13:00:00,CONTROL,58940.58074045138,3,-1,1,0.020425364504331203
2024-08-19 20:00:00,CONTROL,59285.47245905388,5,-1,-1,0.017993068075625503
2024-08-20 14:00:00,LEVEL,59475.675,4,1,-1,0.01757117296773299
2024-08-20 00:00:00,LEVEL,59774.08,5,-1,-1,0.017812933014220395
2024-08-20 00:00:00,LEVEL,60197.2,4,-1,-1,0.01793902459466759
2024-08-20 00:00:00,LEVEL,60446.1,5,-1,-1,0.018013197865544187
2024-08-20 01:00:00,LEVEL,60674.4,5,-1,-1,0.017847216170752557
2024-08-20 05:00:00,LEVEL,61106.833333333336,6,-1,1,0.017396808450695866
2024-08-20 05:00:00,LEVEL,61294.225,4,-1,1,0.017450157916744504
2024-08-20 15:00:00,CONTROL,58777.39030688914,4,1,1,0.016539976343206836
2024-08-20 15:00:00,CONTROL,59065.73744231079,4,1,1,0.01662111731890522
2024-08-20 15:00:00,CONTROL,59018.68798000807,3,1,1,0.016607877585235784
2024-08-20 15:00:00,CONTROL,58946.5144151221,4,1,1,0.016587567921101564
2024-08-20 15:00:00,CONTROL,59135.039387122204,5,1,1,0.016640618908236322
2024-08-20 04:00:00,CONTROL,60911.26695924326,4,-1,1,0.017820407602038655
2024-08-20 00:00:00,CONTROL,59971.18548375833,5,-1,-1,0.017871671296414326
2024-08-20 01:00:00,CONTROL,60882.903789153665,4,-1,1,0.017908547015350055
2024-08-20 01:00:00,CONTROL,60864.71633418756,3,-1,1,0.017903197223009693
2024-08-21 02:00:00,LEVEL,59475.675,4,-1,1,0.01817039420295392
2024-08-21 13:00:00,LEVEL,59774.08,5,-1,-1,0.01691609530042275
2024-08-21 18:00:00,LEVEL,60197.2,4,-1,-1,0.017309548370864274
2024-08-21 18:00:00,LEVEL,60446.1,5,-1,-1,0.01738111891882179
2024-08-21 18:00:00,LEVEL,60674.4,5,-1,-1,0.017446765990331233
2024-08-21 19:00:00,LEVEL,61106.833333333336,6,-1,1,0.016650221529675907
2024-08-21 19:00:00,LEVEL,61312.58,5,-1,1,0.016706282814349348
2024-08-21 19:00:00,LEVEL,61520.333333333336,3,-1,1,0.01676289087002553
2024-08-21 01:00:00,CONTROL,58783.80541023402,4,1,1,0.018051049075679556
2024-08-21 13:00:00,CONTROL,59001.76379153117,4,1,1,0.01669752941727541
2024-08-21 13:00:00,CONTROL,59036.84325164915,4,1,1,0.016707456922482402
2024-08-21 13:00:00,CONTROL,58990.38543212171,5,1,1,0.016694309335726135
2024-08-21 19:00:00,CONTROL,60912.97766896524,4,-1,-1,0.016597400272535905
2024-08-21 19:00:00,CONTROL,60902.904237392984,5,-1,-1,0.016594655491664553
2024-08-21 13:00:00,CONTROL,59960.27433742837,5,-1,1,0.01696878839342121
2024-08-21 19:00:00,CONTROL,60869.7787769649,5,-1,-1,0.016585629557504436
2024-08-22 02:00:00,LEVEL,59759.98333333334,6,1,1,0.014687891938114315
2024-08-22 02:00:00,LEVEL,60197.2,4,1,1,0.014795351659408455
2024-08-22 02:00:00,LEVEL,60446.1,5,1,1,0.01485652664807947
2024-08-22 02:00:00,LEVEL,60674.4,5,1,0,0.014912638540058547
2024-08-22 07:00:00,LEVEL,61106.833333333336,6,-1,1,0.014118240519459287
2024-08-22 10:00:00,LEVEL,61312.58,5,-1,1,0.014529477768891269
2024-08-22 00:00:00,CONTROL,60897.279669323616,4,1,-1,0.015884131863570003
2024-08-22 02:00:00,CONTROL,60004.96092314059,5,1,1,0.014748102871344974
2024-08-23 00:00:00,LEVEL,60674.4,5,-1,-1,0.01865666817207815
2024-08-23 06:00:00,LEVEL,61106.833333333336,6,-1,-1,0.0215269129713623
2024-08-23 06:00:00,LEVEL,61325.81666666667,6,-1,1,0.02160405712859805
2024-08-23 14:00:00,LEVEL,61520.333333333336,3,-1,1,0.020883108800961777
2024-08-23 14:00:00,LEVEL,61843.21666666667,6,-1,1,0.020992711714578696
2024-08-23 17:00:00,LEVEL,62309.65,6,-1,-1,0.01847768768128701
2024-08-23 17:00:00,LEVEL,62471.799999999996,3,-1,-1,0.018525772641762965
2024-08-23 18:00:00,LEVEL,63232.64,5,-1,-1,0.018235143650192853
2024-08-23 18:00:00,LEVEL,63396.43333333333,3,-1,-1,0.018282378669358227
2024-08-23 21:00:00,LEVEL,63828.64,5,-1,-1,0.01599690230416189
2024-08-23 21:00:00,LEVEL,64113.2,4,-1,-1,0.01606821948277751
2024-08-23 21:00:00,LEVEL,64456.65714285714,7,-1,1,0.016154297618861127
2024-08-23 00:00:00,CONTROL,60860.29054321771,3,-1,-1,0.018713827339389904
2024-08-23 00:00:00,CONTROL,60921.65831271433,5,-1,-1,0.018732697210570484
2024-08-23 14:00:00,CONTROL,62056.21467815061,6,-1,1,0.021065013999160068
2024-08-23 14:00:00,CONTROL,62088.54143434791,3,-1,1,0.0210759873331827
2024-08-23 17:00:00,CONTROL,62730.40478296832,6,-1,-1,0.01860246089811773
2024-08-23 17:00:00,CONTROL,62805.4201584266,6,-1,-1,0.018624706419943203
2024-08-23 17:00:00,CONTROL,62733.93700123736,5,-1,-1,0.01860350836389546
2024-08-23 17:00:00,CONTROL,62801.79865402815,3,-1,-1,0.018623632476706304
2024-08-23 21:00:00,CONTROL,64733.744527864306,5,-1,1,0.016223741990974892
2024-08-23 21:00:00,CONTROL,64712.01862900427,4,-1,1,0.016218296988832686
2024-08-23 19:00:00,CONTROL,63600.088847131025,7,-1,-1,0.017481706964569292
2024-08-23 21:00:00,CONTROL,64709.83164596923,3,-1,1,0.016217748881369447
2024-08-23 21:00:00,CONTROL,64825.85911318615,5,-1,1,0.016246827991588123
2024-08-23 21:00:00,CONTROL,64795.03129198265,5,-1,1,0.016239101841633456
2024-08-24 00:00:00,LEVEL,63828.64,5,1,0,0.014924566551703976
2024-08-24 06:00:00,LEVEL,64113.2,4,-1,0,0.015165860185246776
2024-08-25 07:00:00,LEVEL,63828.53333333333,6,1,1,0.0269144812379484
2024-08-25 13:00:00,LEVEL,64113.2,4,-1,-1,0.02973193438061561
2024-08-25 00:00:00,LEVEL,64453.700000000004,9,-1,1,0.026009059268600254
2024-08-25 23:00:00,LEVEL,65023.17142857144,7,-1,1,0.034069744170325315
2024-08-25 23:00:00,CONTROL,64721.47910568636,4,-1,1,0.033911668517707584
2024-08-25 23:00:00,CONTROL,64704.503524290514,3,-1,1,0.033902773939012136
2024-08-25 23:00:00,CONTROL,64654.60377415043,5,-1,1,0.03387662830993738
2024-08-25 23:00:00,CONTROL,64798.02887142217,5,-1,1,0.03395177777226436
2024-08-26 09:00:00,LEVEL,63232.64,5,1,1,0.02753847435251843
2024-08-26 09:00:00,LEVEL,63428.0,4,1,1,0.02762355567048188
2024-08-26 06:00:00,LEVEL,63640.466666666674,3,1,-1,0.030535362531799864
2024-08-26 08:00:00,LEVEL,63828.53333333333,6,-1,1,0.03021156191913061
2024-08-26 00:00:00,LEVEL,64373.10000000001,5,-1,1,0.032985943730083594
2024-08-26 21:00:00,CONTROL,62883.41791313108,6,1,-1,0.018445787216362464
2024-08-26 21:00:00,CONTROL,62847.8007246465,3,1,-1,0.018435339516446735
2024-08-26 21:00:00,CONTROL,62829.727506324896,5,1,-1,0.018430038043490294
2024-08-26 21:00:00,CONTROL,62945.298036306674,4,1,-1,0.0184639387040344
2024-08-26 21:00:00,CONTROL,62809.04023811577,3,1,-1,0.018423969783205835
2024-08-26 21:00:00,CONTROL,63002.85638229592,6,1,-1,0.018480822471454772
2024-08-27 22:00:00,LEVEL,58167.5,4,1,1,0.0145812900496655
2024-08-27 22:00:00,LEVEL,58321.275,4,1,1,0.014619837999592648
2024-08-27 22:00:00,LEVEL,58493.275,4,1,1,0.014662954549015306
2024-08-27 22:00:00,LEVEL,58760.35,4,1,1,0.014729904272486563
2024-08-27 22:00:00,LEVEL,59475.675,4,1,-1,0.014909220235950304
2024-08-27 21:00:00,LEVEL,59748.21428571428,7,1,-1,0.017855275094722237
2024-08-27 21:00:00,LEVEL,59997.76666666666,3,1,-1,0.017929851824181296
2024-08-27 21:00:00,LEVEL,60197.2,4,1,-1,0.01798945087784834
2024-08-27 21:00:00,LEVEL,60446.1,5,1,-1,0.018063832648487113
2024-08-27 21:00:00,LEVEL,60670.6,6,1,-1,0.01813092267463579
2024-08-27 21:00:00,LEVEL,61106.833333333336,6,1,-1,0.018261287510895282
2024-08-27 21:00:00,LEVEL,61332.12857142858,7,1,-1,0.018328615187576714
2024-08-27 15:00:00,LEVEL,61520.333333333336,3,1,1,0.020234247753349872
2024-08-27 14:00:00,LEVEL,61843.21666666667,6,1,-1,0.02023334423905341
2024-08-27 10:00:00,LEVEL,62309.65,6,1,-1,0.01970771937454291
2024-08-27 10:00:00,LEVEL,62471.799999999996,3,1,-1,0.0197590052780359
2024-08-27 01:00:00,LEVEL,63120.075,4,-1,1,0.019569840716195823
2024-08-27 22:00:00,CONTROL,59168.80680975461,4,1,1,0.014832295250537763
2024-08-27 22:00:00,CONTROL,59175.77286294018,4,1,1,0.014834041484121811
2024-08-27 22:00:00,CONTROL,58946.132560192455,4,1,1,0.014776475801198227
2024-08-27 22:00:00,CONTROL,59250.13299761919,7,1,1,0.014852681905179735
2024-08-27 22:00:00,CONTROL,59216.430786034514,3,1,1,0.01484423351522948
2024-08-27 21:00:00,CONTROL,60913.202181727596,4,1,-1,0.018203422392746388
2024-08-27 21:00:00,CONTROL,60911.01945537453,5,1,-1,0.018202770102465307
2024-08-27 14:00:00,CONTROL,62035.779241448465,7,1,-1,0.020296345245034694
2024-08-27 21:00:00,CONTROL,60908.22979735983,3,1,-1,0.01820193643552031
2024-08-27 03:00:00,CONTROL,62685.367648655454,6,1,-1,0.01914331025201106
2024-08-27 01:00:00,CONTROL,62927.5560462589,6,-1,1,0.019510151857151187
2024-08-27 00:00:00,CONTROL,62678.939885992004,4,1,-1,0.019827460496364618
2024-08-27 00:00:00,CONTROL,62666.20878344219,5,1,-1,0.01982343321968539
2024-08-27 03:00:00,CONTROL,62705.36432881847,4,1,-1,0.019149416982604337
2024-08-28 16:00:00,LEVEL,58167.5,4,1,1,0.010999710434407478
2024-08-28 16:00:00,LEVEL,58321.275,4,1,1,0.011028789911298372
2024-08-28 07:00:00,LEVEL,58493.275,4,1,1,0.01364772001458256
2024-08-28 07:00:00,LEVEL,58760.35,4,1,1,0.013710034269048472
2024-08-28 03:00:00,LEVEL,59475.675,4,-1,1,0.014576143247734952
2024-08-28 09:00:00,LEVEL,59748.21428571428,7,-1,1,0.012901708293528404
2024-08-28 09:00:00,LEVEL,59997.76666666666,3,-1,1,0.01295559529352487
2024-08-28 09:00:00,LEVEL,60197.2,4,-1,1,0.012998659855728664
2024-08-28 16:00:00,CONTROL,57940.09244492878,3,1,1,0.01095670674237361
2024-08-28 16:00:00,CONTROL,57951.31709993892,4,1,1,0.010958829370212827
2024-08-28 16:00:00,CONTROL,57911.16636690594,4,1,1,0.010951236703567502
2024-08-28 00:00:00,CONTROL,59173.975438186324,4,1,1,0.014487446551153473
2024-08-28 00:00:00,CONTROL,59090.30954048916,4,1,1,0.01446696279605562
2024-08-28 00:00:00,CONTROL,59137.022187340976,7,1,1,0.014478399360347902
2024-08-29 22:00:00,LEVEL,58760.35,4,1,1,0.017023966972078385
2024-08-29 18:00:00,LEVEL,59475.675,4,1,-1,0.016136791500979304
2024-08-29 10:00:00,LEVEL,59748.21428571428,7,-1,-1,0.015569820820720677
2024-08-29 11:00:00,LEVEL,59997.76666666666,3,-1,-1,0.015094015105059309
2024-08-29 11:00:00,LEVEL,60197.31999999999,5,-1,-1,0.015144217990848917
2024-08-29 11:00:00,LEVEL,60446.1,5,-1,1,0.01520680513844558
2024-08-29 15:00:00,LEVEL,61106.833333333336,6,-1,1,0.016387334311055254
2024-08-29 00:00:00,CONTROL,59191.612361994405,5,-1,-1,0.012892177398627965
2024-08-29 00:00:00,CONTROL,59141.62255305691,4,-1,-1,0.012881289411982083
2024-08-29 01:00:00,CONTROL,59040.268223308485,4,1,1,0.012933334587078701
2024-08-29 01:00:00,CONTROL,58946.750059729115,7,1,1,0.012912848540251026
2024-08-29 02:00:00,CONTROL,59118.952040080774,3,-1,-1,0.012923764296720795
2024-08-29 14:00:00,CONTROL,60856.23540138756,5,-1,1,0.01589843687520943
2024-08-29 14:00:00,CONTROL,60856.75903223584,7,-1,1,0.015898573671577664
2024-08-30 16:00:00,LEVEL,57693.25,8,1,1,0.014224722044580723
2024-08-30 16:00:00,LEVEL,57887.0,4,1,1,0.014272492622527668
2024-08-30 15:00:00,LEVEL,58167.5,4,1,1,0.014702221098859426
2024-08-30 16:00:00,LEVEL,58321.275,4,-1,-1,0.014379566520529779
2024-08-30 14:00:00,LEVEL,58489.659999999996,5,1,-1,0.015165407682896192
2024-08-30 05:00:00,LEVEL,58760.35,4,1,1,0.016750683271865588
2024-08-30 07:00:00,LEVEL,59475.675,4,-1,1,0.016311044453776468
2024-08-30 12:00:00,LEVEL,59748.21428571428,7,-1,1,0.017088159099295328
2024-08-30 06:00:00,CONTROL,59081.975121896925,4,-1,-1,0.016445635983200545
2024-08-30 06:00:00,CONTROL,59237.42401852658,5,-1,1,0.016488905626144724
2024-08-30 06:00:00,CONTROL,59228.792593893726,4,-1,1,0.016486503044524266
2024-08-30 01:00:00,CONTROL,58991.08514726429,4,1,1,0.01712352686126268
2024-08-30 06:00:00,CONTROL,59208.14108996086,7,-1,1,0.016480754639609147
2024-08-30 06:00:00,CONTROL,59281.902700378865,3,-1,1,0.01650128639387035
2024-08-31 17:00:00,LEVEL,58724.399999999994,6,1,1,0.031203706225196262
2024-08-31 10:00:00,CONTROL,59030.87350697513,4,-1,1,0.01931421277694141
2024-08-31 13:00:00,CONTROL,58952.96176455319,5,1,-1,0.02171379807165858
2024-08-31 10:00:00,CONTROL,59000.84417991817,4,-1,1,0.019304387531644
2024-08-31 10:00:00,CONTROL,59086.18293120406,7,-1,1,0.01933230937495298
2024-08-31 00:00:00,CONTROL,59228.14687825974,4,-1,0,0.016515630283765043
2024-09-01 14:00:00,LEVEL,57238.96666666667,3,1,1,0.023107598886449764
2024-09-01 14:00:00,LEVEL,57465.73333333334,3,1,1,0.023199145493233674
2024-09-01 13:00:00,LEVEL,57693.25,8,1,-1,0.025719316820372703
2024-09-01 05:00:00,LEVEL,57887.0,4,1,1,0.03262905356608112
2024-09-01 05:00:00,LEVEL,58167.5,4,1,-1,0.03278716245970638
2024-09-01 02:00:00,LEVEL,58321.275,4,1,1,0.038815349098396235
2024-09-01 02:00:00,LEVEL,58489.659999999996,5,1,-1,0.03892741665106776
2024-09-01 18:00:00,LEVEL,58730.225000000006,8,-1,1,0.021101074496154445
2024-09-02 01:00:00,LEVEL,57238.96666666667,3,1,1,0.01606313303165302
2024-09-02 00:00:00,LEVEL,57465.73333333334,3,-1,-1,0.016439917989796375
2024-09-02 03:00:00,LEVEL,57697.177777777775,9,-1,-1,0.016447460593193058
2024-09-02 05:00:00,LEVEL,57887.0,4,-1,-1,0.016650193702641702
2024-09-02 08:00:00,LEVEL,58167.5,4,-1,-1,0.016081002859635905
2024-09-02 09:00:00,LEVEL,58321.275,4,-1,-1,0.0156955620032799
2024-09-02 10:00:00,LEVEL,58489.659999999996,5,-1,-1,0.015777367613588437
2024-09-02 14:00:00,LEVEL,58736.555555555555,9,-1,-1,0.016912187460321717
2024-09-02 20:00:00,LEVEL,59183.966666666674,3,-1,1,0.017697066198205255
2024-09-02 20:00:00,CONTROL,58950.52310651886,4,-1,-1,0.017627262392036793
2024-09-02 20:00:00,CONTROL,58917.947594120946,5,-1,-1,0.0176175217303033
2024-09-03 23:00:00,LEVEL,57465.73333333334,3,1,-1,0.020094889867520487
2024-09-03 14:00:00,LEVEL,57697.177777777775,9,1,-1,0.020012027844015706
2024-09-03 14:00:00,LEVEL,57887.0,4,1,-1,0.02007786689789725
2024-09-03 13:00:00,LEVEL,58167.5,4,1,-1,0.02047092722733622
2024-09-03 13:00:00,LEVEL,58321.275,4,1,-1,0.020525045366062894
2024-09-03 13:00:00,LEVEL,58489.659999999996,5,1,-1,0.020584305211873266
2024-09-03 08:00:00,LEVEL,58741.2,10,1,1,0.021548001925854612
2024-09-03 12:00:00,LEVEL,59183.966666666674,3,-1,1,0.0228465418516374
2024-09-03 02:00:00,LEVEL,59748.21428571428,7,-1,1,0.02004090959458769
2024-09-03 06:00:00,CONTROL,58959.44418043937,4,1,-1,0.02034684842358816
2024-09-03 06:00:00,CONTROL,58939.4197103075,4,1,-1,0.020339937997884534
2024-09-03 06:00:00,CONTROL,58934.359112706195,5,1,-1,0.02033819159043857
2024-09-03 06:00:00,CONTROL,58941.428821853544,7,1,-1,0.020340631340378883
2024-09-04 01:00:00,LEVEL,56566.73333333334,3,1,1,0.016312229351404608
2024-09-04 01:00:00,LEVEL,56784.5,3,1,1,0.016375027034820848
2024-09-04 14:00:00,LEVEL,57053.530000000006,10,-1,-1,0.016524083701397446
2024-09-04 00:00:00,LEVEL,57238.96666666667,3,1,-1,0.01879016950659458
2024-09-04 14:00:00,LEVEL,57481.825000000004,4,-1,-1,0.01664812830352618
2024-09-04 00:00:00,LEVEL,57697.177777777775,9,-1,1,0.01894058914113695
2024-09-04 00:00:00,LEVEL,57887.0,4,-1,1,0.019002903189404896
2024-09-04 17:00:00,LEVEL,58167.5,4,1,-1,0.01571457517222749
2024-09-04 16:00:00,LEVEL,58321.275,4,-1,1,0.016053476009427643
2024-09-04 16:00:00,LEVEL,58489.659999999996,5,-1,1,0.016099825554389532
2024-09-04 01:00:00,CONTROL,55760.75179018925,3,1,1,0.016079807307386413
2024-09-04 01:00:00,CONTROL,55940.075696883345,3,1,1,0.01613151919742869
2024-09-04 01:00:00,CONTROL,56347.28225492145,10,1,1,0.016248945931777503
2024-09-05 15:00:00,LEVEL,56186.93333333333,3,1,-1,0.01670691854288432
2024-09-05 06:00:00,LEVEL,56566.73333333334,3,1,1,0.0167521375114912
2024-09-05 06:00:00,LEVEL,56806.25,4,1,-1,0.01682306994650826
2024-09-05 03:00:00,LEVEL,57053.530000000006,10,1,-1,0.017066725496611382
2024-09-05 03:00:00,LEVEL,57238.96666666667,3,1,-1,0.017122196151748873
2024-09-05 03:00:00,LEVEL,57481.825000000004,4,1,-1,0.01719484365505962
2024-09-05 02:00:00,LEVEL,57697.177777777775,9,1,-1,0.018219322355768727
2024-09-05 00:00:00,LEVEL,58167.5,4,-1,1,0.016501272151842647
2024-09-05 19:00:00,CONTROL,55762.07351059843,3,1,1,0.016663426397399723
2024-09-05 15:00:00,CONTROL,55897.34636238308,3,1,1,0.016620811228465787
2024-09-05 12:00:00,CONTROL,56379.40392296179,4,1,1,0.016405158724196452
2024-09-05 12:00:00,CONTROL,56394.06892126067,10,1,1,0.016409425914128292
2024-09-06 07:00:00,LEVEL,55531.43333333333,3,1,1,0.01597638942582884
2024-09-06 07:00:00,LEVEL,56186.93333333333,3,1,1,0.016164976729271353
2024-09-06 01:00:00,LEVEL,56550.25,4,-1,1,0.01603338501749879
2024-09-06 02:00:00,LEVEL,56806.25,4,-1,1,0.016168282486880736
2024-09-06 07:00:00,CONTROL,55915.51006675,3,1,1,0.016086888274753415
2024-09-06 07:00:00,CONTROL,55793.17866957245,3,1,1,0.016051693540474136
2024-09-06 07:00:00,CONTROL,55903.369082615136,4,1,1,0.01608339531448014
2024-09-06 00:00:00,CONTROL,55976.47421210364,4,1,1,0.016331873071968102
2024-09-08 22:00:00,CONTROL,55043.74577648729,4,-1,1,0.02314525064844015
2024-09-09 09:00:00,LEVEL,55548.575,4,-1,1,0.018771364908390063
2024-09-09 16:00:00,LEVEL,56186.93333333333,3,-1,-1,0.01596503166992243
2024-09-09 17:00:00,LEVEL,56550.25,4,-1,-1,0.01628868726146753
2024-09-09 19:00:00,LEVEL,56812.33999999999,5,-1,-1,0.015416796384081121
2024-09-09 19:00:00,LEVEL,57048.66363636364,11,-1,-1,0.015480925997164548
2024-09-09 21:00:00,LEVEL,57254.225,4,-1,1,0.014342240731462917
2024-09-09 21:00:00,LEVEL,57481.825000000004,4,-1,1,0.01439925475951903
2024-09-09 21:00:00,LEVEL,57697.177777777775,9,-1,1,0.014453200846136709
2024-09-09 21:00:00,LEVEL,57887.0,4,-1,1,0.014500751503006002
2024-09-09 16:00:00,CONTROL,56016.617115709174,4,-1,-1,0.015916637788160996
2024-09-09 09:00:00,CONTROL,55359.85357230551,3,-1,1,0.01870759083704286
2024-09-09 16:00:00,CONTROL,55872.84336138192,4,-1,-1,0.015875785718027165
2024-09-09 16:00:00,CONTROL,56357.53242914504,5,-1,-1,0.016013505929076886
2024-09-10 03:00:00,LEVEL,56550.25,4,1,1,0.015600068965517232
2024-09-10 00:00:00,LEVEL,56812.33999999999,5,1,1,0.015278295011429322
2024-09-10 07:00:00,LEVEL,57048.66363636364,11,-1,-1,0.015497353404672723
2024-09-10 07:00:00,LEVEL,57254.225,4,-1,1,0.015553194451518709
2024-09-10 18:00:00,LEVEL,57481.825000000004,4,-1,1,0.016711806445165234
2024-09-10 18:00:00,LEVEL,57697.177777777775,9,-1,1,0.016774416390824595
2024-09-10 18:00:00,LEVEL,57887.0,4,-1,1,0.01682960378678443
2024-09-10 04:00:00,CONTROL,56361.37069427102,5,1,1,0.01547791342816282
2024-09-11 14:00:00,LEVEL,55548.575,4,1,1,0.014382438992815064
2024-09-11 05:00:00,LEVEL,56186.93333333333,3,1,1,0.016122361408763084
2024-09-11 04:00:00,LEVEL,56461.725000000006,4,1,-1,0.016320186436391246
2024-09-11 01:00:00,LEVEL,56812.33999999999,5,1,-1,0.017079676067717656
2024-09-11 01:00:00,LEVEL,57048.66363636364,11,1,-1,0.017150722800808323
2024-09-11 01:00:00,LEVEL,57254.225,4,1,-1,0.01721252137314221
2024-09-11 00:00:00,LEVEL,57473.259999999995,5,1,-1,0.01856690040886379
2024-09-11 17:00:00,LEVEL,57697.177777777775,9,-1,-1,0.01374601453951047
2024-09-11 18:00:00,LEVEL,57887.0,4,-1,0,0.013997793461997664
2024-09-11 13:00:00,CONTROL,55845.96018180809,3,1,1,0.014258694713384118
2024-09-11 13:00:00,CONTROL,55835.818527995565,4,1,1,0.01425610532741724
2024-09-11 04:00:00,CONTROL,56639.103107388546,4,1,-1,0.016371457342165295
2024-09-12 00:00:00,LEVEL,57473.259999999995,5,-1,-1,0.014048384982622297
2024-09-12 00:00:00,LEVEL,57697.177777777775,9,-1,-1,0.014103117968826238
2024-09-12 01:00:00,LEVEL,57900.48,5,-1,0,0.014549230141030857
2024-09-12 01:00:00,LEVEL,58127.68000000001,5,-1,1,0.014606320947325422
2024-09-12 02:00:00,LEVEL,58300.619999999995,5,-1,1,0.014433079374903271
2024-09-12 14:00:00,LEVEL,58491.38333333333,6,-1,1,0.01621354677384891
2024-09-13 12:00:00,LEVEL,57697.177777777775,9,1,1,0.020336046799084562
2024-09-13 03:00:00,LEVEL,57900.48,5,1,1,0.020257761256040754
2024-09-13 01:00:00,LEVEL,58127.68000000001,5,-1,-1,0.019032904532896744
2024-09-13 10:00:00,LEVEL,58300.619999999995,5,-1,1,0.020571848976711354
2024-09-13 14:00:00,LEVEL,58502.5375,8,-1,-1,0.021562787376180587
2024-09-13 15:00:00,LEVEL,58741.2,10,-1,-1,0.019625169918877427
2024-09-13 15:00:00,LEVEL,59183.966666666674,3,-1,-1,0.019773096264742825
2024-09-13 15:00:00,LEVEL,59431.3,5,-1,-1,0.019855729215606428
2024-09-13 15:00:00,LEVEL,59643.100000000006,4,-1,-1,0.019926490640106067
2024-09-13 17:00:00,LEVEL,59825.728571428575,7,-1,-1,0.020040861276361552
2024-09-13 21:00:00,LEVEL,60117.02,5,-1,1,0.020182173963218242
2024-09-13 21:00:00,LEVEL,60314.25,4,-1,1,0.020248386995247537
2024-09-13 22:00:00,LEVEL,60545.979999999996,5,-1,1,0.02023785825455685
2024-09-13 15:00:00,CONTROL,58940.813123891436,5,-1,-1,0.019691859763048256
2024-09-13 15:00:00,CONTROL,58975.2538993126,5,-1,-1,0.019703366270742654
2024-09-13 15:00:00,CONTROL,58987.97598169385,8,-1,-1,0.019707616661072676
2024-09-13 15:00:00,CONTROL,58966.489351198536,5,-1,-1,0.01970043807475754
2024-09-13 15:00:00,CONTROL,58932.72187405614,4,-1,-1,0.019689156512980605
2024-09-13 15:00:00,CONTROL,58948.555402308324,7,-1,-1,0.01969444642333934
2024-09-14 18:00:00,LEVEL,59431.3,5,1,1,0.030527980480600975
2024-09-14 11:00:00,LEVEL,59643.100000000006,4,1,1,0.02116692396415581
2024-09-14 10:00:00,LEVEL,59825.728571428575,7,1,0,0.02059671336968752
2024-09-14 20:00:00,LEVEL,60117.02,5,-1,1,0.03149549181401433
2024-09-14 01:00:00,LEVEL,60545.979999999996,5,-1,1,0.02042345817741002
2024-09-15 23:00:00,LEVEL,58675.31666666667,6,1,1,0.031173484307637753
2024-09-15 23:00:00,LEVEL,58830.95714285714,7,1,-1,0.03125617420549924
2024-09-15 23:00:00,LEVEL,59183.966666666674,3,1,-1,0.0314437238852639
2024-09-15 22:00:00,LEVEL,59419.43333333333,6,1,-1,0.0354049318809545
2024-09-15 21:00:00,LEVEL,59630.02,5,1,-1,0.036239614084399935
2024-09-15 14:00:00,LEVEL,59825.728571428575,7,1,1,0.0421493464175628
2024-09-15 01:00:00,LEVEL,60117.02,5,-1,1,0.03638150121981183
2024-09-15 13:00:00,LEVEL,60314.25,4,-1,1,0.043557040012637604
2024-09-16 17:00:00,LEVEL,57473.259999999995,5,1,1,0.017991492325601852
2024-09-16 14:00:00,LEVEL,57680.259999999995,10,1,1,0.018991730666337386
2024-09-16 14:00:00,LEVEL,57864.4,5,1,1,0.01905236037370867
2024-09-16 13:00:00,LEVEL,58022.13333333334,3,1,-1,0.02024631176440652
2024-09-16 02:00:00,LEVEL,58214.916666666664,6,1,1,0.026505375885112058
2024-09-16 01:00:00,LEVEL,58461.522222222215,9,1,1,0.028297389407377128
2024-09-16 00:00:00,LEVEL,58675.31666666667,6,1,-1,0.028950892503790477
2024-09-16 00:00:00,LEVEL,58830.95714285714,7,1,-1,0.029027686817846374
2024-09-17 00:00:00,LEVEL,57680.259999999995,10,1,1,0.018020153864177747
2024-09-17 00:00:00,LEVEL,57864.4,5,1,1,0.018077681883859865
2024-09-17 00:00:00,LEVEL,58036.52500000001,4,1,1,0.018131456242433695
2024-09-17 04:00:00,LEVEL,58214.916666666664,6,-1,-1,0.019027202963386624
2024-09-17 05:00:00,LEVEL,58461.522222222215,9,-1,-1,0.018666434291327253
2024-09-17 05:00:00,LEVEL,58675.31666666667,6,-1,-1,0.018734697651523444
2024-09-17 08:00:00,LEVEL,58830.95714285714,7,-1,-1,0.01905610402230368
2024-09-17 10:00:00,LEVEL,59177.75,4,-1,-1,0.019058089448894942
2024-09-17 14:00:00,LEVEL,59419.43333333333,6,-1,-1,0.018093098996742493
2024-09-17 14:00:00,LEVEL,59630.02,5,-1,-1,0.01815722221693579
2024-09-17 14:00:00,LEVEL,59825.728571428575,7,-1,-1,0.018216815086788723
2024-09-17 14:00:00,LEVEL,60117.02,5,-1,-1,0.01830551274609623
2024-09-17 14:00:00,LEVEL,60312.38333333334,6,-1,-1,0.0183650004916374
2024-09-17 15:00:00,LEVEL,60554.48333333333,6,-1,1,0.017249532355314998
2024-09-17 15:00:00,LEVEL,60691.75,4,-1,1,0.01728863409770687
2024-09-17 15:00:00,LEVEL,61112.27142857143,7,-1,1,0.01740842370846643
2024-09-17 15:00:00,LEVEL,61332.12857142858,7,-1,1,0.017471052149673424
2024-09-18 16:00:00,LEVEL,59177.75,4,1,1,0.017656929202137118
2024-09-18 10:00:00,LEVEL,59419.43333333333,6,1,1,0.015743505416407948
2024-09-18 13:00:00,LEVEL,59630.02,5,1,1,0.015613273765689719
2024-09-18 09:00:00,LEVEL,59825.728571428575,7,1,1,0.01608232019998251
2024-09-18 00:00:00,LEVEL,60117.02,5,1,-1,0.01645942469925905
2024-09-18 02:00:00,LEVEL,60312.38333333334,6,-1,1,0.016618701385181497
2024-09-18 03:00:00,LEVEL,60554.48333333333,6,-1,1,0.01628383222126984
2024-09-18 03:00:00,LEVEL,60691.75,4,-1,1,0.0163207448864687
2024-09-18 18:00:00,LEVEL,61112.27142857143,7,-1,1,0.016193641145999096
2024-09-18 23:00:00,LEVEL,61333.7375,8,-1,-1,0.01500496628491922
2024-09-18 23:00:00,LEVEL,61496.775,4,-1,-1,0.015044852525190775
2024-09-18 18:00:00,CONTROL,60893.41654101537,5,-1,1,0.016135648578724404
2024-09-18 18:00:00,CONTROL,60928.679635141285,6,-1,1,0.016144992657722353
2024-09-18 18:00:00,CONTROL,60919.609122982605,6,-1,1,0.016142589136866812
2024-09-19 01:00:00,LEVEL,61843.21666666667,6,1,1,0.014236263098578063
2024-09-19 00:00:00,LEVEL,62309.65,6,-1,-1,0.014786672105009488
2024-09-19 00:00:00,LEVEL,62508.35,4,-1,1,0.014833825503355737
2024-09-19 12:00:00,LEVEL,63120.075,4,-1,-1,0.013988021994764482
2024-09-19 13:00:00,LEVEL,63304.4,5,-1,0,0.014192518898923177
2024-09-19 16:00:00,LEVEL,63542.375,4,-1,1,0.013949166146437177
2024-09-19 17:00:00,LEVEL,63814.642857142855,7,-1,1,0.01415969387401328
2024-09-19 00:00:00,CONTROL,62078.78189341095,8,-1,-1,0.014731884909259927
2024-09-19 00:00:00,CONTROL,62098.872213980336,4,-1,-1,0.014736652533259485
2024-09-19 12:00:00,CONTROL,62738.69578454999,6,-1,-1,0.013903504654535392
2024-09-19 12:00:00,CONTROL,62877.720553204905,6,-1,-1,0.013934313894254481
2024-09-19 00:00:00,CONTROL,62079.568479951806,4,-1,-1,0.0147320715737214
2024-09-19 12:00:00,CONTROL,62775.19992896391,5,-1,-1,0.013911594327669684
2024-09-19 13:00:00,CONTROL,62700.09855689023,4,1,1,0.014057037642454718
2024-09-19 12:00:00,CONTROL,62867.07562631054,7,-1,-1,0.013931954875011697
2024-09-20 18:00:00,LEVEL,62517.68000000001,5,1,1,0.018526158576111774
2024-09-20 01:00:00,LEVEL,63120.075,4,-1,-1,0.019303328650477358
2024-09-20 03:00:00,LEVEL,63290.2,4,-1,-1,0.01908163334526749
2024-09-20 03:00:00,LEVEL,63542.375,4,-1,1,0.01915766266558632
2024-09-20 00:00:00,CONTROL,62725.757342542245,6,1,1,0.018840630344024622
2024-09-20 01:00:00,CONTROL,62884.80752865901,6,-1,-1,0.01923137934876848
2024-09-20 00:00:00,CONTROL,62735.48675527353,4,1,1,0.018843552720357735
2024-09-20 00:00:00,CONTROL,62743.3835695492,4,1,1,0.018845924648014996
2024-09-20 01:00:00,CONTROL,62891.01703438375,4,-1,-1,0.019233278334626177
2024-09-21 15:00:00,LEVEL,63120.075,4,1,1,0.03451954950182009
2024-09-21 23:00:00,LEVEL,63542.375,4,-1,1,0.04562469989005306
2024-09-21 01:00:00,CONTROL,62894.16386397614,7,1,1,0.01980684607769989
2024-09-21 01:00:00,CONTROL,62811.34138024039,4,1,1,0.019780763336689537
2024-09-22 10:00:00,LEVEL,62527.93333333333,6,1,1,0.040339788848342946
2024-09-22 09:00:00,LEVEL,62739.033333333326,3,1,1,0.04105118117749686
2024-09-22 00:00:00,LEVEL,63120.075,4,1,-1,0.04465319007825963
2024-09-22 22:00:00,LEVEL,63303.6,6,-1,-1,0.024837116233447747
2024-09-22 22:00:00,LEVEL,63542.375,4,-1,1,0.02493079941147619
2024-09-22 22:00:00,LEVEL,63816.575,8,-1,1,0.025038381559588013
2024-09-22 17:00:00,CONTROL,62927.28886653818,7,-1,-1,0.03553520115286177
2024-09-23 00:00:00,LEVEL,62754.575,4,1,1,0.02188548448619721
2024-09-23 00:00:00,LEVEL,63120.075,4,1,1,0.02201295160042283
2024-09-23 00:00:00,LEVEL,63303.6,6,1,1,0.02207695543664241
2024-09-23 06:00:00,LEVEL,63543.27999999999,5,1,-1,0.019146210182386544
2024-09-23 01:00:00,LEVEL,63816.575,8,-1,-1,0.021770880907452984
2024-09-23 03:00:00,LEVEL,64496.93333333333,3,-1,1,0.02076861482316319
2024-09-23 03:00:00,CONTROL,64053.884693947,4,-1,1,0.020625949023972617
2024-09-23 03:00:00,CONTROL,64124.68698220916,6,-1,1,0.020648748021963974
2024-09-23 03:00:00,CONTROL,64069.805943108935,5,-1,1,0.020631075814879697
2024-09-23 03:00:00,CONTROL,64269.491313598024,8,-1,1,0.02069537636889325
2024-09-23 03:00:00,CONTROL,64061.210081622885,3,-1,1,0.020628307867210705
2024-09-23 03:00:00,CONTROL,64051.47610606052,5,-1,1,0.020625173436181126
2024-09-23 03:00:00,CONTROL,64258.97588035304,4,-1,1,0.020691990301192405
2024-09-24 00:00:00,LEVEL,62754.575,4,1,1,0.021869515595051417
2024-09-24 00:00:00,LEVEL,63102.840000000004,5,1,1,0.021990883429168863
2024-09-24 14:00:00,LEVEL,63303.6,6,1,1,0.023960767893261428
2024-09-24 09:00:00,LEVEL,63543.27999999999,5,1,-1,0.024314061461198154
2024-09-24 08:00:00,LEVEL,63813.62222222222,9,-1,1,0.02504520704382359
2024-09-24 20:00:00,LEVEL,64496.93333333333,3,-1,1,0.02226767652791864
2024-09-24 19:00:00,CONTROL,64114.511191170524,6,-1,-1,0.022968277524096647
2024-09-24 19:00:00,CONTROL,64174.56463785076,5,-1,-1,0.02298979097251892
2024-09-24 19:00:00,CONTROL,64251.77386934172,9,-1,1,0.023017450281205196
2024-09-24 19:00:00,CONTROL,64299.197173385845,5,-1,1,0.023034439128006935
2024-09-25 17:00:00,LEVEL,63102.840000000004,5,1,1,0.02169111404724306
2024-09-25 13:00:00,LEVEL,63303.6,6,1,1,0.02047831783259199
2024-09-25 15:00:00,LEVEL,63543.27999999999,5,1,-1,0.02129600301627531
2024-09-25 06:00:00,LEVEL,63813.62222222222,9,1,-1,0.020383058114761092
2024-09-25 01:00:00,LEVEL,64476.25,4,-1,1,0.020842071236640572
2024-09-25 00:00:00,CONTROL,64108.73082370411,6,1,1,0.021331136455746722
2024-09-25 04:00:00,CONTROL,64186.957898752844,5,1,-1,0.020959434404376524
2024-09-25 01:00:00,CONTROL,64219.01481826801,9,-1,1,0.02075891947173135
2024-09-25 00:00:00,CONTROL,64080.72625255423,4,1,1,0.021321818390626614
2024-09-25 01:00:00,CONTROL,64235.40616945964,5,-1,1,0.02076421800738131
2024-09-25 01:00:00,CONTROL,64798.25417418527,4,-1,1,0.020946159702344844
2024-09-25 01:00:00,CONTROL,64696.234474074365,5,-1,1,0.020913181638992025
2024-09-26 01:00:00,LEVEL,62733.583333333336,6,1,1,0.025119180493339
2024-09-26 03:00:00,LEVEL,63472.66666666668,6,-1,-1,0.025375110355970884
2024-09-26 06:00:00,LEVEL,63750.380000000005,5,-1,-1,0.025806278984453083
2024-09-26 09:00:00,LEVEL,63871.114285714284,7,-1,-1,0.025387552102834016
2024-09-26 14:00:00,LEVEL,65002.98,5,-1,1,0.02321172316825496
2024-09-26 14:00:00,LEVEL,65195.175,4,-1,1,0.023280353516191666
2024-09-26 15:00:00,LEVEL,65448.159999999996,5,-1,1,0.02166686791984358
2024-09-26 17:00:00,LEVEL,65740.0,3,-1,1,0.021046060266517272
2024-09-26 10:00:00,CONTROL,64217.368432345495,6,-1,-1,0.024364849715263707
2024-09-26 12:00:00,CONTROL,64697.94249902955,5,-1,1,0.024381253723946818
2024-09-26 14:00:00,CONTROL,64709.013979664516,7,-1,-1,0.02310675170564046
2024-09-26 10:00:00,CONTROL,64080.09294001267,3,-1,-1,0.024312765725808396
2024-09-26 10:00:00,CONTROL,64267.96518093287,5,-1,-1,0.02438404673634238
2024-09-26 10:00:00,CONTROL,64293.43681877952,4,-1,-1,0.024393710985178563
2024-09-26 14:00:00,CONTROL,64723.72671603314,5,-1,-1,0.02311200543344857
2024-09-26 14:00:00,CONTROL,64802.39177240387,3,-1,-1,0.02314009570733282
2024-09-27 00:00:00,LEVEL,65002.98,5,1,1,0.019768259712613118
2024-09-27 03:00:00,LEVEL,65195.175,4,-1,-1,0.019170646450723666
2024-09-27 07:00:00,LEVEL,65448.159999999996,5,-1,-1,0.019042580785946797
2024-09-27 08:00:00,LEVEL,65755.0,4,-1,0,0.01875699768229631
2024-09-27 14:00:00,LEVEL,66170.42,5,-1,1,0.01907839152333154
2024-09-27 02:00:00,CONTROL,64801.111536190525,5,1,1,0.019738570931018034
2024-09-27 02:00:00,CONTROL,64799.88764423145,4,1,1,0.01973819813064975
2024-09-28 09:00:00,LEVEL,65448.159999999996,5,1,1,0.026630653578149532
2024-09-28 06:00:00,LEVEL,65755.0,4,1,0,0.025348271292615257
2024-09-28 03:00:00,CONTROL,65966.88363166862,6,1,-1,0.024556382120370254
2024-09-29 13:00:00,LEVEL,65755.0,4,-1,-1,0.04591428820808244
2024-09-30 23:00:00,LEVEL,63025.9,4,1,1,0.01924822294330978
2024-09-30 10:00:00,LEVEL,63240.86666666667,6,1,1,0.02565910222436358
2024-09-30 18:00:00,LEVEL,63472.66666666668,6,1,-1,0.020930158108604775
2024-09-30 09:00:00,LEVEL,63737.975,4,1,-1,0.026911402559704423
2024-09-30 09:00:00,LEVEL,63874.799999999996,6,1,-1,0.026969172714078348
2024-09-30 02:00:00,LEVEL,64496.93333333333,3,1,-1,0.035519599811838054
2024-09-30 01:00:00,LEVEL,65002.98,5,1,-1,0.03814379109896748
2024-09-30 00:00:00,LEVEL,65229.759999999995,5,1,-1,0.04296289636719139
2024-09-30 00:00:00,LEVEL,65431.54285714286,7,1,-1,0.04309579852688207
2024-09-30 08:00:00,CONTROL,64091.56183683202,6,1,-1,0.029641999982347518
2024-09-30 01:00:00,CONTROL,64712.831923055564,6,1,-1,0.037973532018003256
2024-09-30 08:00:00,CONTROL,64109.89946304858,3,1,-1,0.02965048103508534
2024-09-30 03:00:00,CONTROL,64153.0174915555,5,1,1,0.03362207343394433
2024-09-30 01:00:00,CONTROL,64701.35537896058,7,1,-1,0.03796679757443625
2024-09-30 01:00:00,CONTROL,64776.784587567636,4,1,-1,0.03801105948328824
2024-10-01 20:00:00,LEVEL,60136.775,4,1,1,0.015140889707155105
2024-10-01 20:00:00,LEVEL,60312.38333333334,6,1,1,0.015185103358563207
2024-10-01 20:00:00,LEVEL,60555.475,4,1,1,0.015246307573683296
2024-10-01 20:00:00,LEVEL,60704.56666666667,3,1,1,0.015283845011985502
2024-10-01 17:00:00,LEVEL,61116.2,5,1,1,0.017035281000661987
2024-10-01 17:00:00,LEVEL,61378.014285714286,7,1,1,0.017108258049744397
2024-10-01 15:00:00,LEVEL,62330.200000000004,6,1,-1,0.02011726426417339
2024-10-01 13:00:00,LEVEL,62652.649999999994,8,1,-1,0.021756280927163803
2024-10-01 00:00:00,LEVEL,63086.7,4,1,1,0.01915182195068732
2024-10-01 02:00:00,LEVEL,63293.26666666666,6,1,1,0.0206227869926315
2024-10-01 00:00:00,LEVEL,63543.27999999999,5,-1,1,0.01929043022891783
2024-10-01 08:00:00,LEVEL,63810.514285714286,7,1,-1,0.021844967126076295
2024-10-01 06:00:00,LEVEL,63984.833333333336,3,-1,1,0.020960594024268715
2024-10-01 20:00:00,CONTROL,60930.661568308555,4,1,1,0.015340769879824022
2024-10-01 20:00:00,CONTROL,60928.53794309932,6,1,1,0.015340235205740278
2024-10-01 17:00:00,CONTROL,61583.67333726335,3,1,1,0.017165582617264433
2024-10-01 17:00:00,CONTROL,61750.79744588243,5,1,-1,0.017212166111531275
2024-10-01 15:00:00,CONTROL,62041.96731057805,7,1,1,0.020024236274809093
2024-10-01 17:00:00,CONTROL,61607.49295432615,6,1,1,0.017172222000439316
2024-10-01 17:00:00,CONTROL,61720.751692751495,8,1,-1,0.01720379128051328
2024-10-02 19:00:00,LEVEL,60136.775,4,1,1,0.013609357783891225
2024-10-02 19:00:00,LEVEL,60312.38333333334,6,1,1,0.01364909913414099
2024-10-02 13:00:00,LEVEL,60555.475,4,1,1,0.013422935239638977
2024-10-02 00:00:00,LEVEL,61116.2,5,-1,-1,0.015234536588405742
2024-10-02 01:00:00,LEVEL,61378.014285714286,7,-1,1,0.01501109312032632
2024-10-02 16:00:00,LEVEL,62330.200000000004,6,-1,1,0.014196101095365886
2024-10-02 12:00:00,CONTROL,60777.66170582705,4,1,1,0.013273582813527345
2024-10-02 12:00:00,CONTROL,60799.618372675366,6,1,1,0.013278378056179667
2024-10-02 02:00:00,CONTROL,61713.02909748917,5,-1,1,0.014980935891730166
2024-10-02 02:00:00,CONTROL,61640.570598556216,6,-1,1,0.014963346475958487
2024-10-02 02:00:00,CONTROL,61784.5053277978,8,-1,1,0.014998286860232208
2024-10-02 16:00:00,CONTROL,62126.275093641685,3,-1,1,0.014149655895662923
2024-10-03 13:00:00,LEVEL,59825.728571428575,7,1,1,0.014858574499861983
2024-10-03 08:00:00,LEVEL,60135.06,5,1,1,0.014506870914971104
2024-10-03 08:00:00,LEVEL,60312.38333333334,6,1,1,0.014549648068712685
2024-10-03 08:00:00,LEVEL,60554.225,4,1,1,0.014607989506140279
2024-10-03 01:00:00,LEVEL,61116.2,5,-1,1,0.015436916592338869
2024-10-03 03:00:00,LEVEL,61378.014285714286,7,-1,1,0.015425850831673752
2024-10-03 00:00:00,CONTROL,60799.98716089478,5,-1,1,0.015052063231278815
2024-10-03 00:00:00,CONTROL,60857.418955318935,6,-1,1,0.015066281441537157
2024-10-04 00:00:00,LEVEL,60554.225,4,1,1,0.017007672930582005
2024-10-04 01:00:00,LEVEL,61116.2,5,-1,-1,0.016443175435941412
2024-10-04 07:00:00,LEVEL,61387.3375,8,-1,-1,0.016936628012242962
2024-10-04 12:00:00,LEVEL,61853.43333333333,3,-1,1,0.01878223858596975
2024-10-04 01:00:00,CONTROL,60891.86037880427,5,-1,-1,0.01638281736805509
2024-10-04 01:00:00,CONTROL,60931.134897461576,6,-1,-1,0.016393384088506366
2024-10-04 01:00:00,CONTROL,60928.44414804506,4,-1,-1,0.01639266014845921
2024-10-04 08:00:00,CONTROL,61580.7793532425,5,-1,1,0.017775917978149876
2024-10-04 01:00:00,CONTROL,60909.30922586716,8,-1,-1,0.01638751194090828
2024-10-04 12:00:00,CONTROL,61645.125307049304,7,-1,1,0.018718984360000527
2024-10-04 16:00:00,CONTROL,62086.15922094885,8,-1,0,0.019279357745876906
2024-10-04 16:00:00,CONTROL,62066.22389203095,3,-1,0,0.019273167310797448
2024-10-05 02:00:00,LEVEL,61853.43333333333,3,1,0,0.02295038283300288
2024-10-05 05:00:00,CONTROL,62085.112960082646,8,-1,0,0.02305211657294445
2024-10-05 05:00:00,CONTROL,62046.06053163871,8,-1,0,0.023037616460276134
2024-10-06 21:00:00,LEVEL,62335.025,8,1,1,0.038079544890517895
2024-10-06 14:00:00,LEVEL,62568.740000000005,5,-1,-1,0.0452351832271474
2024-10-06 14:00:00,LEVEL,62743.46666666667,6,-1,1,0.04536150497793438
2024-10-06 01:00:00,CONTROL,62101.507094303764,8,-1,1,0.044326557526269676
2024-10-06 01:00:00,CONTROL,62106.59210285349,5,-1,1,0.044330187082693456
2024-10-06 01:00:00,CONTROL,62099.66922450034,6,-1,1,0.04432524569914374
2024-10-06 01:00:00,CONTROL,62105.94971926587,4,-1,1,0.044329728564786515
2024-10-07 23:00:00,LEVEL,62099.46666666667,3,1,1,0.015889074035575886
2024-10-07 22:00:00,LEVEL,62568.740000000005,5,1,0,0.01633102242232935
2024-10-07 11:00:00,LEVEL,62743.46666666667,6,1,1,0.023389922336129236
2024-10-07 00:00:00,LEVEL,63025.9,4,-1,-1,0.031733098369941405
2024-10-07 00:00:00,LEVEL,63280.857142857145,7,-1,-1,0.031861467502225196
2024-10-07 00:00:00,LEVEL,63543.27999999999,5,-1,-1,0.031993595569261686
2024-10-07 01:00:00,LEVEL,63810.514285714286,7,-1,1,0.03175541129580501
2024-10-07 14:00:00,LEVEL,64011.775,4,-1,1,0.021020203595763905
2024-10-07 14:00:00,CONTROL,64218.1737741454,7,-1,1,0.021087980879778485
2024-10-07 14:00:00,CONTROL,64243.95422202521,5,-1,1,0.021096446670068218
2024-10-07 14:00:00,CONTROL,64224.39767947269,7,-1,1,0.021090024687455126
2024-10-08 07:00:00,LEVEL,62099.46666666667,3,1,1,0.016277044135916244
2024-10-08 00:00:00,LEVEL,62327.24444444444,9,-1,-1,0.016820198203871133
2024-10-08 03:00:00,LEVEL,62577.600000000006,6,1,-1,0.016897023904953998
2024-10-08 02:00:00,LEVEL,62743.46666666667,6,-1,1,0.016747361543231004
2024-10-08 13:00:00,LEVEL,63025.9,4,-1,1,0.01752575470550409
2024-10-09 20:00:00,LEVEL,60312.38333333334,6,1,1,0.023557224229404698
2024-10-09 20:00:00,LEVEL,60499.85,4,1,1,0.023630446245483855
2024-10-09 20:00:00,LEVEL,60691.45,4,1,1,0.023705282687237587
2024-10-09 18:00:00,LEVEL,61387.3375,8,1,-1,0.025541142359350424
2024-10-09 14:00:00,LEVEL,61621.63333333333,3,1,1,0.02423782224625922
2024-10-09 12:00:00,LEVEL,61852.700000000004,6,1,-1,0.021680593254685458
2024-10-09 08:00:00,LEVEL,62097.55,4,1,-1,0.021860283165201673
2024-10-09 01:00:00,LEVEL,62327.24444444444,9,-1,1,0.01968079871150097
2024-10-09 19:00:00,CONTROL,60896.63148265473,5,1,-1,0.025609685741535933
2024-10-09 19:00:00,CONTROL,60924.09058457184,6,1,-1,0.025621233489805755
2024-10-09 19:00:00,CONTROL,60920.349596565924,4,1,-1,0.025619660241419734
2024-10-09 19:00:00,CONTROL,60876.70554796424,8,1,-1,0.02560130601817348
2024-10-09 19:00:00,CONTROL,60923.48630889821,3,1,-1,0.025620979365567256
2024-10-10 18:00:00,LEVEL,59169.8,5,1,1,0.018905977034448303
2024-10-10 18:00:00,LEVEL,59413.4,5,1,1,0.018983812281577608
2024-10-10 17:00:00,LEVEL,59658.75,4,1,-1,0.019085265273070782
2024-10-10 17:00:00,LEVEL,59843.75,8,1,-1,0.019144448110048055
2024-10-10 17:00:00,LEVEL,60135.06,5,1,-1,0.019237640284317518
2024-10-10 00:00:00,LEVEL,60312.38333333334,6,1,1,0.022701832225685628
2024-10-10 16:00:00,LEVEL,60499.85,4,1,-1,0.020733105582745173
2024-10-10 01:00:00,LEVEL,60691.45,4,-1,-1,0.022790095989110234
2024-10-10 06:00:00,LEVEL,61116.2,5,-1,1,0.022899611259425745
2024-10-10 18:00:00,CONTROL,58966.38766937833,5,1,1,0.018840982580330543
2024-10-10 18:00:00,CONTROL,58959.701359513805,3,1,1,0.0188388461657957
2024-10-10 18:00:00,CONTROL,58969.380631725144,5,1,1,0.018841938893811302
2024-10-10 18:00:00,CONTROL,58954.26466547386,8,1,1,0.0188371090294075
2024-10-10 07:00:00,CONTROL,60924.318080748395,5,1,-1,0.02281222272570202
2024-10-10 07:00:00,CONTROL,60922.81757966672,3,1,-1,0.022811660884946905
2024-10-11 00:00:00,LEVEL,60135.06,5,1,1,0.020428262720411042
2024-10-11 01:00:00,LEVEL,60303.74285714286,7,-1,-1,0.01991454872475306
2024-10-11 01:00:00,LEVEL,60499.85,4,-1,-1,0.019979310629514965
2024-10-11 01:00:00,LEVEL,60691.45,4,-1,-1,0.020042584107327142
2024-10-11 12:00:00,LEVEL,61377.299999999996,9,-1,-1,0.020707154454401668
2024-10-11 13:00:00,LEVEL,61621.63333333333,3,-1,-1,0.020639657801177175
2024-10-11 14:00:00,LEVEL,61852.700000000004,6,-1,-1,0.0211500635799237
2024-10-11 15:00:00,LEVEL,62097.55,4,-1,-1,0.020510529195008422
2024-10-11 15:00:00,LEVEL,62333.119999999995,10,-1,-1,0.020588336859923836
2024-10-11 17:00:00,LEVEL,62569.50000000001,7,-1,-1,0.02200246153846154
2024-10-11 17:00:00,LEVEL,62743.46666666667,6,-1,-1,0.02206363663003663
2024-10-11 19:00:00,LEVEL,63025.9,4,-1,1,0.022669403261883627
2024-10-11 19:00:00,LEVEL,63232.416666666664,6,-1,1,0.02274368398769582
2024-10-11 09:00:00,CONTROL,60897.89958410923,5,-1,-1,0.01989010244135234
2024-10-11 09:00:00,CONTROL,60915.53169876613,7,-1,-1,0.019895861335652118
2024-10-11 09:00:00,CONTROL,60928.79871635155,4,-1,-1,0.01990019452843327
2024-10-11 09:00:00,CONTROL,60910.054856224946,9,-1,-1,0.01989407252257411
2024-10-11 09:00:00,CONTROL,60929.19612522826,3,-1,-1,0.019900324327709155
2024-10-12 02:00:00,LEVEL,62569.50000000001,7,1,1,0.022953650735420578
2024-10-12 00:00:00,LEVEL,62743.46666666667,6,-1,-1,0.022110043424477033
2024-10-12 01:00:00,LEVEL,63025.9,4,-1,1,0.022958425444238286
2024-10-12 11:00:00,LEVEL,63232.416666666664,6,-1,1,0.024451232971618712
2024-10-13 15:00:00,LEVEL,62097.55,4,1,1,0.03700205947526202
2024-10-13 14:00:00,LEVEL,62332.65454545454,11,1,1,0.03619257050106222
2024-10-13 16:00:00,LEVEL,62569.50000000001,7,-1,-1,0.03586286942504026
2024-10-13 17:00:00,LEVEL,62743.46666666667,6,-1,1,0.03435644992014598
2024-10-13 00:00:00,LEVEL,63025.9,4,1,-1,0.035900687101712354
2024-10-14 00:00:00,LEVEL,62575.2375,8,1,1,0.029585089313416885
2024-10-14 01:00:00,LEVEL,62760.4,7,-1,-1,0.02996348879539274
2024-10-14 03:00:00,LEVEL,63025.9,4,-1,-1,0.024635129721014285
2024-10-14 03:00:00,LEVEL,63250.083333333336,6,-1,-1,0.0247227569583557
2024-10-14 03:00:00,LEVEL,63462.325,8,-1,-1,0.0248057165192749
2024-10-14 03:00:00,LEVEL,63737.975,4,-1,-1,0.02491346069282256
2024-10-14 03:00:00,LEVEL,63885.54285714286,7,-1,-1,0.02497114100049554
2024-10-14 03:00:00,LEVEL,64092.43333333333,3,-1,-1,0.025052008924936045
2024-10-14 03:00:00,LEVEL,64377.46666666667,3,-1,1,0.025163420791192298
2024-10-14 04:00:00,LEVEL,64496.93333333333,3,-1,1,0.024363173344035986
2024-10-14 11:00:00,LEVEL,65002.98,5,-1,-1,0.019540402250800844
2024-10-14 13:00:00,LEVEL,65229.759999999995,5,-1,-1,0.018663569889396558
2024-10-14 14:00:00,LEVEL,65431.54285714286,7,-1,-1,0.017561536996054353
2024-10-14 14:00:00,LEVEL,65755.0,4,-1,-1,0.017648351464014028
2024-10-14 14:00:00,LEVEL,66086.78,5,-1,1,0.01773739975005662
2024-10-14 22:00:00,LEVEL,66288.06,5,-1,1,0.017619113403603226
2024-10-14 08:00:00,CONTROL,64734.27800427662,7,-1,-1,0.02110477413972931
2024-10-14 08:00:00,CONTROL,64766.65197704651,3,-1,-1,0.021115328754755205
2024-10-14 09:00:00,CONTROL,64708.022149982025,5,-1,-1,0.02010034080918911
2024-10-14 09:00:00,CONTROL,64696.46142381176,7,-1,-1,0.020096749685116648
2024-10-14 08:00:00,CONTROL,64787.541424649506,4,-1,-1,0.0211221391662892
2024-10-15 15:00:00,LEVEL,65006.525,4,1,1,0.014701849561462425
2024-10-15 05:00:00,LEVEL,65242.950000000004,4,1,1,0.019095206475511044
2024-10-15 03:00:00,LEVEL,65431.54285714286,7,1,1,0.01906201062825307
2024-10-15 01:00:00,LEVEL,65755.0,4,1,1,0.017136248880202
2024-10-15 13:00:00,LEVEL,66086.78,5,-1,-1,0.018721964641412247
2024-10-15 00:00:00,LEVEL,66288.05,6,-1,1,0.017248195670911227
2024-10-15 13:00:00,LEVEL,66542.78,5,-1,-1,0.01885114654248965
2024-10-15 13:00:00,LEVEL,66807.0,3,-1,-1,0.018925998388767438
2024-10-15 13:00:00,LEVEL,67030.3,3,-1,-1,0.018989257859185385
2024-10-15 13:00:00,LEVEL,67390.4,3,-1,1,0.01909127189992655
2024-10-15 15:00:00,CONTROL,64800.17075734714,3,1,1,0.01465518056889819
2024-10-15 15:00:00,CONTROL,64798.76272504301,7,1,1,0.014654862128878312
2024-10-15 15:00:00,CONTROL,64776.708563533546,4,1,1,0.014649874368577077
2024-10-15 13:00:00,CONTROL,67729.4567726778,3,-1,1,0.01918732452814516
2024-10-15 13:00:00,CONTROL,67684.51377891035,3,-1,1,0.019174592463726325
2024-10-15 14:00:00,CONTROL,67887.60574302955,3,-1,1,0.016782832340175136
2024-10-16 00:00:00,LEVEL,66807.0,3,1,1,0.013436983029541189
2024-10-16 01:00:00,LEVEL,67030.3,3,-1,-1,0.013102011446861293
2024-10-16 01:00:00,LEVEL,67390.4,3,-1,0,0.013172398038029982
2024-10-16 11:00:00,LEVEL,67993.09999999999,3,-1,1,0.012518075380729627
2024-10-16 11:00:00,LEVEL,68242.86666666667,3,-1,1,0.012564059428536348
2024-10-16 10:00:00,CONTROL,67606.35186499599,3,-1,0,0.012726500421666129
2024-10-16 10:00:00,CONTROL,67742.0730375142,3,-1,0,0.012752049138785655
2024-10-17 10:00:00,LEVEL,66788.425,4,1,1,0.020539422420835195
2024-10-17 10:00:00,LEVEL,67030.3,3,1,1,0.0206138061602038
2024-10-17 01:00:00,LEVEL,67390.4,3,1,-1,0.020426556032318865
2024-10-17 00:00:00,CONTROL,67733.84292021472,4,-1,1,0.0200646421980733
2024-10-17 02:00:00,CONTROL,67667.85002002325,3,1,-1,0.02020048883930766
2024-10-18 01:00:00,LEVEL,67390.4,3,-1,-1,0.020716185865106648
2024-10-18 01:00:00,LEVEL,67623.73333333332,3,-1,-1,0.020787913836774096
2024-10-18 01:00:00,LEVEL,67993.09999999999,3,-1,-1,0.020901459215923672
2024-10-18 06:00:00,LEVEL,68282.15,4,-1,-1,0.020073022580704494
2024-10-18 14:00:00,CONTROL,68528.20655482794,3,-1,0,0.02187281296821666
2024-10-18 14:00:00,CONTROL,68489.10480370349,3,-1,0,0.021860332482704605
2024-10-18 18:00:00,CONTROL,68969.73634497711,4,-1,1,0.022785789418121663
2024-10-19 14:00:00,LEVEL,68299.92,5,-1,-1,0.036813162203132806
2024-10-20 12:00:00,LEVEL,68254.6,5,1,1,0.0618861303941291
2024-10-20 22:00:00,CONTROL,69239.55636232723,5,-1,1,0.043451243402778214
2024-10-21 14:00:00,LEVEL,67030.3,3,1,1,0.022949933128617702
2024-10-21 13:00:00,LEVEL,67617.16666666667,3,1,-1,0.02391940452502023
2024-10-21 13:00:00,LEVEL,68029.225,4,1,-1,0.02406516913552948
2024-10-21 11:00:00,LEVEL,68444.53333333334,3,-1,1,0.026916862070378064
2024-10-21 13:00:00,CONTROL,67238.97981858309,5,1,1,0.02378562186816997
2024-10-21 13:00:00,CONTROL,67408.70822270226,3,1,-1,0.02384566286896384
2024-10-21 13:00:00,CONTROL,67358.71138148067,4,1,1,0.023827976610738204
2024-10-21 00:00:00,CONTROL,69210.39719300767,6,-1,1,0.03932269291176167
2024-10-21 00:00:00,CONTROL,69211.08668562895,3,-1,1,0.03932308465502152
2024-10-22 00:00:00,LEVEL,66549.66,5,1,1,0.020386646754738686
2024-10-22 00:00:00,LEVEL,66822.65,4,1,1,0.020470273789010177
2024-10-22 00:00:00,LEVEL,67030.3,3,1,1,0.020533884740570586
2024-10-22 03:00:00,LEVEL,67549.33333333333,3,-1,1,0.020977646655409125
2024-10-22 08:00:00,CONTROL,67239.69510852403,5,1,-1,0.02149241600464244
2024-10-22 01:00:00,CONTROL,67335.72133850682,4,-1,1,0.020427590326617073
2024-10-22 06:00:00,CONTROL,67778.57847936069,3,-1,1,0.02188656190174919
2024-10-23 18:00:00,LEVEL,65249.525,4,1,1,0.022827988542190602
2024-10-23 18:00:00,LEVEL,65443.425,4,1,1,0.022895825771324926
2024-10-23 09:00:00,LEVEL,66317.7,4,1,1,0.02239942580903933
2024-10-23 08:00:00,LEVEL,66556.82857142857,7,1,-1,0.022637173984011456
2024-10-23 13:00:00,LEVEL,66822.65,4,-1,1,0.023537908108227132
2024-10-23 15:00:00,CONTROL,66090.06358841447,4,1,-1,0.024598802382428224
2024-10-23 15:00:00,CONTROL,66032.29496095005,4,1,-1,0.024577300828733998
2024-10-23 00:00:00,CONTROL,67248.0398480265,4,1,-1,0.02259061994936748
2024-10-23 02:00:00,CONTROL,67078.70434731244,7,1,-1,0.023476922915794424
2024-10-23 00:00:00,CONTROL,67224.81441226222,4,1,-1,0.022582817833592877
2024-10-23 02:00:00,CONTROL,67053.10451818375,3,1,-1,0.023467963213591476
2024-10-23 00:00:00,CONTROL,67244.6618604227,3,1,-1,0.022589485182698838
2024-10-23 00:00:00,CONTROL,67216.46476800168,5,1,-1,0.022580012939344234
2024-10-24 00:00:00,LEVEL,66822.65,4,-1,-1,0.02073506972053609
2024-10-24 12:00:00,LEVEL,67549.33333333333,3,-1,-1,0.021069250313533554
2024-10-24 13:00:00,LEVEL,67750.45,4,-1,-1,0.021118394700954578
2024-10-24 19:00:00,LEVEL,68013.18000000001,5,-1,-1,0.02296239539152998
2024-10-24 19:00:00,LEVEL,68244.22,5,-1,-1,0.023040398387879493
2024-10-24 21:00:00,LEVEL,68444.53333333334,3,-1,1,0.022164231887577768
2024-10-24 00:00:00,CONTROL,67233.23932095923,4,-1,-1,0.020862475595588893
2024-10-24 00:00:00,CONTROL,67100.4370817726,7,-1,-1,0.0208212670579362
2024-10-24 00:00:00,CONTROL,67237.2240633013,4,-1,-1,0.020863712061222645
2024-10-24 00:00:00,CONTROL,67087.46995636773,3,-1,-1,0.020817243358646435
2024-10-24 21:00:00,CONTROL,68750.25562707339,4,-1,1,0.022263233217291803
2024-10-24 00:00:00,CONTROL,67318.02952851867,5,-1,-1,0.02088878599880343
2024-10-24 21:00:00,CONTROL,68789.16044977377,5,-1,1,0.022275831674317976
2024-10-25 23:00:00,LEVEL,65756.66666666667,3,1,1,0.01581568279642633
2024-10-25 18:00:00,LEVEL,66317.7,4,1,1,0.01737885220125789
2024-10-25 18:00:00,LEVEL,66556.82857142857,7,1,1,0.01744151692123393
2024-10-25 17:00:00,LEVEL,66781.225,4,1,-1,0.01952524669249326
2024-10-25 15:00:00,LEVEL,67636.96,5,1,-1,0.021257368245300435
2024-10-25 13:00:00,LEVEL,67878.15,4,1,1,0.02343530021039003
2024-10-25 11:00:00,LEVEL,68101.9,7,-1,-1,0.023745173627379414
2024-10-25 13:00:00,LEVEL,68400.92,5,-1,1,0.023615789394184603
2024-10-25 18:00:00,CONTROL,66019.53415749078,5,1,1,0.017300716498294257
2024-10-25 18:00:00,CONTROL,66058.06355623604,4,1,1,0.017310813300900455
2024-10-25 17:00:00,CONTROL,67060.23550978213,4,1,-1,0.01960682274973531
2024-10-25 17:00:00,CONTROL,67179.25493570667,7,1,-1,0.019641621207720707
2024-10-25 18:00:00,CONTROL,65993.6061710331,4,1,1,0.017293921952576834
2024-10-25 17:00:00,CONTROL,67180.00081310367,5,1,-1,0.019641839284585554
2024-10-25 17:00:00,CONTROL,67171.01220683038,7,1,-1,0.01963921122924653
2024-10-26 01:00:00,LEVEL,66556.82857142857,7,1,1,0.015949754100377574
2024-10-26 02:00:00,CONTROL,66987.83646681854,4,-1,0,0.015652392220123965
2024-10-26 05:00:00,CONTROL,67119.87390118503,5,-1,0,0.01581477310427594
2024-10-26 02:00:00,CONTROL,66997.6356564931,4,-1,0,0.015654681900882674
2024-10-26 20:00:00,CONTROL,67290.37220462844,6,-1,-1,0.02859579435263952
2024-10-27 13:00:00,LEVEL,67636.96,5,-1,-1,0.04863125690918121
2024-10-27 21:00:00,LEVEL,67878.15,4,-1,-1,0.044409249453088474
2024-10-27 21:00:00,LEVEL,68083.98,5,-1,1,0.04454391363905891
2024-10-27 03:00:00,CONTROL,67183.72484203723,5,-1,-1,0.04420981708332863
2024-10-27 04:00:00,CONTROL,67127.13998569729,4,1,1,0.0443797462820195
2024-10-27 04:00:00,CONTROL,67113.79039630169,5,1,1,0.0443709204719154
2024-10-28 07:00:00,LEVEL,68240.36666666665,3,-1,-1,0.03334593246393635
2024-10-28 07:00:00,LEVEL,68444.53333333334,3,-1,-1,0.03344569933522692
2024-10-28 10:00:00,LEVEL,68756.1,4,-1,-1,0.03078358540987505
2024-10-28 12:00:00,CONTROL,68989.0513466321,5,-1,1,0.02989005595922258
2024-10-28 13:00:00,CONTROL,69228.81763829531,3,-1,1,0.029423465811656637
2024-10-28 13:00:00,CONTROL,69178.54948517102,3,-1,1,0.029402100961940503
2024-10-28 19:00:00,CONTROL,69383.84578830606,4,-1,-1,0.023484869688556176
2024-11-01 14:00:00,LEVEL,71560.93333333333,3,-1,1,0.01795067662728925
2024-11-01 02:00:00,CONTROL,68974.58832565999,4,1,1,0.018424391482433786
2024-11-01 06:00:00,CONTROL,69287.1731916841,4,1,1,0.017819629188371152
2024-11-01 01:00:00,CONTROL,69456.49466410329,4,1,1,0.01911263074427129
2024-11-01 13:00:00,CONTROL,70869.65508493475,3,-1,1,0.01774847360003372
2024-11-02 14:00:00,CONTROL,69062.34877356676,4,1,-1,0.02150051718833079
2024-11-02 16:00:00,CONTROL,69534.54784835366,5,-1,1,0.03021147752436937
2024-11-03 14:00:00,LEVEL,67565.42,5,1,1,0.02620655790162673
2024-11-03 14:00:00,LEVEL,67750.45,4,1,1,0.026278325373930433
2024-11-03 02:00:00,LEVEL,67994.5,5,1,1,0.033248636176097676
2024-11-03 02:00:00,LEVEL,68256.79999999999,4,1,1,0.03337689827478198
2024-11-03 02:00:00,LEVEL,68431.05,4,1,-1,0.033462104796687216
2024-11-03 02:00:00,LEVEL,68786.21666666667,6,1,-1,0.03363577777438214
2024-11-03 00:00:00,CONTROL,69168.00623678316,4,1,-1,0.03966766191578669
2024-11-04 21:00:00,LEVEL,66835.99999999999,3,1,1,0.01739034841647351
2024-11-04 17:00:00,LEVEL,67256.53333333333,3,1,1,0.017458459608250314
2024-11-04 17:00:00,LEVEL,67545.61666666667,6,1,1,0.017533499897249526
2024-11-04 16:00:00,LEVEL,67769.56,5,1,-1,0.018131565737218323
2024-11-04 16:00:00,LEVEL,67994.5,5,1,-1,0.018191747836628882
2024-11-04 00:00:00,LEVEL,68256.79999999999,4,1,1,0.0190398856325948
2024-11-04 00:00:00,LEVEL,68431.05,4,1,1,0.01908849177984284
2024-11-04 05:00:00,LEVEL,68786.21666666667,6,1,-1,0.019636023241568438
2024-11-04 21:00:00,CONTROL,67045.24738644747,5,1,1,0.017444793400547335
2024-11-04 01:00:00,CONTROL,68994.92244874136,5,-1,1,0.018859606194399234
2024-11-04 02:00:00,CONTROL,69216.9433778388,4,-1,1,0.020150309659581447
2024-11-04 02:00:00,CONTROL,69248.64283122384,4,-1,1,0.020159537946335765
2024-11-04 02:00:00,CONTROL,69305.87388662556,6,-1,1,0.020176198946261666
2024-11-05 01:00:00,LEVEL,67545.61666666667,6,1,1,0.01684534364154038
2024-11-05 01:00:00,LEVEL,67769.56,5,1,1,0.016901193341230716
2024-11-05 00:00:00,LEVEL,67994.5,5,-1,-1,0.017165587156325154
2024-11-05 03:00:00,LEVEL,68256.79999999999,4,-1,-1,0.017465776405958845
2024-11-05 04:00:00,LEVEL,68436.1,5,-1,-1,0.017611928103261048
2024-11-05 09:00:00,LEVEL,68786.21666666667,6,1,1,0.018132054872758
2024-11-05 14:00:00,LEVEL,69287.96666666667,3,-1,-1,0.017554728971863956
2024-11-05 14:00:00,CONTROL,69073.17248230553,4,-1,-1,0.017500308935130413
2024-11-05 14:00:00,CONTROL,69519.0196400482,6,-1,-1,0.01761326831889616
2024-11-05 14:00:00,CONTROL,70169.86392058627,3,-1,1,0.01777816556581206
2024-11-06 02:00:00,LEVEL,71583.20000000001,4,-1,-1,0.012819412716090151
2024-11-06 00:00:00,CONTROL,69814.20871447198,6,-1,-1,0.014425820416899271
2024-11-06 00:00:00,CONTROL,70096.75850991717,3,-1,-1,0.014484204128223625
2024-11-06 00:00:00,CONTROL,70750.61635907427,4,-1,-1,0.014619311810224252
2024-11-17 09:00:00,CONTROL,91234.3735076362,3,-1,1,0.021995614831835597
2024-11-18 06:00:00,LEVEL,91872.46666666667,3,-1,1,0.01918055620797345
2024-11-19 04:00:00,LEVEL,91872.46666666667,3,-1,-1,0.011854750835030299
2024-11-19 17:00:00,CONTROL,93233.5804448177,3,-1,1,0.014899493478996058
2024-11-20 01:00:00,LEVEL,91872.46666666667,3,1,1,0.0153801670590287
2024-11-24 01:00:00,LEVEL,98367.93333333333,3,-1,1,0.032067785927737076
2024-11-25 06:00:00,LEVEL,98420.67499999999,4,-1,1,0.020008523182089635
2024-11-26 20:00:00,LEVEL,91439.16666666667,3,1,1,0.01058718103653101
2024-11-26 11:00:00,LEVEL,91872.46666666667,3,1,1,0.01122119311798736
2024-11-26 08:00:00,CONTROL,92612.9234153633,3,1,1,0.012050834597771804
2024-11-27 14:00:00,LEVEL,94814.40000000001,3,-1,-1,0.015370972039981936
2024-11-27 00:00:00,CONTROL,92504.45115235621,3,-1,-1,0.012328789824553916
2024-11-27 07:00:00,CONTROL,93656.63334899864,3,-1,-1,0.012435838750396071
2024-11-28 10:00:00,LEVEL,94814.40000000001,3,1,1,0.017550604772234274
2024-11-29 11:00:00,LEVEL,97207.8,3,-1,-1,0.023188019291981395
2024-11-29 15:00:00,LEVEL,98422.48000000001,5,-1,1,0.02260117802399684
2024-11-29 01:00:00,CONTROL,95893.80702998783,5,-1,-1,0.021226450558292902
2024-11-29 01:00:00,CONTROL,95923.9304392851,3,-1,-1,0.021233118486889125
2024-11-30 00:00:00,LEVEL,97102.09999999999,3,1,-1,0.02159278958743044
2024-11-30 01:00:00,CONTROL,96769.87697837206,3,1,0,0.02162636578000886
2024-12-01 03:00:00,LEVEL,96278.0,3,-1,-1,0.03239297655346431
2024-12-01 08:00:00,LEVEL,97102.09999999999,3,-1,-1,0.033595709806465514
2024-12-01 10:00:00,CONTROL,96592.02477977733,3,1,1,0.03443911257760769
2024-12-01 21:00:00,CONTROL,97524.42022820775,3,-1,-1,0.029360730892574634
2024-12-01 21:00:00,CONTROL,97785.9360147724,3,-1,1,0.029439462912878037
2024-12-01 21:00:00,CONTROL,97770.56052142166,5,-1,1,0.029434833962287455
2024-12-02 17:00:00,LEVEL,94798.25,6,1,1,0.015243480096077523
2024-12-02 08:00:00,LEVEL,95713.25,4,1,-1,0.02224741594090267
2024-12-02 04:00:00,LEVEL,96278.0,3,1,-1,0.02498597785977869
2024-12-02 03:00:00,LEVEL,97108.67499999999,4,1,-1,0.026176388432606456
2024-12-02 03:00:00,CONTROL,96741.74042367995,4,1,-1,0.026077478402178104
2024-12-02 03:00:00,CONTROL,97405.58138104854,3,1,-1,0.026256421825693595
2024-12-02 01:00:00,CONTROL,97990.08508777952,4,-1,1,0.02766420865660578
2024-12-02 01:00:00,CONTROL,98055.24109325136,3,-1,1,0.027682603265907213
2024-12-03 10:00:00,LEVEL,94798.25,6,1,-1,0.01644776750616747
2024-12-03 06:00:00,LEVEL,95713.25,4,1,-1,0.015613031487834588
2024-12-03 02:00:00,LEVEL,96278.0,3,-1,1,0.014690940995832435
2024-12-03 13:00:00,CONTROL,93981.7626561798,6,1,1,0.016425532267566125
2024-12-03 14:00:00,CONTROL,95197.62077510548,3,-1,-1,0.016124770353920525
2024-12-04 16:00:00,LEVEL,94798.25,6,1,1,0.020787522870397687
2024-12-04 00:00:00,LEVEL,95713.25,4,1,1,0.019273711236407576
2024-12-04 01:00:00,LEVEL,96304.9,5,-1,1,0.018564017179998452
2024-12-04 09:00:00,LEVEL,96971.33333333333,3,-1,1,0.01899315497503765
2024-12-04 19:00:00,LEVEL,97271.68000000001,5,-1,-1,0.020383038176936697
2024-12-04 20:00:00,LEVEL,98359.9,5,-1,-1,0.018771644977754475
2024-12-04 20:00:00,LEVEL,98652.73333333334,3,-1,1,0.01882753120141865
2024-12-04 20:00:00,LEVEL,99005.26666666666,3,-1,1,0.018894810962542415
2024-12-04 01:00:00,CONTROL,96606.15649341994,4,-1,1,0.01862208827211769
2024-12-04 20:00:00,CONTROL,97643.81786655282,5,-1,-1,0.018634983191965923
2024-12-04 20:00:00,CONTROL,98048.22592188651,3,-1,-1,0.018712163063446762
2024-12-04 01:00:00,CONTROL,96673.48925599494,5,-1,1,0.01863506753445241
2024-12-05 22:00:00,LEVEL,90887.33333333333,3,1,1,0.007315464691994004
2024-12-05 22:00:00,LEVEL,91467.625,4,1,1,0.007362172005795249
2024-12-05 22:00:00,LEVEL,91872.46666666667,3,1,1,0.007394757458682135
2024-12-05 22:00:00,LEVEL,94798.25,6,1,1,0.007630251931745023
2024-12-05 22:00:00,LEVEL,95713.25,4,1,1,0.007703899710238262
2024-12-05 22:00:00,LEVEL,96304.9,5,1,1,0.00775152124919512
2024-12-05 22:00:00,LEVEL,96988.775,4,1,1,0.007806565920798468
2024-12-05 22:00:00,LEVEL,97271.68000000001,5,1,1,0.007829336767546697
2024-12-05 00:00:00,LEVEL,98359.9,5,1,1,0.016677441198755895
2024-12-05 01:00:00,LEVEL,98652.73333333334,3,-1,-1,0.0171183876944211
2024-12-05 02:00:00,LEVEL,99005.26666666666,3,-1,-1,0.014575338869336521
2024-12-05 22:00:00,CONTROL,90276.31744922364,3,1,1,0.0072662844051210405
2024-12-05 22:00:00,CONTROL,93234.17237134583,3,1,1,0.007504360300333708
2024-12-05 22:00:00,CONTROL,93574.95581777692,6,1,1,0.007531789747084441
2024-12-05 22:00:00,CONTROL,94458.93168353687,4,1,1,0.007602940412390295
2024-12-05 22:00:00,CONTROL,97673.79652261606,5,1,1,0.007861702875291069
2024-12-05 22:00:00,CONTROL,97877.72194460832,4,1,-1,0.007878116705135906
2024-12-05 01:00:00,CONTROL,98051.77577933896,5,1,1,0.017014108532054588
2024-12-05 22:00:00,CONTROL,97668.96230239244,5,1,1,0.007861313771924712
2024-12-05 20:00:00,CONTROL,97958.38964240652,3,1,-1,0.00959726554188804
2024-12-05 02:00:00,CONTROL,99830.40613213758,3,-1,-1,0.014696814097156407
2024-12-06 00:00:00,LEVEL,97271.68000000001,5,-1,-1,0.007431541581811118
2024-12-06 01:00:00,LEVEL,98359.9,5,-1,-1,0.007350627865211584
2024-12-06 01:00:00,LEVEL,98652.73333333334,3,-1,-1,0.007372511873428986
2024-12-06 14:00:00,LEVEL,99028.92499999999,4,-1,-1,0.009224059380002907
2024-12-06 00:00:00,CONTROL,97580.06406813818,5,-1,-1,0.007455102077790389
2024-12-06 01:00:00,CONTROL,97945.60016984658,5,-1,-1,0.007319666427917747
2024-12-06 17:00:00,CONTROL,99769.88271733334,5,-1,-1,0.009516706799436824
2024-12-06 17:00:00,CONTROL,99627.09596459418,3,-1,-1,0.009503086860997965
2024-12-06 17:00:00,CONTROL,99723.52872050372,4,-1,-1,0.009512285250720972
2024-12-07 05:00:00,LEVEL,99028.92499999999,4,1,1,0.01542739412586596
2024-12-07 00:00:00,CONTROL,100073.22958724477,3,-1,0,0.014719154207249554
2024-12-08 08:00:00,LEVEL,99029.32857142856,7,1,1,0.02943523485747185
2024-12-08 01:00:00,CONTROL,99763.72756217481,5,1,-1,0.029073715058417972
2024-12-08 01:00:00,CONTROL,99823.03827881327,7,1,-1,0.029090999726078197
2024-12-09 21:00:00,LEVEL,94798.25,6,1,1,0.011639988642206478
2024-12-09 21:00:00,LEVEL,95713.25,4,1,1,0.011752338707820758
2024-12-09 20:00:00,LEVEL,96304.9,5,1,-1,0.013504453490970757
2024-12-09 21:00:00,LEVEL,96988.775,4,-1,1,0.011908956541091418
2024-12-09 19:00:00,LEVEL,97271.68000000001,5,1,-1,0.014168830785757862
2024-12-09 11:00:00,LEVEL,98359.9,5,1,1,0.018343241447636827
2024-12-09 03:00:00,LEVEL,98666.9,4,1,1,0.02025169686668167
2024-12-09 03:00:00,LEVEL,99029.32857142856,7,1,-1,0.02032608649039941
2024-12-09 21:00:00,CONTROL,95138.53476452208,4,1,1,0.011681771172940463
2024-12-09 15:00:00,CONTROL,97659.12698729741,5,1,-1,0.015274752011777184
2024-12-09 15:00:00,CONTROL,97630.99425576885,4,1,-1,0.015270351803514331
2024-12-09 15:00:00,CONTROL,97981.18793409443,5,1,-1,0.015325125194978407
2024-12-09 00:00:00,CONTROL,99725.75374940768,5,1,-1,0.02146110990047646
2024-12-09 15:00:00,CONTROL,97945.7730208573,4,1,-1,0.015319585989029064
2024-12-09 00:00:00,CONTROL,100354.2536183546,7,1,-1,0.021596363877034997
2024-12-10 16:00:00,LEVEL,94798.25,6,1,1,0.010881732155796449
2024-12-10 03:00:00,LEVEL,95713.25,4,1,1,0.010852457622314175
2024-12-10 03:00:00,LEVEL,96304.9,5,1,1,0.010919541924145345
2024-12-10 02:00:00,LEVEL,96988.775,4,1,-1,0.01117068507547563
2024-12-10 02:00:00,LEVEL,97271.68000000001,5,1,-1,0.011203268667352911
2024-12-10 16:00:00,CONTROL,95112.52848669377,4,1,1,0.010917807656288605
2024-12-10 00:00:00,CONTROL,97567.78166736117,5,-1,1,0.011547379838506528
2024-12-10 00:00:00,CONTROL,97814.39763712339,4,-1,1,0.011576567427159458
2024-12-10 00:00:00,CONTROL,97898.71134958694,5,-1,1,0.011586546156272422
2024-12-10 00:00:00,CONTROL,97699.18002245281,7,-1,1,0.011562931147457788
2024-12-11 01:00:00,LEVEL,95713.25,4,1,1,0.012242921841460459
2024-12-11 00:00:00,LEVEL,96304.9,5,1,1,0.012512919126543948
2024-12-11 02:00:00,LEVEL,96988.775,4,-1,-1,0.012182702015245853
2024-12-11 02:00:00,LEVEL,97271.68000000001,5,-1,-1,0.012218237543080114
2024-12-11 08:00:00,LEVEL,98331.12857142856,7,-1,-1,0.013162204583250939
2024-12-11 13:00:00,LEVEL,98666.9,4,-1,-1,0.013647876961913712
2024-12-11 14:00:00,LEVEL,99029.32857142856,7,-1,-1,0.013673598587677208
2024-12-11 15:00:00,LEVEL,100525.43333333333,3,-1,0,0.014560264818729253
2024-12-11 06:00:00,CONTROL,97759.87598517568,4,-1,-1,0.013394630835048717
2024-12-11 08:00:00,CONTROL,98022.46685520126,5,-1,-1,0.013120888382419888
2024-12-11 08:00:00,CONTROL,97669.38113085182,7,-1,-1,0.013073625764703294
2024-12-11 06:00:00,CONTROL,97733.80727351777,4,-1,-1,0.013391059014140762
2024-12-11 15:00:00,CONTROL,100146.0115670864,7,-1,-1,0.014505308762223367
2024-12-11 20:00:00,CONTROL,101511.17598388498,3,-1,1,0.016931757266011597
2024-12-12 01:00:00,LEVEL,100525.43333333333,3,1,1,0.017805604172778426
2024-12-12 19:00:00,CONTROL,99464.69770670199,7,1,1,0.01804307343719224
2024-12-12 19:00:00,CONTROL,99848.5747850438,4,1,1,0.018112709423377008
2024-12-12 19:00:00,CONTROL,99453.15012923644,3,1,1,0.01804097868605906
2024-12-13 10:00:00,LEVEL,100471.525,4,-1,-1,0.018617150467587364
2024-12-13 01:00:00,CONTROL,99768.60895183109,4,1,1,0.017373345630583743
2024-12-13 01:00:00,CONTROL,99824.37340476751,7,1,1,0.01738305625123831
2024-12-13 01:00:00,CONTROL,99328.33053476333,4,1,1,0.017296677135415113
2024-12-14 01:00:00,LEVEL,101912.76666666666,3,-1,1,0.02126630105661744
2024-12-14 17:00:00,CONTROL,101177.37432385919,3,1,1,0.02923066347393532
2024-12-15 01:00:00,LEVEL,101912.76666666666,3,-1,-1,0.03107126147670362
2024-12-15 12:00:00,CONTROL,103354.8050853936,3,-1,1,0.027235589103080687
2024-12-18 20:00:00,LEVEL,100582.62,5,1,-1,0.013611329397635187
2024-12-18 20:00:00,LEVEL,101549.3,3,1,-1,0.013742145237410549
2024-12-18 20:00:00,LEVEL,101912.76666666666,3,1,-1,0.013791331314737431
2024-12-18 20:00:00,CONTROL,101088.63758225302,3,1,-1,0.013679806158262827
2024-12-18 23:00:00,CONTROL,100272.48018563866,3,1,1,0.013096974109643939
2024-12-18 20:00:00,CONTROL,101054.50202254733,3,1,-1,0.01367518676827948
2024-12-18 04:00:00,CONTROL,103533.9450683956,3,1,1,0.015556659618013233
2024-12-19 20:00:00,LEVEL,95713.25,4,1,1,0.010673348201839973
2024-12-19 19:00:00,LEVEL,96304.9,5,1,1,0.010365640672037128
2024-12-19 18:00:00,LEVEL,96988.775,4,1,1,0.010720138162098682
2024-12-19 18:00:00,LEVEL,97271.68000000001,5,1,-1,0.01075140756092085
2024-12-19 17:00:00,LEVEL,98331.12857142856,7,1,-1,0.011345749446650516
2024-12-19 17:00:00,LEVEL,98666.9,4,1,-1,0.011384491791574872
2024-12-19 02:00:00,LEVEL,99044.3625,8,1,1,0.012538203425099195
2024-12-19 01:00:00,LEVEL,99736.3,3,1,1,0.013225981517550039
2024-12-19 00:00:00,LEVEL,100582.62,5,-1,1,0.013124572211484343
2024-12-19 07:00:00,LEVEL,101549.3,3,-1,1,0.013473661165934141
2024-12-19 12:00:00,LEVEL,101912.76666666666,3,1,-1,0.01386031991590554
2024-12-19 10:00:00,LEVEL,102589.59999999999,3,-1,1,0.01382323897106812
2024-12-19 17:00:00,CONTROL,97980.17339684072,4,1,-1,0.011305255154194728
2024-12-19 17:00:00,CONTROL,97877.08181903171,5,1,-1,0.011293360129405796
2024-12-19 17:00:00,CONTROL,97736.49904357005,7,1,-1,0.011277139254388132
2024-12-19 17:00:00,CONTROL,97955.74608806195,4,1,-1,0.011302436655830209
2024-12-19 01:00:00,CONTROL,100063.46387945184,8,1,1,0.013269366558130451
2024-12-19 03:00:00,CONTROL,100971.91823572075,3,-1,-1,0.012727084811258494
2024-12-19 02:00:00,CONTROL,99349.32217407656,5,1,1,0.012576808817001472
2024-12-19 10:00:00,CONTROL,102267.79949442836,3,-1,1,0.013779878578888724
2024-12-19 03:00:00,CONTROL,101121.87735012238,3,-1,-1,0.012745986525720877
2024-12-20 10:00:00,LEVEL,94097.03333333333,3,1,1,0.008728827509969728
2024-12-20 09:00:00,LEVEL,94798.25,6,1,-1,0.008865863923310732
2024-12-20 08:00:00,LEVEL,95713.25,4,1,-1,0.009131309999403732
2024-12-20 01:00:00,LEVEL,96304.9,5,1,1,0.01024162709160698
2024-12-20 00:00:00,LEVEL,96988.775,4,1,-1,0.010348228861029603
2024-12-20 02:00:00,LEVEL,97271.68000000001,5,-1,1,0.010357485741666271
2024-12-20 11:00:00,CONTROL,93188.3927820907,3,1,1,0.008234577074922067
2024-12-20 08:00:00,CONTROL,95307.94970643567,3,1,-1,0.009092643225227898
2024-12-20 08:00:00,CONTROL,95382.54233561261,6,1,-1,0.0090997595693149
2024-12-20 00:00:00,CONTROL,96686.81685261274,4,1,-1,0.010316011400652195
2024-12-20 08:00:00,CONTROL,95394.18500001413,5,1,-1,0.009100870311849182
2024-12-20 07:00:00,CONTROL,97916.93720251309,4,-1,1,0.009968890753392868
2024-12-20 07:00:00,CONTROL,97998.0585847574,5,-1,1,0.009977149694291776
2024-12-20 00:00:00,CONTROL,97684.18079985755,7,-1,1,0.010422425265388904
2024-12-20 07:00:00,CONTROL,97910.35438967688,5,-1,1,0.009968220559411224
2024-12-20 00:00:00,CONTROL,97781.10911265909,8,-1,1,0.010432767043228493
2024-12-21 16:00:00,LEVEL,96988.775,4,1,-1,0.01760102079588049
2024-12-21 00:00:00,LEVEL,97271.68000000001,5,1,1,0.01027288279576635
2024-12-21 05:00:00,LEVEL,98320.11249999999,8,-1,1,0.01161738558905849
2024-12-21 08:00:00,LEVEL,98682.31999999999,5,1,-1,0.012698588685679347
2024-12-21 07:00:00,LEVEL,99044.3625,8,-1,1,0.011862133029926487
2024-12-21 12:00:00,CONTROL,97574.20037363251,5,1,-1,0.014543031928216887
2024-12-21 05:00:00,CONTROL,97868.97489388249,4,-1,1,0.011564079715105268
2024-12-21 05:00:00,CONTROL,97919.32721927678,5,-1,1,0.011570029284980007
2024-12-21 07:00:00,CONTROL,99376.2088358929,8,-1,1,0.011901876890985265
2024-12-21 07:00:00,CONTROL,99377.4635925604,5,-1,1,0.011902027167993812
2024-12-22 19:00:00,LEVEL,94798.25,6,1,-1,0.01710358981298247
2024-12-22 14:00:00,LEVEL,95562.73333333332,3,1,-1,0.018312957174054553
2024-12-22 14:00:00,LEVEL,95746.60000000002,3,1,-1,0.018348192064005415
2024-12-22 04:00:00,LEVEL,96316.58333333333,6,1,-1,0.017188071842573913
2024-12-22 01:00:00,LEVEL,96988.775,4,1,-1,0.01887067350078131
2024-12-22 03:00:00,LEVEL,97271.68000000001,5,-1,1,0.018123609940144877
2024-12-22 19:00:00,CONTROL,95216.34234990778,3,1,-1,0.017179022429689723
2024-12-22 20:00:00,CONTROL,94442.04476134328,3,1,1,0.016736975374032865
2024-12-22 20:00:00,CONTROL,94468.50084327975,3,1,1,0.01674166390860434
2024-12-22 15:00:00,CONTROL,95103.77523687723,6,1,1,0.018356590651853143
2024-12-22 02:00:00,CONTROL,96616.76468359269,5,1,-1,0.018561072875080104
2024-12-23 18:00:00,LEVEL,92756.46666666667,3,1,1,0.011878672039977006
2024-12-23 01:00:00,LEVEL,94097.03333333333,3,1,1,0.015044768323981716
2024-12-23 00:00:00,LEVEL,94798.25,6,1,1,0.01564505049046409
2024-12-23 03:00:00,LEVEL,95562.73333333332,3,-1,1,0.014460920458826538
2024-12-23 03:00:00,LEVEL,95776.77500000001,4,-1,1,0.014493310067291848
2024-12-23 04:00:00,LEVEL,96316.58333333333,6,-1,1,0.014669617600256401
2024-12-23 15:00:00,CONTROL,93111.99913489744,3,1,1,0.012515316485631502
2024-12-23 01:00:00,CONTROL,93780.07704025514,3,1,1,0.014994091550981904
2024-12-23 15:00:00,CONTROL,93262.08767813862,3,1,1,0.012535490100600389
2024-12-23 15:00:00,CONTROL,93605.4208203583,6,1,1,0.01258163799748595
2024-12-23 03:00:00,CONTROL,95191.84850871396,4,-1,1,0.014404796740289744
2024-12-23 03:00:00,CONTROL,95160.4795974385,6,-1,-1,0.014400049875952451
2024-12-24 02:00:00,LEVEL,93560.46666666667,3,1,1,0.012808770961591397
2024-12-24 01:00:00,LEVEL,94097.03333333333,3,1,1,0.012715976412989468
2024-12-24 13:00:00,LEVEL,94798.25,6,-1,-1,0.014507970061455319
2024-12-24 13:00:00,LEVEL,95562.73333333332,3,-1,-1,0.014624966960791347
2024-12-24 13:00:00,LEVEL,95776.77500000001,4,-1,-1,0.014657724001052155
2024-12-24 14:00:00,LEVEL,96316.58333333333,6,-1,-1,0.014937435380479732
2024-12-24 14:00:00,LEVEL,96502.59999999999,3,-1,-1,0.014966284119106695
2024-12-24 14:00:00,LEVEL,96988.775,4,-1,-1,0.015041683467741932
2024-12-24 14:00:00,LEVEL,97280.08333333333,6,-1,-1,0.015086861559139781
2024-12-24 19:00:00,LEVEL,98320.11249999999,8,1,0,0.015932283416718988
2024-12-24 16:00:00,LEVEL,98682.31999999999,5,-1,1,0.01594761071242797
2024-12-24 18:00:00,LEVEL,99044.3625,8,-1,1,0.016174221632517673
2024-12-24 18:00:00,LEVEL,99434.26666666668,3,-1,1,0.01623789407431979
2024-12-24 00:00:00,CONTROL,94401.12023567155,4,1,1,0.012389716294701333
2024-12-24 15:00:00,CONTROL,97629.21126430779,6,-1,-1,0.015340856578301034
2024-12-24 13:00:00,CONTROL,95245.29395241493,3,-1,-1,0.01457638588429794
2024-12-24 15:00:00,CONTROL,97838.17321578617,4,-1,-1,0.015373691580104676
2024-12-24 15:00:00,CONTROL,97998.53657069252,6,-1,-1,0.015398890095960483
2024-12-24 15:00:00,CONTROL,97730.15197768947,8,-1,-1,0.015356717784049255
2024-12-24 15:00:00,CONTROL,97786.7620286878,8,-1,-1,0.01536561314090003
2024-12-24 15:00:00,CONTROL,98002.48023341001,3,-1,-1,0.015399509778977059
2024-12-25 02:00:00,LEVEL,98320.11249999999,8,-1,-1,0.017126515192753645
2024-12-25 10:00:00,LEVEL,98682.31999999999,5,-1,-1,0.017168114126652756
2024-12-25 10:00:00,LEVEL,99044.3625,8,-1,1,0.017231099947807943
2024-12-25 21:00:00,LEVEL,99438.20000000001,4,-1,1,0.02128542741131696
2024-12-25 12:00:00,CONTROL,97656.54646301281,6,1,1,0.01581490537308595
2024-12-25 01:00:00,CONTROL,97968.33213291298,4,1,1,0.016939738733827307
2024-12-25 01:00:00,CONTROL,97950.81321986965,6,1,1,0.016936709532417084
2024-12-25 02:00:00,CONTROL,97701.51446862906,8,1,1,0.01701876075357436
2024-12-25 01:00:00,CONTROL,97859.96889223495,8,1,1,0.01692100160780432
2024-12-26 09:00:00,LEVEL,95542.15,4,1,1,0.016558431542461043
2024-12-26 08:00:00,LEVEL,95776.77500000001,4,1,-1,0.01687389846558724
2024-12-26 08:00:00,LEVEL,96316.58333333333,6,1,-1,0.016969001594791002
2024-12-26 08:00:00,LEVEL,96502.59999999999,3,1,-1,0.017001773906724034
2024-12-26 08:00:00,LEVEL,96988.775,4,1,-1,0.01708742794536239
2024-12-26 08:00:00,LEVEL,97280.08333333333,6,1,-1,0.017138750484034695
2024-12-26 04:00:00,LEVEL,98320.11249999999,8,1,-1,0.019251557872580004
2024-12-26 01:00:00,LEVEL,98682.31999999999,5,1,-1,0.020209233762327448
2024-12-26 00:00:00,LEVEL,99044.3625,8,1,-1,0.020213006294602726
2024-12-26 00:00:00,LEVEL,99736.3,3,-1,1,0.0203542171287173
2024-12-26 10:00:00,CONTROL,95176.8128107014,3,1,1,0.017090850990676157
2024-12-26 06:00:00,CONTROL,98000.69345634588,6,1,-1,0.01931702356464983
2024-12-27 17:00:00,LEVEL,93560.46666666667,3,1,1,0.015389500233023578
2024-12-27 15:00:00,LEVEL,94097.03333333333,3,1,1,0.015565047151849122
2024-12-27 07:00:00,LEVEL,94798.25,6,1,1,0.017249178351699597
2024-12-27 07:00:00,LEVEL,95162.86666666665,3,1,1,0.017315522803346493
2024-12-27 00:00:00,LEVEL,95542.15,4,1,1,0.01818681323910822
2024-12-27 07:00:00,LEVEL,95776.77500000001,4,1,1,0.017427227548246972
2024-12-27 02:00:00,LEVEL,96316.58333333333,6,-1,1,0.018318320317298076
2024-12-27 06:00:00,LEVEL,96521.95,4,-1,1,0.01900810122219898
2024-12-27 09:00:00,LEVEL,96988.775,4,-1,1,0.01713431233989931
2024-12-27 09:00:00,LEVEL,97280.08333333333,6,-1,1,0.01718577569708213
2024-12-27 15:00:00,CONTROL,94403.75797709369,3,1,0,0.015615783964409958
2024-12-27 15:00:00,CONTROL,94447.45725224893,3,1,0,0.01562301247368595
2024-12-28 01:00:00,LEVEL,94556.93333333333,3,-1,0,0.01640865635597208
2024-12-28 11:00:00,LEVEL,94798.25,6,-1,-1,0.024845157168831705
2024-12-28 14:00:00,LEVEL,95191.25,4,-1,1,0.026216939641446346
2024-12-28 22:00:00,LEVEL,95542.15,4,-1,1,0.03406706557468388
2024-12-29 21:00:00,LEVEL,93530.34999999999,4,1,1,0.030714151427457242
2024-12-29 14:00:00,LEVEL,94096.275,4,1,1,0.035472472168227596
2024-12-29 15:00:00,LEVEL,94758.06666666665,9,-1,1,0.03579659693692841
2024-12-29 21:00:00,CONTROL,93205.0519666955,4,1,1,0.03060732778086585
2024-12-29 14:00:00,CONTROL,94428.77483533909,4,1,-1,0.035597818162582916
2024-12-30 14:00:00,LEVEL,91872.46666666667,3,1,1,0.019871030303030387
2024-12-30 14:00:00,LEVEL,92383.96666666667,3,1,1,0.01998166227329061
2024-12-30 13:00:00,LEVEL,92756.46666666667,3,1,-1,0.020147066955366926
2024-12-30 02:00:00,LEVEL,93530.34999999999,4,1,1,0.026895617400993832
2024-12-30 01:00:00,LEVEL,94096.275,4,-1,1,0.02754801606543274
2024-12-30 20:00:00,LEVEL,94758.35999999999,10,-1,1,0.017009028349619187
2024-12-30 13:00:00,CONTROL,93171.42472456403,3,1,-1,0.020237197466764806
2024-12-30 18:00:00,CONTROL,94462.76635367276,4,-1,1,0.017354310567782773
2024-12-30 04:00:00,CONTROL,93235.57156293587,4,1,1,0.025307385488531408
2024-12-30 18:00:00,CONTROL,94403.34652364519,5,-1,1,0.017343394201218592
2024-12-31 00:00:00,LEVEL,92383.96666666667,3,1,1,0.015019722565163027
2024-12-31 04:00:00,LEVEL,92756.46666666667,3,-1,-1,0.015684881279504032
2024-12-31 08:00:00,LEVEL,93078.96666666667,3,-1,-1,0.014871814126889057
2024-12-31 08:00:00,LEVEL,93530.34999999999,4,-1,-1,0.014943934491711637
2024-12-31 08:00:00,LEVEL,94145.83333333333,6,-1,-1,0.015042274149524032
2024-12-31 12:00:00,LEVEL,94758.35999999999,10,-1,-1,0.015009590638643317
2024-12-31 13:00:00,LEVEL,95232.91666666667,6,-1,1,0.014854394644699526
2024-12-31 13:00:00,LEVEL,95542.15,4,-1,1,0.014902628744120287
2024-12-31 13:00:00,LEVEL,95761.42000000001,5,-1,1,0.014936830396529446
2024-12-31 08:00:00,CONTROL,93817.3422496952,3,-1,-1,0.01498978905527388
2024-12-31 08:00:00,CONTROL,93845.99355110605,10,-1,-1,0.014994366854580589
2024-12-31 08:00:00,CONTROL,93833.75757004839,6,-1,-1,0.014992411834639278
2025-01-01 09:00:00,LEVEL,93095.5,4,1,1,0.018184268675301853
2025-01-01 04:00:00,LEVEL,93530.34999999999,4,1,1,0.01686190457411027
2025-01-01 00:00:00,LEVEL,94145.83333333333,6,-1,1,0.017117813283635215
2025-01-01 19:00:00,LEVEL,94758.35999999999,10,-1,-1,0.024104833419452364
2025-01-01 00:00:00,CONTROL,93816.61440015357,4,-1,-1,0.017057953935344615
2025-01-01 00:00:00,CONTROL,93859.45286252131,10,-1,-1,0.01706574292370667
2025-01-01 15:00:00,CONTROL,94463.73380651725,6,-1,-1,0.020814439927621126
2025-01-01 00:00:00,CONTROL,94432.387083772,4,-1,1,0.017169915149666475
2025-01-02 00:00:00,LEVEL,94389.73333333334,3,1,1,0.02526153708907632
2025-01-02 01:00:00,LEVEL,94758.35999999999,10,1,1,0.025347261282799394
2025-01-02 00:00:00,LEVEL,95180.5,6,-1,-1,0.025473170078950978
2025-01-02 01:00:00,LEVEL,95461.32500000001,4,-1,-1,0.025535299969071126
2025-01-02 04:00:00,LEVEL,95746.08333333333,6,-1,-1,0.024235296599220663
2025-01-02 15:00:00,LEVEL,96307.68571428572,7,1,1,0.021528937979707445
2025-01-02 09:00:00,LEVEL,96521.95,4,-1,-1,0.02325339837985969
2025-01-02 14:00:00,LEVEL,96988.775,4,-1,1,0.022543732930443355
2025-01-02 14:00:00,LEVEL,97280.08333333333,6,-1,1,0.02261144362446005
2025-01-02 16:00:00,LEVEL,97615.375,4,-1,1,0.020321718538565615
2025-01-03 07:00:00,LEVEL,96307.68571428572,7,1,1,0.020865861033034568
2025-01-03 06:00:00,LEVEL,96521.95,4,1,1,0.020875534949107155
2025-01-03 14:00:00,LEVEL,96988.775,4,-1,-1,0.023181912430349092
2025-01-03 02:00:00,LEVEL,97280.08333333333,6,-1,1,0.019793118211201187
2025-01-03 15:00:00,LEVEL,97615.375,4,-1,-1,0.0237799905601486
2025-01-03 16:00:00,LEVEL,98320.11249999999,8,-1,1,0.025022018625883786
2025-01-03 19:00:00,LEVEL,98682.31999999999,5,-1,1,0.027758007788120907
2025-01-03 16:00:00,CONTROL,97940.73912342812,4,-1,-1,0.024925469837915853
2025-01-03 16:00:00,CONTROL,97978.23195852307,8,-1,-1,0.02493501159284502
2025-01-04 09:00:00,LEVEL,97656.78,5,1,1,0.029949464362726854
2025-01-04 19:00:00,LEVEL,98320.11249999999,8,-1,1,0.039451825101255285
2025-01-04 03:00:00,CONTROL,98008.15774823034,4,1,1,0.02859412709417567
2025-01-04 08:00:00,CONTROL,97991.78648774643,5,1,1,0.02976551208953083
2025-01-05 14:00:00,LEVEL,97305.55,8,1,1,0.03850111406491513
2025-01-05 08:00:00,LEVEL,97833.09999999999,3,1,-1,0.040534203405192024
2025-01-05 16:00:00,LEVEL,98264.13333333333,9,-1,1,0.03848166468819743
2025-01-05 20:00:00,LEVEL,98589.36666666668,6,-1,1,0.03785528837692992
2025-01-06 01:00:00,LEVEL,97875.1,4,1,1,0.0324593553736139
2025-01-06 00:00:00,LEVEL,98576.07142857143,7,-1,1,0.03501736513081739
2025-01-06 13:00:00,LEVEL,98874.43333333333,6,1,1,0.02512273101425799
2025-01-06 02:00:00,LEVEL,99166.52857142857,7,-1,-1,0.031129989937861424
2025-01-06 08:00:00,LEVEL,99557.23999999999,5,-1,1,0.027877177133556814
2025-01-06 14:00:00,LEVEL,99998.43333333333,3,-1,-1,0.022116819182955025
2025-01-06 14:00:00,LEVEL,100489.18,5,-1,-1,0.022225358436316373
2025-01-06 15:00:00,LEVEL,101549.3,3,-1,-1,0.020447111234159307
2025-01-06 15:00:00,LEVEL,101912.76666666666,3,-1,1,0.020520295819018507
2025-01-06 14:00:00,CONTROL,100801.88946208385,5,-1,-1,0.022294520906158813
2025-01-06 14:00:00,CONTROL,100962.6418308195,3,-1,-1,0.022330074773894988
2025-01-06 14:00:00,CONTROL,101203.58234086461,5,-1,-1,0.022383363985704473
2025-01-06 14:00:00,CONTROL,100877.38455986277,3,-1,-1,0.02231121828201879
2025-01-07 20:00:00,LEVEL,96213.06,5,1,1,0.01916952817383723
2025-01-07 19:00:00,LEVEL,96462.54285714286,7,1,-1,0.019418241686347665
2025-01-07 17:00:00,LEVEL,96988.775,4,1,-1,0.020686525541217877
2025-01-07 15:00:00,LEVEL,97296.82222222222,9,1,1,0.021299363181266042
2025-01-07 15:00:00,LEVEL,97583.72,5,1,-1,0.02136216831534155
2025-01-07 15:00:00,LEVEL,97874.6,5,1,-1,0.02142584520242442
2025-01-07 15:00:00,LEVEL,98264.13333333333,9,1,-1,0.021511118408150766
2025-01-07 15:00:00,LEVEL,98586.9,8,1,-1,0.021581775643393645
2025-01-07 15:00:00,LEVEL,98874.43333333333,6,1,-1,0.02164471990769242
2025-01-07 15:00:00,LEVEL,99166.52857142857,7,1,-1,0.021708662823993422
2025-01-07 15:00:00,LEVEL,99557.23999999999,5,1,-1,0.021794193927950827
2025-01-07 14:00:00,LEVEL,99970.5,4,1,-1,0.023463638964068025
2025-01-07 11:00:00,LEVEL,100489.18,5,1,-1,0.02054980323489752
2025-01-07 00:00:00,LEVEL,101912.76666666666,3,1,-1,0.018812313076250118
2025-01-07 00:00:00,LEVEL,102553.2,4,-1,1,0.018930532145020364
2025-01-07 11:00:00,CONTROL,100973.66122897717,5,1,-1,0.02064887851769396
2025-01-07 11:00:00,CONTROL,101047.00924060115,4,1,-1,0.020663878015217414
2025-01-07 11:00:00,CONTROL,101137.37470114537,5,1,-1,0.020682357541405353
2025-01-07 11:00:00,CONTROL,100833.77848224321,3,1,-1,0.020620272821823618
2025-01-08 17:00:00,LEVEL,92766.475,4,1,1,0.014682595706795884
2025-01-08 17:00:00,LEVEL,93095.5,4,1,1,0.014734672074389115
2025-01-08 17:00:00,LEVEL,93530.34999999999,4,1,1,0.01480349787318227
2025-01-08 17:00:00,LEVEL,94145.83333333333,6,1,-1,0.01490091337751834
2025-01-08 17:00:00,LEVEL,94389.73333333334,3,1,-1,0.014939516602367487
2025-01-08 11:00:00,LEVEL,94758.35999999999,10,1,1,0.015143846457341731
2025-01-08 11:00:00,LEVEL,95180.5,6,1,-1,0.015211310935869034
2025-01-08 06:00:00,LEVEL,95461.32500000001,4,1,-1,0.016550429369409356
2025-01-08 06:00:00,LEVEL,95769.6142857143,7,1,-1,0.01660387844995124
2025-01-08 03:00:00,LEVEL,96213.06,5,1,-1,0.018440120984888817
2025-01-08 03:00:00,LEVEL,96462.54285714286,7,1,-1,0.01848793667715939
2025-01-08 01:00:00,LEVEL,96988.775,4,1,-1,0.01897508498202534
2025-01-08 17:00:00,CONTROL,93822.44225379333,4,1,1,0.014849728717585211
2025-01-08 17:00:00,CONTROL,93849.25868792842,4,1,1,0.014853973083458805
2025-01-08 17:00:00,CONTROL,93856.26802991939,10,1,1,0.014855082485693007
2025-01-09 20:00:00,LEVEL,91476.1,5,1,1,0.013001324456248993
2025-01-09 13:00:00,LEVEL,91872.46666666667,3,1,1,0.013553572356096902
2025-01-09 13:00:00,LEVEL,92412.975,4,1,1,0.013633311358114627
2025-01-09 08:00:00,LEVEL,92766.475,4,1,1,0.013794720088478705
2025-01-09 10:00:00,LEVEL,93095.5,4,1,1,0.013743442116238087
2025-01-09 02:00:00,LEVEL,93530.34999999999,4,1,-1,0.013797835106677217
2025-01-09 02:00:00,LEVEL,94145.83333333333,6,1,-1,0.013888632773362324
2025-01-09 02:00:00,LEVEL,94412.475,4,1,-1,0.013927968430175715
2025-01-09 02:00:00,LEVEL,94758.35999999999,10,1,-1,0.013978994265061107
2025-01-09 20:00:00,CONTROL,91199.38923265217,4,1,1,0.012961996080128602
2025-01-09 02:00:00,CONTROL,93845.54017640099,4,1,-1,0.013844332763119487
2025-01-09 02:00:00,CONTROL,93817.38877055986,10,1,-1,0.013840179796132656
2025-01-09 02:00:00,CONTROL,93823.76858668643,6,1,-1,0.013841120962833362
2025-01-10 15:00:00,LEVEL,92412.975,4,1,1,0.013555258525852624
2025-01-10 00:00:00,LEVEL,92766.475,4,-1,-1,0.013061504006195209
2025-01-10 01:00:00,LEVEL,93095.5,4,-1,-1,0.013019780603994597
2025-01-10 02:00:00,LEVEL,93530.34999999999,4,-1,-1,0.013638200086578133
2025-01-10 05:00:00,LEVEL,94145.83333333333,6,-1,1,0.013900872841927182
2025-01-10 07:00:00,LEVEL,94412.475,4,-1,1,0.014027752782382212
2025-01-10 07:00:00,LEVEL,94748.03636363636,11,-1,1,0.014077610302295866
2025-01-10 10:00:00,LEVEL,95180.5,6,-1,1,0.01466677581682038
2025-01-10 17:00:00,LEVEL,95440.8,5,-1,1,0.01359482933603978
2025-01-10 17:00:00,LEVEL,95769.6142857143,7,-1,1,0.013641666475895455
2025-01-10 04:00:00,CONTROL,93852.90706705244,4,-1,-1,0.014059636564342106
2025-01-10 13:00:00,CONTROL,93829.96093235555,4,1,-1,0.01412663023456279
2025-01-10 13:00:00,CONTROL,93813.07110723598,11,1,-1,0.014124087376057685
2025-01-11 02:00:00,LEVEL,94145.83333333333,6,1,0,0.01495023480701827
2025-01-11 00:00:00,LEVEL,94412.475,4,1,0,0.014681052923139747
2025-01-11 11:00:00,LEVEL,94748.03636363636,11,-1,0,0.016879448420504994
2025-01-11 04:00:00,CONTROL,93830.43929432434,3,1,0,0.014971324860603765
2025-01-12 09:00:00,LEVEL,93942.675,4,1,1,0.04156755530973469
2025-01-12 11:00:00,LEVEL,94233.88,5,-1,-1,0.04161067711711226
2025-01-12 12:00:00,LEVEL,94540.91666666667,6,-1,-1,0.03994967955489837
2025-01-12 16:00:00,LEVEL,94785.63333333333,9,1,-1,0.03716081775338356
2025-01-12 15:00:00,LEVEL,95188.98571428572,7,-1,1,0.03691239251653696
2025-01-12 15:00:00,LEVEL,95440.8,5,-1,1,0.03701004108045229
2025-01-13 14:00:00,LEVEL,90130.03333333333,3,1,1,0.014119771798587474
2025-01-13 11:00:00,LEVEL,90887.33333333333,3,1,-1,0.018176671437291306
2025-01-13 10:00:00,LEVEL,91476.1,5,1,-1,0.019011847839500187
2025-01-13 10:00:00,LEVEL,91841.1,4,1,-1,0.019087707265748325
2025-01-13 10:00:00,LEVEL,92287.03333333333,3,1,-1,0.01918038739399925
2025-01-13 10:00:00,LEVEL,92582.6,4,1,-1,0.019241816209756537
2025-01-13 08:00:00,LEVEL,92887.23333333334,3,1,-1,0.021078996586578948
2025-01-13 08:00:00,LEVEL,93140.06666666667,3,1,-1,0.02113637231819517
2025-01-13 06:00:00,LEVEL,93556.5,5,1,-1,0.022503574193645407
2025-01-13 02:00:00,LEVEL,93942.675,4,1,1,0.02631148066133934
2025-01-13 01:00:00,LEVEL,94233.88,5,1,-1,0.027379143983003174
2025-01-13 01:00:00,LEVEL,94540.91666666667,6,1,-1,0.027468351825285883
2025-01-13 00:00:00,LEVEL,94785.63333333333,9,-1,1,0.030397669586364952
2025-01-13 00:00:00,LEVEL,95124.68333333333,6,-1,1,0.030506402624387845
2025-01-13 00:00:00,LEVEL,95369.40000000001,7,-1,1,0.030584883045038196
2025-01-13 00:00:00,LEVEL,95766.08888888889,9,-1,1,0.030712100824241303
2025-01-13 14:00:00,CONTROL,89536.065885064,3,1,1,0.0140267208530238
2025-01-13 12:00:00,CONTROL,90474.6515745076,5,1,1,0.017433230268521963
2025-01-13 11:00:00,CONTROL,91201.3115180178,4,1,-1,0.018239464327039275
2025-01-14 00:00:00,LEVEL,94785.63333333333,9,-1,-1,0.012344541533886583
2025-01-14 02:00:00,LEVEL,95124.68333333333,6,-1,-1,0.012802299150295748
2025-01-14 05:00:00,LEVEL,95369.40000000001,7,-1,-1,0.013066594736233676
2025-01-14 08:00:00,LEVEL,95766.08888888889,9,-1,-1,0.013557220725456875
2025-01-14 09:00:00,LEVEL,96072.7,5,-1,-1,0.012822729775271538
2025-01-14 09:00:00,LEVEL,96390.17777777778,9,-1,0,0.012865103225316121
2025-01-14 09:00:00,LEVEL,97095.16,5,-1,1,0.012959196516458413
2025-01-14 09:00:00,LEVEL,97334.68888888888,9,-1,1,0.012991166204159426
2025-01-14 09:00:00,CONTROL,96734.06626647456,7,-1,0,0.012911001687245321
2025-01-14 09:00:00,CONTROL,96776.37295888673,9,-1,0,0.012916648320310559
2025-01-14 09:00:00,CONTROL,96778.76762362244,5,-1,0,0.012916967933882452
2025-01-14 09:00:00,CONTROL,96739.09595907427,9,-1,0,0.01291167299542193
2025-01-14 09:00:00,CONTROL,96695.63733644516,4,-1,0,0.012905872615351642
2025-01-15 00:00:00,LEVEL,97095.16,5,-1,-1,0.018038835591783674
2025-01-15 01:00:00,LEVEL,97336.60999999999,10,-1,-1,0.017898208438920416
2025-01-15 04:00:00,LEVEL,97674.33333333333,6,-1,1,0.017195996229501614
2025-01-15 13:00:00,LEVEL,97964.625,4,-1,-1,0.01868484169368683
2025-01-15 13:00:00,LEVEL,98316.09,10,-1,-1,0.018751876788098427
2025-01-15 13:00:00,LEVEL,98666.4375,8,-1,-1,0.018818698741178724
2025-01-15 15:00:00,LEVEL,99033.76666666666,9,1,1,0.01927852183505289
2025-01-15 14:00:00,LEVEL,99415.22,5,-1,-1,0.019388752003608026
2025-01-15 19:00:00,LEVEL,99809.12,5,-1,-1,0.01994213114549386
2025-01-15 20:00:00,LEVEL,100582.62,5,-1,1,0.01952859134676645
2025-01-15 00:00:00,CONTROL,96780.42249043047,8,-1,-1,0.017980362046967513
2025-01-15 00:00:00,CONTROL,96736.89530693351,9,-1,-1,0.01797227534411976
2025-01-15 00:00:00,CONTROL,96737.8259995944,5,-1,-1,0.017972448252963992
2025-01-15 05:00:00,CONTROL,96698.59398606785,6,1,1,0.01712748944214284
2025-01-15 00:00:00,CONTROL,96760.31669837318,4,-1,-1,0.01797662669005205
2025-01-15 20:00:00,CONTROL,100110.30088630851,9,-1,1,0.019436888357159024
2025-01-15 20:00:00,CONTROL,100117.09830544684,5,-1,1,0.019438208108230978
2025-01-16 15:00:00,LEVEL,97336.60999999999,10,1,1,0.01718077553586993
2025-01-16 14:00:00,LEVEL,97676.28571428571,7,1,1,0.018409081577362034
2025-01-16 14:00:00,LEVEL,97964.625,4,1,1,0.018463424977030192
2025-01-16 14:00:00,LEVEL,98316.09,10,1,1,0.01852966570075625
2025-01-16 08:00:00,LEVEL,98666.4375,8,1,-1,0.018207079094872344
2025-01-16 08:00:00,LEVEL,99033.76666666666,9,1,-1,0.01827486294681646
2025-01-16 08:00:00,LEVEL,99415.22,5,1,-1,0.018345253154337667
2025-01-16 00:00:00,LEVEL,99809.12,5,1,-1,0.018257800643675035
2025-01-16 00:00:00,CONTROL,100256.50864782823,9,1,-1,0.018339640186417133
2025-01-16 00:00:00,CONTROL,100110.40971954314,5,1,-1,0.018312914721781398
2025-01-17 01:00:00,LEVEL,100582.62,5,-1,-1,0.016777664003002492
2025-01-17 01:00:00,LEVEL,101526.825,4,-1,-1,0.016935161930974097
2025-01-17 02:00:00,LEVEL,101931.09999999999,4,-1,-1,0.016361168126322972
2025-01-17 10:00:00,LEVEL,102553.2,4,-1,-1,0.016321924192160595
2025-01-17 12:00:00,LEVEL,102806.26666666666,3,-1,-1,0.01644431603659625
2025-01-17 00:00:00,CONTROL,100237.15913026322,9,-1,-1,0.018102335840040316
2025-01-17 00:00:00,CONTROL,100141.6242217378,5,-1,-1,0.018085082707433805
2025-01-17 01:00:00,CONTROL,101003.89995308283,5,-1,-1,0.01684793552211807
2025-01-17 01:00:00,CONTROL,101207.17947744498,5,-1,-1,0.01688184352290825
2025-01-17 01:00:00,CONTROL,100900.86127895431,4,-1,-1,0.01683074817649272
2025-01-17 01:00:00,CONTROL,100952.02418032708,4,-1,-1,0.016839282394120483
2025-01-17 14:00:00,CONTROL,103262.86115566811,4,-1,-1,0.01728293918241264
2025-01-17 15:00:00,CONTROL,103671.64197731086,3,-1,-1,0.018311994829431476
2025-01-18 08:00:00,LEVEL,102553.2,4,1,1,0.016118301972976597
2025-01-18 04:00:00,LEVEL,102806.26666666666,3,1,1,0.01762456087717424
2025-01-18 03:00:00,CONTROL,103830.92165366716,4,1,-1,0.01829740672796308
2025-01-18 01:00:00,CONTROL,104090.05051288968,3,1,-1,0.0182841673377091
2025-01-19 23:00:00,LEVEL,99809.12,5,1,1,0.011723887734650894
2025-01-19 23:00:00,LEVEL,100582.62,5,1,1,0.011814745435457718
2025-01-19 22:00:00,LEVEL,101526.825,4,1,-1,0.013580594244820865
2025-01-19 22:00:00,LEVEL,101971.62,5,1,-1,0.013640091628070316
2025-01-19 22:00:00,LEVEL,102408.39999999998,3,1,-1,0.013698516896015539
2025-01-19 22:00:00,LEVEL,102729.84,5,1,-1,0.013741513869613949
2025-01-19 23:00:00,CONTROL,100116.47691466694,9,1,1,0.011759990827855444
2025-01-19 23:00:00,CONTROL,100280.24829761099,9,1,1,0.011779227920696102
2025-01-19 23:00:00,CONTROL,100171.63892179674,5,1,1,0.011766470327712848
2025-01-19 23:00:00,CONTROL,100943.96570874775,5,1,1,0.011857190219288662
2025-01-19 23:00:00,CONTROL,100123.82148556558,4,1,1,0.01176085354385449
2025-01-19 22:00:00,CONTROL,103168.36820062296,5,1,-1,0.013800172983178979
2025-01-19 22:00:00,CONTROL,103231.19271627338,3,1,-1,0.013808576616954343
2025-01-19 00:00:00,CONTROL,104256.85022613044,5,1,1,0.017473977777850865
2025-01-20 00:00:00,LEVEL,99809.12,5,1,1,0.011038542337734165
2025-01-20 00:00:00,LEVEL,100582.62,5,1,1,0.011124088753715362
2025-01-20 00:00:00,LEVEL,101526.825,4,-1,1,0.011228514550355995
2025-01-20 02:00:00,LEVEL,101971.62,5,-1,-1,0.010743502684976987
2025-01-20 04:00:00,LEVEL,102408.39999999998,3,-1,-1,0.010504974451361435
2025-01-20 04:00:00,LEVEL,102729.84,5,-1,-1,0.010537947517903299
2025-01-20 06:00:00,LEVEL,103539.73333333334,3,-1,-1,0.008673985063712234
2025-01-20 06:00:00,LEVEL,105465.73333333332,3,-1,-1,0.008835334670234075
2025-01-20 00:00:00,CONTROL,100246.26899398435,9,1,1,0.011086889499576633
2025-01-20 00:00:00,CONTROL,100199.34931448512,5,1,1,0.011081700345833716
2025-01-20 00:00:00,CONTROL,100110.27749194599,4,1,1,0.011071849311337095
2025-01-20 06:00:00,CONTROL,103075.52894329232,5,-1,-1,0.008635096592435583
2025-01-20 00:00:00,CONTROL,100906.57416591699,3,1,1,0.0111599169603558
2025-01-20 06:00:00,CONTROL,104036.73212561631,5,-1,-1,0.008715620868269186
2025-01-20 06:00:00,CONTROL,104565.42510565967,3,-1,-1,0.008759911836234324
2025-01-20 06:00:00,CONTROL,106974.32099958284,3,-1,-1,0.008961715784643765
2025-01-21 01:00:00,LEVEL,100199.33333333333,3,1,1,0.006169399212016145
2025-01-21 01:00:00,LEVEL,100582.62,5,1,1,0.006192998655052789
2025-01-21 00:00:00,LEVEL,101526.825,4,1,1,0.006344546752305836
2025-01-21 00:00:00,LEVEL,101971.62,5,1,1,0.006372342585305556
2025-01-21 02:00:00,LEVEL,102408.39999999998,3,-1,-1,0.006307732343724738
2025-01-21 02:00:00,LEVEL,102729.84,5,-1,-1,0.0063275310856694125
2025-01-21 11:00:00,LEVEL,103539.73333333334,3,-1,-1,0.007822381715746344
2025-01-21 16:00:00,LEVEL,105465.73333333332,3,-1,0,0.008839893726158893
2025-01-21 02:00:00,CONTROL,101061.1199273835,5,1,1,0.006224748114988631
2025-01-21 01:00:00,CONTROL,100898.24920751447,5,1,1,0.0062124323430759534
2025-01-21 03:00:00,CONTROL,103099.19275523254,3,-1,-1,0.006329885243392138
2025-01-21 12:00:00,CONTROL,104049.69236403414,5,-1,-1,0.008279679105906141
2025-01-21 12:00:00,CONTROL,104699.2019360778,3,-1,-1,0.008331363360905387
2025-01-21 18:00:00,CONTROL,107002.76590476673,3,-1,1,0.01047878134969745
2025-01-22 16:00:00,LEVEL,103539.73333333334,3,1,-1,0.01612988270727451
2025-01-22 01:00:00,LEVEL,105465.73333333332,3,1,-1,0.012188299138909661
2025-01-22 13:00:00,CONTROL,103954.43638437038,5,1,-1,0.01419445697467455
2025-01-22 13:00:00,CONTROL,104297.5640460239,3,1,-1,0.014241309336147156
2025-01-22 13:00:00,CONTROL,104029.18257446599,3,1,-1,0.014204663192092824
2025-01-23 12:00:00,LEVEL,101526.825,4,1,1,0.015625446203125243
2025-01-23 04:00:00,LEVEL,101971.62,5,1,1,0.01653177750870138
2025-01-23 02:00:00,LEVEL,102408.39999999998,3,1,-1,0.017345320778485298
2025-01-23 01:00:00,LEVEL,102729.84,5,1,-1,0.017607308252635234
2025-01-23 00:00:00,LEVEL,103180.60000000002,3,1,-1,0.017799732608789448
2025-01-23 01:00:00,LEVEL,103539.73333333334,3,-1,1,0.017746119347559108
2025-01-23 14:00:00,LEVEL,105465.73333333332,3,-1,1,0.01440456634257245
2025-01-23 14:00:00,CONTROL,103856.32893216182,5,-1,-1,0.014184753027517484
2025-01-23 14:00:00,CONTROL,104621.75223934751,3,-1,1,0.01428929495274793
2025-01-23 14:00:00,CONTROL,104957.49235709275,3,-1,1,0.01433515051784071
2025-01-23 14:00:00,CONTROL,103993.08267634758,3,-1,-1,0.014203430927139089
2025-01-24 03:00:00,LEVEL,102729.84,5,1,1,0.00975380713461294
2025-01-24 01:00:00,LEVEL,103180.60000000002,3,1,1,0.009942512654816361
2025-01-24 00:00:00,LEVEL,103539.73333333334,3,1,1,0.00990236366063548
2025-01-24 08:00:00,LEVEL,105465.73333333332,3,-1,0,0.009953001222902491
2025-01-24 00:00:00,CONTROL,104080.10060399793,5,-1,-1,0.009954043465596914
2025-01-24 03:00:00,CONTROL,103907.29173475498,3,-1,-1,0.009865601693342083
2025-01-24 04:00:00,CONTROL,104627.06657960138,3,-1,-1,0.0098605070066155
2025-01-24 04:00:00,CONTROL,104294.58283938789,3,-1,-1,0.009829172301771544
2025-01-25 05:00:00,CONTROL,104295.72304517774,3,1,1,0.019683080546388818
2025-01-25 01:00:00,CONTROL,104723.86065850344,3,-1,0,0.017897785937075656
2025-01-25 00:00:00,CONTROL,104581.00556663748,3,1,0,0.01751793977183806
2025-01-26 23:00:00,LEVEL,102721.53333333334,6,1,-1,0.03756973776949787
2025-01-26 23:00:00,LEVEL,103180.60000000002,3,1,-1,0.037737638439646726
2025-01-26 23:00:00,LEVEL,103539.73333333334,3,1,-1,0.03786898913817879
2025-01-26 04:00:00,LEVEL,105465.73333333332,3,-1,1,0.038524096417632235
2025-01-26 23:00:00,CONTROL,103981.48096712277,3,1,-1,0.03803055548384372
2025-01-26 22:00:00,CONTROL,104290.86489038549,3,1,-1,0.04529769496426661
2025-01-26 09:00:00,CONTROL,104529.7544148829,3,1,1,0.03831955346228434
2025-01-27 07:00:00,LEVEL,97964.625,4,1,1,0.01891231795750431
2025-01-27 07:00:00,LEVEL,98316.09,10,1,1,0.018980169162272707
2025-01-27 07:00:00,LEVEL,98654.36666666665,9,1,1,0.019045474326025484
2025-01-27 06:00:00,LEVEL,99033.76666666666,9,1,-1,0.02103479070837676
2025-01-27 06:00:00,LEVEL,99429.51666666666,6,1,-1,0.021118848082977683
2025-01-27 05:00:00,LEVEL,99809.12,5,1,-1,0.023744465805770547
2025-01-27 12:00:00,LEVEL,100173.8,4,-1,-1,0.015432499338035302
2025-01-27 04:00:00,LEVEL,100582.62,5,1,-1,0.025519070777866786
2025-01-27 01:00:00,LEVEL,101397.275,4,1,-1,0.030120052726361386
2025-01-27 00:00:00,LEVEL,102003.33333333333,6,1,-1,0.0322259958402444
2025-01-27 21:00:00,LEVEL,102408.39999999998,3,-1,1,0.010334757105193436
2025-01-27 00:00:00,LEVEL,103180.60000000002,3,-1,1,0.03259793065318704
2025-01-27 02:00:00,CONTROL,100992.23970086756,5,1,1,0.028245380235697202
2025-01-27 02:00:00,CONTROL,101020.96993139671,4,1,1,0.028253415469770223
2025-01-27 04:00:00,CONTROL,101042.39982214724,6,1,-1,0.02563572267879769
2025-01-27 02:00:00,CONTROL,100887.03344810511,3,1,1,0.028215956285686294
2025-01-28 21:00:00,LEVEL,100489.18,5,1,1,0.0165285052839344
2025-01-28 01:00:00,LEVEL,101397.275,4,1,1,0.010881944099753826
2025-01-28 02:00:00,LEVEL,102003.33333333333,6,-1,0,0.010854305223020302
2025-01-28 00:00:00,LEVEL,102373.25,4,-1,1,0.010881004417577297
2025-01-28 00:00:00,LEVEL,102721.53333333334,6,-1,1,0.010918022608252777
2025-01-28 04:00:00,LEVEL,103180.60000000002,3,-1,1,0.011234897885574678
2025-01-28 15:00:00,LEVEL,103539.73333333334,3,-1,1,0.015587537891440354
2025-01-28 21:00:00,CONTROL,100831.08451646332,6,1,1,0.01658474189176586
2025-01-28 21:00:00,CONTROL,100937.93762606812,6,1,1,0.016602317139038328
2025-01-28 21:00:00,CONTROL,100979.46384801484,6,1,1,0.016609147390602413
2025-01-28 21:00:00,CONTROL,100878.86001296122,4,1,1,0.01659260002680396
2025-01-29 19:00:00,LEVEL,101397.275,4,1,1,0.018277600775106425
2025-01-29 00:00:00,LEVEL,101683.36666666665,3,-1,-1,0.016739897176292262
2025-01-29 03:00:00,LEVEL,102003.33333333333,6,-1,-1,0.017736914652944198
2025-01-29 09:00:00,LEVEL,102373.25,4,1,1,0.019089359073719045
2025-01-29 06:00:00,LEVEL,102721.53333333334,6,-1,1,0.018497032039270216
2025-01-29 19:00:00,LEVEL,103216.77500000001,4,-1,-1,0.018605578963971033
2025-01-29 19:00:00,LEVEL,103539.73333333334,3,-1,-1,0.01866379456674399
2025-01-29 20:00:00,LEVEL,104518.32500000001,4,-1,1,0.018160715875894542
2025-01-29 19:00:00,CONTROL,103954.01439036852,4,-1,1,0.01873847175870184
2025-01-29 20:00:00,CONTROL,104127.53927704818,3,-1,-1,0.018092814400407976
2025-01-30 00:00:00,LEVEL,103427.60000000002,3,1,1,0.01850825513639259
2025-01-30 01:00:00,LEVEL,104518.32500000001,4,-1,-1,0.01858991740498236
2025-01-30 03:00:00,LEVEL,105157.93333333333,3,-1,-1,0.0182115310790723
2025-01-30 04:00:00,LEVEL,105473.525,4,-1,1,0.017767609140823624
2025-01-30 00:00:00,CONTROL,103957.2494676222,6,-1,-1,0.01860303532542923
2025-01-30 14:00:00,CONTROL,105908.41510821109,4,-1,1,0.01741932628554342
2025-01-30 14:00:00,CONTROL,105814.50239817922,3,-1,1,0.01740387995734813
2025-01-31 20:00:00,LEVEL,101683.36666666665,3,1,1,0.02007346008793036
2025-01-31 20:00:00,LEVEL,102003.33333333333,6,1,-1,0.02013662516913638
2025-01-31 19:00:00,LEVEL,102373.25,4,1,0,0.019889162770930727
2025-01-31 18:00:00,LEVEL,102721.53333333334,6,1,-1,0.020348200880679127
2025-01-31 18:00:00,LEVEL,103138.6,4,1,-1,0.020430817991605905
2025-01-31 18:00:00,LEVEL,103427.60000000002,3,1,-1,0.02048806626140571
2025-01-31 01:00:00,LEVEL,104536.1,5,1,1,0.021652611138440872
2025-01-31 15:00:00,LEVEL,105355.28,5,-1,1,0.02302375851942908
2025-01-31 15:00:00,LEVEL,105662.975,4,-1,1,0.02309100047804412
2025-01-31 03:00:00,CONTROL,103950.84830819891,6,1,1,0.022173520149997808
2025-01-31 07:00:00,CONTROL,104131.70426466392,4,1,1,0.022053625089143682
2025-01-31 15:00:00,CONTROL,104857.36008008796,3,-1,1,0.022914945861932767
2025-01-31 18:00:00,CONTROL,103798.60693851036,5,1,-1,0.020561559359376088
2025-01-31 13:00:00,CONTROL,104883.76376362791,4,-1,-1,0.022255911251930285
2025-02-01 23:00:00,LEVEL,100380.9,4,1,1,0.029100657715931955
2025-02-01 22:00:00,LEVEL,100696.075,4,1,1,0.029568389660203538
2025-02-01 09:00:00,LEVEL,101390.82,5,1,-1,0.021353724406184015
2025-02-01 09:00:00,LEVEL,101683.36666666665,3,1,-1,0.021415337093564857
2025-02-01 11:00:00,LEVEL,102003.33333333333,6,-1,1,0.02171973321444656
2025-02-01 01:00:00,LEVEL,102721.53333333334,6,-1,1,0.02048387922295896
2025-02-01 20:00:00,CONTROL,101027.65775402063,6,1,-1,0.030699038525944244
2025-02-01 20:00:00,CONTROL,101026.84385396553,6,1,-1,0.03069879120803444
2025-02-02 22:00:00,LEVEL,96072.7,5,1,1,0.01323788371362014
2025-02-02 22:00:00,LEVEL,96399.16,10,1,1,0.013282866726662852
2025-02-02 17:00:00,LEVEL,97095.16,5,1,1,0.016363979333336803
2025-02-02 17:00:00,LEVEL,97332.7,11,1,1,0.016404013251102023
2025-02-02 17:00:00,LEVEL,97676.75,8,1,-1,0.016461997882773
2025-02-02 17:00:00,LEVEL,97964.625,4,1,-1,0.01651051503389139
2025-02-02 12:00:00,LEVEL,98316.09,10,1,1,0.019606848311105537
2025-02-02 11:00:00,LEVEL,98654.36666666665,9,1,-1,0.020538418266551246
2025-02-02 11:00:00,LEVEL,98997.2111111111,9,1,-1,0.020609793542053802
2025-02-02 03:00:00,LEVEL,99251.03333333333,3,1,1,0.02407252809442961
2025-02-02 03:00:00,LEVEL,99547.86666666665,6,1,1,0.024144522596814603
2025-02-02 03:00:00,LEVEL,100019.56666666667,6,1,-1,0.024258929582019553
2025-02-02 02:00:00,LEVEL,100380.9,4,1,-1,0.026963727020901503
2025-02-02 02:00:00,LEVEL,100696.075,4,1,-1,0.027048387475866666
2025-02-02 18:00:00,CONTROL,96786.88191080625,8,1,1,0.015630246431524098
2025-02-02 21:00:00,CONTROL,96742.66770715092,5,1,-1,0.013942062945028394
2025-02-02 21:00:00,CONTROL,96729.89161552016,11,1,-1,0.01394022171945617
2025-02-02 21:00:00,CONTROL,96729.92613673714,8,1,-1,0.013940226694478995
2025-02-02 21:00:00,CONTROL,96714.2533198508,4,1,-1,0.013937968007544533
2025-02-02 00:00:00,CONTROL,101018.14930828025,3,-1,1,0.02821785277208896
2025-02-02 00:00:00,CONTROL,101077.33378104803,6,-1,1,0.028234385036344352
2025-02-02 00:00:00,CONTROL,101034.50469217688,4,-1,1,0.028222421394836324
2025-02-03 02:00:00,LEVEL,91476.1,5,1,1,0.008749219747079102
2025-02-03 01:00:00,LEVEL,91841.1,4,1,1,0.009644008663122667
2025-02-03 01:00:00,LEVEL,92287.03333333333,3,1,1,0.009690835028767698
2025-02-03 01:00:00,LEVEL,92582.6,4,1,1,0.009721871759532723
2025-02-03 01:00:00,LEVEL,92887.23333333334,3,1,1,0.009753860558727663
2025-02-03 01:00:00,LEVEL,93140.06666666667,3,1,-1,0.00978040996696638
2025-02-03 01:00:00,LEVEL,93556.5,5,1,-1,0.009824138609962596
2025-02-03 01:00:00,LEVEL,93864.6,4,1,-1,0.00985649143532192
2025-02-03 01:00:00,LEVEL,94201.51666666666,6,1,-1,0.009891870228172655
2025-02-03 01:00:00,LEVEL,94540.91666666667,6,1,-1,0.009927509789766144
2025-02-03 01:00:00,LEVEL,94785.63333333333,9,1,-1,0.009953206886744989
2025-02-03 01:00:00,LEVEL,95124.68333333333,6,1,-1,0.009988809695696883
2025-02-03 00:00:00,LEVEL,95361.9625,8,1,-1,0.011871368661837594
2025-02-03 00:00:00,LEVEL,95766.08888888889,9,1,-1,0.011921677330228067
2025-02-03 00:00:00,LEVEL,96072.7,5,1,-1,0.011959846569203361
2025-02-03 00:00:00,LEVEL,96399.16,10,1,-1,0.012000486745975559
2025-02-03 00:00:00,LEVEL,97095.16,5,1,-1,0.012087130019373366
2025-02-03 00:00:00,LEVEL,97332.7,11,1,-1,0.012116700771044221
2025-02-03 15:00:00,LEVEL,97676.75,8,-1,-1,0.007546157096123911
2025-02-03 15:00:00,LEVEL,97964.625,4,-1,-1,0.0075683972911964
2025-02-03 15:00:00,LEVEL,98316.09,10,-1,-1,0.007595550222715816
2025-02-03 15:00:00,LEVEL,98654.36666666665,9,-1,-1,0.007621684270671135
2025-02-03 15:00:00,LEVEL,98996.38999999998,10,-1,-1,0.007648107772721247
2025-02-03 15:00:00,LEVEL,99251.03333333333,3,-1,-1,0.007667780607831076
2025-02-03 18:00:00,LEVEL,99547.86666666665,6,-1,-1,0.007857962927788712
2025-02-03 19:00:00,LEVEL,100019.56666666667,6,-1,0,0.007817578620499878
2025-02-03 19:00:00,LEVEL,100380.9,4,-1,1,0.007845820611898967
2025-02-03 19:00:00,LEVEL,100696.075,4,-1,1,0.007870454845217808
2025-02-03 19:00:00,LEVEL,101401.0142857143,7,-1,1,0.007925553247184663
2025-02-03 19:00:00,LEVEL,101683.36666666665,3,-1,1,0.00794762204842369
2025-02-03 22:00:00,LEVEL,102003.33333333333,6,-1,1,0.00824192352398051
2025-02-03 22:00:00,LEVEL,102373.25,4,-1,1,0.008271812987170397
2025-02-03 00:00:00,CONTROL,96752.4720651174,8,1,-1,0.012044469668177727
2025-02-03 00:00:00,CONTROL,96803.15542014937,9,1,-1,0.012050779110400076
2025-02-03 00:00:00,CONTROL,96765.17167754388,5,1,-1,0.01204605061069427
2025-02-03 00:00:00,CONTROL,96704.29041775891,8,1,-1,0.012038471657193765
2025-02-03 19:00:00,CONTROL,101092.58454561375,6,-1,1,0.00790144622670364
2025-02-03 19:00:00,CONTROL,101092.27889552708,4,-1,1,0.00790142233694224
2025-02-03 19:00:00,CONTROL,101004.26578101177,3,-1,1,0.007894543188538692
2025-02-03 19:00:00,CONTROL,101021.44891290272,6,-1,1,0.007895886230595171
2025-02-03 19:00:00,CONTROL,101037.9456174216,4,-1,1,0.007897175621149975
2025-02-04 21:00:00,LEVEL,96399.16,10,1,1,0.012176031071885312
2025-02-04 21:00:00,LEVEL,97095.16,5,1,1,0.012263941771792158
2025-02-04 21:00:00,LEVEL,97332.7,11,1,1,0.012293945087389678
2025-02-04 21:00:00,LEVEL,97676.75,8,1,0,0.012337401518859434
2025-02-04 08:00:00,LEVEL,97964.625,4,1,1,0.011317049573291358
2025-02-04 05:00:00,LEVEL,98316.09,10,1,1,0.01117351299326275
2025-02-04 05:00:00,LEVEL,98654.36666666665,9,1,1,0.011211957755766196
2025-02-04 05:00:00,LEVEL,98996.38999999998,10,1,-1,0.011250828322720181
2025-02-04 05:00:00,LEVEL,99251.03333333333,3,1,-1,0.011279768251003006
2025-02-04 05:00:00,LEVEL,99547.86666666665,6,1,-1,0.011313503025309363
2025-02-04 04:00:00,LEVEL,100019.56666666667,6,1,-1,0.011515031852022413
2025-02-04 04:00:00,LEVEL,100380.9,4,1,-1,0.0115566313608105
2025-02-04 19:00:00,LEVEL,100696.075,4,-1,1,0.013658682401213996
2025-02-04 01:00:00,LEVEL,101401.0142857143,7,-1,1,0.009880190662944354
2025-02-04 01:00:00,LEVEL,101683.36666666665,3,-1,1,0.009907702176291599
2025-02-04 21:00:00,CONTROL,96743.2839088096,8,1,1,0.012219496838664237
2025-02-04 21:00:00,CONTROL,96698.1317096224,9,1,1,0.012213793733157223
2025-02-04 21:00:00,CONTROL,96779.11224596633,8,1,1,0.012224022261359562
2025-02-04 21:00:00,CONTROL,96698.5640925146,4,1,1,0.012213848346781766
2025-02-04 00:00:00,CONTROL,101020.83362608784,6,1,-1,0.008763440448369022
2025-02-04 00:00:00,CONTROL,101073.70432593394,6,1,-1,0.008768026920415766
2025-02-04 00:00:00,CONTROL,101021.27159012143,3,1,-1,0.008763478441242265
2025-02-04 00:00:00,CONTROL,101062.85135150701,6,1,-1,0.008767085437439788
2025-02-04 00:00:00,CONTROL,101002.75790013012,4,1,-1,0.008761872400053584
2025-02-05 22:00:00,LEVEL,96399.16,10,1,1,0.016200943872861834
2025-02-05 02:00:00,LEVEL,97095.16,5,1,1,0.011470105507195016
2025-02-05 02:00:00,LEVEL,97332.7,11,1,1,0.011498166729424622
2025-02-05 01:00:00,LEVEL,97689.64444444445,9,1,0,0.011734623971824844
2025-02-05 00:00:00,LEVEL,97964.625,4,-1,1,0.011880125059213643
2025-02-05 00:00:00,LEVEL,98316.09,10,-1,1,0.011922747058266224
2025-02-05 01:00:00,LEVEL,98654.36666666665,9,-1,1,0.011850507826039082
2025-02-05 14:00:00,LEVEL,98996.38999999998,10,-1,1,0.013346778118574943
2025-02-05 18:00:00,CONTROL,96803.51967426694,9,1,1,0.013367651552554425
2025-02-05 18:00:00,CONTROL,96725.7544968115,9,1,1,0.01335691291620479
2025-02-06 19:00:00,LEVEL,95766.08888888889,9,1,1,0.017611344561425015
2025-02-06 18:00:00,LEVEL,96077.25,6,1,1,0.01791963630005247
2025-02-06 16:00:00,LEVEL,96399.16,10,1,1,0.017657140763806232
2025-02-06 01:00:00,LEVEL,97113.63333333335,6,-1,-1,0.017082621107678577
2025-02-06 02:00:00,LEVEL,97332.7,11,-1,-1,0.017809071936234596
2025-02-06 04:00:00,LEVEL,97689.64444444445,9,-1,-1,0.017847441535909482
2025-02-06 07:00:00,LEVEL,97964.625,4,1,1,0.01844669357780892
2025-02-06 06:00:00,LEVEL,98316.09,10,-1,1,0.01825633888469798
2025-02-06 09:00:00,LEVEL,98654.36666666665,9,-1,1,0.018727434009796
2025-02-06 10:00:00,LEVEL,98996.38999999998,10,-1,1,0.019018565870995673
2025-02-06 00:00:00,CONTROL,96768.88043875466,8,-1,-1,0.016408544842014598
2025-02-06 16:00:00,CONTROL,96714.35558049429,6,1,-1,0.017714874179044677
2025-02-06 16:00:00,CONTROL,96722.5425689717,11,1,-1,0.017716373764808464
2025-02-06 16:00:00,CONTROL,96729.01663884375,4,1,-1,0.01771755960048427
2025-02-07 20:00:00,LEVEL,95766.08888888889,9,1,0,0.014815155158058703
2025-02-07 20:00:00,LEVEL,96081.37142857142,7,1,0,0.014863929831831199
2025-02-07 20:00:00,LEVEL,96399.16,10,1,0,0.01491309219240995
2025-02-07 01:00:00,LEVEL,97113.63333333335,6,-1,-1,0.016540890090627147
2025-02-07 01:00:00,LEVEL,97332.7,11,-1,-1,0.0165782026442973
2025-02-07 01:00:00,LEVEL,97689.64444444445,9,-1,-1,0.016638999245365143
2025-02-07 12:00:00,LEVEL,97964.625,4,-1,-1,0.01683051202345096
2025-02-07 13:00:00,LEVEL,98316.09,10,-1,-1,0.015996028492838654
2025-02-07 13:00:00,LEVEL,98654.36666666665,9,-1,-1,0.01605106610874122
2025-02-07 14:00:00,LEVEL,99005.17272727271,11,-1,1,0.015894790449941194
2025-02-07 14:00:00,LEVEL,99219.325,4,-1,1,0.015929171537369377
2025-02-07 14:00:00,LEVEL,99547.86666666665,6,-1,1,0.015981917275818075
2025-02-07 14:00:00,LEVEL,100019.56666666667,6,-1,1,0.01605764637611358
2025-02-07 00:00:00,CONTROL,96723.97617240492,8,-1,-1,0.017157816986800883
2025-02-07 01:00:00,CONTROL,96702.25091525042,9,-1,-1,0.016470821335817308
2025-02-07 01:00:00,CONTROL,96704.2900423006,7,-1,-1,0.01647116865035246
2025-02-07 00:00:00,CONTROL,96734.72767547892,11,-1,-1,0.017159724190468233
2025-02-07 00:00:00,CONTROL,96722.25085534168,9,-1,-1,0.017157510933683687
2025-02-07 00:00:00,CONTROL,96718.51986564726,4,-1,-1,0.017156849095317547
2025-02-08 07:00:00,LEVEL,95733.05555555556,9,1,1,0.017048476427744166
2025-02-08 05:00:00,LEVEL,96060.04999999999,8,1,1,0.0166525179856115
2025-02-08 01:00:00,LEVEL,96399.16,10,1,0,0.016353565816678156
2025-02-08 00:00:00,CONTROL,96699.77592571235,8,-1,0,0.01562950960493168
2025-02-08 00:00:00,CONTROL,96743.63756776604,9,-1,0,0.015636598928037173
2025-02-08 00:00:00,CONTROL,96791.92697648655,8,-1,0,0.015644403907626718
2025-02-08 00:00:00,CONTROL,96777.03287287796,10,-1,0,0.015641996585239685
2025-02-09 21:00:00,LEVEL,94785.63333333333,9,1,1,0.02741697791436929
2025-02-09 21:00:00,LEVEL,95124.68333333333,6,1,1,0.02751504896200556
2025-02-09 21:00:00,LEVEL,95383.41111111111,9,1,1,0.02758988660901712
2025-02-09 21:00:00,LEVEL,95719.26363636363,11,1,-1,0.027687032779206765
2025-02-09 13:00:00,LEVEL,96060.04999999999,8,1,1,0.035002523343202176
2025-02-09 15:00:00,LEVEL,96399.16,10,-1,1,0.034363456427051846
2025-02-09 01:00:00,LEVEL,96760.90000000001,3,-1,1,0.034728782610646436
2025-02-09 03:00:00,LEVEL,97113.63333333335,6,-1,1,0.03394357658041436
2025-02-10 01:00:00,LEVEL,95383.41111111111,9,1,1,0.020958061176456256
2025-02-10 01:00:00,LEVEL,95712.125,12,1,1,0.021030287632950444
2025-02-10 01:00:00,LEVEL,96060.04999999999,8,1,1,0.021106735238984622
2025-02-10 01:00:00,LEVEL,96390.73636363637,11,1,-1,0.021179395096276137
2025-02-10 00:00:00,LEVEL,96751.975,4,-1,1,0.022987438838771978
2025-02-10 04:00:00,LEVEL,97113.63333333335,6,-1,-1,0.01975711585246976
2025-02-10 05:00:00,LEVEL,97330.11666666668,12,-1,-1,0.019006192269122302
2025-02-10 08:00:00,LEVEL,97704.18000000001,10,-1,0,0.018399600762693966
2025-02-10 13:00:00,LEVEL,97964.625,4,-1,1,0.01779617834394908
2025-02-10 13:00:00,LEVEL,98316.09,10,-1,1,0.017860025205218198
2025-02-11 19:00:00,LEVEL,95124.68333333333,6,1,1,0.02557738248285178
2025-02-11 18:00:00,LEVEL,95383.41111111111,9,1,1,0.02655971628819417
2025-02-11 18:00:00,LEVEL,95712.125,12,1,-1,0.02665124737863407
2025-02-11 17:00:00,LEVEL,96060.04999999999,8,1,-1,0.02766706509216591
2025-02-11 16:00:00,LEVEL,96390.73636363637,11,1,-1,0.027219650399636156
2025-02-11 13:00:00,LEVEL,96762.90000000001,5,1,-1,0.026351776550385946
2025-02-11 13:00:00,LEVEL,97113.63333333335,6,1,-1,0.0264472929769169
2025-02-11 13:00:00,LEVEL,97330.11666666668,12,1,-1,0.026506248634786626
2025-02-11 00:00:00,LEVEL,97704.18000000001,10,-1,1,0.021014758633668997
2025-02-11 00:00:00,LEVEL,97964.625,4,-1,1,0.021070776593313564
2025-02-11 05:00:00,LEVEL,98317.17272727271,11,-1,1,0.025585731934068417
2025-02-12 13:00:00,LEVEL,94188.58571428571,7,1,1,0.018906726695294997
2025-02-12 13:00:00,LEVEL,94556.5142857143,7,1,1,0.018980581981374908
2025-02-12 13:00:00,LEVEL,94785.63333333333,9,1,1,0.01902657366052762
2025-02-12 03:00:00,LEVEL,95124.68333333333,6,1,1,0.020670151540873115
2025-02-12 02:00:00,LEVEL,95383.41111111111,9,1,1,0.02128203287934434
2025-02-12 02:00:00,LEVEL,95712.125,12,1,-1,0.021355375819272132
2025-02-12 00:00:00,LEVEL,96060.04999999999,8,-1,1,0.021928232784756887
2025-02-12 08:00:00,LEVEL,96390.73636363637,11,-1,1,0.021142231386265087
2025-02-12 16:00:00,LEVEL,96762.90000000001,5,-1,-1,0.01690883117450473
2025-02-12 18:00:00,LEVEL,97113.63333333335,6,1,-1,0.01639481016442453
2025-02-12 17:00:00,LEVEL,97330.11666666668,12,-1,1,0.01650860917791691
2025-02-12 21:00:00,LEVEL,97704.18000000001,10,-1,1,0.01631921831449063
2025-02-12 22:00:00,LEVEL,97964.625,4,-1,1,0.016772072120271802
2025-02-13 14:00:00,LEVEL,95383.41111111111,9,1,1,0.018046241814608125
2025-02-13 06:00:00,LEVEL,95712.125,12,1,1,0.01620677101522898
2025-02-13 06:00:00,LEVEL,96060.04999999999,8,1,0,0.016265684562550946
2025-02-13 06:00:00,LEVEL,96397.21666666667,12,1,-1,0.016322776419623757
2025-02-13 04:00:00,LEVEL,96762.90000000001,5,1,-1,0.017060219615535093
2025-02-13 04:00:00,LEVEL,97113.63333333335,6,1,-1,0.017122057238148258
2025-02-13 02:00:00,LEVEL,97330.11666666668,12,1,-1,0.017120324827856647
2025-02-13 02:00:00,LEVEL,97704.18000000001,10,1,-1,0.017186122404107274
2025-02-14 01:00:00,LEVEL,96399.92307692308,13,1,1,0.021972274927608143
2025-02-14 00:00:00,LEVEL,96762.90000000001,5,-1,-1,0.02234193027014552
2025-02-14 03:00:00,LEVEL,97113.63333333335,6,-1,-1,0.021781682927741047
2025-02-14 14:00:00,LEVEL,97330.11666666668,12,-1,1,0.025033466220850502
2025-02-14 16:00:00,LEVEL,97704.18000000001,10,-1,-1,0.02379075743048897
2025-02-14 17:00:00,LEVEL,97989.88,5,-1,1,0.02219727715483066
2025-02-14 17:00:00,LEVEL,98330.92499999999,12,-1,1,0.022274532789670388
2025-02-14 17:00:00,LEVEL,98654.36666666665,9,-1,1,0.022347800807943505
2025-02-15 17:00:00,LEVEL,97285.38666666666,15,1,-1,0.0328965527541193
2025-02-15 01:00:00,LEVEL,97612.37142857142,7,-1,0,0.020758376102943257
2025-02-16 23:00:00,LEVEL,96060.04999999999,8,1,1,0.043007549598455416
2025-02-16 23:00:00,LEVEL,96377.28461538462,13,1,-1,0.043149580374574115
2025-02-16 18:00:00,LEVEL,96657.95000000001,4,1,1,0.05467175254087509
2025-02-17 16:00:00,LEVEL,95383.41111111111,9,1,1,0.02753612359088792
2025-02-17 15:00:00,LEVEL,95712.125,12,1,1,0.028627129891858095
2025-02-17 01:00:00,LEVEL,96060.04999999999,8,1,1,0.039676303323652864
2025-02-17 00:00:00,LEVEL,96377.28461538462,13,-1,1,0.04169469375530382
2025-02-17 14:00:00,LEVEL,96657.95000000001,4,-1,1,0.03242195387840681
2025-02-17 14:00:00,LEVEL,96961.01999999999,5,-1,1,0.032523612578616454
2025-02-18 18:00:00,LEVEL,93590.35,4,1,1,0.02219917871173375
2025-02-18 17:00:00,LEVEL,94188.58571428571,7,1,-1,0.022711094270730182
2025-02-18 21:00:00,LEVEL,94556.5142857143,7,-1,-1,0.02049408679817436
2025-02-18 16:00:00,LEVEL,94788.49999999999,10,1,-1,0.02341992819364555
2025-02-18 08:00:00,LEVEL,95119.775,8,1,1,0.025395536347480756
2025-02-18 06:00:00,LEVEL,95383.41111111111,9,1,1,0.025550767673892808
2025-02-18 05:00:00,LEVEL,95714.23846153847,13,1,1,0.026020130920383286
2025-02-18 01:00:00,LEVEL,96060.04999999999,8,-1,1,0.026030990710239163
2025-02-18 13:00:00,LEVEL,96377.28461538462,13,-1,1,0.024467449762727776
2025-02-18 14:00:00,LEVEL,96657.95000000001,4,-1,1,0.023184055526822747
2025-02-19 00:00:00,LEVEL,95383.41111111111,9,1,1,0.020305143397788404
2025-02-19 02:00:00,LEVEL,95714.23846153847,13,-1,-1,0.02050337475328001
2025-02-19 15:00:00,LEVEL,96060.04999999999,8,-1,-1,0.021958465011286676
2025-02-19 10:00:00,LEVEL,96377.97142857143,14,-1,1,0.02129091219298116
2025-02-19 14:00:00,LEVEL,96673.81999999999,5,-1,1,0.022567403505956346
2025-02-20 00:00:00,LEVEL,96377.97142857143,14,1,1,0.027556246298376393
2025-02-20 02:00:00,LEVEL,96967.51666666666,6,-1,-1,0.027606901664916965
2025-02-20 04:00:00,LEVEL,97281.00555555554,18,-1,-1,0.027971140842440987
2025-02-20 16:00:00,LEVEL,97623.125,8,-1,-1,0.028449370258726757
2025-02-20 14:00:00,LEVEL,97867.73749999999,8,-1,1,0.02929185154700889
2025-02-20 18:00:00,LEVEL,98254.19090909092,11,-1,-1,0.02913177404464941
2025-02-20 20:00:00,LEVEL,98588.47777777778,9,-1,-1,0.030697381474418122
2025-02-21 19:00:00,LEVEL,95381.35,10,1,1,0.020629127578469287
2025-02-21 19:00:00,LEVEL,95721.67499999999,12,1,1,0.020702733245018798
2025-02-21 19:00:00,LEVEL,96045.48888888888,9,1,-1,0.020772767879940295
2025-02-21 18:00:00,LEVEL,96685.8857142857,7,1,-1,0.022917117334467687
2025-02-21 17:00:00,LEVEL,96967.51666666666,6,1,-1,0.02337605211150538
2025-02-21 15:00:00,LEVEL,97288.77777777778,18,1,1,0.025540977987799772
2025-02-21 15:00:00,LEVEL,97623.125,8,1,1,0.025628753322613468
2025-02-21 15:00:00,LEVEL,97867.73749999999,8,1,1,0.02569297082663342
2025-02-21 15:00:00,LEVEL,98254.19090909092,11,1,-1,0.025794425467552506
2025-02-21 09:00:00,LEVEL,98588.47777777778,9,-1,-1,0.0316591198082177
2025-02-21 09:00:00,LEVEL,98872.11111111111,9,-1,1,0.031750201259965485
2025-02-21 13:00:00,LEVEL,99160.36249999999,8,-1,1,0.02962415019652146
2025-02-22 00:00:00,LEVEL,95721.67499999999,12,1,1,0.019510771680626787
2025-02-22 01:00:00,LEVEL,96377.97142857143,14,-1,0,0.01954990387445272
2025-02-22 12:00:00,LEVEL,96967.51666666666,6,-1,1,0.020777408605246555
2025-02-23 12:00:00,LEVEL,95712.54545454546,11,1,-1,0.054707536921415924
2025-02-23 23:00:00,LEVEL,96051.63999999998,10,-1,-1,0.04770159819973616
2025-02-23 01:00:00,LEVEL,96377.97142857143,14,1,-1,0.05172660023337147
2025-02-24 23:00:00,LEVEL,91603.33333333333,3,1,-1,0.016932713321587713
2025-02-24 22:00:00,LEVEL,92543.46666666667,3,1,-1,0.0181047315114833
2025-02-24 22:00:00,LEVEL,92887.23333333334,3,1,-1,0.018171984267693685
2025-02-24 22:00:00,LEVEL,93216.16666666667,3,1,-1,0.01823633510627452
2025-02-24 21:00:00,LEVEL,93590.35,4,1,-1,0.019850017232694334
2025-02-24 15:00:00,LEVEL,93869.1,4,1,1,0.025830570389288703
2025-02-24 15:00:00,LEVEL,94188.58571428571,7,1,1,0.025918485349922495
2025-02-24 14:00:00,LEVEL,94556.5142857143,7,1,-1,0.027902551199192698
2025-02-24 14:00:00,LEVEL,94779.7111111111,9,1,-1,0.027968414042119766
2025-02-24 04:00:00,LEVEL,95108.45833333333,12,1,1,0.037999683697081565
2025-02-24 03:00:00,LEVEL,95381.35,10,1,1,0.04005463445361599
2025-02-24 01:00:00,LEVEL,95712.54545454546,11,1,1,0.04401651918637378
2025-02-24 09:00:00,LEVEL,96051.63999999998,10,-1,1,0.033394020990417425
2025-02-24 23:00:00,CONTROL,91918.0897708296,3,1,-1,0.01699089548951008
2025-02-25 00:00:00,LEVEL,91017.5,3,1,1,0.015968245091750367
2025-02-25 07:00:00,CONTROL,90097.53303240948,3,1,-1,0.01255561628824489
2025-02-25 00:00:00,CONTROL,92127.43238117281,3,-1,1,0.01616297327366964
2025-02-25 02:00:00,CONTROL,92393.71214652936,3,-1,1,0.015250891288165577
2025-03-02 17:00:00,LEVEL,93216.16666666667,3,-1,-1,0.013048403935772506
2025-03-02 17:00:00,LEVEL,93590.35,4,-1,1,0.013100782138545278
2025-03-02 17:00:00,LEVEL,93869.1,4,-1,1,0.013139801578275117
2025-03-02 17:00:00,LEVEL,94188.58571428571,7,-1,1,0.013184523205443246
2025-03-02 17:00:00,LEVEL,94556.5142857143,7,-1,1,0.013236025866314073
2025-03-02 17:00:00,LEVEL,94897.6,10,-1,1,0.013283771062623597
2025-03-02 17:00:00,CONTROL,91971.62059196996,3,-1,-1,0.012874192310471572
2025-03-02 17:00:00,CONTROL,92326.3662736984,4,-1,-1,0.012923849629745559
2025-03-02 17:00:00,CONTROL,92556.86914485812,4,-1,-1,0.012956115433830837
2025-03-02 17:00:00,CONTROL,92800.34888689978,7,-1,-1,0.0129901977409879
2025-03-03 05:00:00,LEVEL,93216.16666666667,3,-1,1,0.010564908279084717
2025-03-03 00:00:00,LEVEL,93590.35,4,1,-1,0.011084389503682606
2025-03-03 00:00:00,LEVEL,93869.1,4,1,-1,0.011117403308782721
2025-03-03 06:00:00,CONTROL,91876.25596757203,3,1,-1,0.009940930684806842
2025-03-03 01:00:00,CONTROL,92795.62311676709,4,1,-1,0.010831396846784642
2025-03-03 01:00:00,CONTROL,92630.41253770638,4,1,-1,0.010812112948633087
2025-03-03 01:00:00,CONTROL,92929.67942355823,7,1,-1,0.010847044320338886
2025-03-06 01:00:00,LEVEL,90975.725,4,-1,-1,0.011603861545574853
2025-03-06 12:00:00,CONTROL,89899.70697069554,4,1,-1,0.011547857140813257
2025-03-06 04:00:00,CONTROL,92387.57206763796,3,-1,1,0.011809878466540228
2025-03-06 04:00:00,CONTROL,92280.84703616833,4,-1,1,0.011796235834497994
2025-03-07 00:00:00,LEVEL,86453.16666666667,3,1,1,0.008758243265774748
2025-03-07 00:00:00,LEVEL,90975.725,4,-1,1,0.009216406541848965
2025-03-07 00:00:00,CONTROL,87419.13336853156,3,1,-1,0.008856101698123333
2025-03-07 00:00:00,CONTROL,89697.56232476905,4,1,-1,0.009086920716464822
2025-03-08 01:00:00,LEVEL,86453.16666666667,3,1,0,0.008839283698321718
2025-03-08 01:00:00,CONTROL,85823.64816480751,3,1,0,0.0087749194552775
2025-03-09 10:00:00,LEVEL,85069.16666666667,3,1,-1,0.02775899224331911
2025-03-09 12:00:00,CONTROL,84457.92309689804,3,1,-1,0.026563794097823265
2025-03-09 12:00:00,CONTROL,84393.97761780383,3,1,-1,0.026543681899016333
2025-03-12 12:00:00,CONTROL,83920.87602058714,3,-1,1,0.01119187504233745
2025-03-13 15:00:00,LEVEL,81186.66666666667,3,1,-1,0.014112440767518983
2025-03-13 12:00:00,CONTROL,82244.59685797853,3,1,-1,0.013677371087793067
2025-03-14 01:00:00,LEVEL,81186.66666666667,3,1,1,0.013996494555067079
2025-03-14 15:00:00,LEVEL,84359.7,3,-1,0,0.01673056671128956
2025-03-14 15:00:00,LEVEL,85069.16666666667,3,-1,1,0.016871271092600816
2025-03-14 10:00:00,CONTROL,83149.38638321857,3,-1,-1,0.014942160273726291
2025-03-14 15:00:00,CONTROL,84010.26653902177,3,-1,0,0.016661265613371327
2025-03-15 13:00:00,LEVEL,84359.7,3,-1,1,0.02210539141827705
2025-03-16 10:00:00,LEVEL,83635.43333333333,3,1,-1,0.03894322022389085
2025-03-16 16:00:00,LEVEL,84383.125,4,-1,1,0.025005648880410444
2025-03-16 16:00:00,LEVEL,85069.16666666667,3,-1,1,0.025208946838787764
2025-03-16 16:00:00,CONTROL,84741.65320250893,3,-1,1,0.025111893231347472
2025-03-16 11:00:00,CONTROL,83299.59430094769,4,1,-1,0.03398639591016727
2025-03-16 01:00:00,CONTROL,83917.86052770738,3,1,1,0.03949656621395259
2025-03-17 03:00:00,LEVEL,83649.4,4,-1,1,0.018058658678918166
2025-03-17 17:00:00,LEVEL,84040.5,3,-1,1,0.01685550611093701
2025-03-17 17:00:00,LEVEL,84382.93999999999,5,-1,1,0.01692418727671576
2025-03-17 19:00:00,CONTROL,84725.81673074445,4,-1,1,0.01764627178188282
2025-03-17 00:00:00,CONTROL,82970.97381086118,3,-1,-1,0.018068591857765978
2025-03-18 13:00:00,LEVEL,81186.66666666667,3,1,1,0.017764041691453153
2025-03-18 06:00:00,LEVEL,82339.85,4,1,1,0.018303591425038544
2025-03-18 13:00:00,CONTROL,81908.19057341572,3,1,1,0.01792191466847159
2025-03-18 04:00:00,CONTROL,82843.9247748238,4,1,-1,0.018276620954259335
2025-03-18 06:00:00,CONTROL,82747.26653099289,4,1,-1,0.018394157362711498
2025-03-18 01:00:00,CONTROL,83317.76674888258,4,1,-1,0.018352941626495426
2025-03-19 12:00:00,LEVEL,83529.09999999999,3,1,1,0.021073915922924177
2025-03-19 10:00:00,LEVEL,83758.63333333335,3,-1,-1,0.021669479635753202
2025-03-19 11:00:00,LEVEL,84040.5,3,-1,-1,0.021099633601920725
2025-03-19 18:00:00,LEVEL,84382.93999999999,5,-1,-1,0.019772376049851055
2025-03-19 15:00:00,LEVEL,84650.7,3,-1,1,0.022648637982642522
2025-03-19 18:00:00,LEVEL,85085.875,4,-1,-1,0.01993708582600489
2025-03-19 22:00:00,LEVEL,86457.525,4,-1,-1,0.018793326721643386
2025-03-19 00:00:00,CONTROL,82928.80891055922,5,-1,-1,0.01853843870383519
2025-03-19 01:00:00,CONTROL,82584.15748076813,3,1,1,0.01890446548718511
2025-03-19 01:00:00,CONTROL,82738.8516063601,3,1,1,0.018939876755490474
2025-03-19 05:00:00,CONTROL,83263.55528807435,3,-1,-1,0.019171760573464546
2025-03-19 18:00:00,CONTROL,85613.50005399418,5,-1,-1,0.020060717462694673
2025-03-19 18:00:00,CONTROL,85844.77734796877,3,-1,1,0.02011490971563416
2025-03-19 18:00:00,CONTROL,85820.40361890204,4,-1,1,0.02010919853115961
2025-03-20 16:00:00,LEVEL,83758.63333333335,3,1,0,0.013556535886554954
2025-03-20 16:00:00,LEVEL,84040.5,3,1,0,0.013602156683239674
2025-03-20 16:00:00,LEVEL,84382.93999999999,5,1,-1,0.013657581419344391
2025-03-20 15:00:00,LEVEL,84650.7,3,1,-1,0.014304088206406365
2025-03-20 10:00:00,LEVEL,85085.875,4,1,1,0.015180267728212942
2025-03-20 00:00:00,LEVEL,86457.525,4,1,-1,0.017147891409445937
2025-03-20 03:00:00,CONTROL,85809.74454706941,3,1,-1,0.016848979122218704
2025-03-20 00:00:00,CONTROL,86125.80263274217,4,1,-1,0.017082097956165596
2025-03-20 00:00:00,CONTROL,87065.20781883417,4,-1,1,0.017268418558340777
2025-03-21 12:00:00,LEVEL,83540.18000000001,5,1,1,0.018941472359601527
2025-03-21 07:00:00,LEVEL,83758.63333333335,3,1,0,0.018453483883553064
2025-03-21 06:00:00,LEVEL,84040.5,3,1,-1,0.018904489761487994
2025-03-21 00:00:00,LEVEL,84382.93999999999,5,-1,1,0.01851810200456737
2025-03-21 01:00:00,LEVEL,84650.7,3,-1,1,0.01887523273315126
2025-03-21 13:00:00,CONTROL,83174.54335348496,3,1,1,0.018682249710889054
2025-03-21 13:00:00,CONTROL,83154.874305732,5,1,1,0.01867783174780948
2025-03-22 09:00:00,LEVEL,84376.51666666666,6,-1,1,0.02705459452237813
2025-03-23 11:00:00,LEVEL,84625.525,4,-1,-1,0.05899176124605162
2025-03-23 15:00:00,LEVEL,85149.675,4,-1,1,0.050906858477347036
2025-03-23 22:00:00,LEVEL,85492.83333333333,3,-1,-1,0.04110355880084554
2025-03-23 23:00:00,CONTROL,85765.68934315954,4,-1,-1,0.03863428107465181
2025-03-23 23:00:00,CONTROL,85971.23290240986,4,-1,-1,0.03872687087019801
2025-03-24 01:00:00,LEVEL,85492.83333333333,3,1,1,0.034140801011664224
2025-03-24 00:00:00,LEVEL,86434.31666666667,6,-1,1,0.036166877626096314
2025-03-24 00:00:00,CONTROL,85851.17488329789,4,1,1,0.035922872486342655
2025-03-24 03:00:00,CONTROL,86067.84870758408,4,-1,-1,0.03142022404219566
2025-03-24 04:00:00,CONTROL,86741.50696498678,3,-1,-1,0.030812324170279074
2025-03-24 08:00:00,CONTROL,87286.21664468276,6,-1,-1,0.027050290850392796
2025-03-25 03:00:00,LEVEL,86434.31666666667,6,1,1,0.020215598109438213
2025-03-25 01:00:00,CONTROL,87013.3832153275,6,1,1,0.020029984698484906
2025-03-25 13:00:00,CONTROL,87670.66734213826,3,-1,1,0.020000579992360552
2025-03-26 14:00:00,LEVEL,86434.31666666667,6,1,1,0.022737271536535014
2025-03-26 18:00:00,CONTROL,86167.82487219218,4,1,1,0.022214106486986344
2025-03-26 18:00:00,CONTROL,86154.1160024343,3,1,1,0.022210572333802487
2025-03-26 13:00:00,CONTROL,87179.01947442826,6,1,-1,0.022847338912080056
2025-03-27 13:00:00,LEVEL,86434.31666666667,6,1,1,0.02329962204812855
2025-03-27 13:00:00,CONTROL,85887.07444043468,4,1,1,0.023152104979310223
2025-03-27 13:00:00,CONTROL,86028.47028036109,4,1,1,0.023190220276064037
2025-03-27 13:00:00,CONTROL,86122.25653254008,3,1,1,0.023215501718821408
2025-03-27 00:00:00,CONTROL,87183.05822797987,6,-1,1,0.02169019431435561
2025-03-28 17:00:00,LEVEL,83548.40000000001,6,1,1,0.021657111843757355
2025-03-28 16:00:00,LEVEL,83758.63333333335,3,1,1,0.021837201432850752
2025-03-28 20:00:00,LEVEL,84040.5,3,-1,1,0.022111011535267695
2025-03-28 14:00:00,LEVEL,84382.5125,8,1,-1,0.021719556317012962
2025-03-28 14:00:00,LEVEL,84625.525,4,1,-1,0.021782106287653952
2025-03-28 07:00:00,LEVEL,85149.675,4,1,-1,0.0217068009272906
2025-03-28 07:00:00,LEVEL,85492.83333333333,3,1,-1,0.02179428064612931
2025-03-28 06:00:00,LEVEL,85753.59999999999,3,1,-1,0.022840408513188498
2025-03-28 04:00:00,LEVEL,86434.31666666667,6,1,-1,0.02413881756746931
2025-03-28 04:00:00,CONTROL,86152.14469250917,4,1,-1,0.024060014401440843
2025-03-28 04:00:00,CONTROL,86075.48781684732,3,1,-1,0.024038606164432045
2025-03-28 01:00:00,CONTROL,87102.84206806014,6,1,-1,0.025652670803717564
2025-03-29 11:00:00,LEVEL,82313.42,5,1,1,0.021362942440733487
2025-03-29 09:00:00,LEVEL,83546.01428571428,7,1,-1,0.023664912165340595
2025-03-29 02:00:00,LEVEL,83758.63333333335,3,1,-1,0.021936034133752388
2025-03-29 02:00:00,LEVEL,84040.5,3,1,-1,0.02200985382940764
2025-03-29 17:00:00,CONTROL,81659.2615434544,4,1,1,0.023055579892098357
2025-03-29 10:00:00,CONTROL,82838.92156512699,5,1,-1,0.022664935191128978
2025-03-29 11:00:00,CONTROL,82626.56491408696,7,1,-1,0.02144421347497369
2025-03-29 09:00:00,CONTROL,83015.19121447447,3,1,-1,0.023514553330587964
2025-03-29 09:00:00,CONTROL,83168.94259196575,3,1,-1,0.023558104335082184
2025-03-29 09:00:00,CONTROL,83150.436909235,8,1,-1,0.023552862488895657
2025-03-30 16:00:00,LEVEL,82313.42,5,1,-1,0.0261125925925926
2025-03-30 22:00:00,CONTROL,81776.55874112676,5,1,1,0.024859166497725377
2025-03-30 13:00:00,CONTROL,82760.23769038646,7,1,-1,0.02697503087375218
2025-03-30 05:00:00,CONTROL,82898.90010435868,3,1,-1,0.023672295723255625
2025-03-30 14:00:00,CONTROL,82922.89371812847,3,-1,1,0.026984619911324666
2025-03-30 02:00:00,CONTROL,83118.96953263423,8,-1,1,0.02353749037675358
2025-03-31 13:00:00,LEVEL,82313.42,5,1,1,0.017273343607163694
2025-03-31 14:00:00,LEVEL,83529.78888888888,9,-1,1,0.016622533438085382
2025-03-31 15:00:00,LEVEL,83758.63333333335,3,-1,1,0.016464017952939055
2025-03-31 12:00:00,CONTROL,82869.27998007312,5,-1,1,0.018152188813334014
2025-03-31 12:00:00,CONTROL,82992.4016701003,9,-1,1,0.01817915813374958
2025-03-31 12:00:00,CONTROL,82729.62185515199,3,-1,1,0.018121597252100538
2025-03-31 12:00:00,CONTROL,83164.21749551111,3,-1,1,0.01821679371239496
2025-03-31 14:00:00,CONTROL,83233.39071379988,8,-1,1,0.01656354982706539
2025-04-01 08:00:00,LEVEL,83792.925,4,-1,1,0.017442664498292404
2025-04-01 08:00:00,LEVEL,84040.5,3,-1,1,0.01749420068303789
2025-04-01 15:00:00,LEVEL,84382.5125,8,-1,-1,0.01883472535137588
2025-04-01 15:00:00,LEVEL,84618.36000000002,5,-1,-1,0.01888736804659438
2025-04-01 15:00:00,LEVEL,85149.675,4,-1,1,0.019005961008614396
2025-04-01 23:00:00,LEVEL,85492.83333333333,3,-1,1,0.02086097364454584
2025-04-01 05:00:00,CONTROL,83252.61514682036,5,-1,-1,0.017673603767452476
2025-04-01 14:00:00,CONTROL,82665.41364023014,9,1,1,0.01951540207959753
2025-04-01 00:00:00,CONTROL,82692.05585336903,4,-1,-1,0.016436504840661694
2025-04-01 02:00:00,CONTROL,83029.58683872256,3,-1,-1,0.017035641422630355
2025-04-01 04:00:00,CONTROL,83151.42431118831,8,-1,-1,0.017485891385073535
2025-04-02 22:00:00,LEVEL,83529.78888888888,9,1,-1,0.012778122613056785
2025-04-02 22:00:00,LEVEL,83792.925,4,1,-1,0.01281837634213269
2025-04-02 22:00:00,LEVEL,84040.5,3,1,-1,0.012856249581703972
2025-04-02 05:00:00,LEVEL,84382.5125,8,1,1,0.02026097108941798
2025-04-02 02:00:00,LEVEL,84618.36000000002,5,1,1,0.02052691541458833
2025-04-02 01:00:00,LEVEL,85149.675,4,-1,1,0.020732815924032196
2025-04-02 13:00:00,LEVEL,85488.375,4,-1,-1,0.018126465189936332
2025-04-02 13:00:00,LEVEL,85753.59999999999,3,-1,-1,0.018182701979207395
2025-04-02 15:00:00,LEVEL,86434.31666666667,6,-1,-1,0.019400417575583292
2025-04-02 20:00:00,LEVEL,87619.07500000001,4,-1,1,0.015600992655241489
2025-04-02 22:00:00,CONTROL,82879.85670642341,6,1,-1,0.01267869804574748
2025-04-02 22:00:00,CONTROL,82711.86848246818,9,1,-1,0.012652999739169633
2025-04-02 23:00:00,CONTROL,82607.38179976938,4,1,-1,0.012723631424987822
2025-04-02 22:00:00,CONTROL,82881.36244024851,3,1,-1,0.012678928388140246
2025-04-02 22:00:00,CONTROL,83191.69898829919,8,1,-1,0.01272640269060232
2025-04-02 15:00:00,CONTROL,86151.99096400692,4,-1,-1,0.019337048803373964
2025-04-02 13:00:00,CONTROL,86061.67690272804,4,-1,-1,0.01824802484039318
2025-04-02 15:00:00,CONTROL,86702.19550526667,3,-1,-1,0.019460543709842494
2025-04-02 15:00:00,CONTROL,86998.94176363511,6,-1,-1,0.01952714921502097
2025-04-02 15:00:00,CONTROL,87068.629914131,4,-1,1,0.019542790910030885
2025-04-03 15:00:00,LEVEL,81190.91666666667,6,1,1,0.012201820959823648
2025-04-03 00:00:00,LEVEL,82298.01666666666,6,1,1,0.012160939306202672
2025-04-03 01:00:00,LEVEL,83529.78888888888,9,-1,1,0.012082782951109495
2025-04-03 01:00:00,LEVEL,83803.54000000001,5,-1,1,0.01212238170147364
2025-04-03 14:00:00,CONTROL,81795.22436723918,6,1,1,0.01193034987169955
2025-04-03 14:00:00,CONTROL,81590.93321491331,6,1,1,0.011900552717381621
2025-04-03 12:00:00,CONTROL,82567.99786230097,9,1,-1,0.011849597856242953
2025-04-03 00:00:00,CONTROL,83090.55251856212,5,-1,1,0.012278050031141855
2025-04-03 00:00:00,CONTROL,83249.611540346,3,-1,1,0.012301553721611727
2025-04-03 00:00:00,CONTROL,83278.10854915984,8,-1,1,0.01230576464197931
2025-04-04 11:00:00,LEVEL,82008.63333333335,3,1,1,0.014491238067891071
2025-04-04 11:00:00,LEVEL,82298.01666666666,6,1,1,0.014542373205812077
2025-04-04 07:00:00,LEVEL,83529.78888888888,9,-1,-1,0.017733032875643925
2025-04-04 07:00:00,LEVEL,83798.63333333333,6,-1,1,0.01779010745269223
2025-04-04 10:00:00,LEVEL,84040.5,3,1,-1,0.015533570537405833
2025-04-04 08:00:00,LEVEL,84382.5125,8,-1,1,0.01757477008389573
2025-04-04 08:00:00,LEVEL,84618.36000000002,5,-1,1,0.01762389122836701
2025-04-04 05:00:00,CONTROL,83162.4256629003,3,-1,-1,0.01799638625595306
2025-04-04 02:00:00,CONTROL,83027.72898871507,9,-1,-1,0.01797307190642293
2025-04-04 01:00:00,CONTROL,83214.1117188387,6,-1,-1,0.017865611812241843
2025-04-04 01:00:00,CONTROL,82813.0260127051,3,1,1,0.017779500918533902
2025-04-04 02:00:00,CONTROL,83121.31899028282,8,-1,-1,0.01799333140103259
2025-04-05 00:00:00,LEVEL,83514.41,10,1,0,0.012939695156198567
2025-04-05 04:00:00,LEVEL,83798.63333333333,6,-1,1,0.013322318659135
2025-04-05 01:00:00,LEVEL,84040.5,3,-1,1,0.01320159049629376
2025-04-05 13:00:00,CONTROL,83062.29096479536,6,1,-1,0.018561146568298294
2025-04-05 13:00:00,CONTROL,82765.52745901777,10,1,1,0.01849483162727175
2025-04-05 13:00:00,CONTROL,82573.27077389983,6,1,1,0.018451869839560864
2025-04-05 13:00:00,CONTROL,82855.95874880104,3,1,1,0.018515039454488305
2025-04-05 12:00:00,CONTROL,83121.75229480986,8,1,0,0.017889591841986473
2025-04-06 17:00:00,LEVEL,81188.24285714285,7,1,-1,0.026851571199716512
2025-04-06 16:00:00,LEVEL,82008.63333333335,3,1,-1,0.030794497314761547
2025-04-06 13:00:00,LEVEL,82303.12857142856,7,1,-1,0.033033151228357385
2025-04-06 17:00:00,CONTROL,81741.63360742207,7,1,-1,0.02703459537427013
2025-04-06 06:00:00,CONTROL,83102.71599007116,3,1,-1,0.032388854657843885
2025-04-06 17:00:00,CONTROL,81555.07027676025,7,1,-1,0.026972892861933006
2025-04-06 10:00:00,CONTROL,82673.64191474498,8,1,-1,0.03226131092717223
2025-04-06 06:00:00,CONTROL,83115.41595615406,7,1,-1,0.03239380440407923
2025-04-06 06:00:00,CONTROL,83121.7122893009,8,1,-1,0.03239625836742737
2025-04-07 14:00:00,LEVEL,81188.24285714285,7,-1,1,0.007729430090439377
2025-04-08 01:00:00,CONTROL,80063.06578760342,8,-1,1,0.007470420624289814
2025-04-09 17:00:00,LEVEL,81189.7125,8,-1,-1,0.009538265096334599
2025-04-09 17:00:00,LEVEL,82008.63333333335,3,-1,1,0.009634472901002519
2025-04-09 19:00:00,LEVEL,82303.12857142856,7,-1,1,0.009608081755647188
2025-04-09 21:00:00,LEVEL,83425.0875,8,-1,1,0.009450858138151762
2025-04-09 17:00:00,CONTROL,80635.05317292154,8,-1,-1,0.009473103051330081
2025-04-09 17:00:00,CONTROL,80942.65724283447,3,-1,-1,0.009509240747513461
2025-04-09 17:00:00,CONTROL,81575.20391934164,7,-1,-1,0.009583553092027932
2025-04-09 18:00:00,CONTROL,82740.08134160376,8,-1,1,0.009586696512570738
2025-04-09 20:00:00,CONTROL,83156.15825363633,8,-1,1,0.00948536935989323
2025-04-09 20:00:00,CONTROL,83096.20641859886,7,-1,1,0.009478530836913378
2025-04-09 20:00:00,CONTROL,83148.79663321174,8,-1,1,0.009484529642303082
2025-04-10 13:00:00,LEVEL,81189.7125,8,1,-1,0.011585083385356312
2025-04-10 04:00:00,LEVEL,82008.63333333335,3,-1,1,0.010931705969177297
2025-04-10 00:00:00,LEVEL,82303.12857142856,7,1,-1,0.009492863733728804
2025-04-10 15:00:00,CONTROL,80581.04236388851,8,1,-1,0.010730546955707928
2025-04-10 03:00:00,CONTROL,81479.86960793078,7,1,-1,0.010234436819529482
2025-04-11 06:00:00,LEVEL,81195.42222222223,9,-1,-1,0.013330119185244488
2025-04-11 09:00:00,LEVEL,82008.63333333335,3,-1,-1,0.013052074816060067
2025-04-11 09:00:00,LEVEL,82303.12857142856,7,-1,-1,0.013098945172562276
2025-04-11 13:00:00,LEVEL,82541.26666666666,3,-1,-1,0.012787678324747935
2025-04-11 17:00:00,LEVEL,83425.0875,8,-1,-1,0.013766232132175496
2025-04-11 17:00:00,LEVEL,83657.8,9,-1,-1,0.01380463274272396
2025-04-11 17:00:00,LEVEL,83938.91428571427,7,-1,-1,0.013851020281877733
2025-04-11 01:00:00,CONTROL,80001.17329855663,9,-1,-1,0.01331445869485796
2025-04-11 13:00:00,CONTROL,83151.00040092113,3,-1,1,0.01288214112102269
2025-04-11 08:00:00,CONTROL,81654.23706806867,7,-1,-1,0.013157967923468392
2025-04-11 08:00:00,CONTROL,81740.43678028497,3,-1,-1,0.013171858360622422
2025-04-11 13:00:00,CONTROL,83096.60301036594,9,-1,1,0.012873713623357375
2025-04-11 13:00:00,CONTROL,82947.04961312826,7,-1,1,0.012850544112959965
2025-04-11 13:00:00,CONTROL,83153.98103940173,8,-1,1,0.012882602895449367
2025-04-12 04:00:00,LEVEL,83425.0875,8,-1,-1,0.015154334954955962
2025-04-12 06:00:00,LEVEL,83657.8,9,-1,-1,0.015357980609259329
2025-04-12 08:00:00,LEVEL,83938.91428571427,7,-1,-1,0.016219590333280107
2025-04-12 13:00:00,LEVEL,84382.5125,8,-1,-1,0.01896569201053552
2025-04-12 13:00:00,LEVEL,84622.57142857143,7,-1,-1,0.0190196473096701
2025-04-12 14:00:00,LEVEL,85149.675,4,-1,-1,0.01988244445255204
2025-04-12 20:00:00,LEVEL,85509.8,5,-1,1,0.021680124868278177
2025-04-12 20:00:00,LEVEL,85753.59999999999,3,-1,1,0.02174193783524671
2025-04-12 02:00:00,CONTROL,82793.43231104723,3,1,1,0.01497955997418122
2025-04-12 02:00:00,CONTROL,82969.98223859715,9,1,1,0.015011502607242206
2025-04-12 01:00:00,CONTROL,83114.31470072668,7,1,1,0.014889284888922025
2025-04-13 19:00:00,LEVEL,83248.73333333334,3,1,1,0.01761155787089074
2025-04-13 13:00:00,LEVEL,83518.0909090909,11,1,1,0.018799134168683652
2025-04-13 13:00:00,LEVEL,83806.07500000001,8,1,1,0.018863956670066497
2025-04-13 13:00:00,LEVEL,84040.5,3,1,1,0.018916723525480975
2025-04-13 05:00:00,LEVEL,84373.34444444445,9,1,-1,0.019535812902733082
2025-04-13 04:00:00,LEVEL,84622.57142857143,7,1,-1,0.019736035958182064
2025-04-13 01:00:00,LEVEL,85149.675,4,1,-1,0.020920332294273904
2025-04-13 00:00:00,LEVEL,85509.8,5,-1,1,0.02219232441200322
2025-04-13 01:00:00,LEVEL,85753.59999999999,3,-1,1,0.021068709979577098
2025-04-13 02:00:00,CONTROL,84887.36261863961,9,1,-1,0.020553063245159216
2025-04-13 01:00:00,CONTROL,86073.30474282107,4,-1,1,0.02114725789483188
2025-04-14 15:00:00,LEVEL,83806.07500000001,8,1,1,0.012776046649008138
2025-04-14 00:00:00,LEVEL,84040.5,3,-1,-1,0.015292776962707718
2025-04-14 00:00:00,LEVEL,84373.34444444445,9,-1,-1,0.015353344377848816
2025-04-14 00:00:00,LEVEL,84622.57142857143,7,-1,-1,0.015398695996191666
2025-04-14 00:00:00,LEVEL,84936.625,4,-1,1,0.015455844052452622
2025-04-14 00:00:00,LEVEL,85149.675,4,-1,1,0.015494612576341757
2025-04-14 02:00:00,LEVEL,85509.8,5,-1,1,0.015175185647339393
2025-04-14 14:00:00,LEVEL,85753.59999999999,3,-1,1,0.01397043727058441
2025-04-15 22:00:00,LEVEL,83790.83333333333,9,1,1,0.022196063498370697
2025-04-15 00:00:00,LEVEL,84373.34444444445,9,1,1,0.01592222150144909
2025-04-15 01:00:00,LEVEL,84622.57142857143,7,1,1,0.015973492477344406
2025-04-15 14:00:00,LEVEL,84936.625,4,1,-1,0.019922537327655154
2025-04-15 02:00:00,LEVEL,85149.675,4,-1,-1,0.01699064413543682
2025-04-15 10:00:00,LEVEL,85513.96666666666,6,1,1,0.018917711257057324
2025-04-15 05:00:00,LEVEL,85753.95,4,-1,1,0.018120939815365153
2025-04-15 13:00:00,LEVEL,86126.8,3,-1,1,0.019673759351264978
2025-04-15 13:00:00,LEVEL,86434.31666666667,6,-1,1,0.019744004720842194
2025-04-16 00:00:00,LEVEL,83248.73333333334,3,1,1,0.022366854459305637
2025-04-16 01:00:00,LEVEL,83518.0909090909,11,-1,-1,0.022544466828269962
2025-04-16 02:00:00,LEVEL,83790.83333333333,9,-1,-1,0.02315023628211115
2025-04-16 08:00:00,LEVEL,84040.5,3,-1,-1,0.021276917599588663
2025-04-16 14:00:00,LEVEL,84366.31,10,-1,-1,0.021835343901650005
2025-04-16 14:00:00,LEVEL,84622.57142857143,7,-1,-1,0.021901668438323297
2025-04-16 15:00:00,LEVEL,84936.625,4,-1,1,0.0219895309984386
2025-04-16 15:00:00,LEVEL,85149.675,4,-1,1,0.022044688235722483
2025-04-17 03:00:00,LEVEL,83938.91428571427,7,1,1,0.017768139980570873
2025-04-17 01:00:00,LEVEL,84366.31,10,-1,-1,0.01804663141640543
2025-04-17 06:00:00,LEVEL,84622.57142857143,7,-1,0,0.018188379291749733
2025-04-17 07:00:00,LEVEL,84936.625,4,-1,1,0.018212698093610733
2025-04-17 17:00:00,LEVEL,85149.675,4,-1,1,0.02387987800602954
2025-04-18 07:00:00,LEVEL,84366.31,10,1,1,0.029706120311176136
2025-04-18 01:00:00,LEVEL,84957.98000000001,5,-1,1,0.026467948790342175
2025-04-19 16:00:00,LEVEL,84622.57142857143,7,1,1,0.045020986328959976
2025-04-19 16:00:00,LEVEL,84957.98000000001,5,1,-1,0.04519943073751411
2025-04-19 04:00:00,LEVEL,85139.74,5,-1,-1,0.052516898878137
2025-04-20 10:00:00,LEVEL,83938.91428571427,7,1,1,0.0446046141108764
2025-04-20 12:00:00,LEVEL,84351.06153846154,13,-1,-1,0.041864815342858096
2025-04-20 14:00:00,LEVEL,84621.4375,8,-1,-1,0.04011801831165375
2025-04-20 20:00:00,LEVEL,84957.98000000001,5,-1,-1,0.04329827453853386
2025-04-20 20:00:00,LEVEL,85139.74,5,-1,1,0.043390907324531415
2025-04-21 00:00:00,LEVEL,85513.20000000001,9,-1,-1,0.031720016692168646
2025-04-21 00:00:00,LEVEL,85753.95,4,-1,-1,0.031809319794129966
2025-04-21 00:00:00,LEVEL,86126.8,3,-1,-1,0.03194762368433259
2025-04-21 00:00:00,LEVEL,86435.55714285714,7,-1,-1,0.03206215315727074
2025-04-21 02:00:00,LEVEL,87619.07500000001,4,-1,1,0.029049310498451105
2025-04-21 00:00:00,CONTROL,86913.70450632396,4,-1,-1,0.03223951574398816
2025-04-21 00:00:00,CONTROL,86816.12898606407,3,-1,-1,0.0322033213654432
2025-04-21 01:00:00,CONTROL,87284.47251532633,7,-1,1,0.030184940729150102
2025-04-21 00:00:00,CONTROL,86704.22191613793,4,-1,-1,0.032161810883716065
2025-04-22 01:00:00,LEVEL,88422.1,4,-1,-1,0.019084893328566836
2025-04-22 15:00:00,LEVEL,90988.75,4,-1,-1,0.0185288371589846
2025-04-22 00:00:00,CONTROL,87047.58355560098,3,1,1,0.01952587779009393
2025-04-22 00:00:00,CONTROL,87061.52326863518,8,1,1,0.01952900464464884
2025-04-22 12:00:00,CONTROL,89188.32665710035,4,-1,-1,0.019082053762400613
2025-04-22 21:00:00,CONTROL,92219.10441534182,4,-1,-1,0.016524037545934754
2025-04-22 21:00:00,CONTROL,93789.19241792342,4,-1,1,0.01680536963292002
2025-04-22 21:00:00,CONTROL,93812.7930951273,8,-1,1,0.01680959845815855
2025-04-23 13:00:00,LEVEL,94773.70000000001,4,-1,1,0.014881417110331474
2025-04-23 15:00:00,CONTROL,92128.5542527341,4,1,1,0.014261386107234392
2025-04-23 00:00:00,CONTROL,93693.4753327809,4,-1,-1,0.015630232565160013
2025-04-23 08:00:00,CONTROL,94314.17561143795,8,-1,1,0.015416087098660268
2025-04-23 08:00:00,CONTROL,94415.86633492388,5,-1,1,0.01543270891653888
2025-04-23 13:00:00,CONTROL,94457.4774447661,3,-1,1,0.014831763675421467
2025-04-24 00:00:00,CONTROL,93353.90481176412,3,1,-1,0.01804288844448477
2025-04-24 00:00:00,CONTROL,93414.56016094338,5,1,-1,0.018054611550240327
2025-04-24 23:00:00,CONTROL,93738.75626752968,8,-1,1,0.024550791044114485
2025-04-25 01:00:00,LEVEL,94085.8,3,-1,1,0.024056519619985162
2025-04-25 12:00:00,LEVEL,94799.82,5,-1,1,0.02304865055425969
2025-04-25 14:00:00,LEVEL,95067.8,8,-1,1,0.021497760598115995
2025-04-25 14:00:00,LEVEL,95552.98000000001,5,-1,1,0.02160747475461267
2025-04-25 02:00:00,CONTROL,93420.98388246923,3,1,1,0.023159296609460717
2025-04-25 07:00:00,CONTROL,93773.91269335669,5,-1,-1,0.02370853215390353
2025-04-25 11:00:00,CONTROL,94481.25751410371,8,-1,-1,0.02370476259527154
2025-04-25 11:00:00,CONTROL,94435.6407651875,5,-1,-1,0.02369331763537285
2025-04-25 01:00:00,CONTROL,94375.36704226238,3,-1,1,0.024130558159631808
2025-04-26 16:00:00,LEVEL,94085.8,3,1,1,0.030641226159701957
2025-04-26 22:00:00,CONTROL,94631.97624215954,4,-1,-1,0.03972638618532936
2025-04-26 22:00:00,CONTROL,94529.35544113649,7,-1,-1,0.039683306100415386
2025-04-27 01:00:00,LEVEL,94085.8,3,1,-1,0.035581280136144505
2025-04-27 00:00:00,LEVEL,94799.82,5,-1,-1,0.039768152906321304
2025-04-27 01:00:00,LEVEL,95067.8,8,-1,1,0.03595265198071291
2025-04-27 05:00:00,CONTROL,93645.3202628069,5,1,1,0.03510355701813168
2025-04-27 05:00:00,CONTROL,93767.35073504594,8,1,1,0.03514930093387857
2025-04-27 01:00:00,CONTROL,94507.3744021922,5,1,-1,0.03574071075056909
2025-04-27 01:00:00,CONTROL,94490.4648871987,4,1,-1,0.03573431592595209
2025-04-28 00:00:00,LEVEL,93485.20000000001,3,1,-1,0.033910227955429244
2025-04-28 04:00:00,LEVEL,94085.8,3,-1,-1,0.033600946396884136
2025-04-28 13:00:00,LEVEL,94799.82,5,1,-1,0.026242164705882424
2025-04-28 10:00:00,LEVEL,95067.8,8,-1,1,0.03093270427461675
2025-04-28 11:00:00,LEVEL,95399.43333333333,3,-1,1,0.030030808781335648
2025-04-28 01:00:00,CONTROL,92819.2784548215,3,1,1,0.03541115561356139
2025-04-28 01:00:00,CONTROL,92818.87139397065,3,1,1,0.03541100031721161
2025-04-28 03:00:00,CONTROL,93781.62131320836,8,-1,-1,0.033621015931242185
2025-04-28 06:00:00,CONTROL,94395.49190451238,3,-1,-1,0.033442819004510536
2025-04-28 06:00:00,CONTROL,94456.55313304494,6,-1,-1,0.03346445202503734
2025-04-29 22:00:00,LEVEL,94085.8,3,1,1,0.02618905029488002
2025-04-29 06:00:00,LEVEL,94429.13333333335,3,-1,-1,0.02191868814724011
2025-04-29 01:00:00,LEVEL,94799.82,5,1,-1,0.02161249218098789
2025-04-29 11:00:00,LEVEL,95067.8,8,-1,1,0.023036791688437575
2025-04-29 01:00:00,LEVEL,95399.43333333333,3,-1,1,0.021749192213522575
2025-04-29 23:00:00,CONTROL,93792.08221076122,8,1,1,0.025695800884774835
2025-04-30 13:00:00,LEVEL,93455.7,4,1,1,0.023817006331382097
2025-04-30 13:00:00,LEVEL,94102.875,4,1,-1,0.023981937641858745
2025-04-30 00:00:00,LEVEL,94438.475,4,-1,-1,0.025670694766528137
2025-04-30 03:00:00,LEVEL,94799.82,5,-1,1,0.02640364721958685
2025-04-30 03:00:00,LEVEL,95067.8,8,-1,1,0.026478285013012037
2025-04-30 13:00:00,CONTROL,93043.86695230014,4,1,1,0.02371205146715723
2025-04-30 13:00:00,CONTROL,93127.88046908601,4,1,1,0.023733462151162708
2025-04-30 13:00:00,CONTROL,93746.40971710725,8,1,-1,0.023891093146556963
2025-05-01 02:00:00,LEVEL,94799.82,5,-1,-1,0.023629804019317656
2025-05-01 05:00:00,LEVEL,95087.87999999999,10,-1,-1,0.02422351139204227
2025-05-01 09:00:00,LEVEL,95408.08,5,-1,-1,0.023567916135954853
2025-05-01 09:00:00,LEVEL,95664.21428571429,7,-1,-1,0.023631186996926554
2025-05-01 10:00:00,LEVEL,96077.92,5,-1,-1,0.02252310144757661
2025-05-01 12:00:00,LEVEL,96374.82857142857,7,-1,-1,0.023208869011782922
2025-05-01 14:00:00,LEVEL,96758.53333333333,6,-1,-1,0.025403858376681274
2025-05-01 15:00:00,LEVEL,97169.04285714285,7,-1,1,0.02503509904372371
2025-05-02 07:00:00,LEVEL,96374.82857142857,7,1,1,0.02434841438395181
2025-05-02 00:00:00,LEVEL,96758.53333333333,6,-1,-1,0.02521928964330125
2025-05-02 03:00:00,LEVEL,97169.04285714285,7,-1,1,0.02522970182263299
2025-05-02 14:00:00,LEVEL,97343.16666666667,3,-1,1,0.026775269759952355
2025-05-02 14:00:00,LEVEL,97833.44,5,-1,1,0.026910124636834083
2025-05-03 06:00:00,LEVEL,96085.33333333333,6,1,0,0.031107531885905555
2025-05-04 23:00:00,LEVEL,94438.475,4,1,-1,0.035823459263386086
2025-05-04 22:00:00,LEVEL,94799.82,5,1,-1,0.037898136571471244
2025-05-04 22:00:00,LEVEL,95087.87999999999,10,1,-1,0.03801329435574528
2025-05-04 08:00:00,LEVEL,95408.08,5,1,-1,0.041726691449813946
2025-05-04 01:00:00,LEVEL,96085.33333333333,6,-1,1,0.046746190295198074
2025-05-05 02:00:00,LEVEL,93455.7,4,1,1,0.03132779250164987
2025-05-05 01:00:00,LEVEL,93725.90000000001,3,1,1,0.032755545847712994
2025-05-05 01:00:00,LEVEL,94100.16666666667,3,1,-1,0.03288634543415891
2025-05-05 00:00:00,LEVEL,94438.475,4,-1,1,0.03455211003510043
2025-05-05 18:00:00,LEVEL,94799.82,5,-1,1,0.02495121968070671
2025-05-05 22:00:00,LEVEL,95095.56363636363,11,-1,1,0.02369226365696025
2025-05-06 13:00:00,LEVEL,93471.25,6,1,1,0.028147367430480442
2025-05-06 08:00:00,LEVEL,94100.16666666667,3,1,-1,0.027678300380845577
2025-05-06 00:00:00,LEVEL,94438.475,4,1,-1,0.024843649397412057
2025-05-06 01:00:00,LEVEL,94796.26666666666,6,-1,1,0.025804118250849186
2025-05-06 22:00:00,LEVEL,95095.56363636363,11,-1,-1,0.025691088379403954
2025-05-06 22:00:00,LEVEL,95424.85000000002,6,-1,-1,0.02578004862893425
2025-05-06 22:00:00,LEVEL,95696.7,10,-1,-1,0.02585349182763747
2025-05-06 22:00:00,LEVEL,96085.33333333333,6,-1,-1,0.025958485298752786
2025-05-06 23:00:00,LEVEL,96758.53333333333,6,-1,-1,0.025268891373480363
2025-05-07 18:00:00,LEVEL,96082.4,5,1,1,0.02470063948070301
2025-05-07 03:00:00,LEVEL,96376.28,10,1,1,0.023419301379017095
2025-05-07 02:00:00,LEVEL,96758.53333333333,6,1,-1,0.023832517947218034
2025-05-07 00:00:00,LEVEL,97177.04285714286,7,-1,1,0.024586999679216435
2025-05-07 00:00:00,LEVEL,97343.16666666667,3,-1,1,0.024629031067817924
2025-05-08 00:00:00,LEVEL,97369.075,4,-1,-1,0.025556187664041906
2025-05-08 01:00:00,LEVEL,98158.8,3,-1,-1,0.02524579328082293
2025-05-08 02:00:00,CONTROL,98546.62025147324,7,-1,-1,0.024918349213745514
2025-05-08 02:00:00,CONTROL,98536.88415790308,4,-1,-1,0.024915887359864174
2025-05-08 07:00:00,CONTROL,99224.73016713909,6,-1,-1,0.02410305134094801
2025-05-08 03:00:00,CONTROL,98872.99507381838,3,-1,-1,0.02452017175598821
2025-05-11 00:00:00,LEVEL,104254.43333333333,3,1,-1,0.03079468192797034
2025-05-12 01:00:00,LEVEL,104254.43333333333,3,1,1,0.02356614888331631
2025-05-12 01:00:00,LEVEL,104891.2,3,-1,1,0.02371008653268821
2025-05-12 14:00:00,CONTROL,102895.13098235654,3,1,-1,0.019571579159248943
2025-05-12 14:00:00,CONTROL,103332.99828100632,3,1,-1,0.019654865456811853
2025-05-13 09:00:00,LEVEL,103383.89999999998,3,-1,-1,0.01795931165517617
2025-05-13 16:00:00,LEVEL,104254.43333333333,3,-1,1,0.020076800526371737
2025-05-13 19:00:00,LEVEL,104891.2,3,-1,1,0.02195611026073761
2025-05-13 02:00:00,CONTROL,101962.02875322083,3,1,1,0.017591887249775277
2025-05-13 09:00:00,CONTROL,102955.15965562011,3,-1,-1,0.017884833119699507
2025-05-14 08:00:00,LEVEL,103243.40000000001,3,1,1,0.026740933078641466
2025-05-14 13:00:00,LEVEL,104254.43333333333,3,-1,1,0.02672013028446325
2025-05-15 05:00:00,LEVEL,102367.96666666667,3,1,-1,0.026729673390343125
2025-05-15 15:00:00,LEVEL,102818.33333333333,3,-1,-1,0.02311888098784872
2025-05-15 01:00:00,LEVEL,103243.40000000001,3,1,-1,0.027584213206869733
2025-05-15 22:00:00,CONTROL,103897.07784291111,3,-1,0,0.020004491576151084
2025-05-15 09:00:00,CONTROL,101550.36699374722,3,1,1,0.025332375087114122
2025-05-15 07:00:00,CONTROL,101761.90583909584,3,1,1,0.025424586093465543
2025-05-16 08:00:00,LEVEL,103243.40000000001,3,1,1,0.020133513717747156
2025-05-16 02:00:00,LEVEL,104290.025,4,-1,1,0.019493007172729615
2025-05-17 01:00:00,LEVEL,102818.33333333333,3,1,1,0.029408964011071653
2025-05-17 02:00:00,LEVEL,103218.5,5,-1,0,0.029368804794337833
2025-05-18 00:00:00,LEVEL,103362.92499999999,4,-1,-1,0.03653852679952298
2025-05-18 07:00:00,LEVEL,103723.3,3,-1,-1,0.04030486090029284
2025-05-18 13:00:00,LEVEL,104249.01999999999,5,-1,-1,0.04262946316529311
2025-05-18 17:00:00,LEVEL,104905.70000000001,4,1,-1,0.033319263141178404
2025-05-18 14:00:00,CONTROL,105245.27432810087,3,-1,-1,0.0402640808485873
2025-05-18 16:00:00,CONTROL,105761.4166600937,5,-1,1,0.036113379214885596
2025-05-18 23:00:00,CONTROL,106429.16392434444,4,-1,1,0.023113535613506923
2025-05-19 06:00:00,LEVEL,102411.375,4,1,1,0.01638287108320502
2025-05-19 05:00:00,LEVEL,102739.375,4,1,1,0.01708434448676709
2025-05-19 04:00:00,LEVEL,103027.73333333332,3,1,1,0.01734619636894238
2025-05-19 13:00:00,LEVEL,103382.06000000001,5,-1,-1,0.014998938720734104
2025-05-19 03:00:00,LEVEL,103723.3,3,1,-1,0.01827501954609022
2025-05-19 03:00:00,LEVEL,104249.01999999999,5,1,-1,0.01836764621026086
2025-05-19 01:00:00,LEVEL,104905.70000000001,4,1,-1,0.019969081964677653
2025-05-19 02:00:00,CONTROL,104573.25121764124,3,1,-1,0.019328281536426066
2025-05-19 00:00:00,CONTROL,105627.07119597921,5,1,-1,0.02062210596547593
2025-05-19 00:00:00,CONTROL,105745.39755357787,4,1,-1,0.02064520741718977
2025-05-20 13:00:00,LEVEL,104249.01999999999,5,1,1,0.020554208784911977
2025-05-20 07:00:00,LEVEL,104905.70000000001,4,1,1,0.01982942236241306
2025-05-20 11:00:00,CONTROL,105237.26120789682,3,-1,1,0.019795393596594713
2025-05-20 06:00:00,CONTROL,105407.65483899935,5,1,-1,0.019537574169087687
2025-05-20 00:00:00,CONTROL,106165.2600647256,4,-1,1,0.019072924147468397
2025-05-21 00:00:00,CONTROL,106441.85027727672,4,1,1,0.017950573166269766
2025-05-23 12:00:00,CONTROL,107490.39094212413,4,1,1,0.020766199446676084
2025-05-24 00:00:00,CONTROL,107579.40152637276,4,-1,-1,0.017795967064767396
2025-05-25 08:00:00,LEVEL,107218.93333333333,3,1,1,0.027925006036435624
2025-05-25 15:00:00,CONTROL,106878.14449322324,4,1,1,0.027360586105576293
2025-05-25 22:00:00,CONTROL,108526.82509622841,3,-1,-1,0.023916769300712834
2025-05-26 00:00:00,CONTROL,108650.49096276911,4,1,1,0.02407617053513707
2025-05-27 13:00:00,LEVEL,110278.8,3,-1,1,0.02233056552195455
2025-05-27 01:00:00,CONTROL,107526.72045959716,4,1,1,0.024714702705063905
2025-05-27 01:00:00,CONTROL,108415.69305694559,4,1,1,0.02491903046064416
2025-05-27 03:00:00,CONTROL,109209.07602530521,3,-1,-1,0.023758858065196616
2025-05-28 15:00:00,LEVEL,107199.7,4,1,1,0.02703393752167198
2025-05-28 00:00:00,LEVEL,108645.46666666667,3,1,-1,0.021215803487702682
2025-05-28 14:00:00,CONTROL,107563.73598205241,4,1,-1,0.025900639241994965
2025-05-28 13:00:00,CONTROL,107893.74815280421,4,1,-1,0.02453908329108967
2025-05-28 14:00:00,CONTROL,107635.48022284894,3,1,-1,0.02591791478269273
2025-05-29 18:00:00,LEVEL,105996.49999999999,4,1,-1,0.021871154528161973
2025-05-29 14:00:00,LEVEL,106667.975,4,1,1,0.023685572332630186
2025-05-29 04:00:00,LEVEL,107199.7,4,1,1,0.025136405536707474
2025-05-29 08:00:00,LEVEL,108489.53333333333,3,-1,1,0.024797784746081578
2025-05-29 23:00:00,CONTROL,105444.860366986,6,1,-1,0.02184649944153234
2025-05-29 23:00:00,CONTROL,105396.08474125076,4,1,-1,0.021836393906974498
2025-05-29 00:00:00,CONTROL,108083.6943020578,4,-1,1,0.02678301507442368
2025-05-29 04:00:00,CONTROL,107657.0930380985,3,1,1,0.02524365599445419
2025-05-30 16:00:00,LEVEL,103723.3,3,1,1,0.019040750811734845
2025-05-30 16:00:00,LEVEL,104226.71666666667,6,1,-1,0.019133164293608965
2025-05-30 00:00:00,LEVEL,104905.70000000001,4,1,1,0.020706008906652865
2025-05-30 00:00:00,LEVEL,105996.49999999999,4,-1,1,0.020921308118377075
2025-05-30 00:00:00,CONTROL,104563.12786387902,6,1,1,0.020638392926761475
2025-05-30 00:00:00,CONTROL,104545.76834633613,3,1,1,0.02063496655121793
2025-05-30 01:00:00,CONTROL,105430.6943568028,6,-1,1,0.020243624523234215
2025-05-30 01:00:00,CONTROL,105651.23649976529,4,-1,1,0.020285970562600824
2025-05-30 00:00:00,CONTROL,105238.76042945137,4,1,1,0.020771747491102267
2025-05-30 01:00:00,CONTROL,105521.0525142392,3,-1,1,0.02026097408754196
2025-05-31 01:00:00,LEVEL,103354.58333333333,6,1,1,0.02049428157732213
2025-05-31 00:00:00,LEVEL,103705.025,4,1,1,0.020482540936556815
2025-05-31 00:00:00,LEVEL,104226.71666666667,6,-1,1,0.020585579057600233
2025-05-31 14:00:00,LEVEL,104513.325,4,-1,0,0.024946305150486812
2025-06-01 09:00:00,LEVEL,103705.025,4,1,1,0.03840037954177261
2025-06-01 06:00:00,LEVEL,104226.71666666667,6,1,1,0.03984915747677132
2025-06-01 14:00:00,LEVEL,104513.325,4,-1,-1,0.03782859857482167
2025-06-01 16:00:00,LEVEL,104884.56000000001,5,-1,1,0.03721661421775704
2025-06-01 21:00:00,CONTROL,105303.47417003669,5,-1,1,0.033856916379723885
2025-06-02 13:00:00,LEVEL,103730.84999999999,6,1,1,0.02868786849542383
2025-06-02 10:00:00,LEVEL,104226.71666666667,6,1,1,0.030562218760499714
2025-06-02 09:00:00,LEVEL,104513.325,4,1,-1,0.03110168507979021
2025-06-02 09:00:00,LEVEL,104880.34999999999,6,1,-1,0.031210906520849617
2025-06-02 22:00:00,CONTROL,105257.43550482091,6,-1,-1,0.02585046421755124
2025-06-02 22:00:00,CONTROL,105520.28705910833,6,-1,-1,0.02591501865654214
2025-06-02 01:00:00,CONTROL,105598.87641160075,4,-1,1,0.034467900662714594
2025-06-02 22:00:00,CONTROL,105295.37150539565,5,-1,-1,0.025859781024679507
2025-06-03 08:00:00,LEVEL,104880.34999999999,6,1,1,0.025275038031117726
2025-06-03 02:00:00,LEVEL,105951.24285714286,7,1,-1,0.024306318618293913
2025-06-03 15:00:00,LEVEL,106755.23999999999,5,-1,1,0.028570202473843943
2025-06-03 04:00:00,CONTROL,105204.25220920134,7,1,1,0.0241571187621588
2025-06-03 02:00:00,CONTROL,105533.92997795841,6,1,1,0.024210582697398193
2025-06-03 02:00:00,CONTROL,105521.24755403689,5,1,1,0.0242076732172602
2025-06-03 14:00:00,CONTROL,106373.92695283866,6,-1,1,0.02804595547940473
2025-06-03 03:00:00,CONTROL,105315.0601354994,7,1,1,0.02436456252818477
2025-06-03 04:00:00,CONTROL,105222.85398905624,5,1,1,0.024161390123778752
2025-06-04 14:00:00,LEVEL,104226.71666666667,6,1,1,0.029124794206340805
2025-06-04 20:00:00,LEVEL,104514.66,5,1,1,0.03171826598256874
2025-06-04 21:00:00,LEVEL,104872.07142857143,7,-1,-1,0.03207924718452086
2025-06-04 11:00:00,CONTROL,105210.9569785524,6,1,-1,0.027946100979586032
2025-06-04 11:00:00,CONTROL,105432.0634568892,5,1,-1,0.02800483121214252
2025-06-04 11:00:00,CONTROL,105211.02496179473,7,1,-1,0.02794611903727327
2025-06-04 08:00:00,CONTROL,105490.52141015971,3,-1,1,0.030706854949151725
2025-06-04 08:00:00,CONTROL,105525.77073620916,6,-1,1,0.030717115548185524
2025-06-05 19:00:00,LEVEL,102173.9,4,1,-1,0.02311234519029582
2025-06-05 18:00:00,LEVEL,102636.72,5,1,-1,0.02551902473135833
2025-06-05 18:00:00,LEVEL,102993.35999999999,5,1,-1,0.025607697722663886
2025-06-05 16:00:00,LEVEL,103339.62857142858,7,1,-1,0.026378763046607162
2025-06-05 16:00:00,LEVEL,103712.24285714285,7,1,-1,0.026473877612882616
2025-06-05 14:00:00,LEVEL,104210.28571428571,7,1,-1,0.0286666077200429
2025-06-05 10:00:00,LEVEL,104514.66,5,1,1,0.0328024198199259
2025-06-05 00:00:00,LEVEL,104897.0625,8,-1,-1,0.03395138973176356
2025-06-05 20:00:00,CONTROL,101239.84804949061,4,1,1,0.02098235192735563
2025-06-05 19:00:00,CONTROL,101765.44431903004,5,1,-1,0.023019950080649276
2025-06-05 19:00:00,CONTROL,101710.59478550419,5,1,-1,0.0230075427892336
2025-06-05 12:00:00,CONTROL,105280.59822708483,7,-1,1,0.03240275404211442
2025-06-05 12:00:00,CONTROL,105490.49576069179,5,-1,1,0.032467355291252865
2025-06-05 12:00:00,CONTROL,105589.85849626276,8,-1,1,0.03249793667410855
2025-06-05 12:00:00,CONTROL,105291.54010711508,8,-1,1,0.032406121681103454
2025-06-05 12:00:00,CONTROL,105527.64077216068,3,-1,1,0.032478787603481205
2025-06-06 02:00:00,LEVEL,102173.9,4,-1,-1,0.019087890711658638
2025-06-06 07:00:00,LEVEL,103339.62857142858,7,-1,-1,0.018855015932386785
2025-06-06 09:00:00,LEVEL,103712.24285714285,7,-1,-1,0.018715870697468374
2025-06-06 12:00:00,LEVEL,104238.13333333333,9,-1,-1,0.019108184725842362
2025-06-06 14:00:00,LEVEL,104514.66,5,-1,-1,0.020353514322750288
2025-06-06 00:00:00,CONTROL,101032.29531648754,4,1,1,0.018856894682023485
2025-06-06 02:00:00,CONTROL,101561.52728500831,5,1,1,0.018973488663204356
2025-06-06 00:00:00,CONTROL,101842.90496518259,7,-1,-1,0.019008188688814008
2025-06-06 15:00:00,CONTROL,105230.64623671409,7,-1,1,0.020280172482880058
2025-06-06 15:00:00,CONTROL,105277.77830363472,9,-1,1,0.02028925582961229
2025-06-07 07:00:00,LEVEL,104897.0625,8,1,1,0.029903306845312304
2025-06-07 06:00:00,LEVEL,105233.0,3,-1,0,0.030199232342074105
2025-06-07 12:00:00,CONTROL,105574.11751021982,5,-1,0,0.03140305221486162
2025-06-07 12:00:00,CONTROL,105623.1842420215,8,-1,1,0.0314176471286257
2025-06-08 13:00:00,LEVEL,105944.91111111111,9,-1,1,0.04784213419634422
2025-06-08 21:00:00,LEVEL,106411.26666666666,3,-1,1,0.04823105244023914
2025-06-08 11:00:00,CONTROL,105581.65566829075,9,-1,-1,0.04675504388731678
2025-06-08 11:00:00,CONTROL,105603.50749990194,6,-1,-1,0.04676472059999506
2025-06-09 03:00:00,LEVEL,105267.8,5,1,1,0.043195650389823426
2025-06-09 09:00:00,LEVEL,106411.26666666666,3,-1,-1,0.037047245613653246
2025-06-09 09:00:00,LEVEL,106758.53333333334,6,-1,-1,0.03716814703599733
2025-06-09 10:00:00,LEVEL,107199.7,4,-1,-1,0.03563856838605776
2025-06-09 21:00:00,LEVEL,108914.40000000001,3,-1,-1,0.02486328570307533
2025-06-09 21:00:00,LEVEL,110278.8,3,-1,1,0.025174754774320966
2025-06-09 11:00:00,CONTROL,107769.92239581705,3,-1,1,0.034692099315602895
2025-06-09 14:00:00,CONTROL,107934.15989403153,6,-1,-1,0.03117851122613695
2025-06-09 14:00:00,CONTROL,107941.59704012123,4,-1,-1,0.031180659564930487
2025-06-09 11:00:00,CONTROL,107664.3898465896,4,-1,1,0.034658127446667325
2025-06-09 17:00:00,CONTROL,108146.22577899069,3,-1,-1,0.02882674217563942
2025-06-10 14:00:00,LEVEL,108479.65,4,1,1,0.02622042888111737
2025-06-10 13:00:00,LEVEL,108914.40000000001,3,1,1,0.0260416695309115
2025-06-10 19:00:00,LEVEL,110278.8,3,-1,1,0.02406372767628834
2025-06-10 00:00:00,CONTROL,109881.70694688463,4,1,-1,0.02467380513585413
2025-06-10 06:00:00,CONTROL,109584.02632243356,3,-1,1,0.023894199621950742
2025-06-11 18:00:00,LEVEL,108397.8,4,1,1,0.028562614559916995
2025-06-11 00:00:00,LEVEL,109840.09999999999,3,1,-1,0.02513377619827386
2025-06-11 14:00:00,LEVEL,110278.8,3,-1,1,0.02800598066758728
2025-06-11 22:00:00,CONTROL,108056.4043868754,6,1,1,0.030119727359976426
2025-06-11 22:00:00,CONTROL,108029.23252328334,4,1,1,0.030112153453294085
2025-06-11 12:00:00,CONTROL,109462.15373472056,3,-1,-1,0.02658865127911843
2025-06-11 09:00:00,CONTROL,109248.03308544189,3,1,1,0.027052892287420048
2025-06-12 20:00:00,LEVEL,105938.25,10,1,-1,0.02202758952299888
2025-06-12 20:00:00,LEVEL,106429.1,4,1,-1,0.022129651264790575
2025-06-12 19:00:00,LEVEL,106758.53333333334,6,1,-1,0.02322762797064598
2025-06-12 10:00:00,LEVEL,107199.7,4,1,1,0.026846907087402942
2025-06-12 01:00:00,LEVEL,108397.8,4,1,-1,0.03060139741689605
2025-06-12 23:00:00,CONTROL,105604.7587437071,9,1,-1,0.022368410014751625
2025-06-12 03:00:00,CONTROL,107722.01246556661,4,1,-1,0.028999919227517795
2025-06-12 03:00:00,CONTROL,108070.68560659417,6,1,-1,0.029093785770624162
2025-06-12 03:00:00,CONTROL,108062.68354089,4,1,-1,0.029091631528851632
2025-06-12 03:00:00,CONTROL,107837.35015100775,3,1,-1,0.029030969367457866
2025-06-13 01:00:00,LEVEL,102636.72,5,1,1,0.018395222716962128
2025-06-13 01:00:00,LEVEL,102993.35999999999,5,1,1,0.018459142065025635
2025-06-13 00:00:00,LEVEL,103339.62857142858,7,1,1,0.01931965527199163
2025-06-13 00:00:00,LEVEL,103723.22499999999,8,1,-1,0.01939136978138184
2025-06-13 00:00:00,LEVEL,104238.13333333333,9,1,-1,0.019487633447452597
2025-06-13 00:00:00,LEVEL,104514.66,5,1,-1,0.019539330941892696
2025-06-13 00:00:00,LEVEL,104900.43333333332,9,1,-1,0.019611452430194496
2025-06-13 00:00:00,LEVEL,105265.36666666665,6,1,-1,0.019679677817635147
2025-06-13 23:00:00,LEVEL,105938.25,10,-1,1,0.018652742318866076
2025-06-14 16:00:00,LEVEL,104514.66,5,1,1,0.03589410491972197
2025-06-14 18:00:00,LEVEL,104900.43333333332,9,-1,1,0.03930327213688042
2025-06-14 21:00:00,LEVEL,105293.12857142856,7,-1,-1,0.03845358602047112
2025-06-15 09:00:00,LEVEL,104900.43333333332,9,1,1,0.03804789820083262
2025-06-15 22:00:00,LEVEL,105293.12857142856,7,-1,-1,0.037867564052751206
2025-06-15 05:00:00,LEVEL,105935.86363636363,11,-1,1,0.041078822102488075
2025-06-16 00:00:00,LEVEL,105293.12857142856,7,1,1,0.036635244960756125
2025-06-16 04:00:00,LEVEL,106348.25,4,-1,-1,0.03219168519131623
2025-06-16 05:00:00,LEVEL,106672.84285714287,7,-1,-1,0.0325783885265995
2025-06-16 07:00:00,LEVEL,107044.56666666667,3,-1,-1,0.03278641359661293
2025-06-16 23:00:00,LEVEL,107320.125,4,1,-1,0.02420510145826436
2025-06-16 20:00:00,LEVEL,108373.28333333333,6,1,-1,0.02826407167734335
2025-06-16 19:00:00,LEVEL,108758.8,3,-1,1,0.027804438763282
2025-06-16 14:00:00,CONTROL,107711.18690787518,4,-1,-1,0.030082197115083253
2025-06-16 16:00:00,CONTROL,107835.78505384355,7,-1,-1,0.029068697849574575
2025-06-16 18:00:00,CONTROL,107981.48058552039,3,-1,-1,0.027926997322691802
2025-06-16 18:00:00,CONTROL,108007.10233660675,4,-1,-1,0.027933623816143376
2025-06-16 14:00:00,CONTROL,107715.66866635898,6,-1,-1,0.03008344880625854
2025-06-16 22:00:00,CONTROL,107902.82969105507,3,1,-1,0.025955533297605585
2025-06-17 17:00:00,LEVEL,103339.62857142858,7,1,1,0.019794612168669228
2025-06-17 16:00:00,LEVEL,103723.22499999999,8,1,1,0.02044915471437723
2025-06-17 15:00:00,LEVEL,104221.64545454546,11,1,1,0.02105142245935297
2025-06-17 15:00:00,LEVEL,104495.53333333333,6,1,-1,0.021106744263357437
2025-06-17 14:00:00,LEVEL,104891.61000000002,10,1,-1,0.0217849082271087
2025-06-17 00:00:00,LEVEL,106367.92,5,1,1,0.02283323677978953
2025-06-17 02:00:00,LEVEL,106672.84285714287,7,1,1,0.02241688373947515
2025-06-17 00:00:00,LEVEL,107044.56666666667,3,-1,1,0.02297848765577033
2025-06-17 04:00:00,LEVEL,107306.1,5,1,-1,0.022601612616585647
2025-06-18 17:00:00,LEVEL,103723.22499999999,8,1,1,0.022763012900084256
2025-06-18 10:00:00,LEVEL,104221.64545454546,11,1,1,0.02312503574085042
2025-06-18 11:00:00,LEVEL,104495.53333333333,6,-1,1,0.02281312811556229
2025-06-18 06:00:00,LEVEL,104891.61000000002,10,1,-1,0.02354469360269356
2025-06-18 14:00:00,LEVEL,105293.12857142856,7,-1,1,0.022465978878666075
2025-06-19 13:00:00,LEVEL,104221.64545454546,11,1,1,0.024148963864780142
2025-06-19 01:00:00,LEVEL,104495.53333333333,6,1,0,0.02137687993317303
2025-06-19 02:00:00,LEVEL,104891.61000000002,10,-1,1,0.021255574398561197
2025-06-20 17:00:00,LEVEL,102632.93333333333,6,1,1,0.0251060953764222
2025-06-20 17:00:00,LEVEL,102993.35999999999,5,1,1,0.025194263043229012
2025-06-20 17:00:00,LEVEL,103344.83333333333,9,1,0,0.025280240543260866
2025-06-20 16:00:00,LEVEL,103739.56666666667,9,1,-1,0.026469028387964454
2025-06-20 04:00:00,LEVEL,104221.64545454546,11,1,1,0.036351764723368686
2025-06-20 02:00:00,LEVEL,104495.53333333333,6,1,1,0.03587598509394969
2025-06-20 07:00:00,LEVEL,104891.61000000002,10,-1,-1,0.03420773649130676
2025-06-20 07:00:00,LEVEL,105303.75999999998,10,-1,-1,0.03434214875359247
2025-06-20 08:00:00,LEVEL,106367.92,5,-1,1,0.033376545042704014
2025-06-20 07:00:00,CONTROL,105628.36015907509,6,-1,-1,0.03444800885724306
2025-06-20 07:00:00,CONTROL,105621.55475685174,3,-1,-1,0.0344457894480265
2025-06-21 19:00:00,LEVEL,102190.18000000001,5,1,1,0.04009423442864136
2025-06-21 18:00:00,LEVEL,102632.93333333333,6,1,-1,0.04074857771491426
2025-06-21 08:00:00,LEVEL,103739.56666666667,9,-1,1,0.02807162479458595
2025-06-21 21:00:00,CONTROL,101381.46145542816,5,1,1,0.03345439774139144
2025-06-21 21:00:00,CONTROL,101664.31875505076,6,1,-1,0.03354773650835911
2025-06-21 21:00:00,CONTROL,101620.94030746479,5,1,-1,0.033533422255850695
2025-06-21 21:00:00,CONTROL,101863.29340847992,9,1,-1,0.033613395230384945
2025-06-22 09:00:00,LEVEL,102190.18000000001,5,1,-1,0.021822394127460693
2025-06-22 00:00:00,LEVEL,102632.93333333333,6,-1,1,0.027068993123380694
2025-06-22 00:00:00,LEVEL,102978.39999999998,6,-1,1,0.027160108465412138
2025-06-22 00:00:00,LEVEL,103344.83333333333,9,-1,1,0.027256753675268537
2025-06-22 13:00:00,CONTROL,101042.56376020973,5,1,-1,0.018397612733652566
2025-06-22 13:00:00,CONTROL,101745.00510999969,6,1,-1,0.018525511744135005
2025-06-22 00:00:00,CONTROL,101849.39380093015,6,1,1,0.02686233795407326
2025-06-22 00:00:00,CONTROL,101844.68559379922,9,1,1,0.02686109618476675
2025-06-23 13:00:00,LEVEL,102190.18000000001,5,-1,1,0.01701273455627584
2025-06-23 17:00:00,LEVEL,102655.32857142856,7,-1,-1,0.016395831948879058
2025-06-23 18:00:00,LEVEL,102978.39999999998,6,-1,-1,0.016043607258139116
2025-06-23 20:00:00,LEVEL,103346.61,10,-1,-1,0.01662815958971265
2025-06-23 20:00:00,LEVEL,103739.56666666667,9,-1,-1,0.016691385138815563
2025-06-23 21:00:00,LEVEL,104111.9375,8,-1,-1,0.016812670633178414
2025-06-23 22:00:00,LEVEL,104421.97272727272,11,-1,-1,0.016383772295798658
2025-06-23 22:00:00,LEVEL,104889.59090909091,11,-1,-1,0.01645714143078229
2025-06-23 22:00:00,LEVEL,105303.75999999998,10,-1,0,0.016522124421432496
2025-06-23 22:00:00,LEVEL,105948.0357142857,14,-1,1,0.016623211063667643
2025-06-23 00:00:00,CONTROL,101154.59419655455,5,-1,-1,0.01568706299784217
2025-06-23 00:00:00,CONTROL,101180.42948224516,7,-1,-1,0.01569106953612563
2025-06-23 05:00:00,CONTROL,101627.05963062646,6,-1,1,0.01643461867191592
2025-06-23 14:00:00,CONTROL,101813.13860215322,10,1,-1,0.017911840186863117
2025-06-23 22:00:00,CONTROL,105620.01574037713,8,-1,0,0.01657174484041377
2025-06-24 00:00:00,LEVEL,104889.59090909091,11,1,1,0.016773444619806056
2025-06-24 01:00:00,LEVEL,105303.75999999998,10,-1,-1,0.01685939161063079
2025-06-24 16:00:00,LEVEL,105948.0357142857,14,-1,-1,0.018594204794837667
2025-06-24 06:00:00,CONTROL,105623.05693651493,8,-1,0,0.01665412405071457
2025-06-24 06:00:00,CONTROL,105626.63097564605,6,-1,0,0.016654687587623826
2025-06-24 06:00:00,CONTROL,105625.95839548009,3,-1,0,0.016654581538491725
2025-06-25 03:00:00,LEVEL,106194.5,4,1,1,0.025652975413115533
2025-06-25 01:00:00,LEVEL,106557.9,9,-1,-1,0.025336053794999414
2025-06-25 09:00:00,LEVEL,106817.46666666667,3,-1,-1,0.028340358121011683
2025-06-25 14:00:00,LEVEL,107224.8,6,1,1,0.026398061225274924
2025-06-25 13:00:00,CONTROL,107775.30926143535,4,-1,1,0.02691691040495394
2025-06-25 13:00:00,CONTROL,107832.72300810192,9,-1,1,0.026931249502523014
2025-06-25 13:00:00,CONTROL,108014.68603715509,3,-1,1,0.026976694814474355
2025-06-25 13:00:00,CONTROL,107951.02317676145,6,-1,1,0.026960794999191226
2025-06-25 13:00:00,CONTROL,107667.3655579315,4,-1,1,0.026889951438044884
2025-06-26 15:00:00,LEVEL,106577.2,10,1,1,0.02954655669817295
2025-06-26 13:00:00,LEVEL,106817.46666666667,3,1,1,0.02982634625341044
2025-06-26 09:00:00,LEVEL,107224.8,6,1,-1,0.02777259967947167
2025-06-26 03:00:00,LEVEL,108098.60000000002,3,-1,1,0.027791968891102848
2025-06-26 00:00:00,CONTROL,107554.08696945969,4,-1,1,0.02832793493631663
2025-06-26 01:00:00,CONTROL,107654.39459175237,10,-1,1,0.027941541774631453
2025-06-26 01:00:00,CONTROL,107660.2419376703,3,-1,1,0.027943059444772614
2025-06-26 00:00:00,CONTROL,107556.20095050568,5,-1,1,0.028328491723317615
2025-06-26 00:00:00,CONTROL,107555.00563940602,4,-1,1,0.02832817689850701
2025-06-27 12:00:00,LEVEL,106570.18181818182,11,1,1,0.02977626468564133
2025-06-27 01:00:00,LEVEL,106868.75,4,-1,-1,0.0294817969430244
2025-06-27 05:00:00,LEVEL,107224.8,6,1,-1,0.030955717146929834
2025-06-29 21:00:00,LEVEL,107579.78333333334,6,-1,-1,0.05349067818556626
2025-06-29 10:00:00,LEVEL,108103.4,5,-1,-1,0.0736932555067959
2025-06-29 11:00:00,LEVEL,108397.92,5,-1,1,0.06955411842553802
2025-06-30 14:00:00,LEVEL,106902.96,5,1,1,0.03729267881087119
2025-06-30 14:00:00,LEVEL,107206.5,7,1,-1,0.03739856755077373
2025-06-30 06:00:00,LEVEL,107563.24285714286,7,1,-1,0.03814468473146635
2025-06-30 01:00:00,LEVEL,108414.76666666666,6,1,-1,0.04376968198295964
2025-07-01 14:00:00,LEVEL,105933.26666666666,15,1,-1,0.030312386845627166
2025-07-01 10:00:00,LEVEL,106239.38333333332,6,1,1,0.03289017710872894
2025-07-01 07:00:00,LEVEL,106579.86666666665,12,1,-1,0.03419789164076334
2025-07-01 04:00:00,LEVEL,106902.96,5,1,-1,0.03337328026223374
2025-07-02 05:00:00,LEVEL,106579.86666666665,12,-1,-1,0.029508437807329375
2025-07-02 06:00:00,LEVEL,106896.43333333333,6,-1,-1,0.02913801038081925
2025-07-02 12:00:00,LEVEL,107198.88888888889,9,1,1,0.029279813964427862
2025-07-02 08:00:00,LEVEL,107563.24285714286,7,-1,-1,0.02942076681022426
2025-07-02 14:00:00,LEVEL,108103.4,5,-1,-1,0.031793656541519145
2025-07-02 15:00:00,LEVEL,108414.76666666666,6,-1,-1,0.03156983705213592
2025-07-02 17:00:00,LEVEL,108792.06000000001,5,1,1,0.028854201055920625
2025-07-02 16:00:00,CONTROL,109285.87912235624,5,-1,1,0.030269952324164625
2025-07-02 16:00:00,CONTROL,109360.75979903681,6,-1,1,0.030290692739406964
2025-07-03 12:00:00,LEVEL,108792.06000000001,5,1,1,0.027137379916748475
2025-07-03 09:00:00,LEVEL,109840.09999999999,3,-1,1,0.029297041025555585
2025-07-03 13:00:00,LEVEL,110310.72000000002,5,-1,1,0.02611290901020856
2025-07-03 05:00:00,CONTROL,109170.87379453839,7,-1,-1,0.029435037253759854
2025-07-03 05:00:00,CONTROL,109230.26654788633,5,-1,-1,0.0294510509380571
2025-07-03 13:00:00,CONTROL,109366.63913078877,6,-1,-1,0.025889424857118162
2025-07-03 05:00:00,CONTROL,109124.12711222716,3,-1,-1,0.02942243324787903
2025-07-04 14:00:00,LEVEL,107563.24285714286,7,1,1,0.03669143770843803
2025-07-04 13:00:00,LEVEL,108103.4,5,1,-1,0.03566334498293799
2025-07-04 13:00:00,LEVEL,108424.17142857143,7,1,-1,0.035769167576101685
2025-07-04 02:00:00,CONTROL,109173.71581004371,7,1,-1,0.02909892640158418
2025-07-04 02:00:00,CONTROL,109211.70281273671,5,1,-1,0.029109051375231718
2025-07-06 18:00:00,LEVEL,108340.06363636366,11,1,1,0.05893552123015137
2025-07-06 13:00:00,LEVEL,108685.26000000001,5,-1,-1,0.0712690229508199
2025-07-06 13:00:00,LEVEL,108945.40000000001,3,-1,1,0.07143960655737727
2025-07-06 21:00:00,CONTROL,109383.80467375093,5,-1,1,0.04914814515171569
2025-07-06 21:00:00,CONTROL,109512.81807810922,11,-1,1,0.049206113235225224
2025-07-06 21:00:00,CONTROL,109433.5913623885,5,-1,1,0.049170515222011574
2025-07-06 21:00:00,CONTROL,109445.98801327411,6,-1,1,0.049176085264111845
2025-07-07 18:00:00,LEVEL,107585.7625,8,1,1,0.033149529632661066
2025-07-07 14:00:00,LEVEL,107930.85999999999,5,1,1,0.03575645519297686
2025-07-07 12:00:00,LEVEL,108329.30833333335,12,1,-1,0.03550980175233742
2025-07-07 07:00:00,LEVEL,108978.82500000001,4,-1,1,0.036712521318033535
2025-07-07 02:00:00,CONTROL,109418.3702936225,5,-1,1,0.04111250791860519
2025-07-07 02:00:00,CONTROL,109324.36834496318,12,-1,1,0.041077187927563014
2025-07-08 01:00:00,LEVEL,107930.85999999999,5,1,1,0.03608370094863981
2025-07-08 14:00:00,LEVEL,108329.30833333335,12,1,1,0.035873972810657656
2025-07-08 10:00:00,LEVEL,108685.26000000001,5,-1,1,0.03634084950315042
2025-07-08 17:00:00,LEVEL,108978.82500000001,4,-1,1,0.03669899921073391
2025-07-09 03:00:00,LEVEL,108340.5153846154,13,1,1,0.04071755819258551
2025-07-09 14:00:00,LEVEL,108685.26000000001,5,1,1,0.04047538398873471
2025-07-09 17:00:00,LEVEL,109019.06000000001,5,1,1,0.041295587305721054
2025-07-09 13:00:00,LEVEL,109620.65,4,-1,1,0.041611634638196913
2025-07-09 19:00:00,LEVEL,109870.85,4,-1,-1,0.03257061123154177
2025-07-09 19:00:00,LEVEL,110339.60000000002,6,-1,-1,0.0327095695996147
2025-07-09 19:00:00,LEVEL,110685.90000000001,3,-1,-1,0.0328122283363905
2025-07-09 19:00:00,CONTROL,111106.36319165524,4,-1,-1,0.03293687234481107
2025-07-09 19:00:00,CONTROL,111243.3951086844,4,-1,-1,0.03297749470548152
2025-07-09 19:00:00,CONTROL,111660.7498708477,6,-1,1,0.0331012172370179
2025-07-09 19:00:00,CONTROL,111397.9946607456,3,-1,1,0.03302332489526121
2025-07-10 14:00:00,CONTROL,111022.09768210798,5,-1,-1,0.02851244061754585
2025-07-10 02:00:00,CONTROL,111390.66977034368,4,-1,1,0.027028369977638717
2025-07-10 14:00:00,CONTROL,111069.76263305593,6,-1,-1,0.028524681820980263
2025-07-10 16:00:00,CONTROL,111738.21227667281,3,-1,-1,0.02662612847459619
2025-07-15 04:00:00,LEVEL,116811.16666666667,3,1,1,0.017924757995422064
2025-07-15 03:00:00,CONTROL,117615.78963792107,3,1,-1,0.018402447015056937
2025-07-16 13:00:00,LEVEL,118291.46666666666,3,1,1,0.020723235574826235
2025-07-16 01:00:00,CONTROL,117663.87005120261,3,1,1,0.01628537500059898
2025-07-17 01:00:00,LEVEL,118257.59999999999,4,1,1,0.021697646896931364
2025-07-17 01:00:00,CONTROL,117805.36362009072,3,1,1,0.021614671550862972
2025-07-18 20:00:00,LEVEL,116811.16666666667,3,1,1,0.018689412878409077
2025-07-18 14:00:00,LEVEL,117525.46666666667,3,1,0,0.01790906894608602
2025-07-18 14:00:00,LEVEL,118257.59999999999,4,1,-1,0.0180206347770185
2025-07-18 08:00:00,LEVEL,119099.73333333332,3,1,-1,0.01871276521921299
2025-07-18 00:00:00,CONTROL,119593.7871554757,4,-1,-1,0.020144338000385446
2025-07-18 01:00:00,CONTROL,120017.6793827809,3,-1,1,0.020458794069150087
2025-07-20 22:00:00,LEVEL,116805.6,4,1,1,0.03885061896496161
2025-07-20 22:00:00,LEVEL,117525.46666666667,3,1,-1,0.03909005325212116
2025-07-20 07:00:00,LEVEL,118108.65000000001,4,-1,-1,0.046144077356970244
2025-07-20 18:00:00,LEVEL,118420.275,4,-1,1,0.043559886888750905
2025-07-21 00:00:00,LEVEL,116805.6,4,1,1,0.03541441673614793
2025-07-21 02:00:00,LEVEL,117569.375,4,-1,-1,0.0323417607262287
2025-07-21 02:00:00,LEVEL,118108.65000000001,4,-1,-1,0.03249010805745877
2025-07-21 03:00:00,LEVEL,118420.275,4,-1,-1,0.032453357998047445
2025-07-21 06:00:00,LEVEL,118979.8,3,-1,1,0.02983164822766167
2025-07-21 07:00:00,CONTROL,119416.44051872427,4,-1,1,0.02956172618166555
2025-07-21 07:00:00,CONTROL,119613.83091641423,4,-1,1,0.0296105904826115
2025-07-22 01:00:00,LEVEL,116805.6,4,1,1,0.020277649867086175
2025-07-22 01:00:00,LEVEL,117569.375,4,-1,-1,0.020410242499864343
2025-07-22 07:00:00,LEVEL,118108.65000000001,4,-1,-1,0.01951221385868722
2025-07-22 07:00:00,LEVEL,118420.275,4,-1,-1,0.019563696062943326
2025-07-22 13:00:00,LEVEL,119034.85,4,1,-1,0.01946196473551634
2025-07-22 01:00:00,CONTROL,115963.14162955662,4,1,1,0.02013139766801826
2025-07-22 12:00:00,CONTROL,119416.68046888964,4,-1,1,0.019892005241975496
2025-07-22 18:00:00,CONTROL,119687.30362811277,4,-1,1,0.01922764827954739
2025-07-23 13:00:00,LEVEL,117559.9,5,1,1,0.024575002449715517
2025-07-23 09:00:00,LEVEL,118076.34,5,1,1,0.02419008489225216
2025-07-23 15:00:00,LEVEL,118420.275,4,-1,1,0.02519228565160451
2025-07-23 02:00:00,LEVEL,119034.85,4,1,-1,0.021185879473845214
2025-07-24 07:00:00,LEVEL,117183.63333333335,3,1,1,0.023332750099037847
2025-07-24 05:00:00,LEVEL,117559.9,5,1,1,0.025273715963371815
2025-07-24 04:00:00,LEVEL,118076.34,5,1,-1,0.025507269732400886
2025-07-24 03:00:00,LEVEL,118473.63999999998,5,1,-1,0.026199570706896238
2025-07-24 00:00:00,LEVEL,119034.85,4,-1,1,0.026300231992929773
2025-07-25 02:00:00,LEVEL,116805.6,4,1,-1,0.02340060852688917
2025-07-25 20:00:00,LEVEL,117150.275,4,-1,-1,0.020416235792592243
2025-07-25 23:00:00,LEVEL,117559.9,5,-1,0,0.02039664711176652
2025-07-25 00:00:00,LEVEL,117874.73333333334,3,1,-1,0.025242024630882584
2025-07-25 03:00:00,CONTROL,115402.11665776902,4,1,1,0.022759093381868576
2025-07-25 03:00:00,CONTROL,115428.55256246739,4,1,1,0.02276430695369108
2025-07-25 12:00:00,CONTROL,116143.48687385628,5,1,-1,0.02127718093581452
2025-07-25 12:00:00,CONTROL,116140.42116928737,3,1,-1,0.02127661930681091
2025-07-26 01:00:00,LEVEL,117150.275,4,1,1,0.021117670121676396
2025-07-26 02:00:00,LEVEL,117559.9,5,-1,0,0.021758515622288754
2025-07-26 10:00:00,LEVEL,117874.73333333334,3,-1,0,0.03118379188712515
2025-07-27 02:00:00,LEVEL,118305.17499999999,8,-1,1,0.06251264200792601
2025-07-27 16:00:00,LEVEL,119270.34000000001,5,-1,1,0.059112394758851355
2025-07-27 22:00:00,CONTROL,119655.68686079449,8,-1,1,0.04935654411747423
2025-07-28 20:00:00,LEVEL,117590.01666666666,6,1,1,0.030728429258944694
2025-07-28 13:00:00,LEVEL,118317.35,10,1,-1,0.03297010693510745
2025-07-28 07:00:00,LEVEL,118808.83333333333,3,1,-1,0.03740758669998876
2025-07-28 02:00:00,LEVEL,119316.95000000001,6,-1,1,0.042010699235297225
2025-07-29 20:00:00,LEVEL,117212.84999999999,6,1,1,0.02868557618770852
2025-07-29 00:00:00,LEVEL,117590.01666666666,6,1,1,0.030406132596387508
2025-07-29 14:00:00,LEVEL,117849.44000000002,5,1,-1,0.029673785723278463
2025-07-29 00:00:00,LEVEL,118317.35,10,-1,1,0.030594204631769532
2025-07-29 05:00:00,LEVEL,118808.83333333333,3,-1,1,0.030489211094715737
2025-07-30 18:00:00,LEVEL,116817.5,6,1,-1,0.02747414762496238
2025-07-30 18:00:00,LEVEL,117212.84999999999,6,1,-1,0.027567129449291173
2025-07-30 00:00:00,LEVEL,117563.77142857142,7,1,1,0.029959709211708995
2025-07-30 12:00:00,LEVEL,117849.44000000002,5,-1,-1,0.03014558133957911
2025-07-30 14:00:00,LEVEL,118317.35,10,-1,1,0.029948546930122933
2025-07-30 19:00:00,CONTROL,116185.88645199023,6,1,1,0.025910492337298915
2025-07-31 19:00:00,LEVEL,116817.5,6,1,-1,0.032558682379173046
2025-07-31 19:00:00,LEVEL,117224.09999999999,7,1,-1,0.03267200752528019
2025-07-31 13:00:00,LEVEL,117849.44000000002,5,1,1,0.02937034820601085
2025-07-31 00:00:00,LEVEL,118329.52727272728,11,-1,1,0.026643106034486636
2025-07-31 16:00:00,LEVEL,118797.5,4,-1,1,0.031143662341066962
2025-07-31 22:00:00,CONTROL,116032.18123380933,7,1,-1,0.03050242587618313
2025-07-31 23:00:00,CONTROL,116247.76075533878,5,-1,1,0.02942934719522502
2025-08-01 02:00:00,LEVEL,115747.7,3,-1,1,0.025884025521149944
2025-08-01 00:00:00,CONTROL,114241.5910765304,3,1,1,0.02711986672341016
2025-08-01 00:00:00,CONTROL,115194.93004427051,6,1,-1,0.027346180323419685
2025-08-02 19:00:00,LEVEL,111954.23333333334,3,1,1,0.027885295598071708
2025-08-02 13:00:00,CONTROL,113279.18179921854,3,1,-1,0.025178222125115442
2025-08-03 00:00:00,LEVEL,111954.23333333334,3,1,1,0.028866506052572922
2025-08-03 11:00:00,LEVEL,114098.2,3,-1,-1,0.03138284024685837
2025-08-03 02:00:00,CONTROL,113333.80408161922,3,-1,-1,0.028939830915046635
2025-08-04 13:00:00,LEVEL,114123.65,4,1,1,0.03870771513667662
2025-08-04 18:00:00,CONTROL,114910.4651033043,4,1,-1,0.03434905357495188
2025-08-04 14:00:00,CONTROL,115106.55953609178,6,-1,1,0.03756894766793441
2025-08-05 06:00:00,LEVEL,114108.93333333333,6,1,1,0.03625491095511843
2025-08-05 14:00:00,CONTROL,113021.54139863946,4,1,1,0.028053966636077385
2025-08-05 14:00:00,CONTROL,112725.84334496825,6,1,1,0.027980569094074433
2025-08-05 12:00:00,CONTROL,113561.5242189857,3,1,1,0.03007779219334326
2025-08-06 05:00:00,LEVEL,114108.93333333333,6,-1,-1,0.026030167499530736
2025-08-06 14:00:00,LEVEL,114825.60000000002,3,-1,-1,0.03016714996469682
2025-08-06 18:00:00,CONTROL,115224.13940524997,6,1,-1,0.030039533182623968
2025-08-06 05:00:00,CONTROL,113660.94616104545,3,-1,-1,0.02592797408844845
2025-08-06 15:00:00,CONTROL,115389.0808490665,6,-1,1,0.029957086657013153
2025-08-07 10:00:00,LEVEL,115759.88333333335,6,-1,-1,0.03162514314334826
2025-08-07 19:00:00,LEVEL,116817.5,6,-1,-1,0.031851264879050385
2025-08-07 19:00:00,LEVEL,117224.09999999999,7,-1,1,0.03196212775747032
2025-08-07 22:00:00,LEVEL,117563.77142857142,7,-1,1,0.03103405035112376
2025-08-07 16:00:00,CONTROL,116397.63030103107,3,1,1,0.033407994920110734
2025-08-07 01:00:00,CONTROL,114585.61135077094,6,1,1,0.03176426386244034
2025-08-07 10:00:00,CONTROL,115397.12311348353,6,-1,-1,0.031526038483347625
2025-08-07 10:00:00,CONTROL,116174.93007938152,7,-1,-1,0.03173853227589565
2025-08-07 10:00:00,CONTROL,116271.29762518195,7,-1,-1,0.031764859508979816
2025-08-07 10:00:00,CONTROL,116243.35614585853,5,-1,-1,0.03175722600713276
2025-08-08 01:00:00,LEVEL,116812.5142857143,7,1,-1,0.029369940656249545
2025-08-08 14:00:00,LEVEL,117224.09999999999,7,-1,1,0.03229397453446617
2025-08-08 15:00:00,CONTROL,116171.29119826732,3,1,1,0.03178910330201764
2025-08-08 10:00:00,CONTROL,116347.47056680339,7,1,1,0.03196962903482538
2025-08-08 08:00:00,CONTROL,116452.83531110926,7,1,0,0.029531260737593736
2025-08-08 10:00:00,CONTROL,116344.95012015084,5,1,1,0.03196893647361978
2025-08-09 05:00:00,LEVEL,116812.5142857143,7,-1,-1,0.039037946144171415
2025-08-09 10:00:00,LEVEL,117849.44000000002,5,-1,1,0.03912136352791052
2025-08-09 21:00:00,CONTROL,116351.74176259276,8,1,1,0.04858173692771267
2025-08-10 02:00:00,LEVEL,116828.63750000001,8,-1,-1,0.04489416144294742
2025-08-10 02:00:00,LEVEL,117224.825,8,-1,-1,0.04504640584095879
2025-08-10 03:00:00,LEVEL,117567.275,8,-1,-1,0.03963999662831379
2025-08-10 03:00:00,LEVEL,117858.98333333334,6,-1,-1,0.03973835152639052
2025-08-10 03:00:00,LEVEL,118329.52727272728,11,-1,1,0.03989700418012473
2025-08-10 14:00:00,LEVEL,118825.0,6,-1,1,0.03420347215975542
2025-08-11 21:00:00,LEVEL,118329.52727272728,11,1,1,0.01968764719534174
2025-08-11 19:00:00,LEVEL,118812.57142857143,7,1,1,0.020041655653326423
2025-08-11 18:00:00,LEVEL,119205.75,6,1,-1,0.021227276268488967
2025-08-11 01:00:00,LEVEL,119641.5,5,-1,-1,0.02874464490843987
2025-08-11 02:00:00,CONTROL,120548.93044593417,7,-1,-1,0.026485720778800178
2025-08-11 01:00:00,CONTROL,120044.02378773752,6,-1,-1,0.02884135385429658
2025-08-11 02:00:00,CONTROL,120840.91334209636,5,-1,-1,0.026549872135691776
2025-08-12 12:00:00,LEVEL,118812.57142857143,7,-1,-1,0.025915439415125814
2025-08-12 02:00:00,LEVEL,119205.75,6,-1,-1,0.022501601533697096
2025-08-12 13:00:00,LEVEL,119641.5,5,-1,1,0.025832999331997272
2025-08-12 18:00:00,CONTROL,120023.27552752585,11,-1,1,0.026019543505730075
2025-08-12 20:00:00,CONTROL,120214.4403941612,7,-1,1,0.026532462169802477
2025-08-12 16:00:00,CONTROL,120137.10518039974,6,-1,1,0.026371519473259226
2025-08-13 00:00:00,LEVEL,119641.5,5,1,1,0.027577888868079426
2025-08-13 10:00:00,CONTROL,120436.0619390942,7,-1,-1,0.02632536173590311
2025-08-13 12:00:00,CONTROL,120197.68446926086,7,1,1,0.027521722881424383
2025-08-13 13:00:00,CONTROL,121043.75885646834,5,-1,-1,0.026044393156451837
2025-08-14 18:00:00,LEVEL,117224.825,8,1,1,0.016204353479370874
2025-08-14 12:00:00,LEVEL,117567.275,8,1,1,0.01643342287918301
2025-08-14 12:00:00,LEVEL,117901.7375,8,1,0,0.016480173675267457
2025-08-14 12:00:00,LEVEL,118314.925,12,1,0,0.016537928564252444
2025-08-14 12:00:00,LEVEL,118814.625,8,1,-1,0.01660777607422261
2025-08-14 12:00:00,LEVEL,119211.55714285714,7,1,-1,0.01666325880747395
2025-08-14 12:00:00,LEVEL,119641.5,5,1,-1,0.01672335574163622
2025-08-14 12:00:00,LEVEL,120223.36666666665,3,1,-1,0.016804688416843957
2025-08-14 11:00:00,CONTROL,120657.67165987843,7,1,-1,0.019661193371572898
2025-08-14 10:00:00,CONTROL,121264.33087011272,5,1,-1,0.01983965820433257
2025-08-15 15:00:00,LEVEL,116828.63750000001,8,1,1,0.026679105681193742
2025-08-15 18:00:00,LEVEL,117176.825,8,1,0,0.02767377689213624
2025-08-15 22:00:00,LEVEL,117523.2,8,-1,0,0.02957628073045282
2025-08-15 13:00:00,LEVEL,117883.83333333333,9,1,-1,0.02581739372453471
2025-08-15 13:00:00,LEVEL,118314.925,12,1,-1,0.025911805850226524
2025-08-16 00:00:00,LEVEL,117523.2,8,-1,0,0.02829093589907548
2025-08-17 18:00:00,LEVEL,117523.2,8,1,-1,0.051163082783484325
2025-08-17 04:00:00,LEVEL,117872.5090909091,11,-1,-1,0.05970212081402225
2025-08-17 08:00:00,LEVEL,118314.925,12,-1,1,0.060692800692518645
2025-08-18 03:00:00,LEVEL,114955.5,3,1,1,0.0356075075743643
2025-08-18 02:00:00,LEVEL,115772.75714285715,7,1,-1,0.0371796418105599
2025-08-18 01:00:00,LEVEL,116312.775,4,1,-1,0.04049755513725833
2025-08-18 01:00:00,LEVEL,116818.37777777777,9,1,-1,0.0406735949262721
2025-08-18 02:00:00,CONTROL,115361.34912748814,9,1,-1,0.03704752089518308
2025-08-19 16:00:00,LEVEL,113451.36666666665,3,1,-1,0.024195054504417474
2025-08-19 14:00:00,LEVEL,114130.42499999999,8,1,-1,0.02414771989447447
2025-08-19 14:00:00,LEVEL,114554.16666666667,3,1,-1,0.02423737517328628
2025-08-19 03:00:00,LEVEL,114955.5,3,1,-1,0.025373689438251787
2025-08-19 00:00:00,LEVEL,115772.75714285715,7,1,-1,0.024709884202331923
2025-08-19 23:00:00,CONTROL,112686.87229138127,8,1,1,0.023879712814882915
2025-08-19 18:00:00,CONTROL,112984.18478022776,3,1,1,0.024082742146483656
2025-08-20 11:00:00,LEVEL,113451.36666666665,3,1,-1,0.02689117983284572
2025-08-20 15:00:00,LEVEL,114149.68888888888,9,-1,1,0.026019061639048994
2025-08-20 22:00:00,LEVEL,114554.16666666667,3,-1,1,0.024060472799273674
2025-08-20 14:00:00,CONTROL,112313.93575612648,3,1,1,0.026535095014183257
2025-08-20 01:00:00,CONTROL,112675.1992731142,4,1,1,0.02509836750039791
2025-08-20 01:00:00,CONTROL,112644.0114647835,3,1,1,0.025091420425264556
2025-08-20 00:00:00,CONTROL,113104.69386780172,9,-1,-1,0.02491001330908183
2025-08-21 16:00:00,LEVEL,112461.39999999998,3,1,1,0.02612893829275909
2025-08-21 13:00:00,LEVEL,113451.36666666665,3,-1,1,0.02432849324737873
2025-08-21 02:00:00,LEVEL,114132.51999999999,10,1,-1,0.023553269574302118
2025-08-21 01:00:00,LEVEL,114554.16666666667,3,-1,1,0.024266897922886724
2025-08-21 15:00:00,CONTROL,112813.14464622422,10,1,-1,0.025470752043851633
2025-08-21 15:00:00,CONTROL,112838.36794655268,3,1,-1,0.02547644691593776
2025-08-22 10:00:00,LEVEL,112580.8,3,1,-1,0.02693139367117941
2025-08-22 02:00:00,LEVEL,113451.36666666665,3,-1,1,0.028755534433777916
2025-08-22 14:00:00,LEVEL,114095.73999999999,10,-1,-1,0.022008678417283538
2025-08-22 14:00:00,LEVEL,114433.0,3,-1,-1,0.022073734718973795
2025-08-22 14:00:00,LEVEL,114813.45000000001,4,-1,-1,0.02214712222409761
2025-08-22 14:00:00,LEVEL,115731.9875,8,-1,-1,0.022324304969498235
2025-08-22 15:00:00,LEVEL,116408.79999999999,4,-1,1,0.02151858124891689
2025-08-22 15:00:00,LEVEL,116900.18333333333,12,-1,1,0.021609415208056554
2025-08-22 18:00:00,LEVEL,117269.89090909091,11,-1,1,0.020797949981937406
2025-08-22 12:00:00,CONTROL,111698.04188374875,3,1,1,0.0256826923345761
2025-08-22 12:00:00,CONTROL,111812.31579435297,3,1,1,0.025708967295519202
2025-08-22 14:00:00,CONTROL,115381.20314223826,10,-1,-1,0.02225663986540415
2025-08-22 14:00:00,CONTROL,115309.73047559829,3,-1,-1,0.022242853032208583
2025-08-22 14:00:00,CONTROL,115272.34890750794,4,-1,-1,0.022235642255444835
2025-08-22 14:00:00,CONTROL,115202.97021555356,12,-1,-1,0.02222225934281168
2025-08-23 13:00:00,LEVEL,114813.45000000001,4,1,0,0.024007621736062166
2025-08-23 02:00:00,LEVEL,115731.9875,8,1,-1,0.021035844887619084
2025-08-23 01:00:00,LEVEL,116408.79999999999,4,1,-1,0.021556062473598023
2025-08-23 11:00:00,CONTROL,115190.74950718699,12,1,0,0.02249599638847518
2025-08-24 19:00:00,LEVEL,111674.73333333334,3,1,1,0.030165545107175527
2025-08-24 19:00:00,LEVEL,112461.39999999998,3,1,-1,0.030378039268650826
2025-08-24 19:00:00,LEVEL,113460.0,4,1,-1,0.030647780797865964
2025-08-24 19:00:00,LEVEL,114095.73999999999,10,1,-1,0.030819506693903643
2025-08-24 15:00:00,LEVEL,114813.45000000001,4,-1,1,0.051022530829907466
2025-08-24 19:00:00,CONTROL,111020.6419438254,7,1,1,0.02998886213936828
2025-08-24 19:00:00,CONTROL,111330.2948978953,6,1,1,0.030072505501431965
2025-08-24 19:00:00,CONTROL,113026.79493276915,3,1,-1,0.0305307635764574
2025-08-24 19:00:00,CONTROL,110851.29812567741,3,1,1,0.029943119038556773
2025-08-24 19:00:00,CONTROL,112052.51216685992,4,1,1,0.03026759061114165
2025-08-24 19:00:00,CONTROL,112902.61037860956,10,1,-1,0.03049721888234173
2025-08-24 19:00:00,CONTROL,112957.31970311275,4,1,-1,0.030511996948488152
2025-08-24 19:00:00,CONTROL,113112.5959560214,4,1,-1,0.030553940122842623
2025-08-24 04:00:00,CONTROL,115241.54341888145,10,-1,1,0.04985237031625339
2025-08-25 20:00:00,LEVEL,109780.01428571428,7,1,1,0.017650140716076512
2025-08-25 22:00:00,LEVEL,110457.4,5,-1,1,0.017955899639829104
2025-08-25 07:00:00,LEVEL,111674.73333333334,3,1,-1,0.020114778040451767
2025-08-25 00:00:00,LEVEL,112461.39999999998,3,1,1,0.02302678934773425
2025-08-25 02:00:00,LEVEL,113460.0,4,-1,1,0.023225608351884534
2025-08-25 20:00:00,CONTROL,109441.9985752543,14,1,1,0.017595795443007628
2025-08-25 08:00:00,CONTROL,111123.10919990903,7,1,1,0.01930299317868105
2025-08-25 07:00:00,CONTROL,111330.70903150873,5,1,1,0.02005281261402833
2025-08-25 08:00:00,CONTROL,110987.09232305994,3,1,1,0.019279365934402992
2025-08-25 08:00:00,CONTROL,111133.59012267893,3,1,1,0.01930481380071179
2025-08-25 06:00:00,CONTROL,112072.70748143809,4,1,-1,0.02089836510772234
2025-08-25 00:00:00,CONTROL,112934.04334354744,10,1,-1,0.023123564407518997
2025-08-25 00:00:00,CONTROL,113047.9399211862,4,1,-1,0.02314688505354257
2025-08-26 01:00:00,LEVEL,108812.475,4,1,1,0.017023977314396057
2025-08-26 00:00:00,LEVEL,109110.67499999999,4,1,1,0.01774508972814734
2025-08-26 00:00:00,LEVEL,109766.15000000001,6,1,1,0.01785169215444117
2025-08-26 07:00:00,LEVEL,110471.8857142857,7,-1,-1,0.018226112575181957
2025-08-26 04:00:00,CONTROL,110135.1681716821,4,-1,-1,0.01763547075200945
2025-08-26 04:00:00,CONTROL,110135.55720313471,4,-1,-1,0.017635533045942602
2025-08-26 20:00:00,CONTROL,111278.74382797231,6,-1,-1,0.02105732382349006
2025-08-26 18:00:00,CONTROL,110846.9689266411,3,-1,-1,0.018365640141518032
2025-08-27 03:00:00,LEVEL,111674.73333333334,3,-1,1,0.02428321974046918
2025-08-27 14:00:00,LEVEL,112461.39999999998,3,-1,1,0.025633505944028648
2025-08-27 10:00:00,CONTROL,111132.37032408756,5,-1,-1,0.024445347720744904
2025-08-27 11:00:00,CONTROL,111258.23050670944,7,-1,-1,0.024902170918477372
2025-08-27 14:00:00,CONTROL,112059.22560915582,4,-1,1,0.025541837694849464
2025-08-28 03:00:00,LEVEL,111674.73333333334,3,-1,-1,0.024117371126483326
2025-08-28 04:00:00,LEVEL,112456.54,5,-1,1,0.023019755256609525
2025-08-28 04:00:00,CONTROL,112810.05144406988,3,-1,1,0.023092118739630605
2025-08-28 19:00:00,CONTROL,112069.90059040475,4,1,-1,0.023848782494932233
2025-08-28 04:00:00,CONTROL,112921.67271808628,10,-1,1,0.023114967516671837
2025-08-28 04:00:00,CONTROL,112896.84083699582,4,-1,1,0.023109884452358603
2025-08-29 20:00:00,LEVEL,107572.24285714286,7,1,1,0.020737317594572036
2025-08-29 14:00:00,LEVEL,108340.82500000001,12,1,-1,0.021147797019586797
2025-08-29 14:00:00,LEVEL,108683.2,3,1,-1,0.02121462757034715
2025-08-29 13:00:00,LEVEL,109066.625,4,1,-1,0.022174773813154424
2025-08-29 13:00:00,LEVEL,109785.92,5,1,-1,0.022321016570092514
2025-08-29 07:00:00,LEVEL,110422.35714285714,7,1,-1,0.02677899696532364
2025-08-29 07:00:00,LEVEL,110760.7,3,1,-1,0.02686104993520315
2025-08-29 01:00:00,LEVEL,111674.73333333334,3,1,-1,0.027448625619597607
2025-08-29 13:00:00,CONTROL,109398.27583223555,5,1,-1,0.022242203076595624
2025-08-29 13:00:00,CONTROL,109433.76418958369,3,1,-1,0.022249418357138093
2025-08-29 12:00:00,CONTROL,111300.19221110118,5,-1,1,0.024191585333708528
2025-08-29 12:00:00,CONTROL,111279.31644126152,7,-1,1,0.02418704789349885
2025-08-29 13:00:00,CONTROL,109456.07920249752,3,1,-1,0.02225395531208652
2025-08-29 12:00:00,CONTROL,111295.36627561196,5,-1,1,0.024190536395446306
2025-08-30 01:00:00,LEVEL,107572.24285714286,7,1,1,0.020217614933535646
2025-08-30 01:00:00,LEVEL,107949.05999999998,5,1,1,0.02028843565542724
2025-08-30 03:00:00,LEVEL,108340.82500000001,12,-1,-1,0.02003042719635785
2025-08-31 11:00:00,LEVEL,108296.84545454546,11,1,1,0.0453391647091706
2025-08-31 04:00:00,LEVEL,108628.68333333333,6,1,-1,0.04659800352109528
2025-08-31 00:00:00,LEVEL,109029.22,5,-1,1,0.040568540365809605
2025-09-01 04:00:00,LEVEL,107234.025,8,1,1,0.03675820594946058
2025-09-01 02:00:00,LEVEL,107572.24285714286,7,1,1,0.037212169844101035
2025-09-01 00:00:00,LEVEL,107949.05999999998,5,1,-1,0.04031805037465859
2025-09-01 07:00:00,LEVEL,108294.71538461537,13,-1,-1,0.030521943053115574
2025-09-01 07:00:00,LEVEL,108628.68333333333,6,-1,-1,0.030616069074649803
2025-09-01 07:00:00,LEVEL,109057.09999999999,6,-1,-1,0.030736814662803064
2025-09-01 09:00:00,LEVEL,109785.92,5,-1,1,0.03136180539189427
2025-09-02 12:00:00,LEVEL,108452.75,8,1,1,0.02186258118570499
2025-09-02 12:00:00,LEVEL,108802.48000000001,5,1,1,0.021933081938503577
2025-09-02 12:00:00,LEVEL,109182.6,5,1,1,0.022009708896882318
2025-09-02 02:00:00,LEVEL,109644.16,5,-1,1,0.020749237829398665
2025-09-02 02:00:00,LEVEL,109896.93333333335,3,-1,1,0.020797073063033206
2025-09-02 06:00:00,LEVEL,110422.35714285714,7,-1,1,0.02158544296893337
2025-09-02 13:00:00,LEVEL,110760.7,3,-1,0,0.019868615217305974
2025-09-02 14:00:00,LEVEL,111554.56666666665,3,-1,1,0.019488492418783046
2025-09-02 13:00:00,CONTROL,111199.62911913855,5,-1,0,0.01994735175270016
2025-09-02 13:00:00,CONTROL,111172.61389367393,3,-1,0,0.019942505673542436
2025-09-02 13:00:00,CONTROL,111148.30768720213,7,-1,0,0.01993814554703745
2025-09-02 13:00:00,CONTROL,111194.67805564837,6,-1,0,0.019946463614801044
2025-09-03 00:00:00,LEVEL,111601.44999999998,4,-1,1,0.021491005813183774
2025-09-03 14:00:00,LEVEL,111943.59999999999,3,-1,1,0.027077738051144103
2025-09-03 17:00:00,LEVEL,112478.06666666665,6,-1,1,0.027429911546688262
2025-09-03 03:00:00,CONTROL,111100.84015224925,5,1,1,0.022582332182832027
2025-09-03 14:00:00,CONTROL,111182.23932673357,7,1,1,0.026893574553872705
2025-09-03 09:00:00,CONTROL,111233.53967501281,3,-1,-1,0.022933272789127077
2025-09-03 14:00:00,CONTROL,111186.13824532209,6,1,1,0.026894517652863825
2025-09-04 17:00:00,LEVEL,109644.16,5,-1,-1,0.029940548529687798
2025-09-04 14:00:00,LEVEL,109896.93333333335,3,1,1,0.028779425235620597
2025-09-04 13:00:00,LEVEL,110430.42499999999,8,1,-1,0.02758217892879997
2025-09-04 08:00:00,LEVEL,110760.7,3,-1,1,0.027414530463232938
2025-09-04 01:00:00,LEVEL,111627.73999999999,5,1,-1,0.028131769375556205
2025-09-04 00:00:00,LEVEL,111943.59999999999,3,-1,1,0.028086396637970242
2025-09-04 03:00:00,CONTROL,111164.40911183841,5,1,-1,0.027583151177287088
2025-09-04 22:00:00,CONTROL,111242.9553572315,3,-1,1,0.028560679814756296
2025-09-04 03:00:00,CONTROL,111171.47188461082,8,1,-1,0.027584903658415434
2025-09-04 03:00:00,CONTROL,111151.9278854869,3,1,-1,0.027580054218862338
2025-09-05 00:00:00,LEVEL,110408.95555555554,9,1,1,0.026765401871015424
2025-09-05 01:00:00,LEVEL,110760.7,3,-1,-1,0.02636021954811167
2025-09-05 05:00:00,LEVEL,111627.73999999999,5,-1,-1,0.02780224218178422
2025-09-05 14:00:00,LEVEL,111943.59999999999,3,1,-1,0.022593188354609196
2025-09-05 07:00:00,LEVEL,112487.08571428571,7,-1,-1,0.026372917346998582
2025-09-05 14:00:00,CONTROL,111189.38776973709,9,1,-1,0.02244096831721823
2025-09-05 07:00:00,CONTROL,112892.80348273151,5,-1,1,0.026468039032350156
2025-09-05 14:00:00,CONTROL,111182.69068048005,7,1,-1,0.022439616666931728
2025-09-05 07:00:00,CONTROL,112843.44013465299,10,-1,1,0.026456465654921275
2025-09-05 07:00:00,CONTROL,112907.29732949541,4,-1,1,0.026471437155968676
2025-09-06 16:00:00,LEVEL,109961.02500000001,4,1,1,0.04097003935449328
2025-09-06 15:00:00,LEVEL,110408.95555555554,9,1,-1,0.04166080911465926
2025-09-06 04:00:00,LEVEL,110760.7,3,1,0,0.023546380027370653
2025-09-06 02:00:00,CONTROL,111132.39063099108,4,-1,1,0.023619434261787076
2025-09-06 02:00:00,CONTROL,111119.03714893863,9,-1,1,0.023616596190098767
2025-09-07 07:00:00,LEVEL,110809.65,4,-1,-1,0.06388334234136876
2025-09-07 08:00:00,CONTROL,111200.74240462287,5,-1,1,0.058969951062226585
2025-09-07 08:00:00,CONTROL,111278.13178501597,5,-1,1,0.05901099078800388
2025-09-07 08:00:00,CONTROL,111284.52709764348,9,-1,1,0.059014382233641
2025-09-08 00:00:00,LEVEL,110811.22,5,1,1,0.04991496396396387
2025-09-08 02:00:00,LEVEL,111271.65,4,-1,-1,0.04660226683768278
2025-09-08 08:00:00,LEVEL,111648.28571428571,7,-1,-1,0.04389229640601917
2025-09-08 09:00:00,LEVEL,111943.59999999999,3,-1,-1,0.0432569579288026
2025-09-08 14:00:00,LEVEL,112487.08571428571,7,-1,1,0.03793950844627406
2025-09-08 15:00:00,CONTROL,112848.72196720552,7,-1,1,0.03752633381430507
2025-09-08 15:00:00,CONTROL,112849.41940727588,3,-1,1,0.03752656573867638
2025-09-08 15:00:00,CONTROL,112824.69821950878,4,-1,1,0.03751834503818228
2025-09-09 15:00:00,LEVEL,110902.7,5,1,1,0.0291630966957293
2025-09-09 00:00:00,LEVEL,111428.81666666667,6,1,1,0.03487156497445882
2025-09-09 00:00:00,LEVEL,111756.3142857143,7,1,-1,0.03497405510980472
2025-09-09 14:00:00,LEVEL,112222.86666666665,3,1,-1,0.031230219702174343
2025-09-09 06:00:00,LEVEL,112572.96666666666,6,-1,1,0.031744507206913485
2025-09-09 06:00:00,CONTROL,112971.66827189374,3,-1,1,0.0318569372720997
2025-09-09 06:00:00,CONTROL,112984.8640260561,10,-1,1,0.03186065834941969
2025-09-09 06:00:00,CONTROL,113068.69167155203,4,-1,1,0.031884296949124216
2025-09-10 00:00:00,LEVEL,111227.31999999999,5,1,1,0.029504979897706222
2025-09-10 07:00:00,LEVEL,112487.08571428571,7,-1,-1,0.031550967173209606
2025-09-10 08:00:00,LEVEL,112808.43333333333,3,-1,1,0.03090933107284645
2025-09-10 12:00:00,LEVEL,113396.1875,8,-1,-1,0.0294258490382432
2025-09-10 13:00:00,LEVEL,114095.73999999999,10,-1,1,0.028512351857058076
2025-09-11 13:00:00,LEVEL,113396.1875,8,1,1,0.03377682419413385
2025-09-11 01:00:00,LEVEL,114095.73999999999,10,-1,1,0.03207949601539362
2025-09-11 03:00:00,LEVEL,114419.38,5,-1,1,0.031865591199456894
2025-09-11 22:00:00,LEVEL,114833.72,5,-1,-1,0.03318444069174151
2025-09-11 22:00:00,CONTROL,115195.40021372813,5,-1,-1,0.03328895838568922
2025-09-11 22:00:00,CONTROL,115187.3266558619,4,-1,-1,0.03328662530354067
2025-09-12 00:00:00,LEVEL,115879.6,4,-1,1,0.03143643192010645
2025-09-12 18:00:00,LEVEL,116312.775,4,-1,1,0.03542071564522259
2025-09-13 01:00:00,LEVEL,115621.1142857143,7,1,0,0.036334560800004384
2025-09-13 01:00:00,LEVEL,115879.6,4,1,-1,0.03641579133440693
2025-09-13 16:00:00,CONTROL,115190.05316795889,6,1,1,0.042049277345395056
2025-09-13 16:00:00,CONTROL,115168.18713129878,4,1,1,0.04204129531036096
2025-09-13 16:00:00,CONTROL,115238.61627603241,5,1,1,0.04206700494898562
2025-09-13 16:00:00,CONTROL,115143.47833635812,10,1,1,0.04203227554743218
2025-09-14 23:00:00,LEVEL,115129.33333333333,3,1,1,0.048173788726746755
2025-09-14 14:00:00,LEVEL,115605.9875,8,-1,1,0.05317127703916659
2025-09-15 13:00:00,LEVEL,114421.68333333335,6,1,1,0.031753205389483084
2025-09-15 01:00:00,LEVEL,114791.68571428572,7,1,1,0.04610165718516998
2025-09-15 08:00:00,LEVEL,115122.125,4,1,-1,0.034107732760536344
2025-09-15 07:00:00,LEVEL,115583.77777777778,9,1,-1,0.037286593097392066
2025-09-15 04:00:00,LEVEL,115976.97142857143,7,-1,-1,0.04467794774957918
2025-09-15 05:00:00,LEVEL,116306.22,5,-1,1,0.04274441593641982
2025-09-16 13:00:00,LEVEL,114789.85,8,1,1,0.03673458872943637
2025-09-16 13:00:00,LEVEL,115122.125,4,1,1,0.0368409220461022
2025-09-16 06:00:00,LEVEL,115583.77777777778,9,1,-1,0.03150548466659473
2025-09-16 17:00:00,LEVEL,116306.22,5,-1,-1,0.034694648606825425
2025-09-16 17:00:00,LEVEL,116791.79090909091,11,-1,1,0.034839496509754486
2025-09-17 18:00:00,LEVEL,114798.42222222223,9,1,1,0.03241719991097061
2025-09-17 18:00:00,LEVEL,115122.125,4,1,1,0.03250860828972555
2025-09-17 14:00:00,LEVEL,115580.4,10,1,1,0.03448584881910313
2025-09-17 17:00:00,LEVEL,115984.08888888889,9,-1,1,0.03636292319281687
2025-09-17 18:00:00,LEVEL,116306.22,5,-1,1,0.03284297738283274
2025-09-17 05:00:00,LEVEL,116791.79090909091,11,-1,1,0.03517129811587414
2025-09-17 05:00:00,LEVEL,117152.575,12,-1,1,0.03527994654671039
2025-09-18 01:00:00,LEVEL,116791.79090909091,11,-1,-1,0.02664198252844951
2025-09-18 03:00:00,LEVEL,117161.33076923076,13,-1,0,0.02565828252736038
2025-09-18 03:00:00,LEVEL,117509.22222222222,9,-1,1,0.025734470610331975
2025-09-19 19:00:00,LEVEL,115122.125,4,1,1,0.04140804352224443
2025-09-19 15:00:00,LEVEL,115580.4,10,1,0,0.040790682901005834
2025-09-19 14:00:00,LEVEL,115996.4,10,1,-1,0.04137833366775917
2025-09-19 03:00:00,LEVEL,116801.96666666666,12,1,-1,0.040083895645210976
2025-09-21 17:00:00,LEVEL,115588.54545454546,11,-1,1,0.08059865454862435
2025-09-22 06:00:00,LEVEL,111748.3125,8,1,1,0.03514995969882254
2025-09-22 06:00:00,LEVEL,112222.86666666665,3,1,1,0.03529922870754463
2025-09-22 06:00:00,LEVEL,112572.96666666666,6,1,1,0.03540935118380626
2025-09-22 06:00:00,LEVEL,112958.76666666666,3,1,-1,0.035530702944279645
2025-09-22 06:00:00,LEVEL,113390.02222222222,9,1,-1,0.035666352557759684
2025-09-22 05:00:00,LEVEL,114095.73999999999,10,1,-1,0.0449289797324738
2025-09-22 00:00:00,LEVEL,114454.65555555557,9,1,-1,0.057909574957748976
2025-09-22 00:00:00,LEVEL,114798.42222222223,9,1,-1,0.058083507433057034
2025-09-22 05:00:00,CONTROL,113741.04276841697,9,1,-1,0.04478930593984176
2025-09-23 03:00:00,LEVEL,111434.58571428573,7,1,1,0.02464634229907559
2025-09-23 02:00:00,LEVEL,111748.3125,8,1,1,0.025665482419309757
2025-09-23 03:00:00,LEVEL,112222.86666666665,3,-1,-1,0.024820688908395203
2025-09-23 14:00:00,LEVEL,112572.96666666666,6,1,-1,0.03147958590395638
2025-09-23 06:00:00,LEVEL,112958.76666666666,3,-1,1,0.028348879146504444
2025-09-24 03:00:00,LEVEL,111761.42222222223,9,1,-1,0.03226718314546804
2025-09-24 00:00:00,LEVEL,112222.86666666665,3,-1,1,0.030415534419139065
2025-09-24 05:00:00,LEVEL,112572.96666666666,6,-1,-1,0.030217128157810007
2025-09-24 14:00:00,LEVEL,113379.86363636363,11,-1,1,0.030299774818890745
2025-09-24 14:00:00,CONTROL,113720.13156647136,6,-1,1,0.0303907084408734
2025-09-24 14:00:00,CONTROL,113742.4133057622,9,-1,1,0.030396663040406616
2025-09-25 17:00:00,LEVEL,108628.68333333333,6,1,1,0.022714825342682033
2025-09-25 17:00:00,LEVEL,109088.51999999999,5,1,0,0.022810979592636834
2025-09-25 17:00:00,LEVEL,109353.0,3,1,0,0.02286628374272211
2025-09-25 17:00:00,LEVEL,109781.25714285715,7,1,-1,0.022955834549224164
2025-09-25 17:00:00,LEVEL,110282.40000000001,4,1,-1,0.023060626139460073
2025-09-25 13:00:00,LEVEL,110582.78571428572,7,1,1,0.02650673515248794
2025-09-25 15:00:00,LEVEL,110934.75714285715,7,1,-1,0.02708884773074868
2025-09-25 13:00:00,LEVEL,111428.96666666666,9,-1,1,0.026709565043695354
2025-09-25 04:00:00,LEVEL,111761.42222222223,9,1,-1,0.03143200983565882
2025-09-25 03:00:00,LEVEL,112222.86666666665,3,1,-1,0.030575313603287475
2025-09-25 01:00:00,LEVEL,112572.96666666666,6,1,-1,0.03129444565100918
2025-09-25 00:00:00,LEVEL,112958.76666666666,3,1,-1,0.03301047966076394
2025-09-26 11:00:00,LEVEL,108620.88571428573,7,1,1,0.02063785219779568
2025-09-26 10:00:00,LEVEL,109088.51999999999,5,1,1,0.020912330779322717
2025-09-26 00:00:00,LEVEL,109353.0,3,-1,0,0.019642854737125737
2025-09-26 17:00:00,LEVEL,109781.25714285715,7,-1,0,0.023548418901552688
2025-09-27 01:00:00,LEVEL,109353.0,3,1,0,0.02808581541499114
2025-09-28 16:00:00,LEVEL,110275.92,5,-1,-1,0.07004008177361427
2025-09-28 20:00:00,LEVEL,110582.78571428572,7,-1,-1,0.05885389253995205
2025-09-28 22:00:00,LEVEL,111428.96666666666,9,-1,-1,0.04995624547590039
2025-09-28 22:00:00,LEVEL,111761.42222222223,9,-1,-1,0.05010529317722964
2025-09-28 23:00:00,LEVEL,112222.86666666665,3,-1,1,0.04900294379855542
2025-09-29 01:00:00,LEVEL,111761.42222222223,9,1,1,0.046381852634794586
2025-09-29 08:00:00,LEVEL,112222.86666666665,3,-1,-1,0.040422009357541346
2025-09-29 13:00:00,LEVEL,112572.96666666666,6,-1,-1,0.034255752504120704
2025-09-29 13:00:00,LEVEL,112958.76666666666,3,-1,-1,0.03437315075440599
2025-09-29 13:00:00,LEVEL,113379.86363636363,11,-1,-1,0.034501289809467824
2025-09-29 14:00:00,LEVEL,114061.42,10,-1,-1,0.03264669183019983
2025-09-29 23:00:00,LEVEL,114357.51428571428,7,-1,1,0.03440132039617257
2025-09-30 09:00:00,LEVEL,112958.76666666666,3,1,1,0.03155823758803341
2025-09-30 08:00:00,LEVEL,113379.86363636363,11,1,-1,0.03304933172129396
2025-09-30 04:00:00,LEVEL,114061.42,10,1,-1,0.03349729210833043
2025-09-30 19:00:00,LEVEL,114357.51428571428,7,-1,-1,0.03259557894629695
2025-09-30 00:00:00,LEVEL,114731.88181818182,11,-1,1,0.033078539865230704
2025-10-01 08:00:00,LEVEL,114737.55833333335,12,-1,-1,0.025935619192932358
2025-10-01 08:00:00,LEVEL,115117.1,8,-1,-1,0.026021411920941432
2025-10-01 08:00:00,LEVEL,115542.08333333336,12,-1,-1,0.02611747641853738
2025-10-01 08:00:00,LEVEL,115862.225,8,-1,-1,0.02618984219374705
2025-10-01 08:00:00,LEVEL,116187.99090909092,11,-1,-1,0.026263479289454418
2025-10-01 11:00:00,LEVEL,116691.725,8,-1,-1,0.026366170053521213
2025-10-01 17:00:00,LEVEL,116987.27272727272,11,1,1,0.025565051335569067
2025-10-01 14:00:00,LEVEL,117341.79230769232,13,-1,-1,0.026768972808872384
2025-10-01 16:00:00,LEVEL,117791.3923076923,13,-1,1,0.026196786001641215
2025-10-01 16:00:00,LEVEL,118096.29999999999,9,-1,1,0.026264597421551877
2025-10-01 23:00:00,LEVEL,118427.8125,8,-1,-1,0.026388209980990545
2025-10-02 04:00:00,LEVEL,118427.8125,8,1,1,0.025008347796247762
2025-10-02 00:00:00,LEVEL,118814.625,8,-1,-1,0.02517142346421973
2025-10-02 00:00:00,LEVEL,119208.11249999999,8,-1,1,0.02525478559653616
2025-10-02 13:00:00,LEVEL,119641.5,5,-1,1,0.028959682909487004
2025-10-02 16:00:00,LEVEL,120223.36666666665,3,-1,1,0.027043834589285033
2025-10-02 19:00:00,CONTROL,120846.37842305611,8,-1,1,0.027127152584548942
2025-10-03 08:00:00,LEVEL,119208.11249999999,8,1,1,0.027570936266786156
2025-10-03 07:00:00,LEVEL,119610.75,6,1,1,0.028739630575161438
2025-10-03 00:00:00,LEVEL,120223.36666666665,3,1,-1,0.02847187138441343
2025-10-03 13:00:00,CONTROL,120590.06431955022,8,-1,-1,0.02923749892582138
2025-10-03 14:00:00,CONTROL,120835.7266422259,8,-1,-1,0.02935577932395406
2025-10-03 14:00:00,CONTROL,120815.44929407715,6,-1,-1,0.029350853153738754
2025-10-03 15:00:00,CONTROL,121122.96243954067,3,-1,-1,0.02857895325290371
2025-10-04 03:00:00,CONTROL,122177.5709709891,3,-1,-1,0.02489228767299738
2025-10-06 00:00:00,CONTROL,123727.9479201901,3,-1,-1,0.02191390249589637
2025-10-07 16:00:00,LEVEL,120932.2,3,1,1,0.021200948879916384
2025-10-07 15:00:00,LEVEL,122360.66666666667,3,1,-1,0.02217042728557877
2025-10-07 08:00:00,LEVEL,123313.3,3,1,1,0.02566654264937373
2025-10-07 18:00:00,CONTROL,120560.33927935999,9,1,1,0.021669264573878105
2025-10-07 15:00:00,CONTROL,121295.75849373259,6,1,1,0.02197747746063077
2025-10-07 15:00:00,CONTROL,121492.26060438265,3,1,1,0.022013081514403197
2025-10-07 02:00:00,CONTROL,124131.7783695136,3,1,1,0.026071429372891926
2025-10-08 08:00:00,LEVEL,122360.66666666667,3,-1,-1,0.019526839250419335
2025-10-08 14:00:00,LEVEL,123300.375,4,-1,1,0.020561414114042106
2025-10-08 03:00:00,CONTROL,121311.3540448306,6,1,1,0.020876831603984975
2025-10-08 03:00:00,CONTROL,121379.05518585042,3,1,1,0.02088848249463406
2025-10-08 00:00:00,CONTROL,121736.17112992391,3,-1,-1,0.021024678069771315
2025-10-08 00:00:00,CONTROL,121575.84559599518,3,-1,-1,0.020996988742056067
2025-10-09 16:00:00,LEVEL,120362.03333333333,3,1,1,0.020353342211136705
2025-10-09 14:00:00,LEVEL,120950.47499999999,4,1,-1,0.0217800016881911
2025-10-09 01:00:00,LEVEL,122334.35,4,1,-1,0.022339328227895777
2025-10-09 12:00:00,LEVEL,123300.375,4,-1,1,0.023312744095907192
2025-10-09 02:00:00,CONTROL,121530.2000313858,3,1,1,0.021399694057141597
2025-10-09 11:00:00,CONTROL,122721.18763075877,4,-1,1,0.024010601898947655
2025-10-10 21:00:00,LEVEL,107297.5,3,1,1,0.010050640766695363
2025-10-10 21:00:00,LEVEL,108263.5,4,1,1,0.01014112674242292
2025-10-10 21:00:00,LEVEL,108664.46,5,1,1,0.010178684979304622
2025-10-10 21:00:00,LEVEL,109153.8,5,1,1,0.010224521839928353
2025-10-10 21:00:00,LEVEL,109788.14000000001,5,1,1,0.010283940963989449
2025-10-10 21:00:00,LEVEL,110236.85,4,1,1,0.010325971980727247
2025-10-10 21:00:00,LEVEL,110599.25,6,1,1,0.01035991827224243
2025-10-10 21:00:00,LEVEL,110934.75714285715,7,1,1,0.010391345488790045
2025-10-10 21:00:00,LEVEL,111423.71111111112,9,1,1,0.01043714618951812
2025-10-10 21:00:00,LEVEL,111761.42222222223,9,1,1,0.010468779853496306
2025-10-10 21:00:00,LEVEL,112480.54444444444,9,1,1,0.01053614059464035
2025-10-10 20:00:00,LEVEL,112792.225,4,1,-1,0.017136792327414337
2025-10-10 20:00:00,LEVEL,113306.0,9,1,-1,0.01721485139113098
2025-10-10 20:00:00,LEVEL,113511.83333333333,3,1,-1,0.01724612414142377
2025-10-10 20:00:00,LEVEL,114061.42,10,1,-1,0.017329624157250062
2025-10-10 20:00:00,LEVEL,114357.51428571428,7,1,-1,0.01737461046976956
2025-10-10 20:00:00,LEVEL,114736.20769230771,13,1,-1,0.017432146264143265
2025-10-10 20:00:00,LEVEL,115117.1,8,1,-1,0.017490016142816485
2025-10-10 20:00:00,LEVEL,115542.08333333336,12,1,-1,0.017554584876396714
2025-10-10 19:00:00,LEVEL,115862.225,8,1,-1,0.021729344882960445
2025-10-10 19:00:00,LEVEL,116187.99090909092,11,1,-1,0.02179044054886663
2025-10-10 19:00:00,LEVEL,116703.24285714286,7,1,-1,0.021887073314902653
2025-10-10 20:00:00,LEVEL,116987.27272727272,11,-1,1,0.01777415595514545
2025-10-10 18:00:00,LEVEL,117328.60833333334,12,1,-1,0.023366850679728116
2025-10-10 17:00:00,LEVEL,117791.3923076923,13,1,-1,0.023358997018226756
2025-10-10 15:00:00,LEVEL,118431.2111111111,9,1,-1,0.021961954286317725
2025-10-10 15:00:00,LEVEL,118804.8857142857,7,1,-1,0.022031248727165578
2025-10-10 15:00:00,LEVEL,119207.2111111111,9,1,-1,0.022105856188242828
2025-10-10 15:00:00,LEVEL,119605.32857142856,7,1,-1,0.022179683327069218
2025-10-10 02:00:00,LEVEL,120976.67999999998,5,1,1,0.02198676541414876
2025-10-10 03:00:00,LEVEL,121493.39999999998,3,-1,1,0.02188060017334337
2025-10-10 13:00:00,LEVEL,122334.35,4,-1,1,0.023813487438408686
2025-10-10 21:00:00,CONTROL,105838.20290915406,3,1,1,0.009913947266548798
2025-10-10 21:00:00,CONTROL,106968.50588200601,4,1,1,0.010019823630281994
2025-10-10 21:00:00,CONTROL,107804.39628571554,5,1,1,0.010098122138336819
2025-10-10 21:00:00,CONTROL,107627.29848553042,5,1,1,0.010081533248845148
2025-10-10 21:00:00,CONTROL,112135.73755230456,6,1,1,0.01050384226330198
2025-10-10 21:00:00,CONTROL,112097.11312766859,9,1,1,0.010500224283229413
2025-10-10 21:00:00,CONTROL,112122.08683105661,3,1,1,0.010502563589563363
2025-10-10 15:00:00,CONTROL,119981.8430914106,7,1,-1,0.022249504403780342
2025-10-10 13:00:00,CONTROL,121888.61078961707,3,-1,1,0.02372672027050155
2025-10-10 13:00:00,CONTROL,121955.42539491225,5,-1,1,0.02373972633759472
2025-10-11 20:00:00,LEVEL,109788.14000000001,5,1,1,0.008695659818820858
2025-10-11 07:00:00,LEVEL,110236.85,4,1,0,0.0076283693280482035
2025-10-11 07:00:00,LEVEL,110599.25,6,1,0,0.0076534473400240955
2025-10-11 07:00:00,LEVEL,110934.75714285715,7,1,0,0.007676664371333615
2025-10-11 01:00:00,LEVEL,111423.71111111112,9,1,0,0.008705955150128088
2025-10-11 00:00:00,LEVEL,111761.42222222223,9,1,0,0.008971709169502101
2025-10-11 00:00:00,LEVEL,112480.54444444444,9,1,-1,0.009029437098395807
2025-10-11 02:00:00,LEVEL,112792.225,4,-1,1,0.008505038432718007
2025-10-11 00:00:00,CONTROL,112135.81598099433,9,1,-1,0.009001763832835763
2025-10-11 00:00:00,CONTROL,112141.25993706286,9,1,-1,0.009002200849380535
2025-10-12 00:00:00,LEVEL,109827.11666666668,6,1,1,0.014771388062294426
2025-10-12 00:00:00,LEVEL,110236.85,4,1,1,0.014826495855819528
2025-10-12 02:00:00,LEVEL,110599.25,6,-1,-1,0.016180199785128146
2025-10-12 03:00:00,LEVEL,110934.75714285715,7,-1,-1,0.016285943408715878
2025-10-12 03:00:00,LEVEL,111423.71111111112,9,-1,-1,0.016357725029386816
2025-10-12 04:00:00,LEVEL,111761.42222222223,9,-1,-1,0.016370502742379143
2025-10-12 14:00:00,LEVEL,112479.10999999999,10,-1,-1,0.01744284720135694
2025-10-12 14:00:00,LEVEL,112792.225,4,-1,-1,0.017491403925369544
2025-10-12 15:00:00,LEVEL,113306.0,9,-1,-1,0.01669002913787787
2025-10-12 15:00:00,LEVEL,113511.83333333333,3,-1,-1,0.016720348488405465
2025-10-12 16:00:00,LEVEL,114061.42,10,-1,-1,0.016174264684377285
2025-10-12 16:00:00,LEVEL,114357.51428571428,7,-1,-1,0.0162162517764955
2025-10-12 20:00:00,LEVEL,114736.20769230771,13,-1,0,0.016393155508815264
2025-10-12 20:00:00,LEVEL,115117.1,8,-1,1,0.016447576227067134
2025-10-12 21:00:00,LEVEL,115542.08333333336,12,-1,1,0.0165513063278824
2025-10-12 06:00:00,CONTROL,112097.0612411,6,-1,-1,0.01679309551096508
2025-10-12 12:00:00,CONTROL,112140.83818319987,9,-1,-1,0.018632592159955975
2025-10-12 12:00:00,CONTROL,112114.8599316112,4,-1,-1,0.01862827578266896
2025-10-12 06:00:00,CONTROL,112102.47155064798,9,-1,-1,0.016793906021463547
2025-10-13 11:00:00,LEVEL,114061.42,10,1,1,0.01703450074439139
2025-10-13 04:00:00,LEVEL,114357.51428571428,7,1,1,0.017104904890333568
2025-10-13 03:00:00,LEVEL,114736.20769230771,13,1,-1,0.01658262339620543
2025-10-13 02:00:00,LEVEL,115117.1,8,1,-1,0.01629443102700884
2025-10-13 00:00:00,LEVEL,115542.08333333336,12,-1,1,0.016246074709411314
2025-10-14 13:00:00,LEVEL,109827.11666666668,6,1,1,0.01732775737136981
2025-10-14 10:00:00,LEVEL,110236.85,4,1,1,0.01723890162195976
2025-10-14 10:00:00,LEVEL,110599.25,6,1,1,0.017295573941132507
2025-10-14 10:00:00,LEVEL,110934.75714285715,7,1,1,0.01734804073993145
2025-10-14 06:00:00,LEVEL,111423.71111111112,9,1,-1,0.019174825251710482
2025-10-14 06:00:00,LEVEL,111761.42222222223,9,1,-1,0.019232941710734714
2025-10-14 15:00:00,LEVEL,112260.45,4,-1,-1,0.017137773537199186
2025-10-14 05:00:00,LEVEL,112584.76666666666,9,1,-1,0.019783166950378024
2025-10-14 04:00:00,LEVEL,112958.76666666666,3,1,-1,0.021063467145274087
2025-10-14 05:00:00,LEVEL,113379.86363636363,11,-1,1,0.01992287977795643
2025-10-14 02:00:00,LEVEL,113810.76666666666,3,1,-1,0.020781898207852628
2025-10-14 01:00:00,LEVEL,114146.64545454545,11,1,-1,0.020492884138112573
2025-10-14 01:00:00,LEVEL,114520.62,10,1,-1,0.020560024236711924
2025-10-14 00:00:00,LEVEL,114838.9,10,1,-1,0.020821122291723372
2025-10-15 17:00:00,LEVEL,110236.85,4,1,1,0.017470614862689797
2025-10-15 15:00:00,LEVEL,110599.25,6,1,1,0.016859481140614183
2025-10-15 13:00:00,LEVEL,110934.75714285715,7,1,-1,0.01655989806580944
2025-10-15 12:00:00,LEVEL,111423.71111111112,9,1,-1,0.016466963882525887
2025-10-15 03:00:00,LEVEL,111761.42222222223,9,1,1,0.01488118534299423
2025-10-15 03:00:00,LEVEL,112260.45,4,1,-1,0.014947631570187437
2025-10-15 00:00:00,LEVEL,112584.76666666666,9,1,-1,0.015477031907368145
2025-10-15 02:00:00,LEVEL,112958.76666666666,3,-1,1,0.0154475507520752
2025-10-15 02:00:00,LEVEL,113379.86363636363,11,-1,1,0.01550513740075148
2025-10-16 15:00:00,LEVEL,108263.5,4,1,-1,0.015746917143545446
2025-10-16 15:00:00,LEVEL,108664.46,5,1,-1,0.0158052367424673
2025-10-16 15:00:00,LEVEL,109153.8,5,1,-1,0.015876411205098032
2025-10-16 09:00:00,LEVEL,109430.3,3,1,1,0.016468221108174478
2025-10-16 09:00:00,LEVEL,109823.52857142859,7,1,1,0.016527398274465144
2025-10-16 09:00:00,LEVEL,110208.86000000002,5,1,1,0.016585386995739262
2025-10-16 07:00:00,LEVEL,110599.25,6,1,1,0.017450353525890746
2025-10-16 01:00:00,LEVEL,110934.75714285715,7,-1,1,0.017954057861904266
2025-10-16 05:00:00,LEVEL,111423.71111111112,9,-1,1,0.018407064084517567
2025-10-16 03:00:00,LEVEL,111754.56000000001,10,-1,1,0.01888184502312619
2025-10-16 16:00:00,CONTROL,107678.86560659595,5,1,1,0.01487334927293909
2025-10-16 16:00:00,CONTROL,107670.17355134562,5,1,1,0.014872148666182049
2025-10-16 16:00:00,CONTROL,107895.65422135998,3,1,-1,0.014903293615012327
2025-10-17 06:00:00,LEVEL,107297.5,3,1,-1,0.013888351811926916
2025-10-17 05:00:00,LEVEL,108263.5,4,1,-1,0.014618288303873989
2025-10-17 00:00:00,LEVEL,108664.46,5,-1,1,0.014088025151524994
2025-10-17 03:00:00,LEVEL,109153.8,5,-1,1,0.014387484708063048
2025-10-17 07:00:00,CONTROL,106265.77598225248,3,1,-1,0.013653136669418649
2025-10-17 06:00:00,CONTROL,106823.71069277269,4,1,-1,0.013827025568691965
2025-10-17 06:00:00,CONTROL,107799.27596859998,5,1,-1,0.013953300586900115
2025-10-17 06:00:00,CONTROL,107769.21319328145,5,1,-1,0.013949409327550488
2025-10-17 06:00:00,CONTROL,107792.19449592807,4,1,-1,0.013952383976691917
2025-10-18 07:00:00,LEVEL,107349.5,5,-1,0,0.01594615270350565
2025-10-18 02:00:00,CONTROL,106856.29543032167,4,1,0,0.014524191913325072
2025-10-19 09:00:00,LEVEL,107366.68333333333,6,-1,-1,0.03139921830970905
2025-10-19 14:00:00,LEVEL,108263.5,4,-1,-1,0.027670961094559965
2025-10-19 16:00:00,LEVEL,108664.46,5,-1,1,0.027561012634148653
2025-10-19 17:00:00,LEVEL,109161.46666666667,6,-1,1,0.02671495165332131
2025-10-19 08:00:00,CONTROL,106502.91770076967,6,1,1,0.037441289386703
2025-10-19 00:00:00,CONTROL,106748.19975180551,4,1,-1,0.03352447045025015
2025-10-19 09:00:00,CONTROL,107936.10989985672,5,-1,1,0.03156574621686352
2025-10-19 09:00:00,CONTROL,107926.32074328492,6,-1,1,0.031562883393362565
2025-10-20 00:00:00,LEVEL,108263.5,4,1,1,0.02329249139414801
2025-10-20 02:00:00,LEVEL,108664.46,5,-1,-1,0.02178736040100249
2025-10-20 03:00:00,LEVEL,109161.46666666667,6,-1,-1,0.020227494489289316
2025-10-20 03:00:00,LEVEL,109418.86000000002,5,-1,-1,0.020275189178547003
2025-10-20 03:00:00,LEVEL,109823.52857142859,7,-1,-1,0.020350173800396713
2025-10-20 03:00:00,LEVEL,110224.05,6,-1,-1,0.020424389961434652
2025-10-20 05:00:00,LEVEL,110599.25,6,-1,1,0.019639830414419218
2025-10-20 05:00:00,LEVEL,110934.75714285715,7,-1,1,0.019699408606753625
2025-10-20 08:00:00,LEVEL,111423.71111111112,9,-1,1,0.019861845361220352
2025-10-20 00:00:00,CONTROL,107779.90605898989,5,1,1,0.023188447947286972
2025-10-20 00:00:00,CONTROL,107684.21848033679,6,1,1,0.02316786111883321
2025-10-20 00:00:00,CONTROL,107819.10647648286,5,1,1,0.023196881772048802
2025-10-21 04:00:00,LEVEL,108263.5,4,1,1,0.021198910815358726
2025-10-21 04:00:00,LEVEL,108664.46,5,1,-1,0.021277422181428793
2025-10-21 03:00:00,LEVEL,109161.46666666667,6,1,-1,0.02247161065651109
2025-10-21 01:00:00,LEVEL,109418.86000000002,5,1,-1,0.02013712787126606
2025-10-21 01:00:00,LEVEL,109820.5875,8,1,-1,0.020211060628716682
2025-10-21 00:00:00,LEVEL,110224.05,6,1,-1,0.021108768066070184
2025-10-21 14:00:00,LEVEL,110599.25,6,-1,-1,0.016492427560882403
2025-10-21 14:00:00,LEVEL,110934.75714285715,7,-1,-1,0.016542457983780665
2025-10-21 14:00:00,LEVEL,111423.71111111112,9,-1,-1,0.01661537021331237
2025-10-21 14:00:00,LEVEL,111759.43571428572,14,-1,-1,0.016665433063632447
2025-10-21 14:00:00,LEVEL,112260.45,4,-1,-1,0.01674014371324454
2025-10-21 15:00:00,LEVEL,112584.76666666666,9,-1,1,0.015952994174161142
2025-10-21 15:00:00,LEVEL,112958.76666666666,3,-1,1,0.016005989086330753
2025-10-21 15:00:00,LEVEL,113402.50000000001,13,-1,1,0.016068865046295275
2025-10-21 16:00:00,LEVEL,113810.76666666666,3,-1,1,0.01589098900587449
2025-10-21 04:00:00,CONTROL,107937.63424110299,6,1,1,0.021135103538107974
2025-10-21 04:00:00,CONTROL,107881.97179096249,5,1,1,0.021124204358640354
2025-10-22 11:00:00,LEVEL,107360.9,10,1,1,0.012953971916806202
2025-10-22 01:00:00,LEVEL,108263.5,4,-1,1,0.012696645190609174
2025-10-22 13:00:00,LEVEL,108664.46,5,-1,1,0.013009374572092398
2025-10-22 11:00:00,CONTROL,106996.56381488539,4,1,1,0.012910011772002544
2025-10-22 00:00:00,CONTROL,107916.9521108319,5,1,0,0.012380899767129597
2025-10-22 00:00:00,CONTROL,107856.08503089038,6,1,0,0.012373916719507015
2025-10-22 00:00:00,CONTROL,107924.41800185831,5,1,0,0.012381756300293872
2025-10-23 01:00:00,LEVEL,108263.5,4,-1,-1,0.01758211151880559
2025-10-23 04:00:00,LEVEL,108664.46,5,-1,-1,0.01764328809104613
2025-10-23 06:00:00,LEVEL,109161.25714285715,7,-1,-1,0.017119977595429506
2025-10-23 06:00:00,LEVEL,109418.86000000002,5,-1,-1,0.01716037796510492
2025-10-23 06:00:00,LEVEL,109820.5875,8,-1,-1,0.01722338168986477
2025-10-23 06:00:00,LEVEL,110224.05,6,-1,1,0.017286657518133738
2025-10-23 17:00:00,LEVEL,110599.25,6,-1,1,0.019280023097833523
2025-10-23 17:00:00,LEVEL,110934.75714285715,7,-1,1,0.019338509800625577
2025-10-23 00:00:00,CONTROL,107769.44416535705,5,-1,-1,0.017720683486416082
2025-10-23 00:00:00,CONTROL,107901.2759144241,7,-1,-1,0.017742360769033343
2025-10-23 00:00:00,CONTROL,107904.88466958086,5,-1,-1,0.017742954161793306
2025-10-24 14:00:00,LEVEL,109820.5875,8,1,1,0.019856925397928573
2025-10-24 03:00:00,LEVEL,110231.45714285715,7,1,1,0.020186600827351745
2025-10-24 00:00:00,LEVEL,110599.25,6,-1,-1,0.020249666718160926
2025-10-24 04:00:00,LEVEL,110934.75714285715,7,-1,-1,0.01962361652057181
2025-10-24 04:00:00,LEVEL,111405.34,10,-1,1,0.01970685948037596
2025-10-24 12:00:00,LEVEL,111759.43571428572,14,-1,1,0.020516200135714115
2025-10-25 04:00:00,LEVEL,111405.34,10,-1,0,0.02699794677612343
2025-10-25 07:00:00,LEVEL,111759.43571428572,14,-1,0,0.028078276055061566
2025-10-26 09:00:00,LEVEL,112225.56000000001,5,-1,-1,0.04949785563656902
2025-10-26 09:00:00,LEVEL,112584.76666666666,9,-1,1,0.04965628620916192
2025-10-26 11:00:00,LEVEL,112958.76666666666,3,-1,-1,0.0442097861272147
2025-10-26 11:00:00,LEVEL,113402.50000000001,13,-1,-1,0.04438345441647704
2025-10-26 13:00:00,LEVEL,113843.075,4,-1,1,0.04191957102089651
2025-10-26 22:00:00,LEVEL,114146.64545454545,11,-1,-1,0.03162148549986109
2025-10-26 22:00:00,LEVEL,114504.32222222221,9,-1,-1,0.03172057094102924
2025-10-26 22:00:00,LEVEL,114838.1,9,-1,-1,0.03181303576220858
2025-10-26 22:00:00,LEVEL,115209.05,8,-1,1,0.031915798221845156
2025-10-27 20:00:00,LEVEL,114357.47499999999,8,1,1,0.022688709087414483
2025-10-27 00:00:00,LEVEL,114732.48181818183,11,-1,-1,0.029505351620404664
2025-10-27 00:00:00,LEVEL,115117.1,8,-1,-1,0.029604262534858077
2025-10-27 05:00:00,LEVEL,115526.31666666667,12,-1,-1,0.027296263370596267
2025-10-27 06:00:00,LEVEL,115863.6,9,-1,1,0.02613274315075738
2025-10-28 20:00:00,LEVEL,112479.10999999999,10,1,1,0.021839808744827223
2025-10-28 20:00:00,LEVEL,112793.77999999998,5,1,-1,0.021900907491232087
2025-10-28 20:00:00,LEVEL,113306.0,9,1,-1,0.022000364064415103
2025-10-28 02:00:00,LEVEL,113531.66666666667,6,1,1,0.02564148169060467
2025-10-28 02:00:00,LEVEL,114046.1833333333,12,1,1,0.025757686887579172
2025-10-28 01:00:00,LEVEL,114365.86666666665,9,-1,1,0.026412249719136867
2025-10-28 13:00:00,LEVEL,114732.48181818183,11,-1,-1,0.028694553440681895
2025-10-28 13:00:00,LEVEL,115117.1,8,-1,-1,0.028790746312983995
2025-10-28 14:00:00,LEVEL,115851.72,10,-1,1,0.026747485894864354
2025-10-29 18:00:00,LEVEL,109173.6,8,1,1,0.019058493129013095
2025-10-29 18:00:00,LEVEL,109457.38333333335,6,1,1,0.01910803333569733
2025-10-29 18:00:00,LEVEL,109820.5875,8,1,1,0.01917143807928777
2025-10-29 18:00:00,LEVEL,110231.45714285715,7,1,1,0.019243163810282383
2025-10-29 18:00:00,LEVEL,110599.25,6,1,-1,0.019307369603997683
2025-10-29 16:00:00,LEVEL,110954.7125,8,1,-1,0.022785209238450357
2025-10-29 15:00:00,LEVEL,111369.38999999998,10,1,-1,0.022312227140397576
2025-10-29 15:00:00,LEVEL,111725.30714285714,14,1,-1,0.02238353312613199
2025-10-29 15:00:00,LEVEL,112000.78,5,1,-1,0.02243872255439038
2025-10-29 00:00:00,LEVEL,112479.10999999999,10,1,1,0.021360257320214106
2025-10-29 01:00:00,LEVEL,112793.77999999998,5,-1,1,0.021029638416630744
2025-10-29 05:00:00,LEVEL,113317.6,10,-1,1,0.02176986696124107
2025-10-29 13:00:00,LEVEL,113531.66666666667,6,-1,1,0.021430672549806136
2025-10-30 13:00:00,LEVEL,107360.9,10,1,1,0.013282513956976936
2025-10-30 04:00:00,LEVEL,108263.5,4,1,1,0.016335110922507473
2025-10-30 04:00:00,LEVEL,108660.28333333334,6,1,1,0.016394978742799653
2025-10-30 04:00:00,LEVEL,109157.24444444444,9,1,1,0.016469961676791003
2025-10-30 04:00:00,LEVEL,109457.38333333335,6,1,1,0.016515247502966568
2025-10-30 04:00:00,LEVEL,109820.5875,8,1,-1,0.016570048801188193
2025-10-30 00:00:00,LEVEL,110231.45714285715,7,-1,1,0.018880604134153132
2025-10-30 03:00:00,LEVEL,110599.25,6,1,-1,0.018894953765989687
2025-10-30 02:00:00,LEVEL,110954.7125,8,-1,1,0.019096477649830298
2025-10-30 07:00:00,LEVEL,111369.38999999998,10,-1,1,0.014923371411342982
2025-10-30 17:00:00,CONTROL,106771.61278466343,4,1,1,0.012992112042304152
2025-10-30 04:00:00,CONTROL,107897.9950600628,6,1,1,0.016279962476940885
2025-10-30 13:00:00,CONTROL,107726.04698403856,9,1,1,0.013327689341235453
2025-10-30 04:00:00,CONTROL,107844.03373208702,6,1,1,0.01627182063524899
2025-10-31 00:00:00,LEVEL,108660.28333333334,6,-1,-1,0.01459127102024603
2025-10-31 00:00:00,LEVEL,109157.24444444444,9,-1,-1,0.014658004642102143
2025-10-31 00:00:00,LEVEL,109457.38333333335,6,-1,-1,0.014698308309064422
2025-10-31 01:00:00,LEVEL,109820.5875,8,-1,0,0.014500339581691482
2025-10-31 11:00:00,LEVEL,110231.45714285715,7,-1,1,0.016586525547317776
2025-10-31 12:00:00,LEVEL,110599.25,6,-1,1,0.016977559459277952
2025-10-31 14:00:00,LEVEL,110954.7125,8,-1,1,0.01674077419963223
2025-11-01 02:00:00,LEVEL,109457.38333333335,6,1,0,0.01935831956242597
2025-11-01 21:00:00,LEVEL,109820.5875,8,1,1,0.045324805571677396
2025-11-01 03:00:00,LEVEL,110231.45714285715,7,-1,0,0.019678258943016225
2025-11-02 22:00:00,LEVEL,109485.54285714286,7,1,1,0.03465829150273609
2025-11-02 16:00:00,LEVEL,109820.5875,8,1,1,0.03552663087981088
2025-11-02 02:00:00,LEVEL,110231.45714285715,7,-1,-1,0.0482182575158422
2025-11-02 04:00:00,LEVEL,110593.21428571429,7,-1,-1,0.048853987536483595
2025-11-02 07:00:00,LEVEL,110954.7125,8,-1,1,0.04512589824735345
2025-11-03 15:00:00,LEVEL,106205.36666666665,3,1,1,0.019030129141959118
2025-11-03 05:00:00,LEVEL,107360.9,10,1,1,0.024993443815565532
2025-11-03 03:00:00,LEVEL,108263.5,4,1,-1,0.02522246732918358
2025-11-03 02:00:00,LEVEL,108651.67142857144,7,1,-1,0.02758137909307063
2025-11-03 02:00:00,LEVEL,109157.24444444444,9,1,-1,0.027709719511829742
2025-11-03 00:00:00,LEVEL,109818.68888888888,9,1,-1,0.030452322742153013
2025-11-03 00:00:00,LEVEL,110231.45714285715,7,1,-1,0.030566781876702274
2025-11-03 06:00:00,CONTROL,106967.6747088063,3,1,1,0.02438965115024978
2025-11-03 10:00:00,CONTROL,106667.66999197275,10,1,1,0.022455760636188055
2025-11-03 10:00:00,CONTROL,106869.66813054106,4,1,1,0.022498285441023363
2025-11-03 07:00:00,CONTROL,107717.84516508176,9,-1,1,0.02461946321893165
2025-11-03 03:00:00,CONTROL,107902.3424144891,8,1,-1,0.025138327379881784
2025-11-04 00:00:00,LEVEL,106205.36666666665,3,1,-1,0.014877826807686022
2025-11-04 05:00:00,CONTROL,105211.67331916992,3,1,-1,0.01363529923623191
2025-11-04 01:00:00,CONTROL,106642.30441844078,10,-1,1,0.014611724911646402
2025-11-04 00:00:00,CONTROL,106774.133761851,5,-1,1,0.014957502803369199
2025-11-09 20:00:00,CONTROL,105017.15503784068,3,-1,1,0.02470537740276353
2025-11-10 00:00:00,LEVEL,106323.7,3,-1,1,0.020474427113421925
2025-11-11 21:00:00,LEVEL,102416.89999999998,3,1,1,0.018556412535741598
2025-11-11 12:00:00,LEVEL,104637.76666666666,3,1,-1,0.017856559849684754
2025-11-11 01:00:00,LEVEL,106323.7,3,-1,1,0.02076698141422773
2025-11-11 01:00:00,LEVEL,106608.0,3,-1,1,0.020822510452589496
2025-11-11 01:00:00,LEVEL,107352.8090909091,11,-1,1,0.02096798541770129
2025-11-11 14:00:00,CONTROL,103869.90178377343,3,1,-1,0.018980121612822795
2025-11-11 02:00:00,CONTROL,105791.10374552837,3,1,1,0.01936380147149417
2025-11-11 00:00:00,CONTROL,105402.01516541264,3,1,1,0.021277619973209216
2025-11-11 04:00:00,CONTROL,105875.80714296254,11,1,-1,0.018679467785743534
2025-11-12 16:00:00,LEVEL,101277.03333333333,3,1,1,0.019165942616083693
2025-11-12 15:00:00,LEVEL,102416.89999999998,3,1,-1,0.019908642380284194
2025-11-12 09:00:00,LEVEL,104637.76666666666,3,-1,1,0.022253884871685878
2025-11-12 19:00:00,CONTROL,100887.78732812293,3,1,1,0.01891941628281727
2025-11-12 09:00:00,CONTROL,104959.61572292638,3,-1,1,0.022322334266892115
2025-11-13 03:00:00,LEVEL,101277.03333333333,3,1,1,0.017671790845111383
2025-11-13 01:00:00,LEVEL,102412.67499999999,4,-1,1,0.019148931595215708
2025-11-13 17:00:00,CONTROL,100323.26518432911,3,1,-1,0.01512522666983209
2025-11-13 05:00:00,CONTROL,103110.75969752349,4,-1,1,0.016437723859516525
2025-11-13 05:00:00,CONTROL,103307.73601048741,3,-1,1,0.01646912545377172
2025-11-13 07:00:00,CONTROL,103870.1367523356,3,-1,1,0.015971114071357977
2025-11-24 14:00:00,LEVEL,85498.99999999999,3,1,1,0.014271091313101811
2025-11-24 00:00:00,CONTROL,86264.92305568463,3,1,1,0.016449920075453425
2025-11-26 01:00:00,LEVEL,88143.03333333333,3,-1,1,0.01694701875607094
2025-11-26 04:00:00,CONTROL,86890.77376366654,3,1,1,0.01674125464628374
2025-11-26 17:00:00,CONTROL,89130.88798297667,3,-1,-1,0.016415378417708373
2025-11-28 13:00:00,LEVEL,91860.63333333335,3,-1,-1,0.02452805536085796
2025-11-28 14:00:00,CONTROL,92888.38751155368,3,-1,1,0.023077681076775103
2025-11-30 13:00:00,LEVEL,91860.63333333335,3,-1,1,0.03418944691277625
2025-11-30 08:00:00,CONTROL,91199.33599472546,3,-1,-1,0.03906746565415741
2025-12-01 04:00:00,LEVEL,86014.23333333334,3,1,-1,0.01885269295926434
2025-12-01 00:00:00,LEVEL,88157.275,4,1,-1,0.022463671545285207
2025-12-01 00:00:00,LEVEL,90071.23333333334,3,1,-1,0.02295137413535916
2025-12-01 12:00:00,CONTROL,85225.50033661153,3,1,1,0.016735082661026822
2025-12-01 00:00:00,CONTROL,88884.17746306535,4,1,-1,0.022648896169977374
2025-12-02 14:00:00,LEVEL,88157.275,4,-1,-1,0.014722400647130965
2025-12-02 15:00:00,LEVEL,90071.23333333334,3,-1,-1,0.015295557006069155
2025-12-02 15:00:00,LEVEL,90363.26666666666,3,-1,-1,0.015345149004894594
2025-12-02 17:00:00,LEVEL,91879.07500000001,4,-1,1,0.015458830333717156
2025-12-02 01:00:00,CONTROL,87195.06280198993,3,-1,-1,0.014524416130925373
2025-12-02 14:00:00,CONTROL,88989.58616156997,4,-1,-1,0.014861397892494008
2025-12-02 15:00:00,CONTROL,91031.80784051618,3,-1,-1,0.015458678144633099
2025-12-02 15:00:00,CONTROL,89451.44275892837,3,-1,-1,0.0151903065091924
2025-12-02 15:00:00,CONTROL,90846.41555749302,4,-1,-1,0.015427195526614848
2025-12-03 01:00:00,LEVEL,91879.07500000001,4,-1,-1,0.015202879111446617
2025-12-03 03:00:00,LEVEL,93050.93333333333,3,-1,1,0.01544814457414612
2025-12-03 00:00:00,CONTROL,91032.49392484374,4,1,1,0.015069811671805391
2025-12-04 14:00:00,LEVEL,91762.46666666667,3,1,1,0.017060580848575
2025-12-04 13:00:00,LEVEL,92373.33333333333,3,1,-1,0.01623994828321897
2025-12-04 00:00:00,LEVEL,93050.93333333333,3,1,-1,0.015829279123628682
2025-12-04 02:00:00,LEVEL,93795.13333333335,3,-1,1,0.01613940026169097
2025-12-04 19:00:00,CONTROL,91019.22925393136,3,1,1,0.016500293657486204
2025-12-04 19:00:00,CONTROL,91122.44235211305,3,1,1,0.016519004499615457
2025-12-05 16:00:00,LEVEL,88157.275,4,1,1,0.016621393682647635
2025-12-05 14:00:00,LEVEL,90071.23333333334,3,1,1,0.01849049241184939
2025-12-05 13:00:00,LEVEL,90363.26666666666,3,1,1,0.01833577165660565
2025-12-05 04:00:00,LEVEL,91762.46666666667,3,1,-1,0.018780452903880536
2025-12-05 00:00:00,LEVEL,92373.33333333333,3,-1,1,0.018112640269284358
2025-12-05 16:00:00,CONTROL,88941.904865783,3,1,1,0.016769329764999796
2025-12-05 16:00:00,CONTROL,89451.32270096075,3,1,0,0.016865376681008164
2025-12-05 09:00:00,CONTROL,90976.352174293,3,1,-1,0.01876816878708438
2025-12-05 09:00:00,CONTROL,91196.30644979021,3,1,-1,0.018813544743245644
2025-12-06 14:00:00,LEVEL,90071.23333333334,3,-1,1,0.022026008854381593
2025-12-06 08:00:00,CONTROL,89301.55646521921,3,1,0,0.018324728634371203
2025-12-07 14:00:00,LEVEL,88121.08,5,1,1,0.029398498316287765
2025-12-07 13:00:00,LEVEL,89118.40000000001,3,1,-1,0.0321730705445685
2025-12-07 17:00:00,LEVEL,90192.55,4,-1,-1,0.02300977103131578
2025-12-07 17:00:00,LEVEL,90478.93333333333,3,-1,-1,0.023082832663647773
2025-12-07 21:00:00,CONTROL,89899.34369800538,3,1,-1,0.02021516006363787
2025-12-07 17:00:00,CONTROL,90925.44331666395,4,-1,-1,0.023196745536491863
2025-12-07 18:00:00,CONTROL,91337.54065068708,3,-1,1,0.0223377199212967
2025-12-07 17:00:00,CONTROL,91164.07569665348,3,-1,1,0.02325762502625257
2025-12-07 17:00:00,CONTROL,91230.12458219567,3,-1,1,0.02327447530638324
2025-12-08 00:00:00,LEVEL,89824.66666666667,3,1,1,0.017748512410132294
2025-12-08 15:00:00,LEVEL,90192.55,4,1,1,0.01581701082905872
2025-12-08 15:00:00,LEVEL,90478.93333333333,3,1,1,0.015867233694301975
2025-12-08 07:00:00,LEVEL,91752.35,4,-1,1,0.015941854984959883
2025-12-08 01:00:00,CONTROL,91270.9736093364,3,-1,1,0.016885908452569987
2025-12-08 01:00:00,CONTROL,91176.55883008505,4,-1,-1,0.016868440913264095
2025-12-08 01:00:00,CONTROL,91273.51040365726,3,-1,1,0.016886377781152456
2025-12-09 04:00:00,LEVEL,89687.26666666666,3,1,1,0.018832589870621322
2025-12-09 01:00:00,LEVEL,90071.23333333334,3,1,1,0.01927224228159797
2025-12-09 00:00:00,LEVEL,90336.775,4,1,1,0.01837163520813473
2025-12-09 15:00:00,LEVEL,91731.88,5,-1,-1,0.018449926210858433
2025-12-09 15:00:00,LEVEL,92345.65,4,-1,-1,0.018573373056278347
2025-12-09 16:00:00,LEVEL,93050.93333333333,3,-1,-1,0.017636852850006896
2025-12-09 16:00:00,LEVEL,93684.23333333334,3,-1,1,0.017756888388714472
2025-12-09 16:00:00,LEVEL,94024.23333333334,3,-1,1,0.01782133191178502
2025-12-09 15:00:00,CONTROL,91357.7737148475,3,-1,-1,0.018374682649338902
2025-12-09 05:00:00,CONTROL,89409.1650012309,4,1,1,0.01829366922875862
2025-12-09 12:00:00,CONTROL,90663.9661299754,5,-1,-1,0.019003759267944027
2025-12-09 15:00:00,CONTROL,91088.52434926531,4,-1,-1,0.01832052883795608
2025-12-09 16:00:00,CONTROL,94350.8119740428,3,-1,1,0.01788323155345239
2025-12-09 15:00:00,CONTROL,92745.98453159867,3,-1,-1,0.01865389187446516
2025-12-10 11:00:00,LEVEL,91731.88,5,1,1,0.01705558779610598
2025-12-10 00:00:00,LEVEL,92345.65,4,1,1,0.01670092008590484
2025-12-10 19:00:00,LEVEL,93050.93333333333,3,-1,-1,0.020494389611581457
2025-12-10 20:00:00,LEVEL,93684.23333333334,3,-1,1,0.019099620075475256
2025-12-10 20:00:00,LEVEL,94024.23333333334,3,-1,1,0.019168936657301315
2025-12-10 20:00:00,CONTROL,94410.85380396771,3,-1,1,0.019247757861678833
2025-12-10 10:00:00,CONTROL,92683.04304839655,3,1,-1,0.017659484108371645
2025-12-11 14:00:00,LEVEL,89237.36666666665,3,1,1,0.01645193771652873
2025-12-11 03:00:00,LEVEL,89687.26666666666,3,1,1,0.016485872279153848
2025-12-11 02:00:00,LEVEL,90071.23333333334,3,1,1,0.01704018697850773
2025-12-11 02:00:00,LEVEL,90336.775,4,1,-1,0.01709042365766853
2025-12-11 00:00:00,LEVEL,91632.35,4,1,-1,0.017943927887351534
2025-12-11 21:00:00,LEVEL,92345.65,4,-1,1,0.016683382450910604
2025-12-11 21:00:00,LEVEL,93050.93333333333,3,-1,1,0.01681080059769124
2025-12-11 01:00:00,CONTROL,90794.24387767007,3,1,-1,0.017448582417501603
2025-12-11 00:00:00,CONTROL,91344.77995482742,3,1,-1,0.017887614411235958
2025-12-11 00:00:00,CONTROL,91328.60565001145,4,1,-1,0.017884447073944643
2025-12-11 01:00:00,CONTROL,90673.06217269538,4,1,-1,0.01742529405827926
2025-12-11 21:00:00,CONTROL,92693.581010767,5,-1,1,0.01674624048612025
2025-12-11 21:00:00,CONTROL,93331.43004460208,4,-1,1,0.01686147579365682
2025-12-12 16:00:00,LEVEL,89687.26666666666,3,1,0,0.015371391641226133
2025-12-12 15:00:00,LEVEL,90071.23333333334,3,1,0,0.015525591400166258
2025-12-12 15:00:00,LEVEL,90368.36,5,1,0,0.015576807166288701
2025-12-12 00:00:00,LEVEL,91632.35,4,1,-1,0.0162484010572804
2025-12-12 00:00:00,LEVEL,91883.26000000001,5,1,-1,0.016292892836758742
2025-12-12 02:00:00,LEVEL,92345.65,4,-1,1,0.016353498359149697
2025-12-12 15:00:00,CONTROL,90768.79716709153,3,1,-1,0.01564583057817755
2025-12-12 15:00:00,CONTROL,90835.61473992348,3,1,-1,0.01565734793278399
2025-12-12 15:00:00,CONTROL,91026.53160363948,5,1,-1,0.015690256299948083
2025-12-12 15:00:00,CONTROL,91026.9620851534,4,1,-1,0.01569033050210834
2025-12-12 15:00:00,CONTROL,91293.53168396428,5,1,-1,0.015736279142064536
2025-12-12 15:00:00,CONTROL,91157.26544602944,4,1,-1,0.015712790911099776
2025-12-12 02:00:00,CONTROL,92646.90174838949,3,-1,1,0.01640684705476209
2025-12-14 22:00:00,LEVEL,88121.08,5,1,-1,0.02899435057991275
2025-12-14 11:00:00,LEVEL,88924.03333333333,3,1,1,0.043092483670028416
2025-12-14 11:00:00,LEVEL,89277.01666666666,6,1,-1,0.04326353898496719
2025-12-14 23:00:00,CONTROL,87690.67730657673,3,1,1,0.026526962496908304
2025-12-14 11:00:00,CONTROL,88639.64066652035,6,1,1,0.04295466731272741
2025-12-14 20:00:00,CONTROL,88406.21619104904,3,1,-1,0.03009637351979366
2025-12-15 17:00:00,LEVEL,85570.66666666666,3,1,1,0.017769955763219672
2025-12-15 16:00:00,LEVEL,86014.23333333334,3,1,-1,0.018444755082301933
2025-12-15 14:00:00,LEVEL,88121.08,5,1,-1,0.02109153204634358
2025-12-15 01:00:00,LEVEL,88924.03333333333,3,-1,-1,0.02470734010008302
2025-12-15 01:00:00,LEVEL,89277.01666666666,6,-1,1,0.02480541571518289
2025-12-15 02:00:00,LEVEL,89693.425,4,-1,1,0.023604503474649426
2025-12-15 18:00:00,CONTROL,85276.41352760493,3,1,1,0.01682789576400981
2025-12-15 15:00:00,CONTROL,87139.36369243443,5,1,-1,0.019007127439626896
2025-12-15 14:00:00,CONTROL,87811.90117721746,3,1,-1,0.02101753096682017
2025-12-15 00:00:00,CONTROL,88584.13378672536,6,-1,-1,0.026148126826879736
2025-12-15 00:00:00,CONTROL,88640.06084642823,4,-1,-1,0.026164635289373548
2025-12-16 03:00:00,LEVEL,85570.66666666666,3,1,1,0.017614041858839528
2025-12-16 00:00:00,LEVEL,86014.23333333334,3,1,1,0.017208224236740653
2025-12-16 15:00:00,LEVEL,88121.08,5,-1,1,0.015632706851532584
2025-12-16 10:00:00,CONTROL,86678.71332615238,3,-1,-1,0.015906357604955214
2025-12-16 10:00:00,CONTROL,86767.23310149611,3,-1,-1,0.015922601814723644
2025-12-16 10:00:00,CONTROL,87071.54269587164,5,-1,0,0.015978445482044162
2025-12-16 13:00:00,CONTROL,87686.67278096429,3,-1,1,0.015041482554132483
2025-12-17 19:00:00,LEVEL,85267.03333333333,3,1,1,0.013813879297833462
2025-12-17 19:00:00,LEVEL,85570.66666666666,3,1,1,0.013863070105270945
2025-12-17 18:00:00,LEVEL,86024.65,4,1,1,0.014204349867646338
2025-12-17 14:00:00,LEVEL,88124.88333333332,6,-1,-1,0.01741544706911631
2025-12-17 14:00:00,LEVEL,88924.03333333333,3,-1,-1,0.017573376974936907
2025-12-17 14:00:00,LEVEL,89277.01666666666,6,-1,-1,0.017643134372909222
2025-12-17 15:00:00,LEVEL,89993.44285714286,7,-1,1,0.0159045556143779
2025-12-17 05:00:00,CONTROL,86483.7315179374,3,1,1,0.017245763515195647
2025-12-17 04:00:00,CONTROL,86750.25956432744,4,1,1,0.017469169814538332
2025-12-17 00:00:00,CONTROL,87382.32608476291,6,1,-1,0.017394926498988557
2025-12-17 01:00:00,CONTROL,87675.21926231845,3,-1,1,0.01747965519506432
2025-12-17 14:00:00,CONTROL,88443.72930462711,6,-1,-1,0.017478458161173754
2025-12-17 14:00:00,CONTROL,88535.30272140284,4,-1,-1,0.0174965551155466
2025-12-18 19:00:00,LEVEL,85267.03333333333,3,1,1,0.014960440974354493
2025-12-18 17:00:00,LEVEL,85570.66666666666,3,1,1,0.01559809589995693
2025-12-18 17:00:00,LEVEL,86051.4,5,1,-1,0.01568572551566215
2025-12-18 13:00:00,LEVEL,88124.88333333332,6,-1,-1,0.014518177434329189
2025-12-18 13:00:00,LEVEL,88924.03333333333,3,-1,1,0.01464983379582199
2025-12-18 14:00:00,LEVEL,89277.01666666666,6,-1,1,0.015332778028237569
2025-12-18 19:00:00,CONTROL,85008.87081761454,3,1,1,0.014915145331628151
2025-12-18 19:00:00,CONTROL,85000.33777058369,5,1,1,0.014913648174503693
2025-12-18 08:00:00,CONTROL,87047.22007656623,6,-1,-1,0.01465742151667334
2025-12-18 13:00:00,CONTROL,87672.32973639824,3,-1,-1,0.014443621268461765
2025-12-18 13:00:00,CONTROL,88441.85677286703,4,-1,1,0.014570397380195253
2025-12-19 00:00:00,LEVEL,85265.6,4,1,1,0.014164750345228577
2025-12-19 02:00:00,LEVEL,85570.66666666666,3,-1,-1,0.014153781476408306
2025-12-19 03:00:00,LEVEL,86051.4,5,-1,-1,0.013187448756752623
2025-12-19 07:00:00,LEVEL,88124.88333333332,6,-1,0,0.012670211335211413
2025-12-19 15:00:00,LEVEL,88924.03333333333,3,-1,1,0.013973732998751046
2025-12-19 15:00:00,LEVEL,89277.01666666666,6,-1,1,0.01402920163493537
2025-12-19 03:00:00,CONTROL,87211.53868178691,5,-1,-1,0.013365240976481663
2025-12-19 03:00:00,CONTROL,87035.48074182557,6,-1,-1,0.013338259950473256
2025-12-19 07:00:00,CONTROL,87785.12381000303,3,-1,-1,0.012621362192938369
2025-12-19 14:00:00,CONTROL,88548.02444614591,6,-1,1,0.014141028073464868
2025-12-20 05:00:00,LEVEL,88447.73333333332,3,-1,0,0.019808568255834595
2025-12-20 13:00:00,CONTROL,87805.63031106649,3,1,1,0.02292107655874806
2025-12-20 13:00:00,CONTROL,87849.08567336293,3,1,1,0.0229324202924307
2025-12-21 13:00:00,LEVEL,87770.76666666666,3,1,1,0.04044444572443445
2025-12-21 01:00:00,LEVEL,88124.88333333332,6,1,1,0.052156474562896356
2025-12-21 08:00:00,LEVEL,88473.75,4,-1,-1,0.05163711971985155
2025-12-21 09:00:00,LEVEL,88924.03333333333,3,-1,1,0.04790681616665016
2025-12-22 02:00:00,LEVEL,88124.88333333332,6,1,1,0.026208143742255337
2025-12-22 19:00:00,LEVEL,88465.97999999998,5,1,-1,0.019784407916806492
2025-12-22 00:00:00,LEVEL,88955.525,4,-1,1,0.02879897210728136
2025-12-22 00:00:00,LEVEL,89290.95714285714,7,-1,1,0.02890756683398359
2025-12-22 00:00:00,LEVEL,89571.2,3,-1,1,0.028998294264642024
2025-12-22 08:00:00,LEVEL,89887.77142857143,7,-1,1,0.02386051285940638
2025-12-22 12:00:00,LEVEL,90192.55,4,-1,1,0.023087445804335763
2025-12-22 12:00:00,LEVEL,90476.24285714285,7,-1,1,0.02316006536619938
2025-12-23 14:00:00,LEVEL,86836.09999999999,3,1,1,0.020734503342884535
2025-12-23 06:00:00,LEVEL,87478.93333333333,3,1,-1,0.019231026199423483
2025-12-23 03:00:00,LEVEL,87795.68,5,1,-1,0.020401438976392364
2025-12-23 02:00:00,LEVEL,88124.88333333332,6,1,-1,0.0204611474704088
2025-12-23 01:00:00,LEVEL,88465.97999999998,5,1,-1,0.020361434767285563
2025-12-23 06:00:00,CONTROL,87197.7371144309,5,1,1,0.01916920912362209
2025-12-23 06:00:00,CONTROL,87194.82208124598,5,1,1,0.01916856829413989
2025-12-24 02:00:00,LEVEL,86896.46666666666,3,1,1,0.02023686517668923
2025-12-24 16:00:00,LEVEL,87478.93333333333,3,-1,-1,0.022175688536104916
2025-12-24 01:00:00,LEVEL,87808.5,6,-1,1,0.020591629597602204
2025-12-24 14:00:00,CONTROL,86587.80172360911,3,1,1,0.0214478872275714
2025-12-24 14:00:00,CONTROL,86495.37518649577,6,1,1,0.02142499307960389
2025-12-25 08:00:00,LEVEL,87478.93333333333,3,1,1,0.03346074428241294
2025-12-25 20:00:00,LEVEL,87808.5,6,1,-1,0.04018983050847441
2025-12-25 15:00:00,LEVEL,88124.88333333332,6,-1,1,0.03926149676533099
2025-12-25 15:00:00,LEVEL,88446.51666666666,6,-1,1,0.039404791208383194
2025-12-25 23:00:00,CONTROL,87195.12986515825,6,1,1,0.03693144001065563
2025-12-26 00:00:00,LEVEL,86896.46666666666,3,1,1,0.03575480491871425
2025-12-26 02:00:00,LEVEL,87609.825,4,-1,-1,0.029136806659807248
2025-12-26 02:00:00,LEVEL,87912.34999999999,6,-1,-1,0.02923741880501765
2025-12-26 02:00:00,LEVEL,88187.03333333333,6,-1,-1,0.029328771517752834
2025-12-26 02:00:00,LEVEL,88487.31666666665,6,-1,-1,0.02942863814146194
2025-12-26 02:00:00,LEVEL,88955.525,4,-1,-1,0.029584352362838864
2025-12-26 02:00:00,LEVEL,89290.95714285714,7,-1,1,0.02969590858948255
2025-12-26 01:00:00,CONTROL,87331.60200166075,5,-1,-1,0.035010977863634093
2025-12-26 17:00:00,CONTROL,87183.35905569981,6,-1,0,0.020006794671646278
2025-12-26 17:00:00,CONTROL,87203.70861033697,6,-1,0,0.0200114644775094
2025-12-26 17:00:00,CONTROL,87224.78543240704,6,-1,0,0.020016301176347968
2025-12-27 07:00:00,LEVEL,87609.825,4,-1,0,0.03305251591605765
2025-12-27 22:00:00,LEVEL,87912.34999999999,6,-1,1,0.07451975311912284
2025-12-28 23:00:00,LEVEL,87643.16666666667,6,1,1,0.05825159584043027
2025-12-28 08:00:00,LEVEL,87912.34999999999,6,-1,1,0.0679926332326284
2025-12-29 12:00:00,LEVEL,86878.55,4,1,1,0.023857901963476646
2025-12-29 12:00:00,LEVEL,87289.26666666666,3,1,1,0.02397068973408399
2025-12-29 10:00:00,LEVEL,87632.14285714286,7,1,-1,0.0259768651650154
2025-12-29 01:00:00,LEVEL,87938.6625,8,1,1,0.04994209349377097
2025-12-29 00:00:00,LEVEL,88187.03333333333,6,-1,1,0.05423973757720245
2025-12-29 09:00:00,LEVEL,88487.31666666665,6,1,-1,0.027315906014155213
2025-12-29 02:00:00,LEVEL,88971.81999999999,5,-1,-1,0.04414448003721238
2025-12-29 02:00:00,LEVEL,89290.95714285714,7,-1,-1,0.04430282391769038
2025-12-29 03:00:00,LEVEL,89574.24000000002,5,-1,-1,0.038518271339497014
2025-12-29 03:00:00,LEVEL,89887.77142857143,7,-1,-1,0.03865309457259588
2025-12-30 03:00:00,LEVEL,86878.55,4,1,1,0.022590611465485747
2025-12-30 03:00:00,LEVEL,87317.6,4,-1,-1,0.022704775525129027
2025-12-30 09:00:00,LEVEL,87632.14285714286,7,1,1,0.026575075780447245
2025-12-30 08:00:00,LEVEL,87938.6625,8,-1,-1,0.023398638007732953
2025-12-30 08:00:00,LEVEL,88187.03333333333,6,-1,-1,0.023464724289416455
2025-12-30 14:00:00,LEVEL,88487.31666666665,6,-1,-1,0.029218802325181436
2025-12-30 14:00:00,LEVEL,88971.81999999999,5,-1,1,0.02937878691569497
2025-12-30 16:00:00,LEVEL,89290.95714285714,7,-1,1,0.027484711702303082
2025-12-31 20:00:00,LEVEL,87317.6,4,1,1,0.031691352871790056
2025-12-31 16:00:00,LEVEL,87632.14285714286,7,1,0,0.030314673651177893
2025-12-31 15:00:00,LEVEL,87938.6625,8,1,-1,0.02989204588910125
2025-12-31 15:00:00,LEVEL,88187.54285714285,7,1,-1,0.029976645118212904
2025-12-31 01:00:00,LEVEL,88487.31666666665,6,-1,-1,0.026236441018228487
2025-12-31 13:00:00,LEVEL,88971.81999999999,5,-1,1,0.02876437906647799
2026-01-01 04:00:00,LEVEL,87632.14285714286,7,1,1,0.035391286318275456
2026-01-01 09:00:00,LEVEL,87926.94444444445,9,-1,-1,0.03748450910210502
2026-01-01 17:00:00,LEVEL,88187.54285714285,7,-1,-1,0.05182548614244749
2026-01-02 01:00:00,LEVEL,88487.31666666665,6,1,1,0.0512088639720284
2026-01-02 03:00:00,LEVEL,88917.81999999999,5,-1,1,0.04738019515769111
2026-01-02 08:00:00,LEVEL,89157.2,5,-1,-1,0.04238201940074565
2026-01-02 09:00:00,LEVEL,89425.975,8,-1,-1,0.041444085274012187
2026-01-02 10:00:00,LEVEL,89704.975,4,-1,1,0.03929850366212593
2026-01-02 14:00:00,LEVEL,89993.44285714286,7,-1,1,0.03076074484269822
2026-01-02 16:00:00,LEVEL,90377.3,8,-1,1,0.024487723427855285
2026-01-02 16:00:00,LEVEL,90658.175,4,-1,1,0.02456382649043625
2026-01-02 17:00:00,CONTROL,90938.20102330347,4,-1,1,0.024085801345365428
2026-01-03 07:00:00,LEVEL,89425.975,8,1,1,0.021393134176609565
2026-01-03 04:00:00,LEVEL,89993.44285714286,7,1,1,0.022228321341735725
2026-01-03 21:00:00,LEVEL,90658.175,4,-1,-1,0.04207119902546575
2026-01-04 06:00:00,LEVEL,91632.35,4,-1,1,0.0372361512184592
2026-01-04 00:00:00,CONTROL,90957.91784042116,4,-1,-1,0.03901941646080151
2026-01-04 00:00:00,CONTROL,91138.19390026851,7,-1,-1,0.039096751857478435
2026-01-04 00:00:00,CONTROL,91232.46575610722,9,-1,-1,0.0391371928975862
2026-01-04 00:00:00,CONTROL,91295.97498527789,4,-1,-1,0.039164437288409466
2026-01-04 00:00:00,CONTROL,91148.14308885465,5,-1,-1,0.03910101989199491
2026-01-04 00:00:00,CONTROL,91076.57952918824,4,-1,-1,0.03907032032889651
2026-01-05 00:00:00,LEVEL,91883.26000000001,5,-1,-1,0.036791475155473895
2026-01-05 00:00:00,LEVEL,92345.65,4,-1,-1,0.03697662324661845
2026-01-05 01:00:00,LEVEL,93050.93333333333,3,-1,1,0.0343912621321846
2026-01-05 15:00:00,LEVEL,93684.23333333334,3,-1,-1,0.02629271589779571
2026-01-05 17:00:00,LEVEL,94024.23333333334,3,-1,1,0.023531612193449652
2026-01-05 20:00:00,LEVEL,94499.56666666667,3,-1,1,0.022270727066962207
2026-01-05 01:00:00,CONTROL,92649.99025398518,5,-1,1,0.03424307513343036
2026-01-06 17:00:00,LEVEL,91651.11666666665,6,1,1,0.023640462141974312
2026-01-06 17:00:00,LEVEL,91883.26000000001,5,1,1,0.023700341125261974
2026-01-06 17:00:00,LEVEL,92246.5,4,1,-1,0.023794035144285023
2026-01-06 16:00:00,LEVEL,93050.93333333333,3,1,-1,0.024067490031253396
2026-01-06 07:00:00,LEVEL,93402.90000000001,3,1,1,0.02365266606523906
2026-01-06 21:00:00,LEVEL,93684.23333333334,3,-1,1,0.021710979466307467
2026-01-06 01:00:00,LEVEL,94024.23333333334,3,-1,1,0.02374368063721043
2026-01-06 18:00:00,CONTROL,91253.37909463988,9,1,1,0.022817266491338164
2026-01-06 16:00:00,CONTROL,92588.39931892972,6,1,-1,0.023947856273890678
2026-01-06 16:00:00,CONTROL,92738.28591610763,5,1,-1,0.023986624226604008
2026-01-06 18:00:00,CONTROL,91316.28809002494,4,1,1,0.022832996443770005
2026-01-06 16:00:00,CONTROL,92658.49545424875,3,1,-1,0.02396598653844135
2026-01-06 16:00:00,CONTROL,92686.70452781326,3,1,-1,0.02397328277473349
2026-01-07 18:00:00,LEVEL,90852.56666666667,3,1,-1,0.02011695440276595
2026-01-07 15:00:00,LEVEL,91225.73333333334,3,1,-1,0.018087334671656442
2026-01-07 09:00:00,LEVEL,91651.11666666665,6,1,-1,0.01838526421808624
2026-01-07 09:00:00,LEVEL,91883.26000000001,5,1,-1,0.01843183229794198
2026-01-07 09:00:00,LEVEL,92246.5,4,1,-1,0.018504698440957628
2026-01-07 00:00:00,LEVEL,93060.2,4,1,-1,0.020184815600577496
2026-01-07 00:00:00,LEVEL,93402.90000000001,3,1,-1,0.02025914744497841
2026-01-07 02:00:00,CONTROL,92591.35941483678,3,-1,1,0.019300170020940716
2026-01-07 00:00:00,CONTROL,92663.83491322662,6,1,-1,0.020098843765281336
2026-01-07 00:00:00,CONTROL,92777.56364700675,5,1,-1,0.02012351159878953
2026-01-07 00:00:00,CONTROL,92668.88943323285,3,1,-1,0.02009994009383291
2026-01-08 14:00:00,LEVEL,89425.975,8,1,1,0.02011649104061076
2026-01-08 14:00:00,LEVEL,89704.975,4,1,1,0.02017925245864764
2026-01-08 06:00:00,LEVEL,89993.44285714286,7,1,1,0.02167472130470682
2026-01-08 06:00:00,LEVEL,90353.29999999999,9,1,-1,0.02176139210019264
2026-01-08 03:00:00,LEVEL,90576.225,4,1,-1,0.023247212441549887
2026-01-08 02:00:00,LEVEL,90852.56666666667,3,1,-1,0.02364432154891735
2026-01-08 17:00:00,LEVEL,91225.73333333334,3,-1,1,0.0205253891134939
2026-01-08 01:00:00,LEVEL,91651.11666666665,6,-1,1,0.023662396493068106
2026-01-09 08:00:00,LEVEL,89704.975,4,1,1,0.023250736669879684
2026-01-09 08:00:00,LEVEL,89993.44285714286,7,1,1,0.02332550498885144
2026-01-09 08:00:00,LEVEL,90353.29999999999,9,1,1,0.02341877677971194
2026-01-09 13:00:00,LEVEL,90587.8,5,-1,-1,0.02396641340024643
2026-01-09 01:00:00,LEVEL,90852.56666666667,3,1,-1,0.02072174919161903
2026-01-09 02:00:00,LEVEL,91225.73333333334,3,-1,1,0.02118449540396717
2026-01-09 15:00:00,LEVEL,91653.24285714285,7,-1,1,0.022361948911438105
2026-01-09 15:00:00,LEVEL,91883.26000000001,5,-1,1,0.022418069474518937
2026-01-10 04:00:00,LEVEL,90353.29999999999,9,1,0,0.02323136183581484
2026-01-11 20:00:00,LEVEL,90353.12999999999,10,1,1,0.05967472621824103
2026-01-11 19:00:00,LEVEL,90614.59999999999,6,1,-1,0.06382995509377473
2026-01-11 15:00:00,LEVEL,90839.42499999999,4,1,1,0.07463634169512391
2026-01-11 16:00:00,LEVEL,91225.73333333334,3,-1,1,0.0697111344604705
2026-01-12 08:00:00,LEVEL,90353.61818181818,11,1,1,0.027364595366397407
2026-01-12 08:00:00,LEVEL,90614.59999999999,6,1,1,0.02744363660454861
2026-01-12 08:00:00,LEVEL,90835.13999999998,5,1,-1,0.027510429589528592
2026-01-12 15:00:00,LEVEL,91232.425,4,-1,-1,0.02292884092801155
2026-01-12 01:00:00,LEVEL,91646.5875,8,-1,-1,0.04331188137821029
2026-01-12 02:00:00,LEVEL,91902.55,6,-1,-1,0.038163034479178806
2026-01-12 02:00:00,LEVEL,92237.78,5,-1,1,0.038302240562671105
2026-01-13 01:00:00,LEVEL,91232.425,4,1,1,0.02039183331354293
2026-01-13 05:00:00,LEVEL,91902.55,6,-1,-1,0.021744362948065796
2026-01-13 06:00:00,LEVEL,92247.98333333334,6,-1,-1,0.02168754750989382
2026-01-13 09:00:00,LEVEL,92538.86666666665,3,-1,1,0.02280598970567474
2026-01-13 15:00:00,LEVEL,93060.2,4,-1,-1,0.021713707389988745
2026-01-13 15:00:00,LEVEL,93402.90000000001,3,-1,-1,0.02179366947391452
2026-01-13 18:00:00,LEVEL,93719.425,4,-1,-1,0.023273848732713605
2026-01-13 19:00:00,LEVEL,94024.23333333334,3,-1,-1,0.022813110113631817
2026-01-13 22:00:00,LEVEL,94478.525,4,-1,-1,0.019790870826050844
2026-01-13 22:00:00,CONTROL,95004.38756861699,4,-1,-1,0.019901025786320962
2026-01-13 22:00:00,CONTROL,94914.82635258554,3,-1,-1,0.019882264967843934
2026-01-13 22:00:00,CONTROL,95117.74858076821,4,-1,-1,0.019924772062505893
2026-01-14 06:00:00,LEVEL,94478.525,4,1,1,0.018576194455367696
2026-01-14 05:00:00,CONTROL,94914.47196252733,4,1,1,0.018754441847747615
2026-01-14 04:00:00,CONTROL,95379.11711416066,3,1,1,0.01833938259067536
2026-01-14 04:00:00,CONTROL,95214.95710530225,4,1,1,0.018307818100463738
2026-01-15 19:00:00,CONTROL,95108.28519953926,4,1,0,0.01974442645066758
2026-01-15 19:00:00,CONTROL,95174.29379879565,3,1,0,0.019758129798702877
2026-01-16 15:00:00,LEVEL,94495.08333333333,6,1,1,0.026827093462034397
2026-01-16 15:00:00,CONTROL,94790.78252403013,4,1,1,0.026911042272339036
2026-01-16 10:00:00,CONTROL,95333.42555870581,3,1,-1,0.023994758633295747
2026-01-16 02:00:00,CONTROL,95411.70864761327,6,1,-1,0.02197730181051241
2026-01-17 22:00:00,CONTROL,95046.48037587962,4,1,1,0.06948953304914784
2026-01-17 22:00:00,CONTROL,95027.80800157716,5,1,1,0.06947588146977252
2026-01-18 23:00:00,LEVEL,93719.425,4,1,-1,0.04746714360329875
2026-01-18 23:00:00,LEVEL,94024.23333333334,3,1,-1,0.04762152334826428
2026-01-18 23:00:00,LEVEL,94401.4,5,1,-1,0.04781255124167104
2026-01-18 23:00:00,LEVEL,94689.575,4,1,-1,0.04795850651303427
2026-01-18 23:00:00,LEVEL,95056.2,3,1,-1,0.04814419524857185
2026-01-19 00:00:00,LEVEL,91902.55,6,1,1,0.03697315346802289
2026-01-19 00:00:00,LEVEL,92247.98333333334,6,1,1,0.03711212414561893
2026-01-19 00:00:00,LEVEL,92538.86666666665,3,1,1,0.037229148908529464
2026-01-19 00:00:00,LEVEL,93060.2,4,1,-1,0.037438885606165484
2026-01-19 00:00:00,LEVEL,93402.90000000001,3,1,-1,0.03757675664122917
2026-01-20 22:00:00,LEVEL,87940.75000000001,10,1,1,0.018709927064564803
2026-01-20 22:00:00,LEVEL,88187.54285714285,7,1,1,0.01876243373931113
2026-01-20 22:00:00,LEVEL,88475.01428571428,7,1,1,0.018823595026447273
2026-01-20 22:00:00,LEVEL,88917.81999999999,5,1,-1,0.01891780462345501
2026-01-20 22:00:00,LEVEL,89184.17142857143,7,1,-1,0.01897447250270455
2026-01-20 17:00:00,LEVEL,89443.9888888889,9,1,-1,0.022358726414070763
2026-01-20 17:00:00,LEVEL,89708.78333333333,6,1,-1,0.022424918302568198
2026-01-20 15:00:00,LEVEL,90011.41111111111,9,1,1,0.025172516107105546
2026-01-20 14:00:00,LEVEL,90328.09999999999,11,1,-1,0.026844414725658405
2026-01-20 14:00:00,LEVEL,90565.83333333333,6,1,-1,0.02691506618621291
2026-01-20 06:00:00,LEVEL,90827.75714285714,7,1,-1,0.029526979515125923
2026-01-20 06:00:00,LEVEL,91232.425,4,1,-1,0.0296585320262101
2026-01-20 05:00:00,LEVEL,91652.58888888889,9,1,-1,0.031843164731655924
2026-01-20 03:00:00,LEVEL,92247.98333333334,6,1,-1,0.03503157261812926
2026-01-21 17:00:00,LEVEL,87291.92,5,1,1,0.01573855355975748
2026-01-21 16:00:00,LEVEL,87616.675,8,1,1,0.015658854739711018
2026-01-21 16:00:00,LEVEL,87940.75000000001,10,1,1,0.015716773433267602
2026-01-21 12:00:00,LEVEL,88187.54285714285,7,1,1,0.017765419592494513
2026-01-21 12:00:00,LEVEL,88475.01428571428,7,1,1,0.01782333083918497
2026-01-21 00:00:00,LEVEL,88917.81999999999,5,-1,-1,0.018625677441315467
2026-01-21 02:00:00,LEVEL,89184.17142857143,7,-1,1,0.018697993760863008
2026-01-21 03:00:00,LEVEL,89443.9888888889,9,-1,1,0.018603521832167336
2026-01-21 05:00:00,LEVEL,89708.78333333333,6,-1,1,0.019060614752647045
2026-01-21 05:00:00,LEVEL,90011.41111111111,9,-1,1,0.01912491471605463
2026-01-21 15:00:00,LEVEL,90328.09999999999,11,-1,1,0.017974958801544677
2026-01-21 15:00:00,LEVEL,90573.8857142857,7,-1,1,0.018023869252315743
2026-01-22 14:00:00,LEVEL,89184.17142857143,7,1,0,0.017234176670275603
2026-01-22 17:00:00,LEVEL,89443.9888888889,9,-1,1,0.020288409399504142
2026-01-22 00:00:00,LEVEL,89708.78333333333,6,-1,1,0.014860289819061519
2026-01-23 09:00:00,LEVEL,88917.81999999999,5,1,1,0.025469675247950144
2026-01-23 08:00:00,LEVEL,89184.17142857143,7,1,1,0.026153476285172277
2026-01-23 05:00:00,LEVEL,89443.9888888889,9,1,-1,0.026742356225363577
2026-01-23 01:00:00,LEVEL,89708.78333333333,6,-1,1,0.02666481883990661
2026-01-23 16:00:00,LEVEL,90019.06999999999,10,-1,-1,0.02401749437209227
2026-01-23 16:00:00,LEVEL,90326.55,12,-1,-1,0.024099531424569384
2026-01-23 17:00:00,LEVEL,90577.0875,8,-1,1,0.022908072649099803
2026-01-23 17:00:00,LEVEL,90827.75714285714,7,-1,1,0.022971470121330245
2026-01-24 23:00:00,LEVEL,89184.17142857143,7,1,-1,0.0750669021440971
2026-01-25 23:00:00,LEVEL,86051.4,5,1,1,0.025454757899018278
2026-01-25 19:00:00,LEVEL,86700.08,5,1,-1,0.03069538706643802
2026-01-25 18:00:00,LEVEL,86878.55,4,1,-1,0.035684571545925955
2026-01-25 18:00:00,LEVEL,87277.51666666666,6,1,-1,0.03584844346323012
2026-01-25 16:00:00,LEVEL,87616.675,8,1,1,0.04311645316560816
2026-01-25 16:00:00,LEVEL,87894.60000000002,9,1,-1,0.04325322096975105
2026-01-25 08:00:00,LEVEL,88138.36249999999,8,1,1,0.05877605134830967
2026-01-25 15:00:00,LEVEL,88466.99,10,1,-1,0.04864582318068551
2026-01-25 03:00:00,LEVEL,88917.81999999999,5,1,-1,0.07317021729626817
2026-01-25 19:00:00,CONTROL,86324.28891263601,4,1,1,0.030562341596551995
2026-01-25 19:00:00,CONTROL,86344.27841852883,6,1,1,0.030569418702139986
2026-01-25 19:00:00,CONTROL,86396.0926442443,8,1,1,0.030587763064842816
2026-01-26 00:00:00,LEVEL,86878.55,4,-1,-1,0.024454318033882788
2026-01-26 01:00:00,LEVEL,87277.51666666666,6,-1,-1,0.023022863376446358
2026-01-26 01:00:00,LEVEL,87616.675,8,-1,-1,0.023112329670510832
2026-01-26 02:00:00,LEVEL,87894.60000000002,9,-1,1,0.022453954112180853
2026-01-26 14:00:00,LEVEL,88132.32222222222,9,-1,1,0.01957150508408184
2026-01-26 14:00:00,LEVEL,88466.99,10,-1,1,0.019645824606694
2026-01-27 17:00:00,LEVEL,87277.51666666666,6,1,1,0.023876896070217375
2026-01-27 17:00:00,LEVEL,87616.675,8,1,1,0.02396968111481571
2026-01-27 09:00:00,LEVEL,87894.60000000002,9,1,1,0.02312711485330874
2026-01-27 14:00:00,LEVEL,88132.32222222222,9,-1,1,0.023681736441746135
2026-01-27 16:00:00,LEVEL,88457.94545454546,11,-1,1,0.02550552571178613
2026-01-27 20:00:00,LEVEL,88910.04285714286,7,-1,-1,0.022790507469108455
2026-01-27 20:00:00,LEVEL,89175.7625,8,-1,-1,0.022858619971482957
2026-01-27 20:00:00,LEVEL,89444.03,10,-1,-1,0.022927385571700837
2026-01-28 08:00:00,LEVEL,88919.20000000001,8,1,1,0.023403446262162664
2026-01-28 01:00:00,LEVEL,89175.7625,8,1,1,0.02365797048582316
2026-01-28 09:00:00,LEVEL,89444.03,10,-1,-1,0.02277341990102001
2026-01-28 11:00:00,LEVEL,89708.78333333333,6,-1,1,0.021837082791339214
2026-01-28 11:00:00,LEVEL,90003.31538461539,13,-1,1,0.0219087783438767
2026-01-28 13:00:00,LEVEL,90326.55,12,-1,1,0.02128680129026558
2026-01-28 17:00:00,LEVEL,90577.0875,8,-1,1,0.021311472372339275
2026-01-29 15:00:00,LEVEL,85265.6,4,1,-1,0.017992200410157696
2026-01-29 15:00:00,LEVEL,85570.66666666666,3,1,-1,0.018056573622861588
2026-01-29 15:00:00,LEVEL,86046.45000000001,6,1,-1,0.018156970372373075
2026-01-29 15:00:00,LEVEL,86700.08,5,1,-1,0.018294895185593074
2026-01-29 14:00:00,LEVEL,87275.78571428571,7,1,-1,0.020757245742061482
2026-01-29 14:00:00,LEVEL,87616.675,8,1,-1,0.02083832118144592
2026-01-29 02:00:00,LEVEL,87894.60000000002,9,1,-1,0.01942341615678908
2026-01-29 02:00:00,LEVEL,88132.32222222222,9,1,-1,0.019475949277730963
2026-01-29 00:00:00,LEVEL,88899.18000000001,10,1,-1,0.021167731412584066
2026-01-29 17:00:00,CONTROL,84015.06681881529,4,1,-1,0.016771566676245117
2026-01-29 15:00:00,CONTROL,86387.6284308433,3,1,-1,0.018228963658098563
2026-01-29 15:00:00,CONTROL,84879.52296782211,6,1,-1,0.017910732909351933
2026-01-29 15:00:00,CONTROL,86365.56663405651,5,1,-1,0.018224308319143626
2026-01-29 15:00:00,CONTROL,86316.1402324202,7,1,-1,0.018213878676664207
2026-01-29 15:00:00,CONTROL,86329.24675020429,8,1,-1,0.01821664433004201
2026-01-30 00:00:00,CONTROL,84334.36594752269,4,1,-1,0.016632561972713997
2026-01-31 01:00:00,CONTROL,84213.25501579928,4,-1,1,0.014295846032474538
2026-02-10 01:00:00,LEVEL,69999.53333333333,3,-1,1,0.011704017361074858
2026-02-13 15:00:00,LEVEL,68323.45000000001,4,-1,-1,0.013702886796946485
2026-02-13 15:00:00,CONTROL,69226.20453474454,4,-1,-1,0.013883942396378806
2026-02-13 15:00:00,CONTROL,69033.20585939853,4,-1,-1,0.013845234763783746
2026-02-14 11:00:00,LEVEL,69989.125,4,-1,1,0.019562671418339377
2026-02-14 08:00:00,CONTROL,69567.39523941913,4,-1,-1,0.01969684083189331
2026-02-15 17:00:00,LEVEL,68323.45000000001,4,1,1,0.01871939449981161
2026-02-15 13:00:00,LEVEL,68748.26666666668,3,1,1,0.01901651481884867
2026-02-15 12:00:00,LEVEL,69989.125,4,1,-1,0.019842581353934963
2026-02-15 03:00:00,CONTROL,69229.11044363405,3,1,1,0.020896594168659684
2026-02-15 07:00:00,CONTROL,70742.333697123,4,-1,1,0.019714309038805253
2026-02-16 02:00:00,LEVEL,68323.45000000001,4,1,1,0.017202760183487723
2026-02-16 04:00:00,LEVEL,68748.26666666668,3,-1,-1,0.018043128538661163
2026-02-16 12:00:00,LEVEL,69212.86666666665,3,-1,-1,0.018832152007799963
2026-02-16 13:00:00,LEVEL,69989.125,4,-1,1,0.017442908433866356
2026-02-16 15:00:00,CONTROL,67301.77345669382,3,1,1,0.015504418460068035
2026-02-16 15:00:00,CONTROL,67850.50154514368,4,1,1,0.01563082983776515
2026-02-16 15:00:00,CONTROL,67733.52617121369,3,1,1,0.015603882031581402
2026-02-16 12:00:00,CONTROL,69745.67646077793,3,-1,1,0.018977124402633314
2026-02-17 14:00:00,LEVEL,66733.83333333333,3,1,1,0.016243241118945647
2026-02-17 05:00:00,LEVEL,68232.96666666666,3,1,-1,0.015716562895141558
2026-02-17 02:00:00,LEVEL,68748.26666666668,3,-1,1,0.01588155335133289
2026-02-17 02:00:00,LEVEL,69212.86666666665,3,-1,1,0.015988880707276342
2026-02-17 14:00:00,CONTROL,67228.22540339471,3,1,1,0.016363577823735098
2026-02-17 10:00:00,CONTROL,67818.57477929602,3,1,-1,0.015293829407593183
2026-02-18 14:00:00,LEVEL,66697.375,4,1,1,0.01754717880838259
2026-02-18 08:00:00,LEVEL,68232.96666666666,3,-1,1,0.0168320608490081
2026-02-18 03:00:00,CONTROL,67577.50799785236,4,-1,-1,0.016704751963502355
2026-02-18 06:00:00,CONTROL,67913.00948971065,3,-1,1,0.017106282203292918
2026-02-19 01:00:00,LEVEL,66697.375,4,-1,1,0.017665546524524508
2026-02-19 13:00:00,CONTROL,66222.3187505686,4,1,1,0.01825657942362804
2026-02-20 13:00:00,LEVEL,66697.375,4,1,1,0.01773748420982651
2026-02-20 00:00:00,LEVEL,67266.46666666666,3,-1,-1,0.018582217694826746
2026-02-20 05:00:00,CONTROL,67947.06850347958,3,-1,1,0.018471092581267806
2026-02-20 05:00:00,CONTROL,67676.9078693484,3,-1,1,0.018397650677227526
2026-02-20 05:00:00,CONTROL,67582.37624293363,4,-1,1,0.01837195269699346
2026-02-21 09:00:00,LEVEL,68245.65,4,-1,0,0.019287456172114505
2026-02-21 14:00:00,LEVEL,68370.275,4,-1,1,0.023599098253675677
2026-02-21 08:00:00,CONTROL,67992.2814782312,3,-1,0,0.019193981856305876
2026-02-21 03:00:00,CONTROL,67567.31460365116,4,1,1,0.017739877973735437
2026-02-21 03:00:00,CONTROL,67516.74141463378,4,1,1,0.017726599923435917
2026-02-22 17:00:00,LEVEL,67266.46666666666,3,1,1,0.0327475153783349
2026-02-22 13:00:00,CONTROL,67623.40754454413,3,1,-1,0.03255674306686646
2026-02-22 13:00:00,CONTROL,67680.2253841373,3,1,-1,0.03258409755656784
2026-02-22 14:00:00,CONTROL,67474.04486611372,5,1,-1,0.03324151608393072
2026-02-23 00:00:00,LEVEL,66733.83333333333,3,1,-1,0.03231515921896207
2026-02-23 00:00:00,LEVEL,67237.35,4,1,-1,0.03255898188641563
2026-02-23 01:00:00,CONTROL,66242.92592708487,3,1,-1,0.023989380506170215
2026-02-25 13:00:00,LEVEL,66523.53333333334,3,-1,-1,0.014560255717506921
2026-02-25 14:00:00,LEVEL,66733.83333333333,3,-1,-1,0.014885457836392214
2026-02-25 15:00:00,LEVEL,67237.35,4,-1,-1,0.014847188716221791
2026-02-25 16:00:00,LEVEL,67791.56666666667,3,-1,-1,0.014742605240564399
2026-02-25 16:00:00,LEVEL,68145.45,4,-1,-1,0.01481956410936
2026-02-25 22:00:00,LEVEL,68335.92857142857,7,1,-1,0.012280488323415962
2026-02-25 17:00:00,LEVEL,68732.95000000001,4,-1,-1,0.014564476376518865
2026-02-25 18:00:00,LEVEL,69216.8,4,-1,1,0.014140035622402505
2026-02-25 01:00:00,CONTROL,65991.82027126644,3,-1,1,0.014338158001918266
2026-02-25 16:00:00,CONTROL,67548.43277577082,3,-1,-1,0.014689731009294531
2026-02-25 01:00:00,CONTROL,66240.6453615289,4,-1,1,0.014392220663689975
2026-02-25 16:00:00,CONTROL,67577.23278369462,4,-1,-1,0.01469599413564819
2026-02-25 15:00:00,CONTROL,67500.22663267702,7,-1,-1,0.014905236497320253
2026-02-25 18:00:00,CONTROL,69465.10475896181,4,-1,1,0.01419076085293804
2026-02-25 21:00:00,CONTROL,69707.19862042152,4,-1,1,0.013176930677347895
2026-02-26 16:00:00,LEVEL,66600.83333333333,3,1,1,0.012378042878106763
2026-02-26 15:00:00,LEVEL,66803.86666666667,3,1,1,0.012525186808379322
2026-02-26 14:00:00,LEVEL,67237.35,4,1,-1,0.012687564201600394
2026-02-26 00:00:00,LEVEL,67791.56666666667,3,1,-1,0.011464955729139123
2026-02-26 00:00:00,LEVEL,68145.45,4,-1,1,0.011524804718466902
2026-02-26 00:00:00,LEVEL,68335.92857142857,7,-1,1,0.011557018583644501
2026-02-26 04:00:00,LEVEL,68732.95000000001,4,-1,1,0.012772747809220723
2026-02-26 14:00:00,CONTROL,67537.60741897604,3,1,-1,0.012744222223968399
2026-02-26 14:00:00,CONTROL,67493.03056264724,4,1,-1,0.012735810653218256
2026-02-26 14:00:00,CONTROL,67490.91317478342,7,1,-1,0.012735411106025185
2026-02-27 11:00:00,LEVEL,66384.40000000001,3,1,-1,0.015458341883700466
2026-02-27 10:00:00,LEVEL,66600.83333333333,3,1,-1,0.015998038303132223
2026-02-27 10:00:00,LEVEL,66803.86666666667,3,1,-1,0.016046808489343298
2026-02-27 00:00:00,LEVEL,67237.35,4,1,1,0.016043989083262523
2026-02-27 04:00:00,LEVEL,67781.175,4,-1,1,0.016260205558012806
2026-02-27 04:00:00,LEVEL,68145.45,4,-1,1,0.016347592452377574
2026-02-27 12:00:00,CONTROL,65827.0718814155,3,1,-1,0.015129182229697889
2026-02-27 02:00:00,CONTROL,67459.93580466151,3,-1,1,0.016465439764382788
2026-02-27 11:00:00,CONTROL,66045.94527849533,3,1,-1,0.015379528957814687
2026-02-27 00:00:00,CONTROL,67013.44855796188,4,1,1,0.015990562345120904
2026-02-27 02:00:00,CONTROL,67486.18297151457,4,-1,1,0.01647184610230247
2026-02-28 19:00:00,LEVEL,66384.40000000001,3,-1,-1,0.012819465448466863
2026-02-28 19:00:00,LEVEL,66600.83333333333,3,-1,-1,0.012861260804583106
2026-02-28 20:00:00,LEVEL,66813.3,4,-1,-1,0.012368324048523949
2026-02-28 22:00:00,LEVEL,67237.35,4,-1,1,0.01195616286112792
2026-02-28 04:00:00,CONTROL,65477.668008875575,3,1,-1,0.0180709057188051
2026-02-28 02:00:00,CONTROL,65931.12627402104,3,-1,1,0.017187467746095135
2026-02-28 18:00:00,CONTROL,66084.13147142039,4,-1,-1,0.013397864944344508
2026-02-28 20:00:00,CONTROL,67018.82351087195,4,-1,1,0.012406370086993154
2026-03-01 01:00:00,LEVEL,66384.40000000001,3,1,1,0.010663036527273725
2026-03-01 00:00:00,LEVEL,66600.83333333333,3,1,1,0.011652542218431388
2026-03-01 06:00:00,LEVEL,66813.3,4,1,-1,0.011201944860684678
2026-03-01 01:00:00,LEVEL,67237.35,4,-1,1,0.010800042164229669
2026-03-01 02:00:00,LEVEL,67781.175,4,-1,1,0.010557095992290237
2026-03-01 02:00:00,LEVEL,68154.12,5,-1,1,0.010615183155353501
2026-03-01 20:00:00,CONTROL,65463.35344152993,3,1,1,0.012458531438106376
2026-03-01 17:00:00,CONTROL,65712.09687423821,3,1,1,0.011856707640121927
2026-03-01 01:00:00,CONTROL,67555.14813773613,4,-1,1,0.010851088692495042
2026-03-01 01:00:00,CONTROL,67571.80566442665,5,-1,1,0.010853764318328145
2026-03-02 02:00:00,LEVEL,65877.59999999999,3,1,1,0.012346961701330112
2026-03-02 00:00:00,LEVEL,66384.40000000001,3,-1,1,0.01158673713721576
2026-03-02 00:00:00,LEVEL,66600.83333333333,3,-1,1,0.011624513424130527
2026-03-02 01:00:00,LEVEL,66813.3,4,-1,1,0.01241955039209991
2026-03-02 15:00:00,LEVEL,67781.175,4,-1,-1,0.010352666924409712
2026-03-02 15:00:00,LEVEL,68159.93333333333,6,-1,-1,0.010410517188437218
2026-03-02 15:00:00,LEVEL,68335.92857142857,7,-1,-1,0.010437398104565952
2026-03-02 15:00:00,LEVEL,68745.25,6,-1,-1,0.010499916472166155
2026-03-02 15:00:00,LEVEL,69216.8,4,-1,1,0.010571939420841881
2026-03-02 16:00:00,LEVEL,70011.06666666667,6,-1,1,0.010733006603268917
2026-03-02 13:00:00,CONTROL,65460.19525382811,3,1,1,0.01207564694219939
2026-03-02 01:00:00,CONTROL,67021.71040138463,3,-1,1,0.012458290635168791
2026-03-02 15:00:00,CONTROL,67492.90807056564,3,-1,-1,0.010308638010692057
2026-03-02 00:00:00,CONTROL,66093.40209636076,4,-1,-1,0.011535946345750465
2026-03-02 01:00:00,CONTROL,67014.09026774691,4,-1,1,0.012456874171175721
2026-03-02 15:00:00,CONTROL,67515.11178417235,6,-1,-1,0.010312029330648597
2026-03-02 15:00:00,CONTROL,67476.66315244118,7,-1,-1,0.01030615681696007
2026-03-02 15:00:00,CONTROL,69547.52419417494,6,-1,1,0.010622453113266614
2026-03-02 16:00:00,CONTROL,69698.06779264916,4,-1,1,0.010685022489590999
2026-03-02 15:00:00,CONTROL,69003.57428520266,6,-1,1,0.010539372047894804
2026-03-03 09:00:00,LEVEL,66384.40000000001,3,1,1,0.011364151286577882
2026-03-03 09:00:00,LEVEL,66600.83333333333,3,1,1,0.011401201875925053
2026-03-03 09:00:00,LEVEL,66813.3,4,1,1,0.011437573423206567
2026-03-03 08:00:00,LEVEL,67183.125,4,1,1,0.011686943474999208
2026-03-03 08:00:00,LEVEL,67373.76666666666,3,1,-1,0.011720106838303802
2026-03-03 08:00:00,LEVEL,67678.33333333333,3,1,-1,0.01177308819958615
2026-03-03 02:00:00,LEVEL,68159.93333333333,6,1,-1,0.011849844165675185
2026-03-03 02:00:00,LEVEL,68335.92857142857,7,1,-1,0.01188044155688932
2026-03-03 01:00:00,LEVEL,68745.25,6,1,-1,0.011861001029821718
2026-03-03 01:00:00,LEVEL,69216.8,4,-1,1,0.01194236017879001
2026-03-03 14:00:00,CONTROL,66174.96330925972,3,1,1,0.011165060269511244
2026-03-03 14:00:00,CONTROL,66142.58825990358,4,1,1,0.011159597941174158
2026-03-03 05:00:00,CONTROL,67907.56153021274,3,1,-1,0.011966946802176432
2026-03-03 00:00:00,CONTROL,68991.20986131481,6,-1,1,0.011744121688230864
2026-03-03 05:00:00,CONTROL,67923.41035982805,7,1,-1,0.011969739747418601
2026-03-04 03:00:00,LEVEL,67373.76666666666,3,1,1,0.011341967274633907
2026-03-04 03:00:00,LEVEL,67678.33333333333,3,1,1,0.011393239236069108
2026-03-04 02:00:00,LEVEL,68159.93333333333,6,1,1,0.011900273711509896
2026-03-04 01:00:00,LEVEL,68335.92857142857,7,-1,-1,0.01184556059849796
2026-03-04 01:00:00,LEVEL,68745.25,6,-1,1,0.011916513637225437
2026-03-04 07:00:00,LEVEL,69234.5,3,-1,-1,0.010948870768470472
2026-03-04 08:00:00,LEVEL,70023.77142857143,7,-1,-1,0.010717907109750876
2026-03-04 00:00:00,CONTROL,67915.65787594208,4,1,1,0.012074431374895257
2026-03-04 00:00:00,CONTROL,67946.56292428743,3,1,1,0.012079925849911096
2026-03-04 00:00:00,CONTROL,67886.31404497448,7,1,1,0.012069214461971553
2026-03-04 08:00:00,CONTROL,69718.60209363434,6,-1,-1,0.010671197592141751
2026-03-04 08:00:00,CONTROL,69807.56292266492,3,-1,-1,0.010684814023854926
2026-03-04 07:00:00,CONTROL,69540.1776642645,7,-1,-1,0.010997211194744077
2026-03-06 14:00:00,LEVEL,68159.93333333333,6,1,0,0.014005945409089364
2026-03-06 14:00:00,LEVEL,68335.92857142857,7,1,0,0.014042110052692616
2026-03-06 14:00:00,LEVEL,68765.62857142858,7,1,-1,0.014130407597129073
2026-03-06 13:00:00,LEVEL,69234.5,3,1,-1,0.014414282182404932
2026-03-06 12:00:00,LEVEL,70023.77142857143,7,1,-1,0.01497054133349116
2026-03-06 17:00:00,CONTROL,67884.65743767485,4,1,0,0.015013228269547228
2026-03-06 14:00:00,CONTROL,68999.99375565216,7,1,-1,0.014178566476040731
2026-03-06 13:00:00,CONTROL,69539.79867031018,7,1,-1,0.014477843863124281
2026-03-06 04:00:00,CONTROL,70272.44053589417,3,1,-1,0.013686409238715187
2026-03-06 01:00:00,CONTROL,70536.36648938461,7,1,-1,0.01370636220342673
2026-03-07 19:00:00,LEVEL,67183.125,4,1,-1,0.026378973975140725
2026-03-07 19:00:00,LEVEL,67367.825,4,1,-1,0.02645149511036938
2026-03-07 06:00:00,LEVEL,67686.825,4,1,-1,0.017584133530338185
2026-03-07 03:00:00,LEVEL,68159.93333333333,6,1,-1,0.016414439310244465
2026-03-07 00:00:00,LEVEL,68335.92857142857,7,-1,1,0.01569508935300202
2026-03-07 04:00:00,CONTROL,67890.1296474485,4,1,-1,0.016992445433854905
2026-03-07 04:00:00,CONTROL,67904.10715971135,7,1,-1,0.01699594391169934
2026-03-08 22:00:00,LEVEL,65785.53333333334,3,1,1,0.017689484195341956
2026-03-08 22:00:00,LEVEL,66384.40000000001,3,1,1,0.017850517205159473
2026-03-08 04:00:00,LEVEL,66600.83333333333,3,1,1,0.02556101929365859
2026-03-08 02:00:00,LEVEL,66813.3,4,1,1,0.02558089472235851
2026-03-08 05:00:00,LEVEL,67183.125,4,-1,-1,0.02462301428227828
2026-03-08 00:00:00,LEVEL,67376.46,5,-1,1,0.027207696734137574
2026-03-08 09:00:00,LEVEL,67686.825,4,-1,1,0.025245386202314733
2026-03-08 10:00:00,LEVEL,68167.8857142857,7,-1,1,0.024651339068778456
2026-03-08 22:00:00,CONTROL,65587.97528376139,3,1,1,0.017636361573718475
2026-03-08 22:00:00,CONTROL,66008.99491706079,3,1,1,0.017749572180546597
2026-03-08 22:00:00,CONTROL,66100.709696008,4,1,1,0.017774233942038222
2026-03-08 10:00:00,CONTROL,67951.65743258105,4,-1,1,0.024573145112303088
2026-03-08 10:00:00,CONTROL,67893.84994777193,5,-1,1,0.024552240372573947
2026-03-09 00:00:00,LEVEL,65785.53333333334,3,1,1,0.01625626127761006
2026-03-09 00:00:00,LEVEL,66384.40000000001,3,-1,-1,0.016404247202637924
2026-03-09 00:00:00,LEVEL,66577.625,4,-1,-1,0.016451995026911845
2026-03-09 03:00:00,LEVEL,66820.66,5,-1,-1,0.01501145111694585
2026-03-09 03:00:00,LEVEL,67183.125,4,-1,-1,0.015092879909015604
2026-03-09 03:00:00,LEVEL,67376.46,5,-1,-1,0.015136313166060577
2026-03-09 05:00:00,LEVEL,67686.825,4,-1,-1,0.014897609893322153
2026-03-09 09:00:00,LEVEL,68168.35,8,-1,-1,0.013624984072653688
2026-03-09 09:00:00,LEVEL,68335.92857142857,7,-1,1,0.01365847843428386
2026-03-09 13:00:00,LEVEL,68647.675,4,-1,-1,0.013399570574600478
2026-03-09 13:00:00,LEVEL,68823.4,4,-1,-1,0.013433870928388447
2026-03-09 13:00:00,LEVEL,69234.5,3,-1,1,0.01351411492009273
2026-03-09 02:00:00,CONTROL,65993.17592700437,4,1,1,0.015840421477273107
2026-03-09 00:00:00,CONTROL,66177.3772704923,5,-1,-1,0.016353089821816387
2026-03-09 05:00:00,CONTROL,67957.61589476277,4,-1,1,0.014957209927935085
2026-03-09 05:00:00,CONTROL,67940.75654124873,5,-1,1,0.014953499249059164
2026-03-09 19:00:00,CONTROL,69479.20229431732,4,-1,1,0.01221303666885376
2026-03-10 00:00:00,LEVEL,68647.675,4,-1,-1,0.013199334242640887
2026-03-10 00:00:00,LEVEL,68823.4,4,-1,-1,0.013233122029478357
2026-03-10 00:00:00,LEVEL,69234.5,3,-1,-1,0.013312166895996411
2026-03-10 02:00:00,LEVEL,70033.29999999999,8,-1,-1,0.012850220471447628
2026-03-10 15:00:00,LEVEL,71651.86666666665,3,-1,1,0.012736835946035013
2026-03-10 02:00:00,CONTROL,69712.17460754028,4,-1,-1,0.012791298043230087
2026-03-10 02:00:00,CONTROL,69779.20602782351,3,-1,-1,0.012803597456925487
2026-03-10 08:00:00,CONTROL,70867.74548334748,8,-1,1,0.013411443802587433
2026-03-10 09:00:00,CONTROL,71112.19813139997,3,-1,1,0.013669179582671342
2026-03-11 11:00:00,LEVEL,69222.075,4,1,1,0.013910053062890526
2026-03-11 04:00:00,LEVEL,70033.29999999999,8,-1,1,0.013781589417820244
2026-03-11 13:00:00,LEVEL,70575.16666666667,3,-1,1,0.013311595356120502
2026-03-11 03:00:00,CONTROL,69505.0684463987,4,1,1,0.013748066450023256
2026-03-11 02:00:00,CONTROL,69591.72405928961,4,1,1,0.01327120755352898
2026-03-11 02:00:00,CONTROL,69650.08788421378,4,1,1,0.013282337590105263
2026-03-11 03:00:00,CONTROL,69548.8119704589,8,1,1,0.013756718896369695
2026-03-11 17:00:00,CONTROL,71164.8298393396,3,-1,1,0.01461777900004409
2026-03-12 02:00:00,LEVEL,69255.26,5,1,1,0.014955315076997835
2026-03-12 01:00:00,LEVEL,70033.29999999999,8,1,1,0.015275167163100758
2026-03-12 11:00:00,LEVEL,70575.16666666667,3,-1,1,0.01575470416980588
2026-03-12 02:00:00,CONTROL,69567.39471099178,4,1,1,0.015022718952881773
2026-03-12 01:00:00,CONTROL,69707.28256132967,5,1,1,0.01520405854943019
2026-03-12 07:00:00,CONTROL,69695.60048850332,5,-1,-1,0.01644297395700336
2026-03-12 02:00:00,CONTROL,69553.83308082068,8,1,1,0.015019790389012884
2026-03-13 22:00:00,LEVEL,70620.5,4,1,0,0.013598599134688878
2026-03-13 00:00:00,LEVEL,71651.86666666665,3,-1,-1,0.015599595415311612
2026-03-13 00:00:00,CONTROL,71000.10482019703,8,-1,-1,0.015457697910263182
2026-03-13 00:00:00,CONTROL,71100.20380536726,4,-1,-1,0.015479490834059617
2026-03-13 00:00:00,CONTROL,71163.10332580522,3,-1,-1,0.01549318492349924
2026-03-14 00:00:00,LEVEL,70620.5,4,1,0,0.01496583466334661
2026-03-15 00:00:00,LEVEL,70979.36666666667,3,1,1,0.03440068659820891
2026-03-15 08:00:00,LEVEL,71651.86666666665,3,-1,1,0.03567043254147296
2026-03-15 02:00:00,CONTROL,71415.29497568624,3,-1,-1,0.033558833434491
2026-03-15 22:00:00,CONTROL,72626.54317733968,3,-1,-1,0.024398443967443586
2026-03-16 03:00:00,CONTROL,72638.79799057299,3,-1,-1,0.019486289553663754
2026-03-17 03:00:00,LEVEL,74493.5,3,1,-1,0.014210638640333362
2026-03-17 00:00:00,CONTROL,75256.89599662447,3,-1,1,0.01403711025170046
2026-03-18 20:00:00,LEVEL,70620.5,4,1,1,0.016023938169183894
2026-03-18 14:00:00,LEVEL,70979.36666666667,3,1,1,0.017139728894221485
2026-03-18 14:00:00,LEVEL,71259.46666666667,3,1,-1,0.017207365987770337
2026-03-18 14:00:00,LEVEL,71651.86666666665,3,1,-1,0.01730212070218864
2026-03-18 14:00:00,LEVEL,71863.46666666666,3,1,-1,0.017353216771431545
2026-03-18 03:00:00,LEVEL,74493.5,3,-1,1,0.017733380943879096
2026-03-18 13:00:00,CONTROL,72173.46253015818,3,1,-1,0.017722287624713708
2026-03-18 12:00:00,CONTROL,72252.91014622296,3,1,-1,0.01743673123235574
2026-03-18 12:00:00,CONTROL,72348.73328016685,3,1,-1,0.01745985614495843
2026-03-18 00:00:00,CONTROL,73611.27664676895,3,1,1,0.015930913849470874
2026-03-19 15:00:00,LEVEL,68845.3,5,1,1,0.015318316205203797
2026-03-19 12:00:00,LEVEL,69095.53333333333,3,1,1,0.016181860585391096
2026-03-19 12:00:00,LEVEL,69263.34999999999,6,1,1,0.01622116248774134
2026-03-19 07:00:00,LEVEL,70033.29999999999,8,1,-1,0.015966782085809175
2026-03-19 07:00:00,LEVEL,70245.23333333334,3,1,-1,0.016015100433653024
2026-03-19 04:00:00,LEVEL,70620.5,4,1,-1,0.017061311388773565
2026-03-19 00:00:00,LEVEL,70979.36666666667,3,1,-1,0.017308874392895617
2026-03-19 03:00:00,LEVEL,71259.46666666667,3,-1,1,0.01748631519752568
2026-03-19 07:00:00,CONTROL,69528.65758867885,4,1,1,0.01585172945494897
2026-03-19 07:00:00,CONTROL,69614.88711054593,3,1,1,0.0158713887882235
2026-03-19 07:00:00,CONTROL,69781.3687315554,6,1,-1,0.01590934467155258
2026-03-19 07:00:00,CONTROL,69557.98516749352,8,1,1,0.01585841580358652
2026-03-19 07:00:00,CONTROL,69819.21659847285,3,1,-1,0.015917973547294316
2026-03-19 07:00:00,CONTROL,69762.52808188832,4,1,-1,0.01590504922142258
2026-03-20 00:00:00,LEVEL,70033.29999999999,8,-1,-1,0.015530707766512577
2026-03-20 00:00:00,LEVEL,70245.23333333334,3,-1,-1,0.01557770647521234
2026-03-20 01:00:00,LEVEL,70545.375,4,-1,1,0.015445813633657862
2026-03-20 04:00:00,LEVEL,70869.86666666667,3,-1,1,0.015727234312080132
2026-03-20 08:00:00,LEVEL,71215.85,4,-1,1,0.01610216494262616
2026-03-20 14:00:00,CONTROL,69640.54867204303,4,1,1,0.016634675386515897
2026-03-20 14:00:00,CONTROL,69601.21223653901,6,1,1,0.01662527929691078
2026-03-20 18:00:00,CONTROL,69746.98558085515,3,1,1,0.017381208004013493
2026-03-20 18:00:00,CONTROL,69705.29193815535,6,1,1,0.017370817793308683
2026-03-20 14:00:00,CONTROL,69578.14731207465,8,1,1,0.016619769898455494
2026-03-20 14:00:00,CONTROL,69688.89421767843,3,1,1,0.01664622343536623
2026-03-20 13:00:00,CONTROL,69815.65506769146,4,1,1,0.016184680755778294
2026-03-20 13:00:00,CONTROL,69816.72297776508,3,1,1,0.016184928318930147
2026-03-21 23:00:00,LEVEL,68647.675,4,1,-1,0.031222115466613597
2026-03-21 23:00:00,LEVEL,68829.41666666667,6,1,-1,0.031304774628803156
2026-03-21 23:00:00,LEVEL,69095.53333333333,3,1,-1,0.03142580895799576
2026-03-21 23:00:00,LEVEL,69275.72857142857,7,1,-1,0.03150776477850015
2026-03-21 23:00:00,LEVEL,70033.29999999999,8,1,-1,0.031852320986952426
2026-03-21 16:00:00,LEVEL,70245.23333333334,3,1,-1,0.02803291680176915
2026-03-21 14:00:00,LEVEL,70869.86666666667,3,-1,1,0.027224265123686423
2026-03-21 23:00:00,CONTROL,69553.26457091185,6,1,-1,0.031633992812035286
2026-03-21 23:00:00,CONTROL,69578.26137551558,3,1,-1,0.031645361778568144
2026-03-21 23:00:00,CONTROL,69761.58930682242,7,1,-1,0.03172874240055597
2026-03-21 23:00:00,CONTROL,69560.41615324288,3,1,-1,0.0316372454717839
2026-03-21 23:00:00,CONTROL,69797.86532481796,5,1,-1,0.031745241342763776
2026-03-22 21:00:00,LEVEL,67396.45000000001,6,1,1,0.01916747898114082
2026-03-22 21:00:00,LEVEL,67686.825,4,1,1,0.01925006132352159
2026-03-22 11:00:00,LEVEL,68168.35,8,1,1,0.023204025146528577
2026-03-22 00:00:00,LEVEL,68335.92857142857,7,1,1,0.02878665834192138
2026-03-22 00:00:00,LEVEL,68647.675,4,1,1,0.028917982202095755
2026-03-22 13:00:00,LEVEL,68829.41666666667,6,-1,1,0.021695212203594695
2026-03-22 00:00:00,LEVEL,69095.53333333333,3,-1,1,0.029106643497797225
2026-03-22 02:00:00,LEVEL,69275.72857142857,7,-1,1,0.028551857426209
2026-03-22 21:00:00,CONTROL,67931.30657559921,4,1,1,0.019319591624621636
2026-03-22 21:00:00,CONTROL,67890.48568234884,6,1,1,0.019307982205826316
2026-03-22 03:00:00,CONTROL,69541.55117300653,4,-1,1,0.027551096774042858
2026-03-22 21:00:00,CONTROL,67936.54065241446,6,1,1,0.019321080190522987
2026-03-23 00:00:00,LEVEL,67686.825,4,1,1,0.02034699582910611
2026-03-23 02:00:00,LEVEL,68156.58,10,-1,-1,0.019731223854671798
2026-03-23 02:00:00,LEVEL,68335.92857142857,7,-1,1,0.01978314498702428
2026-03-23 05:00:00,LEVEL,68647.675,4,-1,1,0.019183700986813407
2026-03-23 05:00:00,LEVEL,68829.41666666667,6,-1,1,0.01923448898203944
2026-03-23 11:00:00,LEVEL,69071.65,4,-1,-1,0.01404046930880495
2026-03-23 11:00:00,LEVEL,69275.72857142857,7,-1,-1,0.014081953172571453
2026-03-23 11:00:00,LEVEL,70033.29999999999,8,-1,-1,0.014235947733177498
2026-03-23 11:00:00,LEVEL,70224.675,4,-1,-1,0.014274849291399615
2026-03-23 11:00:00,LEVEL,70548.71666666666,6,-1,-1,0.014340718531176098
2026-03-23 11:00:00,LEVEL,70869.36000000002,5,-1,1,0.014405896978205232
2026-03-23 11:00:00,LEVEL,71188.22,5,-1,1,0.014470712919967234
2026-03-23 14:00:00,LEVEL,71694.275,4,-1,1,0.013288637377277082
2026-03-23 01:00:00,CONTROL,67944.28441090697,4,-1,-1,0.01991041301418522
2026-03-23 01:00:00,CONTROL,67922.28761435673,6,-1,-1,0.01990396706647819
2026-03-23 01:00:00,CONTROL,67923.32003334157,7,-1,-1,0.01990426960684005
2026-03-23 11:00:00,CONTROL,69520.87042305872,4,-1,-1,0.014131784132800676
2026-03-23 01:00:00,CONTROL,67951.25839065613,6,-1,-1,0.01991245667125457
2026-03-23 11:00:00,CONTROL,69779.13158572912,4,-1,-1,0.014184281907620446
2026-03-23 11:00:00,CONTROL,69793.21550675291,7,-1,-1,0.014187144802323009
2026-03-23 11:00:00,CONTROL,69559.90444886072,8,-1,-1,0.014139718734641982
2026-03-23 11:00:00,CONTROL,69745.40569398973,4,-1,-1,0.014177426311324732
2026-03-23 11:00:00,CONTROL,69577.88641516822,6,-1,-1,0.014143374000529688
2026-03-23 11:00:00,CONTROL,71421.76279420624,5,-1,1,0.014518186093611489
2026-03-24 17:00:00,LEVEL,69071.65,4,1,1,0.01787048284337508
2026-03-24 17:00:00,LEVEL,69275.72857142857,7,1,1,0.017923282835982973
2026-03-24 13:00:00,LEVEL,70033.29999999999,8,1,-1,0.016898908125716382
2026-03-24 04:00:00,LEVEL,70224.675,4,1,1,0.012686596925439391
2026-03-24 00:00:00,LEVEL,70548.71666666666,6,1,-1,0.01231653309328315
2026-03-24 07:00:00,LEVEL,70869.36000000002,5,-1,1,0.013577074709787923
2026-03-24 07:00:00,LEVEL,71188.22,5,-1,1,0.0136381615608892
2026-03-24 14:00:00,CONTROL,69640.30725892622,4,1,1,0.016465984175187083
2026-03-24 14:00:00,CONTROL,69555.03121755937,7,1,1,0.01644582122641593
2026-03-24 14:00:00,CONTROL,69809.66190649697,4,1,-1,0.01650602694720597
2026-03-24 14:00:00,CONTROL,69488.33349862223,8,1,1,0.0164300509975389
2026-03-24 14:00:00,CONTROL,69496.90942906051,4,1,1,0.016432078718846322
2026-03-24 14:00:00,CONTROL,69796.98575377252,6,1,-1,0.016503029755803773
2026-03-25 15:00:00,LEVEL,70548.71666666666,6,1,1,0.018075944475137336
2026-03-25 00:00:00,LEVEL,70869.36000000002,5,-1,-1,0.016994413578627902
2026-03-25 05:00:00,LEVEL,71188.22,5,-1,1,0.01731152093624134
2026-03-25 08:00:00,LEVEL,71414.86666666667,3,-1,1,0.01782544662241391
2026-03-25 11:00:00,LEVEL,71713.37999999999,5,-1,1,0.01778922768040555
2026-03-25 11:00:00,LEVEL,71940.5,3,-1,1,0.017845567088627192
2026-03-26 18:00:00,LEVEL,68156.58,10,1,1,0.019658661667147324
2026-03-26 17:00:00,LEVEL,68335.92857142857,7,1,1,0.019652997396247842
2026-03-26 15:00:00,LEVEL,68647.675,4,1,1,0.018597406027768305
2026-03-26 15:00:00,LEVEL,68841.67499999999,8,1,-1,0.018649962749745952
2026-03-26 15:00:00,LEVEL,69071.65,4,1,-1,0.0187122654927192
2026-03-26 11:00:00,LEVEL,69275.72857142857,7,1,-1,0.018644748559990144
2026-03-26 05:00:00,LEVEL,70037.9888888889,9,1,-1,0.01874537386308611
2026-03-26 05:00:00,LEVEL,70224.675,4,1,-1,0.018795339617433723
2026-03-26 05:00:00,LEVEL,70546.24285714286,7,1,-1,0.01888140590517447
2026-03-26 02:00:00,LEVEL,70869.36000000002,5,1,-1,0.0193668510136808
2026-03-26 09:00:00,CONTROL,69527.51813312217,4,1,-1,0.018472477273564287
2026-03-26 09:00:00,CONTROL,69699.30524603772,8,1,-1,0.018518118677492267
2026-03-26 09:00:00,CONTROL,69629.85421541466,4,1,-1,0.0184996665218673
2026-03-26 07:00:00,CONTROL,69810.31612294039,7,1,-1,0.01862244696883173
2026-03-26 09:00:00,CONTROL,69499.87527706024,9,1,-1,0.018465132958045898
2026-03-26 09:00:00,CONTROL,69618.76005043634,4,1,-1,0.01849671895929159
2026-03-26 09:00:00,CONTROL,69509.28491140189,7,1,-1,0.01846763296467918
2026-03-27 17:00:00,LEVEL,65557.96666666667,3,1,1,0.015635331236553574
2026-03-27 14:00:00,LEVEL,65785.53333333334,3,1,1,0.015493303109253207
2026-03-27 10:00:00,LEVEL,66384.40000000001,3,1,-1,0.016112962878684446
2026-03-27 10:00:00,LEVEL,66577.625,4,1,-1,0.016159862861997297
2026-03-27 10:00:00,LEVEL,66820.66,5,1,-1,0.016218852834539357
2026-03-27 10:00:00,LEVEL,67183.125,4,1,-1,0.016306831110908842
2026-03-27 10:00:00,LEVEL,67391.925,8,1,-1,0.01635751149137578
2026-03-27 08:00:00,LEVEL,67686.825,4,1,-1,0.01756160731659857
2026-03-27 08:00:00,LEVEL,68152.87272727273,11,1,-1,0.017682525193558483
2026-03-27 04:00:00,LEVEL,68335.92857142857,7,1,-1,0.018185936215409582
2026-03-27 00:00:00,LEVEL,68647.675,4,1,-1,0.018486910272162607
2026-03-27 02:00:00,LEVEL,68841.67499999999,8,1,-1,0.01875299946369739
2026-03-27 13:00:00,CONTROL,66009.43024331724,4,1,1,0.015673731460863226
2026-03-27 13:00:00,CONTROL,66044.5141367562,5,1,1,0.01568206202094134
2026-03-27 08:00:00,CONTROL,67918.18595082471,4,1,-1,0.017621634805947917
2026-03-27 08:00:00,CONTROL,67904.37539255484,8,1,-1,0.01761805160343903
2026-03-28 08:00:00,LEVEL,66384.40000000001,3,1,1,0.02064773383357803
2026-03-28 13:00:00,LEVEL,66577.625,4,-1,-1,0.02543709629275882
2026-03-28 13:00:00,LEVEL,66820.66,5,-1,1,0.025529951883469824
2026-03-28 15:00:00,LEVEL,67183.125,4,-1,1,0.027165963254062717
2026-03-28 02:00:00,CONTROL,65991.61694929446,4,1,1,0.017387949924061574
2026-03-28 01:00:00,CONTROL,66088.42321027936,5,1,1,0.01741173672590933
2026-03-29 22:00:00,LEVEL,65543.725,4,1,1,0.024526968683490444
2026-03-29 22:00:00,LEVEL,65785.53333333334,3,1,1,0.024617455231502074
2026-03-29 22:00:00,LEVEL,66054.0,3,1,1,0.024717917533971064
2026-03-29 10:00:00,LEVEL,66406.4,4,1,1,0.030832024607527424
2026-03-29 07:00:00,LEVEL,66568.88,5,1,-1,0.030934842073162112
2026-03-29 11:00:00,LEVEL,66820.66,5,-1,1,0.02952583706158526
2026-03-29 22:00:00,CONTROL,65130.59457053416,3,1,1,0.02437237208243205
2026-03-29 22:00:00,CONTROL,65296.93505639768,3,1,1,0.024434617978398007
2026-03-30 00:00:00,LEVEL,65785.53333333334,3,1,1,0.021829822123594047
2026-03-30 00:00:00,LEVEL,66308.26666666668,3,-1,-1,0.02200328238311524
2026-03-30 00:00:00,LEVEL,66539.82857142857,7,-1,-1,0.022080122304225853
2026-03-30 00:00:00,LEVEL,66820.66,5,-1,-1,0.0221733114876496
2026-03-30 02:00:00,LEVEL,67079.825,4,-1,-1,0.020276719911583863
2026-03-30 02:00:00,LEVEL,67309.675,8,-1,-1,0.020346198388483252
2026-03-30 04:00:00,LEVEL,67499.75,4,-1,1,0.019933480989294945
2026-03-30 05:00:00,LEVEL,67767.4,5,-1,1,0.019759959907057267
2026-03-31 09:00:00,LEVEL,66054.0,3,1,1,0.016518532990520522
2026-03-31 09:00:00,LEVEL,66308.26666666668,3,1,1,0.016582119031058922
2026-03-31 00:00:00,LEVEL,66539.82857142857,7,1,1,0.01873273022967038
2026-03-31 08:00:00,LEVEL,66820.66,5,1,-1,0.017694684960526955
2026-03-31 00:00:00,LEVEL,67079.825,4,-1,-1,0.0188847535762673
2026-03-31 01:00:00,LEVEL,67309.675,8,-1,-1,0.017677600866681974
2026-03-31 01:00:00,LEVEL,67499.75,4,-1,1,0.01772752043596729
2026-03-31 01:00:00,LEVEL,67767.4,5,-1,1,0.017797813597715095
2026-03-31 01:00:00,LEVEL,68152.49999999999,12,-1,1,0.01789895275926593
2026-03-31 01:00:00,LEVEL,68335.92857142857,7,-1,1,0.017947126770999907
2026-04-01 01:00:00,LEVEL,67767.4,5,1,1,0.01497322221378314
2026-04-01 03:00:00,LEVEL,68152.49999999999,12,-1,-1,0.014826034344450633
2026-04-01 04:00:00,LEVEL,68341.0625,8,-1,-1,0.014805556871957693
2026-04-01 05:00:00,LEVEL,68638.14,5,-1,1,0.01465403796243787
2026-04-01 06:00:00,LEVEL,68841.67499999999,8,-1,1,0.01429464599731358
2026-04-01 06:00:00,LEVEL,69071.65,4,-1,1,0.014342399210948088
2026-04-01 07:00:00,LEVEL,69275.72857142857,7,-1,1,0.014171615605270922
2026-04-02 13:00:00,LEVEL,65785.53333333334,3,1,1,0.018180646572818634
2026-04-02 12:00:00,LEVEL,66025.0,4,1,1,0.017948587253852566
2026-04-02 04:00:00,LEVEL,66238.93333333333,3,1,1,0.016440794460905198
2026-04-02 03:00:00,LEVEL,66506.7,7,1,-1,0.016457344355343812
2026-04-02 02:00:00,LEVEL,66733.83333333333,3,1,-1,0.016368367263510722
2026-04-02 02:00:00,LEVEL,66882.15000000001,4,1,-1,0.016404746136865316
2026-04-02 01:00:00,LEVEL,67166.5,5,1,-1,0.016968870151504344
2026-04-02 01:00:00,LEVEL,67347.72857142858,7,1,-1,0.017014655537021146
2026-04-02 01:00:00,LEVEL,67519.29999999999,4,1,-1,0.0170580011526649
2026-04-02 01:00:00,LEVEL,67786.78333333334,6,1,-1,0.01712557784567444
2026-04-02 01:00:00,LEVEL,68152.49999999999,12,1,-1,0.017217972099192298
2026-04-02 00:00:00,LEVEL,68341.0625,8,-1,1,0.018653468555685337
2026-04-02 00:00:00,LEVEL,68638.14,5,-1,1,0.018734554883613756
2026-04-03 01:00:00,LEVEL,66506.7,7,1,1,0.02089434495758735
2026-04-03 00:00:00,LEVEL,66733.83333333333,3,1,0,0.018866021155794433
2026-04-03 14:00:00,LEVEL,66882.15000000001,4,-1,0,0.024203066901886398
2026-04-03 07:00:00,LEVEL,67166.5,5,-1,1,0.022367165142102085
2026-04-04 15:00:00,LEVEL,67353.78888888888,9,-1,1,0.056586448697641206
2026-04-04 15:00:00,LEVEL,67519.29999999999,4,-1,1,0.05672550080075642
2026-04-05 06:00:00,LEVEL,66736.75,4,1,1,0.046658859514966136
2026-04-05 05:00:00,LEVEL,66882.15000000001,4,1,-1,0.0487901518260157
2026-04-05 15:00:00,LEVEL,67166.5,5,-1,-1,0.03965037725755
2026-04-05 15:00:00,LEVEL,67353.78888888888,9,-1,-1,0.039760939444065474
2026-04-05 15:00:00,LEVEL,67526.34,5,-1,1,0.03986280148320351
2026-04-05 15:00:00,LEVEL,67786.78333333334,6,-1,1,0.04001654890819783
2026-04-05 22:00:00,LEVEL,68152.49999999999,12,-1,-1,0.032039724980901636
2026-04-05 22:00:00,LEVEL,68341.0625,8,-1,-1,0.03212837162837182
2026-04-05 23:00:00,LEVEL,68638.3,6,-1,-1,0.029186052939300672
2026-04-05 23:00:00,LEVEL,68841.67499999999,8,-1,-1,0.029272531093866416
2026-04-05 23:00:00,LEVEL,69085.84,5,-1,-1,0.02937635377910082
2026-04-06 23:00:00,LEVEL,68341.0625,8,1,1,0.019963613127025503
2026-04-06 23:00:00,LEVEL,68638.3,6,1,-1,0.020050441371126104
2026-04-06 01:00:00,LEVEL,68841.67499999999,8,1,1,0.027030191781494316
2026-04-06 02:00:00,LEVEL,69085.84,5,-1,-1,0.02588120769383867
2026-04-06 00:00:00,LEVEL,69277.2625,8,-1,1,0.027841061964684985
2026-04-06 09:00:00,LEVEL,70037.9888888889,9,-1,1,0.022213346988893913
2026-04-06 09:00:00,LEVEL,70224.675,4,-1,1,0.02227255661826658
2026-04-06 00:00:00,CONTROL,69568.94302870535,6,-1,1,0.02795828218067689
2026-04-06 09:00:00,CONTROL,69684.29405505703,8,-1,-1,0.022101168638305482
2026-04-06 00:00:00,CONTROL,69565.82073927883,5,-1,1,0.02795702739880101
2026-04-06 09:00:00,CONTROL,69710.0903145333,8,-1,1,0.02210935021621559
2026-04-06 00:00:00,CONTROL,69567.3047584562,9,-1,1,0.02795762379462242
2026-04-06 00:00:00,CONTROL,69550.68993311773,4,-1,1,0.027950946648830455
2026-04-06 00:00:00,CONTROL,69489.69670006252,7,-1,1,0.027926434762539965
2026-04-07 14:00:00,LEVEL,67792.75714285714,7,1,1,0.019746301984047497
2026-04-07 10:00:00,LEVEL,68152.49999999999,12,1,1,0.020435723723048416
2026-04-07 01:00:00,LEVEL,68341.0625,8,1,1,0.019802366960348518
2026-04-07 02:00:00,LEVEL,68638.3,6,-1,1,0.020261481126157773
2026-04-07 08:00:00,LEVEL,68841.67499999999,8,-1,1,0.020542471884966197
2026-04-07 00:00:00,LEVEL,69086.2,6,-1,1,0.020472828633606603
2026-04-07 20:00:00,LEVEL,69277.2625,8,-1,-1,0.018996173126194234
2026-04-07 21:00:00,LEVEL,69518.23333333334,3,-1,-1,0.018215627157966523
2026-04-07 21:00:00,LEVEL,70037.9888888889,9,-1,-1,0.018351816945297354
2026-04-07 22:00:00,LEVEL,70247.34999999999,6,-1,-1,0.017227251965728097
2026-04-07 22:00:00,LEVEL,70546.24285714286,7,-1,-1,0.01730055156437141
2026-04-07 22:00:00,LEVEL,70869.36000000002,5,-1,-1,0.01737979185506489
2026-04-07 22:00:00,LEVEL,71188.22,5,-1,-1,0.017457988136658314
2026-04-07 22:00:00,LEVEL,71414.86666666667,3,-1,-1,0.017513570293620235
2026-04-07 23:00:00,LEVEL,71695.48333333332,6,-1,-1,0.016405819818273683
2026-04-07 23:00:00,LEVEL,71955.35,4,-1,-1,0.01646528417379365
2026-04-07 21:00:00,CONTROL,69798.46957677505,6,-1,-1,0.018289056511416962
2026-04-07 21:00:00,CONTROL,69770.48443059307,8,-1,-1,0.018281723658374396
2026-04-07 21:00:00,CONTROL,69755.14819947911,6,-1,-1,0.018277705157693565
2026-04-07 21:00:00,CONTROL,69802.39482474182,7,-1,-1,0.018290085030843256
2026-04-07 23:00:00,CONTROL,72190.81672149074,5,-1,1,0.016519165177538563
2026-04-07 23:00:00,CONTROL,72316.31474178235,3,-1,1,0.0165478824385532
2026-04-07 23:00:00,CONTROL,72515.64386255617,6,-1,1,0.0165934942049841
2026-04-07 23:00:00,CONTROL,72681.4601964477,3,-1,1,0.016631437360818666
2026-04-08 14:00:00,LEVEL,70869.36000000002,5,1,1,0.015171796943991036
2026-04-08 02:00:00,LEVEL,71188.22,5,1,1,0.016348430767464228
2026-04-08 04:00:00,LEVEL,71414.86666666667,3,-1,-1,0.01642429016338462
2026-04-08 00:00:00,LEVEL,71695.48333333332,6,1,1,0.016229303340053524
2026-04-08 12:00:00,LEVEL,71955.35,4,-1,-1,0.01714000550845251
2026-04-08 13:00:00,CONTROL,72242.09646926781,5,-1,1,0.0160688637751821
2026-04-08 13:00:00,CONTROL,72438.04339555795,3,-1,1,0.016112448397163012
2026-04-08 13:00:00,CONTROL,72182.53549025208,6,-1,1,0.016055615581886274
2026-04-08 13:00:00,CONTROL,72587.13676972482,4,-1,1,0.016145611348355727
2026-04-09 01:00:00,LEVEL,70546.24285714286,7,1,1,0.019475303208631944
2026-04-09 00:00:00,LEVEL,70759.09999999999,3,1,1,0.01987196517587585
2026-04-09 05:00:00,LEVEL,70980.76,5,-1,-1,0.019712086645606964
2026-04-09 08:00:00,LEVEL,71299.62000000001,5,-1,1,0.019690078446601922
2026-04-09 15:00:00,LEVEL,71631.98,5,-1,-1,0.02049391018247812
2026-04-09 15:00:00,LEVEL,71845.05,4,-1,-1,0.0205548695115736
2026-04-09 22:00:00,LEVEL,72854.375,4,-1,1,0.01855187560676714
2026-04-09 15:00:00,CONTROL,72284.1105458933,5,-1,-1,0.020680484738071696
2026-04-09 16:00:00,CONTROL,72339.01416715002,5,-1,-1,0.020239289115959912
2026-04-09 21:00:00,CONTROL,72562.14761591425,4,-1,1,0.019575513827775563
2026-04-09 15:00:00,CONTROL,72107.07404549685,4,-1,-1,0.02062983459356717
2026-04-10 07:00:00,LEVEL,71615.48333333332,6,1,1,0.01738358555018672
2026-04-10 06:00:00,LEVEL,71845.05,4,1,1,0.017796643547188497
2026-04-10 14:00:00,LEVEL,72854.375,4,-1,0,0.01794097502789644
2026-04-10 01:00:00,CONTROL,72195.88410635195,5,-1,1,0.017964062761193285
2026-04-10 12:00:00,CONTROL,72410.95640171548,6,-1,-1,0.01775295049765477
2026-04-10 12:00:00,CONTROL,72419.7098241969,4,-1,-1,0.017755096568963864
2026-04-10 14:00:00,CONTROL,72618.40757362884,3,-1,-1,0.017882866153804498
2026-04-11 09:00:00,LEVEL,72854.375,4,-1,-1,0.025601396835158153
2026-04-11 13:00:00,CONTROL,72457.22263399293,4,1,1,0.027760723214096582
2026-04-11 18:00:00,CONTROL,73598.79460392434,4,-1,1,0.03413178498196552
2026-04-11 18:00:00,CONTROL,73653.01679402548,3,-1,1,0.03415693077604738
2026-04-12 22:00:00,LEVEL,70508.33750000001,8,1,1,0.02427842424111998
2026-04-12 22:00:00,LEVEL,70733.125,4,1,1,0.02435582624040979
2026-04-12 22:00:00,LEVEL,70980.76,5,1,1,0.024441095412824323
2026-04-12 01:00:00,LEVEL,71313.36666666668,6,1,1,0.02693389041667151
2026-04-12 01:00:00,LEVEL,71604.68571428572,7,1,-1,0.027043916848904552
2026-04-12 01:00:00,LEVEL,71845.05,4,1,-1,0.027134698502248315
2026-04-12 01:00:00,LEVEL,72341.63333333333,3,1,-1,0.027322249892792846
2026-04-12 01:00:00,LEVEL,72891.36666666667,3,1,-1,0.027529875167695377
2026-04-12 01:00:00,CONTROL,72077.60380214216,6,1,-1,0.02722253026388922
2026-04-12 01:00:00,CONTROL,72072.48860994281,7,1,-1,0.027220598339586705
2026-04-12 01:00:00,CONTROL,72664.03072965976,4,1,-1,0.027444014108243008
2026-04-13 07:00:00,LEVEL,70733.125,4,1,1,0.029095560068899937
2026-04-13 00:00:00,LEVEL,70980.76,5,-1,-1,0.023756019788104193
2026-04-13 13:00:00,LEVEL,71305.6,7,-1,-1,0.026691222159835336
2026-04-13 13:00:00,LEVEL,71604.68571428572,7,-1,-1,0.026803176385658177
2026-04-13 14:00:00,LEVEL,71845.05,4,-1,-1,0.02506368393511254
2026-04-13 14:00:00,LEVEL,72341.63333333333,3,-1,1,0.025236920751206496
2026-04-13 19:00:00,LEVEL,72891.36666666667,3,-1,-1,0.019814166949824467
2026-04-13 22:00:00,LEVEL,73493.7,3,-1,-1,0.01895786028664937
2026-04-13 22:00:00,LEVEL,74493.5,3,-1,-1,0.01921576087832719
2026-04-13 14:00:00,CONTROL,72077.86524357215,7,-1,-1,0.02514490327701805
2026-04-13 19:00:00,CONTROL,72600.43382480643,4,-1,-1,0.019735082249352776
2026-04-13 19:00:00,CONTROL,73234.29406434932,3,-1,-1,0.01990738540655098
2026-04-13 22:00:00,CONTROL,73741.91338970352,3,-1,-1,0.01902188747215337
2026-04-13 22:00:00,CONTROL,74135.8818877298,3,-1,-1,0.01912351250590352
2026-04-14 06:00:00,LEVEL,74493.5,3,-1,-1,0.018882119037434884
2026-04-14 18:00:00,CONTROL,73944.27626618402,3,1,0,0.016585825819352286
2026-04-14 13:00:00,CONTROL,75453.32076691538,3,-1,1,0.01855499830581892
2026-04-15 07:00:00,LEVEL,73493.7,3,1,1,0.018530937972768623
2026-04-15 00:00:00,LEVEL,74493.5,3,-1,1,0.01902953667337233
2026-04-15 19:00:00,LEVEL,74850.8,4,-1,1,0.021955411338741553
2026-04-15 05:00:00,CONTROL,73885.34584639088,3,1,1,0.01847234666805623
2026-04-15 05:00:00,CONTROL,74038.77699865575,3,1,1,0.018510706553928707
2026-04-15 10:00:00,CONTROL,73780.45462095518,4,1,1,0.01841475807747054
2026-04-16 13:00:00,LEVEL,73494.01999999999,5,1,1,0.019793869797584383
2026-04-16 13:00:00,LEVEL,73803.40000000001,3,1,1,0.01987719395699187
2026-04-16 00:00:00,LEVEL,74488.5,4,1,1,0.021488487820709348
2026-04-16 02:00:00,LEVEL,74828.48000000001,5,-1,1,0.02114060141613549
2026-04-16 02:00:00,CONTROL,75230.61429317684,4,-1,1,0.021254212715039474
2026-04-17 02:00:00,LEVEL,74488.5,4,1,1,0.019128737661503827
2026-04-17 06:00:00,LEVEL,74828.48000000001,5,-1,-1,0.019446702400675614
2026-04-17 08:00:00,CONTROL,75449.61262916758,4,-1,-1,0.01900389307998894
2026-04-17 08:00:00,CONTROL,75689.38897794548,5,-1,-1,0.01906428681743172
2026-04-18 18:00:00,LEVEL,75475.2,3,1,-1,0.02882830303536688
2026-04-18 11:00:00,CONTROL,75913.32496146468,5,1,-1,0.021338203144363112
2026-04-18 11:00:00,CONTROL,75928.96996667965,3,1,-1,0.021342600742540258
2026-04-19 22:00:00,LEVEL,73803.40000000001,3,1,1,0.023459673590209718
2026-04-19 20:00:00,LEVEL,74486.8,5,1,-1,0.025258057200987668
2026-04-19 07:00:00,LEVEL,74828.48000000001,5,1,1,0.02886762019578541
2026-04-19 01:00:00,LEVEL,75455.375,4,1,-1,0.030780837285197163
2026-04-19 22:00:00,CONTROL,74069.11305046642,3,1,1,0.02354413503009732
2026-04-19 07:00:00,CONTROL,75079.38724593441,5,1,1,0.02896441616277558
2026-04-19 13:00:00,CONTROL,75870.18268411736,5,-1,1,0.03000674633409665
2026-04-20 01:00:00,LEVEL,74486.8,5,-1,-1,0.022305193614194016
2026-04-20 06:00:00,LEVEL,74827.78333333334,6,-1,-1,0.02143467578543443
2026-04-20 07:00:00,LEVEL,75455.375,4,-1,1,0.02089905223525336
2026-04-20 17:00:00,LEVEL,75950.40000000001,3,-1,-1,0.019056979315319824
2026-04-20 07:00:00,CONTROL,75136.4648854523,5,-1,-1,0.020810722952650455
2026-04-20 00:00:00,CONTROL,74254.59025750203,6,-1,-1,0.02261833807603772
2026-04-21 19:00:00,LEVEL,74827.78333333334,6,1,1,0.01895874162048034
2026-04-21 15:00:00,LEVEL,75455.375,4,1,1,0.0202512098363681
2026-04-21 00:00:00,LEVEL,75950.40000000001,3,-1,-1,0.019417205675572053
2026-04-21 17:00:00,CONTROL,75126.14463435786,6,1,1,0.01991613338220709
2026-04-21 08:00:00,CONTROL,76391.40037200508,4,-1,1,0.020194506455271582
2026-04-22 14:00:00,LEVEL,79135.33333333333,3,-1,1,0.019719437046727586
2026-04-22 02:00:00,CONTROL,76620.98719299694,3,-1,-1,0.017294835896253045
2026-04-23 10:00:00,CONTROL,76579.95847769633,3,1,1,0.020019922808410386
2026-04-23 01:00:00,CONTROL,78135.35124272257,3,1,-1,0.020610239787059517
2026-04-23 15:00:00,CONTROL,78550.97219795856,3,-1,1,0.020185916854057604
2026-04-24 03:00:00,CONTROL,77501.35678131734,3,1,1,0.02031240769075023
2026-04-25 15:00:00,LEVEL,77444.33333333333,3,1,-1,0.04611840603443993
2026-04-26 21:00:00,LEVEL,78518.6,4,-1,1,0.037972391905575074
2026-04-26 12:00:00,CONTROL,77780.73046381956,4,1,1,0.04882944646856592
2026-04-26 05:00:00,CONTROL,78029.82467579615,4,-1,1,0.0502830236744424
2026-04-26 21:00:00,CONTROL,78804.23320571467,3,-1,1,0.038110527022969465
2026-04-27 15:00:00,LEVEL,76987.9,4,1,-1,0.01955869164814229
2026-04-27 15:00:00,LEVEL,77330.66,5,1,-1,0.019645769450619268
2026-04-27 05:00:00,LEVEL,77653.16666666667,3,1,-1,0.0236371373037691
2026-04-27 05:00:00,LEVEL,78197.93333333333,3,1,-1,0.023802960863209904
2026-04-27 05:00:00,LEVEL,78518.6,4,1,-1,0.02390056978701952
2026-04-27 00:00:00,LEVEL,79135.33333333333,3,-1,1,0.0283309167934604
2026-04-27 15:00:00,CONTROL,76591.68963694428,3,1,1,0.019458034839490473
2026-04-27 19:00:00,CONTROL,76486.38035872542,4,1,1,0.01932847012145
2026-04-27 15:00:00,CONTROL,76612.64055100063,3,1,1,0.01946335739625296
2026-04-27 00:00:00,CONTROL,78866.57449450462,3,-1,-1,0.028234699541575065
2026-04-28 13:00:00,LEVEL,75950.40000000001,3,1,1,0.025087096274734443
2026-04-28 07:00:00,CONTROL,76506.49445654852,5,1,-1,0.026902200151746672
2026-04-28 11:00:00,CONTROL,76223.47644926806,4,1,1,0.02539671442053034
2026-04-29 18:00:00,LEVEL,75450.92,5,1,1,0.022370949252735653
2026-04-29 15:00:00,LEVEL,76069.3,3,1,-1,0.025754283356433247
2026-04-29 00:00:00,LEVEL,76478.53333333334,3,-1,-1,0.03041803055914624
2026-04-29 03:00:00,LEVEL,76987.9,4,-1,-1,0.029687804878048802
2026-04-29 04:00:00,LEVEL,77343.65,6,-1,1,0.028700606482286773
2026-04-29 09:00:00,LEVEL,77564.83333333333,3,-1,1,0.029600661482930255
2026-04-29 10:00:00,LEVEL,77809.725,4,-1,1,0.02921607997747116
2026-04-29 03:00:00,CONTROL,76708.42851948402,3,-1,-1,0.02958003606265654
2026-04-29 15:00:00,CONTROL,75759.09930718715,3,1,-1,0.025649260744945244
2026-04-29 03:00:00,CONTROL,76728.0654241039,6,-1,-1,0.02958760837717303
2026-04-30 02:00:00,LEVEL,75450.92,5,1,1,0.019860405034136736
2026-04-30 00:00:00,LEVEL,76086.65,4,-1,1,0.020710366356761926
2026-04-30 13:00:00,LEVEL,76478.53333333334,3,-1,-1,0.021682198124128846
2026-04-30 02:00:00,CONTROL,75826.56576426861,8,1,1,0.01995928357700583
2026-04-30 02:00:00,CONTROL,75718.56180990831,3,1,1,0.019930854469993164
2026-05-01 00:00:00,LEVEL,76470.15,4,-1,-1,0.02833244335351811
2026-05-01 03:00:00,LEVEL,76987.9,4,-1,-1,0.028696378609451335
2026-05-01 03:00:00,LEVEL,77343.65,6,-1,-1,0.02882898044286038
2026-05-01 11:00:00,LEVEL,77564.83333333333,3,-1,-1,0.03132232079384514
2026-05-01 12:00:00,LEVEL,77822.42,5,-1,-1,0.029873891148138848
2026-05-01 13:00:00,LEVEL,78206.45,4,-1,-1,0.028421914323354436
2026-05-01 13:00:00,LEVEL,78518.6,4,-1,1,0.02853535638032078
2026-05-01 01:00:00,CONTROL,76735.84646536846,3,-1,-1,0.028354392356894714
2026-05-01 01:00:00,CONTROL,76718.41963404586,3,-1,-1,0.028347953029831556
2026-05-01 13:00:00,CONTROL,78865.52327353458,5,-1,1,0.02866143579649652
2026-05-02 04:00:00,LEVEL,78206.45,4,1,1,0.026078596140219342
2026-05-02 21:00:00,CONTROL,78797.6855466293,5,-1,1,0.04819246086717148
2026-05-02 21:00:00,CONTROL,78783.80941345013,4,-1,1,0.04818397425997501
2026-05-03 09:00:00,LEVEL,78565.96666666666,3,-1,-1,0.050491252451817605
2026-05-03 20:00:00,CONTROL,78938.62138177655,5,-1,-1,0.0407786889049457
2026-05-03 20:00:00,CONTROL,79153.30832652481,4,-1,1,0.04088959345304393
2026-05-03 20:00:00,CONTROL,79033.68338458658,4,-1,1,0.04082779672785184
2026-05-03 22:00:00,CONTROL,79402.99313194263,3,-1,1,0.04075998235782638
2026-05-04 00:00:00,LEVEL,78353.1,4,1,1,0.0366061144041815
2026-05-04 10:00:00,LEVEL,78553.025,4,1,1,0.02140846903318113
2026-05-04 01:00:00,LEVEL,78926.3,3,-1,-1,0.03187210983935494
2026-05-04 01:00:00,CONTROL,79208.31279750308,4,-1,-1,0.0319859925737302
2026-05-04 01:00:00,CONTROL,79498.54427786055,4,-1,-1,0.03210319418613053
2026-05-04 01:00:00,CONTROL,79497.23334014392,4,-1,-1,0.03210266480174412
2026-05-04 02:00:00,CONTROL,80092.86494616902,3,-1,1,0.02970424855739152
2026-05-07 10:00:00,LEVEL,80574.0,3,1,-1,0.02516856038421
2026-05-07 15:00:00,CONTROL,79828.66494081696,3,1,-1,0.025332129571366335
2026-05-08 02:00:00,LEVEL,79453.5,3,1,1,0.02551954230653418
2026-05-08 03:00:00,CONTROL,79191.54654832448,5,1,1,0.02493387537188718
2026-05-08 03:00:00,CONTROL,79205.52507169908,4,1,1,0.024938276583568182
2026-05-08 10:00:00,CONTROL,80127.13142363161,3,-1,1,0.02613595846854093
2026-05-08 00:00:00,CONTROL,79783.0010774974,4,1,-1,0.025510916938756338
2026-05-09 16:00:00,LEVEL,80672.225,4,-1,-1,0.04752763826496805
2026-05-09 06:00:00,CONTROL,80168.77467355311,4,1,1,0.03179092878895735
2026-05-10 20:00:00,LEVEL,80430.06666666667,3,1,1,0.04200209105102021
2026-05-10 20:00:00,LEVEL,80666.14,5,1,1,0.042125372978442675
2026-05-10 15:00:00,LEVEL,81131.5,3,-1,-1,0.052696693527108054
2026-05-10 22:00:00,LEVEL,81694.2,3,-1,-1,0.033854110334110656
2026-05-10 23:00:00,CONTROL,82331.14060034888,3,-1,1,0.033243700384994336
2026-05-11 14:00:00,LEVEL,80455.975,4,1,1,0.02138311503866193
2026-05-11 03:00:00,LEVEL,80666.14,5,1,1,0.02577990871775422
2026-05-11 02:00:00,LEVEL,81131.5,3,1,-1,0.02726078373724237
2026-05-11 00:00:00,LEVEL,81694.2,3,1,-1,0.029395324570182232
2026-05-11 00:00:00,CONTROL,81435.75051996058,4,1,-1,0.02930232890646616
2026-05-11 00:00:00,CONTROL,81389.69765661594,5,1,-1,0.02928575809892533
2026-05-12 11:00:00,LEVEL,80448.00000000001,6,1,-1,0.02731622843318267
2026-05-12 01:00:00,LEVEL,80666.14,5,1,1,0.025764469951791165
2026-05-12 01:00:00,LEVEL,81131.5,3,1,-1,0.025913104232999685
2026-05-12 16:00:00,CONTROL,80138.43471945141,4,1,1,0.028560306392944042
2026-05-12 16:00:00,CONTROL,79860.07021469127,6,1,1,0.02846110086724714
2026-05-12 16:00:00,CONTROL,80090.49199372348,5,1,1,0.028543220222732504
2026-05-12 15:00:00,CONTROL,80182.8073478422,3,1,1,0.02862872898332999
2026-05-13 15:00:00,LEVEL,79467.025,4,1,-1,0.026638851875130945
2026-05-13 11:00:00,LEVEL,80448.00000000001,6,1,-1,0.030571157134713985
2026-05-13 00:00:00,LEVEL,80665.31666666667,6,-1,-1,0.029803603894854227
2026-05-13 01:00:00,LEVEL,81131.5,3,-1,1,0.03137790669567314
2026-05-13 15:00:00,CONTROL,78815.47976464617,5,1,1,0.026420441572058216
2026-05-13 15:00:00,CONTROL,79204.65497033132,5,1,1,0.02655090047193172
2026-05-13 15:00:00,CONTROL,78941.99989809023,5,1,1,0.02646285351706356
2026-05-13 15:00:00,CONTROL,79128.67736154048,4,1,1,0.026525431338458992
2026-05-13 15:00:00,CONTROL,78898.46584645164,4,1,1,0.02644826007842502
2026-05-13 12:00:00,CONTROL,80019.12757089362,6,1,-1,0.02914124528865235
2026-05-14 00:00:00,LEVEL,79467.025,4,-1,1,0.027155738282626605
2026-05-14 14:00:00,LEVEL,80436.07142857143,7,-1,-1,0.02383423417703105
2026-05-14 14:00:00,LEVEL,80665.31666666667,6,-1,-1,0.023902162465816047
2026-05-14 15:00:00,LEVEL,81186.54000000001,5,-1,-1,0.025353957137838185
2026-05-14 16:00:00,LEVEL,81694.2,3,-1,1,0.024618504741545782
2026-05-14 03:00:00,CONTROL,79156.4805691599,5,1,1,0.02673753777036315
2026-05-14 02:00:00,CONTROL,79195.7816856208,5,1,1,0.027423252290693652
2026-05-14 05:00:00,CONTROL,79729.58209359621,7,-1,-1,0.02504463078171709
2026-05-14 05:00:00,CONTROL,79719.6666730717,6,-1,-1,0.02504151615299885
2026-05-14 14:00:00,CONTROL,80061.06236732024,5,-1,-1,0.02372311420777314
2026-05-15 13:00:00,LEVEL,78866.43333333333,3,1,-1,0.019133630528177955
2026-05-15 13:00:00,LEVEL,79156.8,3,1,-1,0.019204075815011417
2026-05-15 13:00:00,LEVEL,79467.025,4,1,-1,0.019279338893100875
2026-05-15 05:00:00,LEVEL,80328.8,4,1,-1,0.02164959699493827
2026-05-15 06:00:00,LEVEL,80575.84444444446,9,-1,1,0.021456495150388832
2026-05-15 01:00:00,LEVEL,81186.54000000001,5,1,-1,0.021649744000000054
2026-05-15 13:00:00,CONTROL,79833.84274863276,3,1,-1,0.019368331826810112
2026-05-15 13:00:00,CONTROL,79877.77629066205,3,1,-1,0.01937899045717355
2026-05-15 13:00:00,CONTROL,80086.66856417942,4,1,-1,0.019429669401468896
2026-05-15 13:00:00,CONTROL,79836.66036319757,4,1,-1,0.01936901540274699
2026-05-15 13:00:00,CONTROL,79790.59681114333,9,1,-1,0.019357840014833906
2026-05-16 10:00:00,LEVEL,77785.98000000001,5,1,1,0.028267822294903322
2026-05-16 07:00:00,LEVEL,78074.62,5,1,0,0.02890615450474953
2026-05-16 07:00:00,LEVEL,78329.56,5,1,-1,0.0290005428607792
2026-05-16 06:00:00,LEVEL,78589.31666666667,6,1,-1,0.029637472992827017
2026-05-16 04:00:00,LEVEL,78866.43333333333,3,1,-1,0.029127531816013536
2026-05-17 23:00:00,LEVEL,76999.7,3,1,-1,0.03334718835009273
2026-05-17 23:00:00,LEVEL,77343.65,6,1,-1,0.03349614692308736
2026-05-17 23:00:00,LEVEL,77576.59999999999,3,1,-1,0.03359703338791974
2026-05-17 00:00:00,LEVEL,77785.98000000001,5,1,1,0.03936039468690712
2026-05-17 01:00:00,LEVEL,78074.62,5,-1,-1,0.0381520629151715
2026-05-17 23:00:00,CONTROL,76766.74322817415,6,1,1,0.03324629895250409
2026-05-17 23:00:00,CONTROL,76750.57059036804,3,1,1,0.03323929487327991
2026-05-17 23:00:00,CONTROL,76749.36020274306,5,1,1,0.033238770676119314
2026-05-18 14:00:00,LEVEL,76470.15,4,1,1,0.02354784349198409
2026-05-18 00:00:00,LEVEL,76999.7,3,1,1,0.03279766794893981
2026-05-18 11:00:00,LEVEL,77343.65,6,-1,1,0.027461823023578406
2026-05-18 12:00:00,LEVEL,77601.29999999999,4,-1,1,0.026721923188670935
2026-05-18 14:00:00,CONTROL,76234.6025162255,4,1,1,0.023475310153382657
2026-05-18 01:00:00,CONTROL,76736.83358743513,3,1,1,0.031984092149761306
2026-05-18 15:00:00,CONTROL,76190.76003689301,3,1,1,0.022937797023111592
2026-05-18 01:00:00,CONTROL,76727.01092879755,6,1,1,0.03197999804261181
2026-05-18 01:00:00,CONTROL,76722.44009796719,4,1,1,0.03197809290960534
2026-05-19 14:00:00,LEVEL,76483.01999999999,5,1,1,0.0241057484487345
2026-05-19 08:00:00,LEVEL,76999.7,3,1,-1,0.02324102660843822
2026-05-19 00:00:00,LEVEL,77343.65,6,-1,1,0.023190195453778917
2026-05-19 01:00:00,CONTROL,76741.11451773159,4,1,0,0.023196671842133105
2026-05-19 14:00:00,CONTROL,76244.86689808409,3,1,1,0.02403068788278051
2026-05-19 01:00:00,CONTROL,76741.77086067373,6,1,0,0.02319687023607018
2026-05-19 01:00:00,CONTROL,76731.61634651024,7,1,0,0.023193800813189797
2026-05-20 05:00:00,LEVEL,76999.7,3,-1,-1,0.029094917815983366
2026-05-20 06:00:00,LEVEL,77342.225,8,-1,-1,0.02918643364230288
2026-05-20 08:00:00,LEVEL,77601.29999999999,4,-1,1,0.02928454544382467
2026-05-20 15:00:00,LEVEL,77783.91428571429,7,-1,1,0.030506860525583105
2026-05-21 13:00:00,LEVEL,76717.09999999999,3,1,1,0.026710919615267472
2026-05-21 13:00:00,LEVEL,77010.35,4,1,1,0.02681302171736958
2026-05-21 10:00:00,LEVEL,77342.225,8,1,-1,0.02641920580700265
2026-05-21 06:00:00,LEVEL,77601.29999999999,4,1,1,0.028132020708953136
2026-05-21 00:00:00,LEVEL,77789.15,8,-1,1,0.028243955794585534
2026-05-21 08:00:00,LEVEL,78074.62,5,-1,1,0.028171481535772726
2026-05-22 23:00:00,LEVEL,75382.025,4,1,-1,0.029549990199921713
2026-05-22 19:00:00,LEVEL,75966.35,4,1,-1,0.03230505654560209
2026-05-22 18:00:00,LEVEL,76148.59999999999,3,1,-1,0.034682957100970906
2026-05-22 18:00:00,LEVEL,76478.77142857143,7,1,-1,0.03483333834886134
2026-05-22 14:00:00,LEVEL,76712.0,4,1,-1,0.03223447225359156
2026-05-22 14:00:00,LEVEL,77010.35,4,1,-1,0.032359839273052124
2026-05-22 13:00:00,LEVEL,77324.61111111111,9,1,-1,0.032829873365471274
2026-05-22 01:00:00,LEVEL,77601.29999999999,4,-1,1,0.02748864363439123
2026-05-22 19:00:00,CONTROL,75641.49496994787,7,1,-1,0.0321669103780561
2026-05-22 19:00:00,CONTROL,75731.46604873484,4,1,-1,0.03220517101303042
2026-05-23 07:00:00,LEVEL,74503.7,5,1,1,0.02734864812159459
2026-05-23 07:00:00,LEVEL,74826.57500000001,8,1,1,0.027467168339546988
2026-05-23 14:00:00,LEVEL,75382.025,4,-1,-1,0.02752330248850449
2026-05-23 18:00:00,LEVEL,75966.35,4,-1,-1,0.029964046938171826
2026-05-23 20:00:00,LEVEL,76148.59999999999,3,-1,-1,0.0285244149976003
2026-05-23 20:00:00,LEVEL,76478.77142857143,7,-1,-1,0.028648093526804017
2026-05-23 20:00:00,LEVEL,76712.0,4,-1,-1,0.0287354583445515
2026-05-23 20:00:00,LEVEL,77010.35,4,-1,1,0.02884721692205042
2026-05-23 07:00:00,CONTROL,74222.4941639978,6,1,1,0.027245423725241618
2026-05-23 07:00:00,CONTROL,75116.35495653807,5,1,-1,0.02757354010449356
2026-05-23 07:00:00,CONTROL,74253.67699584768,4,1,1,0.027256870247974005
2026-05-23 07:00:00,CONTROL,75146.13638839567,4,1,-1,0.02758447220451585
2026-05-23 14:00:00,CONTROL,75664.40676111664,3,-1,-1,0.027626405033553528
2026-05-23 14:00:00,CONTROL,75616.6362947963,7,-1,-1,0.02760896319653003
2026-05-23 14:00:00,CONTROL,75622.31835932547,4,-1,-1,0.02761103781817617
2026-05-24 21:00:00,LEVEL,76148.59999999999,3,1,1,0.03226293824806699
2026-05-24 14:00:00,LEVEL,76478.77142857143,7,1,1,0.02641411610881888
2026-05-24 13:00:00,LEVEL,76712.0,4,1,-1,0.026628021000564057
2026-05-24 06:00:00,LEVEL,77010.35,4,-1,1,0.02543353183408502
2026-05-24 10:00:00,LEVEL,77320.94999999998,10,-1,1,0.027139680589680533
2026-05-24 10:00:00,LEVEL,77590.73999999999,5,-1,1,0.02723437697437692
2026-05-25 02:00:00,LEVEL,77320.94999999998,10,-1,-1,0.02941672789528131
2026-05-25 06:00:00,LEVEL,77525.45999999999,5,-1,1,0.028486952208162025
2026-05-25 16:00:00,LEVEL,77775.39090909089,11,-1,1,0.031036444807219267
2026-05-26 17:00:00,LEVEL,75984.28,5,1,-1,0.022847690890981195
2026-05-26 17:00:00,LEVEL,76151.375,4,1,-1,0.022897934637574946
2026-05-26 02:00:00,LEVEL,76478.77142857143,7,1,1,0.03371847571284887
2026-05-26 00:00:00,LEVEL,76712.0,4,1,1,0.032737437319961496
2026-05-26 00:00:00,LEVEL,77010.35,4,1,-1,0.03286476048223611
2026-05-26 10:00:00,LEVEL,77320.94999999998,10,-1,1,0.03229991514692646
2026-05-26 10:00:00,LEVEL,77525.45999999999,5,-1,1,0.032385346787984916
2026-05-26 14:00:00,LEVEL,77784.76666666665,12,-1,1,0.02615960455836865
2026-05-26 18:00:00,CONTROL,75753.67582476586,7,1,-1,0.021836930244054687
2026-05-27 21:00:00,LEVEL,74503.7,5,1,-1,0.02611101448957908
2026-05-27 14:00:00,LEVEL,74826.57500000001,8,1,1,0.026356956201085358
2026-05-27 04:00:00,LEVEL,75284.76666666666,3,1,1,0.022532970428221763
2026-05-27 13:00:00,LEVEL,75498.57500000001,4,1,-1,0.024243912816601786
2026-05-27 12:00:00,LEVEL,75984.28,5,-1,1,0.024671472375830755
2026-05-27 12:00:00,LEVEL,76151.375,4,-1,1,0.024725726751560043
2026-05-28 03:00:00,LEVEL,73238.36666666665,3,1,-1,0.02207159086985041
2026-05-28 03:00:00,LEVEL,73523.18333333333,6,1,-1,0.02215742507432131
2026-05-28 03:00:00,LEVEL,73803.40000000001,3,1,-1,0.0222418729928519
2026-05-28 14:00:00,CONTROL,72587.1386056581,3,1,1,0.02009784584232655
2026-05-28 14:00:00,CONTROL,72651.15437783489,3,1,1,0.020115570457808037
2026-05-28 03:00:00,CONTROL,74060.02700723695,6,1,-1,0.022319211778077237
2026-05-28 04:00:00,CONTROL,72944.42616156206,3,1,1,0.021637004080143664
2026-05-28 01:00:00,CONTROL,74243.25058621044,8,1,-1,0.024734352421175314
2026-05-29 14:00:00,LEVEL,72633.42499999999,4,1,1,0.025718059197786955
2026-05-29 02:00:00,LEVEL,73238.36666666665,3,1,-1,0.021002130417898772
2026-05-29 01:00:00,LEVEL,73533.02857142857,7,1,-1,0.021405826776974515
2026-05-29 00:00:00,LEVEL,73803.40000000001,3,-1,1,0.021383767339103854
2026-05-29 15:00:00,CONTROL,74090.6387744842,3,-1,1,0.02431393511345775
2026-05-29 13:00:00,CONTROL,73000.02035305844,7,1,1,0.02520501350127176
2026-05-29 13:00:00,CONTROL,72914.6979595097,3,1,1,0.025175553891932528
2026-05-29 15:00:00,CONTROL,74144.4132738064,8,-1,1,0.024331582007976478
2026-05-29 15:00:00,CONTROL,74171.04902194903,4,-1,1,0.02434032292130575
2026-05-30 04:00:00,LEVEL,73218.47499999999,4,1,1,0.024346812976702634
2026-05-30 03:00:00,LEVEL,73533.02857142857,7,1,1,0.024722957377157455
2026-05-31 14:00:00,LEVEL,73533.02857142857,7,1,1,0.05151288150541222
2026-05-31 07:00:00,LEVEL,73834.81666666667,6,1,-1,0.05745480955507477
2026-05-31 23:00:00,LEVEL,74119.63333333333,3,-1,1,0.040981913894888304
2026-06-01 16:00:00,LEVEL,70883.93333333333,3,1,1,0.02029259401736165
2026-06-01 15:00:00,LEVEL,71223.01999999999,5,1,-1,0.02153094488635291
2026-06-01 13:00:00,LEVEL,71433.09999999999,6,1,-1,0.022611448863917343
2026-06-01 13:00:00,LEVEL,71691.69999999998,5,1,-1,0.022693306163631462
2026-06-01 12:00:00,LEVEL,71958.99999999999,3,1,-1,0.024499287158208278
2026-06-01 11:00:00,LEVEL,72386.96666666666,3,1,-1,0.026288477805267347
2026-06-01 10:00:00,LEVEL,72633.42499999999,4,1,-1,0.027875624850083852
2026-06-01 01:00:00,LEVEL,73533.02857142857,7,1,1,0.036528508224315165
2026-06-01 00:00:00,LEVEL,73822.7,7,-1,1,0.03907513563583429
2026-06-01 07:00:00,CONTROL,72908.00001380172,3,1,-1,0.029444765576344428
2026-06-01 06:00:00,CONTROL,72961.19979828948,3,1,-1,0.030557265051766317
2026-06-01 06:00:00,CONTROL,72921.63743898457,7,1,-1,0.03054069573132346
2026-06-01 06:00:00,CONTROL,72936.22354886954,7,1,-1,0.03054680461696489
2026-06-02 22:00:00,LEVEL,66211.375,4,1,1,0.013867527129449095
2026-06-02 19:00:00,LEVEL,66536.38333333333,6,1,1,0.015152792031105129
2026-06-02 15:00:00,LEVEL,67364.52857142857,7,1,-1,0.01669065545229511
2026-06-02 15:00:00,LEVEL,67528.59999999999,3,1,-1,0.01673130681202292
2026-06-02 14:00:00,LEVEL,67783.9,4,1,-1,0.01734823725126374
2026-06-02 14:00:00,LEVEL,68156.84285714287,7,1,-1,0.01744368618776457
2026-06-02 12:00:00,LEVEL,69178.73333333334,6,1,-1,0.01805850151458304
2026-06-02 09:00:00,LEVEL,69384.95,4,1,-1,0.01760117958555966
2026-06-02 02:00:00,LEVEL,70182.75,6,1,1,0.018876637949149004
2026-06-02 02:00:00,LEVEL,70456.15,8,1,-1,0.018950172725362494
2026-06-02 01:00:00,LEVEL,70638.35714285714,7,1,-1,0.019199118609188614
2026-06-02 01:00:00,LEVEL,70883.93333333333,3,1,-1,0.01926586487282283
2026-06-02 00:00:00,LEVEL,71223.01999999999,5,1,-1,0.01960193547832221
2026-06-02 19:00:00,CONTROL,66750.82576709628,4,1,1,0.01520162849378413
2026-06-02 19:00:00,CONTROL,67033.30175813551,6,1,-1,0.015265958710299723
2026-06-02 19:00:00,CONTROL,66777.03728200281,7,1,1,0.015207597823860415
2026-06-02 19:00:00,CONTROL,66867.72883013706,3,1,1,0.015228251639096699
2026-06-02 15:00:00,CONTROL,67105.90948670189,4,1,1,0.016626578376004373
2026-06-02 07:00:00,CONTROL,69667.787611721,3,1,-1,0.01824271478957726
2026-06-02 10:00:00,CONTROL,69664.18141867143,5,-1,1,0.01754875783580119
2026-06-02 14:00:00,CONTROL,68377.66729601118,6,1,-1,0.017500202775868303
2026-06-02 07:00:00,CONTROL,69818.03657016969,4,1,-1,0.018282057920604857
2026-06-02 07:00:00,CONTROL,69741.01216467284,6,1,-1,0.018261888853816816
2026-06-02 07:00:00,CONTROL,69791.68397531913,8,1,-1,0.018275157416249768
2026-06-02 07:00:00,CONTROL,69757.31634803179,7,1,-1,0.018266158152112206
2026-06-02 07:00:00,CONTROL,69836.49508597747,3,1,-1,0.01828689133717891
2026-06-03 03:00:00,LEVEL,65582.09999999999,3,1,1,0.012959528705607768
2026-06-03 03:00:00,LEVEL,66211.375,4,1,1,0.013083878298350626
2026-06-03 01:00:00,LEVEL,66536.38333333333,6,1,-1,0.01362752346816868
2026-06-03 05:00:00,LEVEL,67366.95,6,-1,1,0.012675841874084949
2026-06-03 20:00:00,CONTROL,64854.209170686576,3,1,1,0.013379501998297835
2026-06-03 05:00:00,CONTROL,66847.81303543685,4,-1,1,0.012578160472837083
2026-06-03 00:00:00,CONTROL,66954.42407364251,6,-1,1,0.013511219109926333
2026-06-03 01:00:00,CONTROL,66760.30621865351,6,1,-1,0.013673385810272148
2026-06-03 00:00:00,CONTROL,66904.26651939692,3,-1,1,0.013501097453070845
2026-06-03 00:00:00,CONTROL,67095.91061189392,4,-1,1,0.01353977070522222
2026-06-03 00:00:00,CONTROL,67163.00812950231,7,-1,1,0.013553310800214928
2026-06-09 14:00:00,LEVEL,61442.96666666667,3,1,1,0.017266232268413628
2026-06-09 13:00:00,CONTROL,62354.94871189471,3,1,-1,0.018761479199471864
2026-06-10 00:00:00,LEVEL,61442.96666666667,3,1,-1,0.017440060079771294
2026-06-10 13:00:00,CONTROL,62175.330808850245,3,-1,1,0.015360348538807576
2026-06-11 01:00:00,LEVEL,62337.13333333333,3,-1,-1,0.014938094061321327
2026-06-11 03:00:00,CONTROL,62808.286398226046,3,-1,-1,0.014629010799578077
2026-06-12 08:00:00,CONTROL,63199.69741210366,4,-1,-1,0.019655085011636427
2026-06-13 19:00:00,LEVEL,64264.03333333333,3,-1,-1,0.03970898792513075
2026-06-13 01:00:00,CONTROL,63704.35476064227,3,-1,-1,0.022275953715215895
2026-06-14 12:00:00,LEVEL,64278.775,4,1,-1,0.03898415177302279
2026-06-14 14:00:00,CONTROL,63839.07432552968,3,1,1,0.03664831506614319
2026-06-14 21:00:00,CONTROL,64709.031392151395,4,-1,-1,0.03069005950036089
2026-06-14 21:00:00,CONTROL,65401.75959357767,4,-1,1,0.031018605133975936
2026-06-15 11:00:00,LEVEL,66211.375,4,-1,-1,0.022210430316054287
2026-06-15 12:00:00,LEVEL,66542.06,5,-1,-1,0.021777351960563688
2026-06-15 00:00:00,CONTROL,65518.24785489631,4,1,1,0.026993831919513368
2026-06-15 13:00:00,CONTROL,66908.70573084184,5,-1,1,0.021081492914544187
2026-06-15 13:00:00,CONTROL,66747.9433008337,3,-1,1,0.021030840133383313
2026-06-15 15:00:00,CONTROL,67097.63448240964,3,-1,1,0.020273485510415707
2026-06-15 15:00:00,CONTROL,67155.26965246217,5,-1,1,0.0202908999214298
2026-06-16 14:00:00,LEVEL,65443.03333333333,3,1,1,0.02085958390607683
2026-06-16 02:00:00,LEVEL,66007.36666666665,3,1,1,0.023568798631257958
2026-06-16 06:00:00,LEVEL,66211.375,4,-1,-1,0.02246547629145825
2026-06-16 06:00:00,LEVEL,66542.06,5,-1,1,0.022577677495970932
2026-06-16 08:00:00,CONTROL,66878.54691951472,3,-1,1,0.0220257863141131
2026-06-16 02:00:00,CONTROL,65682.22406340824,4,1,1,0.023452702187336187
2026-06-16 02:00:00,CONTROL,65777.01713293618,5,1,1,0.023486549299865687
2026-06-16 08:00:00,CONTROL,66906.5591826577,6,-1,1,0.022035011875232192
2026-06-16 08:00:00,CONTROL,66876.84843649229,3,-1,1,0.022025226935570453
2026-06-17 19:00:00,LEVEL,64260.31999999999,5,1,-1,0.01733354328053746
2026-06-17 07:00:00,LEVEL,65414.475,4,1,-1,0.023482345022548284
2026-06-17 04:00:00,LEVEL,66007.36666666665,3,-1,1,0.02371806204335856
2026-06-17 16:00:00,LEVEL,66211.375,4,-1,1,0.022093933137291733
2026-06-17 08:00:00,CONTROL,65056.12341666337,5,1,1,0.023085408296183392
2026-06-17 08:00:00,CONTROL,64967.206106590806,4,1,1,0.023053855656711208
2026-06-17 08:00:00,CONTROL,65126.26560930532,3,1,-1,0.023110298515134155
2026-06-17 03:00:00,CONTROL,65672.72453071756,4,1,-1,0.023057472158947694
2026-06-17 03:00:00,CONTROL,65682.42386120235,5,1,-1,0.0230608775611784
2026-06-18 15:00:00,LEVEL,62331.600000000006,4,1,1,0.015221624261664546
2026-06-18 15:00:00,LEVEL,62766.19999999999,3,1,0,0.015327755307620677
2026-06-18 15:00:00,LEVEL,63316.06666666667,3,1,-1,0.015462034931343061
2026-06-18 03:00:00,LEVEL,64260.31999999999,5,1,-1,0.016557537381333837
2026-06-18 15:00:00,CONTROL,62982.621333834664,4,1,0,0.015380606256831665
2026-06-18 15:00:00,CONTROL,62558.175477765966,3,1,1,0.015276954893149388
2026-06-18 04:00:00,CONTROL,63882.967685396514,3,1,-1,0.016118198250657835
2026-06-19 03:00:00,LEVEL,62311.7,5,1,1,0.01889145704838512
2026-06-19 03:00:00,LEVEL,62766.19999999999,3,1,1,0.019029250869264522
2026-06-19 13:00:00,LEVEL,63316.06666666667,3,-1,0,0.019591503735648854
2026-06-19 23:00:00,LEVEL,63603.333333333336,3,-1,-1,0.023700805434255158
2026-06-19 13:00:00,CONTROL,62979.09566602533,5,-1,-1,0.019487236857344083
2026-06-19 03:00:00,CONTROL,62501.6450104414,3,1,1,0.01894904395431625
2026-06-19 13:00:00,CONTROL,63042.52678615651,3,-1,-1,0.019506863961370434
2026-06-19 13:00:00,CONTROL,63090.67102660337,3,-1,-1,0.019521760939597625
2026-06-20 02:00:00,LEVEL,63339.625,4,1,1,0.023453419886370175
2026-06-20 09:00:00,LEVEL,63603.333333333336,3,-1,-1,0.026712164562388986
2026-06-20 05:00:00,LEVEL,63874.966666666674,3,-1,1,0.025956201215692247
2026-06-20 15:00:00,LEVEL,64260.31999999999,5,-1,1,0.026593686824271937
2026-06-20 14:00:00,CONTROL,63141.75207900522,3,1,1,0.027136587962719522
2026-06-21 23:00:00,LEVEL,63405.625,4,1,1,0.033343960558751023
2026-06-21 20:00:00,LEVEL,63712.833333333336,3,1,-1,0.03762823517831545
2026-06-21 08:00:00,LEVEL,63896.833333333336,3,1,1,0.03269111800381587
2026-06-21 15:00:00,LEVEL,64278.75,6,-1,1,0.040639348796775526
2026-06-21 04:00:00,LEVEL,64543.1,3,-1,1,0.03170482623111878
2026-06-22 00:00:00,LEVEL,63712.833333333336,3,-1,-1,0.030029320214844706
2026-06-22 00:00:00,LEVEL,63890.45,4,-1,-1,0.030113035025186315
2026-06-22 01:00:00,LEVEL,64278.75,6,-1,-1,0.026847834599420466
2026-06-22 01:00:00,LEVEL,64530.119999999995,5,-1,1,0.02695282637638029
2026-06-22 12:00:00,LEVEL,64812.06666666667,3,-1,-1,0.02171326709730552
2026-06-22 13:00:00,LEVEL,65417.159999999996,5,-1,1,0.02088774703399553
2026-06-22 12:00:00,CONTROL,65141.338405211995,6,-1,1,0.021823579352018816
2026-06-22 12:00:00,CONTROL,65157.742376255745,5,-1,1,0.021829074992306935
2026-06-22 14:00:00,CONTROL,65218.29694597902,3,1,-1,0.01958103152756872
2026-06-22 12:00:00,CONTROL,65013.84045209047,5,-1,1,0.021780865128373933
2026-06-22 12:00:00,CONTROL,65100.91868965806,4,-1,1,0.02181003798349043
2026-06-23 08:00:00,LEVEL,62295.442857142865,7,1,1,0.018612322335567043
2026-06-23 06:00:00,LEVEL,62766.19999999999,3,1,-1,0.019705653120891627
2026-06-23 06:00:00,LEVEL,63197.36666666667,3,1,-1,0.019841019301584814
2026-06-23 05:00:00,LEVEL,63405.625,4,1,-1,0.020838263084380915
2026-06-23 04:00:00,LEVEL,63712.833333333336,3,1,-1,0.02120999393151279
2026-06-23 01:00:00,LEVEL,63890.45,4,1,-1,0.02066711549153399
2026-06-23 06:00:00,CONTROL,63001.39577433719,7,1,-1,0.01977949360103203
2026-06-23 08:00:00,CONTROL,61993.53335964632,3,1,1,0.01852211931868729
2026-06-23 06:00:00,CONTROL,62536.5771369366,3,1,-1,0.01963356227441449
2026-06-23 06:00:00,CONTROL,62964.75792301341,4,1,-1,0.019767991028161895
2026-06-23 06:00:00,CONTROL,62990.90358277434,4,1,-1,0.01977619954328414
2026-06-24 14:00:00,LEVEL,61095.46666666667,3,1,-1,0.021290400894425788
2026-06-24 13:00:00,LEVEL,61442.96666666667,3,1,-1,0.021624853537464322
2026-06-24 13:00:00,LEVEL,62243.450000000004,6,1,-1,0.021906583665119526
2026-06-24 01:00:00,LEVEL,62783.925,4,1,-1,0.022089029619368015
2026-06-24 11:00:00,LEVEL,63197.36666666667,3,-1,1,0.02441201498452858
2026-06-24 15:00:00,CONTROL,60242.82271678587,3,1,-1,0.019762679422397095
2026-06-24 15:00:00,CONTROL,60561.16150569746,3,1,-1,0.01986711057534207
2026-06-24 00:00:00,CONTROL,62991.14848748591,6,-1,1,0.022073597227266768
2026-06-24 13:00:00,CONTROL,61890.79876823531,4,1,-1,0.021782468055954858
2026-06-24 04:00:00,CONTROL,62555.074352127835,3,1,1,0.02171203066584329
2026-06-25 04:00:00,LEVEL,61095.46666666667,3,-1,1,0.01430985217227944
2026-06-25 10:00:00,LEVEL,61442.96666666667,3,1,-1,0.013818859260716984
2026-06-25 13:00:00,CONTROL,60179.35850849671,3,1,-1,0.01212369270070004
2026-06-25 05:00:00,CONTROL,61791.75576329231,6,-1,1,0.014282054651354324
2026-06-25 05:00:00,CONTROL,61726.00439680779,3,-1,1,0.014266857403793817
2026-06-25 07:00:00,CONTROL,61906.81131976262,4,-1,1,0.014183967194824827
2026-06-26 07:00:00,LEVEL,60698.299999999996,3,-1,1,0.010445470043183407
2026-06-26 06:00:00,CONTROL,60319.53159869252,3,-1,1,0.010483174625844034
2026-06-26 06:00:00,CONTROL,60435.45607658796,3,-1,1,0.010503321608305251
2026-06-27 14:00:00,LEVEL,60681.780000000006,5,-1,1,0.023641484367390633
2026-06-29 12:00:00,LEVEL,60604.2,5,-1,1,0.01642918961047764
2026-06-29 04:00:00,CONTROL,59796.91326402706,5,1,1,0.018611652574104826
2026-06-30 00:00:00,CONTROL,59927.19508978883,5,1,-1,0.015616334358368093
2026-06-30 00:00:00,CONTROL,60064.1001697844,3,1,-1,0.015652010239766624
2026-07-01 21:00:00,LEVEL,60604.2,5,-1,1,0.016484490760416835
2026-07-01 21:00:00,LEVEL,60749.1,3,-1,1,0.016523903915135228
2026-07-01 22:00:00,LEVEL,61020.299999999996,3,-1,1,0.015665813035525174
2026-07-01 14:00:00,CONTROL,59933.09219021568,5,-1,-1,0.018116081330816634
2026-07-01 14:00:00,CONTROL,59918.7745661569,3,-1,-1,0.018111753517376112
2026-07-01 15:00:00,CONTROL,60383.10394039806,3,-1,-1,0.0175915816286666
2026-07-01 22:00:00,CONTROL,61240.89150688557,3,-1,1,0.0157224457512623
2026-07-02 03:00:00,LEVEL,60590.166666666664,6,-1,-1,0.015438706012878285
2026-07-02 03:00:00,LEVEL,60749.1,3,-1,-1,0.015479203095886476
2026-07-02 03:00:00,LEVEL,61020.299999999996,3,-1,1,0.015548306339878642
2026-07-02 09:00:00,LEVEL,61442.96666666667,3,-1,0,0.015017566800330971
2026-07-02 13:00:00,LEVEL,61928.73333333334,3,-1,1,0.015407433208159366
2026-07-02 00:00:00,CONTROL,59814.95685594699,6,1,1,0.014902163756610342
2026-07-02 01:00:00,CONTROL,60037.727449648526,3,-1,-1,0.01572131254614212
2026-07-02 13:00:00,CONTROL,61669.335580054154,3,-1,0,0.015342896871908413
2026-07-02 13:00:00,CONTROL,61655.660621221716,3,-1,0,0.015339494638349056
2026-07-03 00:00:00,LEVEL,61242.73333333334,3,1,1,0.01882798657546181
2026-07-03 01:00:00,LEVEL,61442.96666666667,3,-1,-1,0.019152484763472623
2026-07-03 10:00:00,LEVEL,61928.73333333334,3,-1,-1,0.023463130517832713
2026-07-03 13:00:00,LEVEL,62234.385714285716,7,-1,1,0.024793032590814126
2026-07-03 20:00:00,LEVEL,62387.0,3,-1,-1,0.025860901330362566
2026-07-03 20:00:00,LEVEL,62783.925,4,-1,-1,0.02602543622161482
2026-07-03 05:00:00,CONTROL,61735.89549152109,7,-1,-1,0.02096317507325712
2026-07-03 05:00:00,CONTROL,61738.89378361397,3,-1,-1,0.020964193179847514
2026-07-04 01:00:00,LEVEL,62387.0,3,1,1,0.02516683054736153
2026-07-04 00:00:00,LEVEL,62783.925,4,-1,-1,0.024972165115036124
2026-07-04 15:00:00,LEVEL,63017.96666666667,3,-1,-1,0.03397080511662906
2026-07-04 17:00:00,LEVEL,63200.424999999996,4,-1,1,0.03200122788695851
2026-07-04 17:00:00,LEVEL,63405.625,4,-1,1,0.0321051299091744
2026-07-04 01:00:00,CONTROL,62589.25503947657,4,1,1,0.02524841995390226
2026-07-04 01:00:00,CONTROL,62583.52999402709,4,1,1,0.025246110478391287
2026-07-05 01:00:00,LEVEL,62783.925,4,1,-1,0.034550647474591176
2026-07-05 07:00:00,LEVEL,63002.775,4,-1,1,0.03386108162579775
2026-07-05 21:00:00,LEVEL,63200.424999999996,4,-1,-1,0.033295143393368726
2026-07-05 22:00:00,LEVEL,63405.625,4,-1,-1,0.029319672841825423
2026-07-05 22:00:00,LEVEL,63724.200000000004,4,-1,1,0.0294669865032803
2026-07-05 22:00:00,LEVEL,63890.45,4,-1,1,0.029543862894136054
2026-07-05 02:00:00,CONTROL,62577.50307693177,4,1,1,0.03328922596106358
2026-07-06 13:00:00,LEVEL,61442.96666666667,3,1,1,0.021452379445662837
2026-07-06 12:00:00,LEVEL,61928.73333333334,3,1,-1,0.02299271910181891
2026-07-06 12:00:00,LEVEL,62242.9125,8,1,-1,0.023109366624511286
2026-07-06 15:00:00,LEVEL,62424.14,5,-1,-1,0.018249837653142337
2026-07-06 10:00:00,LEVEL,62783.925,4,-1,1,0.026021054267581972
2026-07-06 05:00:00,LEVEL,63003.13333333334,6,1,-1,0.026320190428943856
2026-07-06 03:00:00,LEVEL,63200.424999999996,4,1,-1,0.026878428558138365
2026-07-06 00:00:00,LEVEL,63414.5,5,1,1,0.028120950084532123
2026-07-06 16:00:00,LEVEL,63724.200000000004,4,-1,-1,0.01810459101684232
2026-07-06 01:00:00,LEVEL,63890.45,4,-1,1,0.027869714690767402
2026-07-06 21:00:00,LEVEL,64278.75,6,-1,1,0.01708660763237028
2026-07-06 21:00:00,LEVEL,64530.119999999995,5,-1,1,0.017153426924291
2026-07-06 12:00:00,CONTROL,61731.71167513893,4,1,1,0.022919569476434917
2026-07-06 12:00:00,CONTROL,61659.62162692818,5,1,1,0.022892804094045698
2026-07-06 21:00:00,CONTROL,64082.300835511705,4,-1,1,0.017034387422840407
2026-07-07 05:00:00,LEVEL,62783.925,4,1,1,0.01730120905239227
2026-07-07 13:00:00,LEVEL,63003.13333333334,6,1,1,0.01845924488107991
2026-07-07 05:00:00,LEVEL,63200.424999999996,4,-1,-1,0.017415982914815196
2026-07-07 02:00:00,LEVEL,63414.5,5,1,-1,0.017615597628410445
2026-07-07 12:00:00,LEVEL,63724.200000000004,4,-1,1,0.018282656720700036
2026-07-07 01:00:00,LEVEL,63910.5,5,1,-1,0.018266177219259917
2026-07-07 00:00:00,LEVEL,64278.75,6,-1,1,0.018464272890484718
2026-07-08 08:00:00,LEVEL,61928.73333333334,3,1,1,0.017038841217707316
2026-07-08 08:00:00,LEVEL,62242.9125,8,1,1,0.01712528330438671
2026-07-08 08:00:00,LEVEL,62424.14,5,1,-1,0.017175145564287314
2026-07-08 02:00:00,LEVEL,62710.5,4,1,-1,0.018326356164383564
2026-07-08 01:00:00,LEVEL,62920.19999999999,6,1,-1,0.018292583742924886
2026-07-08 01:00:00,LEVEL,63162.76666666666,6,1,-1,0.018363104355752603
2026-07-08 01:00:00,LEVEL,63414.5,5,1,-1,0.018436289963568303
2026-07-08 00:00:00,LEVEL,63724.200000000004,4,-1,1,0.019052718914676543
2026-07-08 13:00:00,CONTROL,61660.4161191746,3,1,1,0.01681480519675818
2026-07-08 09:00:00,CONTROL,61722.52209842364,8,1,1,0.016769718771169364
2026-07-08 13:00:00,CONTROL,61704.64049412138,5,1,1,0.01682686519077835
2026-07-09 01:00:00,LEVEL,61928.73333333334,3,1,1,0.020953946250770995
2026-07-09 01:00:00,LEVEL,62242.9125,8,-1,-1,0.02106025059476606
2026-07-09 01:00:00,LEVEL,62424.14,5,-1,1,0.021121569970922547
2026-07-09 06:00:00,LEVEL,62710.5,4,-1,-1,0.020429992364469334
2026-07-09 06:00:00,LEVEL,62920.19999999999,6,-1,-1,0.02049830898447442
2026-07-09 07:00:00,LEVEL,63162.76666666666,6,-1,1,0.020240219238074245
2026-07-09 18:00:00,LEVEL,63414.5,5,-1,-1,0.021213740617616904
2026-07-09 02:00:00,CONTROL,61670.38833205979,3,1,1,0.021175972729989515
2026-07-09 02:00:00,CONTROL,61722.21084883163,5,1,1,0.02119376720529022
2026-07-09 02:00:00,CONTROL,61694.8923293919,8,1,1,0.021184386751585852
2026-07-10 00:00:00,LEVEL,62920.19999999999,6,1,1,0.02098192390658702
2026-07-10 01:00:00,LEVEL,63371.81999999999,5,-1,-1,0.020737064147007347
2026-07-10 01:00:00,LEVEL,63573.725,4,-1,-1,0.02080313321266779
2026-07-10 01:00:00,LEVEL,63858.083333333336,6,-1,-1,0.02089618335702327
2026-07-10 08:00:00,LEVEL,64287.850000000006,6,-1,1,0.022821388001419897
2026-07-10 12:00:00,LEVEL,64530.119999999995,5,-1,1,0.023454836892321595
2026-07-10 04:00:00,CONTROL,64057.84136646983,6,-1,-1,0.02173639704922358
2026-07-10 04:00:00,CONTROL,64087.2877540259,5,-1,-1,0.021746388930903176
2026-07-10 04:00:00,CONTROL,64090.33213319258,5,-1,-1,0.021747421963439456
2026-07-11 15:00:00,LEVEL,63858.083333333336,6,1,1,0.03925274528259602
2026-07-11 01:00:00,LEVEL,64287.850000000006,6,-1,1,0.02710530323991727
2026-07-11 15:00:00,CONTROL,64076.090674095074,6,1,1,0.03938675160051176
2026-07-11 15:00:00,CONTROL,64086.848707044875,5,1,1,0.039393364425467946
2026-07-11 15:00:00,CONTROL,64077.907139194445,4,1,1,0.039387868158324624
2026-07-12 07:00:00,LEVEL,63858.083333333336,6,-1,-1,0.038980193172208216
2026-07-12 01:00:00,CONTROL,64075.41648878782,6,-1,1,0.042866978751488725
2026-07-12 01:00:00,CONTROL,64051.209634246174,5,-1,1,0.0428507841674167
2026-07-12 01:00:00,CONTROL,64089.41691879235,6,-1,1,0.04287634515390018
2026-07-13 17:00:00,LEVEL,61928.73333333334,3,1,1,0.02190350336188634
2026-07-13 13:00:00,LEVEL,62242.9125,8,1,1,0.02541726580146237
2026-07-13 13:00:00,LEVEL,62424.86666666666,6,1,1,0.02549156787429436
2026-07-13 03:00:00,LEVEL,62710.5,4,1,1,0.03024151182241507
2026-07-13 03:00:00,LEVEL,62916.885714285716,7,1,-1,0.030341039270267482
2026-07-13 03:00:00,LEVEL,63162.76666666666,6,1,-1,0.03045961290192941
2026-07-13 01:00:00,LEVEL,63371.81999999999,5,1,-1,0.03390964065347886
2026-07-13 00:00:00,LEVEL,63605.475,8,1,1,0.035925782366957856
2026-07-13 01:00:00,LEVEL,63858.083333333336,6,1,-1,0.03416983540402092
2026-07-13 00:00:00,LEVEL,64280.56999999999,10,-1,1,0.036307090989321285
2026-07-13 00:00:00,CONTROL,64058.642556726016,8,-1,1,0.036181741449390695
2026-07-14 04:00:00,LEVEL,62710.5,4,-1,-1,0.023688083574337528
2026-07-14 12:00:00,LEVEL,63162.76666666666,6,-1,-1,0.02281969147859208
2026-07-14 12:00:00,LEVEL,63371.81999999999,5,-1,-1,0.022895219084822716
2026-07-14 12:00:00,LEVEL,63605.475,8,-1,-1,0.022979634877445754
2026-07-14 12:00:00,LEVEL,63858.083333333336,6,-1,-1,0.023070898204494254
2026-07-14 14:00:00,LEVEL,64280.56999999999,10,-1,-1,0.023410400382400515
2026-07-14 15:00:00,LEVEL,64486.533333333326,6,-1,-1,0.022548970842666993
2026-07-14 15:00:00,LEVEL,64719.75,6,-1,-1,0.022630519586952995
2026-07-14 13:00:00,CONTROL,64082.91709081976,6,-1,-1,0.023456680128870398
2026-07-14 13:00:00,CONTROL,64072.88638145789,8,-1,-1,0.02345300852414876
2026-07-14 22:00:00,CONTROL,64990.70445396045,10,-1,-1,0.022664834430701483
2026-07-14 22:00:00,CONTROL,64952.95253368388,6,-1,-1,0.02265166883987279
2026-07-14 15:00:00,CONTROL,64927.001131031386,4,-1,1,0.022702988976594084
2026-07-15 02:00:00,LEVEL,64486.533333333326,6,1,1,0.023276135474944375
2026-07-15 03:00:00,LEVEL,64719.75,6,-1,-1,0.02322956648533455
2026-07-15 13:00:00,LEVEL,65396.2,4,-1,1,0.023002026863637337
2026-07-15 06:00:00,CONTROL,65057.12634580798,10,-1,1,0.02236865167849506
2026-07-15 06:00:00,CONTROL,65114.971103238095,6,-1,1,0.022388540494725637
2026-07-15 05:00:00,CONTROL,64919.56539307858,4,-1,-1,0.02296361166160233
2026-07-16 08:00:00,LEVEL,63858.083333333336,6,1,1,0.02411416748287919
2026-07-16 07:00:00,LEVEL,64280.56999999999,10,1,1,0.0249784850030358
2026-07-16 00:00:00,LEVEL,64481.442857142865,7,1,-1,0.025678308669278862
2026-07-16 01:00:00,LEVEL,64719.75,6,-1,1,0.025043011402798073
2026-07-16 07:00:00,CONTROL,64068.32567689463,6,1,1,0.02489600997766395
2026-07-16 05:00:00,CONTROL,64953.06509424018,10,-1,1,0.025925486242275142
2026-07-17 13:00:00,LEVEL,62710.5,4,1,1,0.024489114517231278
2026-07-17 05:00:00,LEVEL,62916.885714285716,7,1,1,0.02282569404066823
2026-07-17 05:00:00,LEVEL,63162.76666666666,6,1,-1,0.022914897492583547
2026-07-17 02:00:00,LEVEL,63371.81999999999,5,1,-1,0.02428242596960949
2026-07-17 00:00:00,LEVEL,63605.475,8,1,-1,0.02520276374442789
2026-07-17 17:00:00,LEVEL,63854.5,7,-1,-1,0.024667044919540772
2026-07-17 18:00:00,LEVEL,64287.9909090909,11,-1,0,0.024202253021622204
2026-07-17 17:00:00,CONTROL,64069.235728540116,6,-1,0,0.02474999750489857
2026-07-17 17:00:00,CONTROL,64092.008161881255,8,-1,0,0.0247587945142895
2026-07-18 16:00:00,LEVEL,64293.71666666665,12,-1,-1,0.049907794812083725
2026-07-18 20:00:00,LEVEL,64719.75,6,-1,-1,0.06257083295567853
2026-07-19 12:00:00,LEVEL,64293.71666666665,12,1,1,0.048411664862660166
2026-07-19 09:00:00,LEVEL,64481.442857142865,7,1,1,0.05173388921721379
2026-07-19 17:00:00,LEVEL,64719.75,6,-1,1,0.04699094683820008
2026-07-19 02:00:00,LEVEL,64933.06666666667,3,-1,1,0.06116204436856715
2026-07-20 06:00:00,LEVEL,63855.1375,8,1,1,0.029715180687849892
2026-07-20 05:00:00,LEVEL,64289.07142857142,14,1,-1,0.03173789394807599
2026-07-20 00:00:00,LEVEL,64481.442857142865,7,1,1,0.03888890049621311
2026-07-20 01:00:00,LEVEL,64719.75,6,-1,1,0.03555358706288305
2026-07-20 00:00:00,LEVEL,64937.0,4,-1,1,0.039163648014474445
2026-07-20 15:00:00,LEVEL,65396.2,4,-1,-1,0.020431124909690887
2026-07-20 15:00:00,LEVEL,65598.0,3,-1,-1,0.0204941714017925
2026-07-20 05:00:00,CONTROL,64088.47310047182,6,1,1,0.03163886361022984
2026-07-20 05:00:00,CONTROL,64085.843967994784,5,1,1,0.031637565673801805
2026-07-20 05:00:00,CONTROL,64066.91528268537,8,1,1,0.03162822105902394
2026-07-20 15:00:00,CONTROL,65182.548963445995,7,-1,-1,0.020364375908756283
2026-07-20 05:00:00,CONTROL,64082.512201218015,6,1,1,0.03163592086453219
2026-07-21 00:00:00,LEVEL,65396.2,4,-1,-1,0.02010721395902993
2026-07-21 05:00:00,CONTROL,65812.44712538715,3,-1,-1,0.020919612480380552
2026-07-21 07:00:00,CONTROL,66084.96475083838,4,-1,-1,0.021229133174321187
2026-07-21 07:00:00,CONTROL,66026.07003627402,3,-1,-1,0.021210213837018606
2026-07-22 12:00:00,LEVEL,65598.0,3,1,1,0.030252583336936135
2026-07-22 13:00:00,CONTROL,65868.68237443028,4,-1,-1,0.03065263562302597
2026-07-22 05:00:00,CONTROL,65945.33686493429,3,1,0,0.029791074746634918
2026-07-22 05:00:00,CONTROL,65914.2307217637,4,1,1,0.02977702241965731
2026-07-22 05:00:00,CONTROL,66050.1549865797,3,1,-1,0.029838426760366167
2026-07-23 15:00:00,LEVEL,64719.75,6,1,1,0.029300284368235542
2026-07-23 12:00:00,LEVEL,64937.0,4,1,1,0.028168033509102446
2026-07-23 12:00:00,LEVEL,65158.200000000004,3,1,-1,0.028263984492551224
2026-07-23 07:00:00,LEVEL,65417.96,5,1,-1,0.02836089958272358
2026-07-23 03:00:00,LEVEL,65598.0,3,1,-1,0.02795605098086216
2026-07-23 01:00:00,CONTROL,65821.83256965593,3,1,-1,0.027985101205460463
2026-07-24 14:00:00,LEVEL,63841.911111111105,9,1,0,0.027457410294548103
2026-07-24 13:00:00,LEVEL,64289.07142857142,14,1,-1,0.028056983875869936
2026-07-24 13:00:00,LEVEL,64481.442857142865,7,1,-1,0.02814093845710236
2026-07-24 12:00:00,LEVEL,64707.78571428572,7,1,-1,0.03037745940462917
2026-07-24 00:00:00,LEVEL,64937.0,4,1,1,0.03077263909251116
2026-07-24 03:00:00,LEVEL,65417.96,5,-1,1,0.030985874864932837
2026-07-24 07:00:00,LEVEL,65598.0,3,-1,1,0.03097578467395633
