timestamp,open,high,low,close,volume
01/01/2026 0:00,87608.3,87819,87600,87773.4,1571.04
01/01/2026 1:00,87773.4,88021.4,87773.3,87916.5,2441.136
01/01/2026 2:00,87916.6,88065,87866,87884.6,1895.822
01/01/2026 3:00,87884.6,87995,87801.9,87824.6,1194.552
01/01/2026 4:00,87824.6,87831.6,87508.4,87567,2773.308
01/01/2026 5:00,87566.9,87720.6,87566.9,87674.7,1003.162
01/01/2026 6:00,87674.7,87674.7,87602.8,87621.5,778.964
01/01/2026 7:00,87621.6,87640.1,87558.5,87603.7,1129.871
01/01/2026 8:00,87603.7,87799.5,87590,87741.5,2155.288
01/01/2026 9:00,87741.5,87941.2,87716.8,87846.7,1519.547
01/01/2026 10:00,87846.8,87853.9,87753,87833.9,824.662
01/01/2026 11:00,87833.8,87985.6,87820,87980.1,1547.171
01/01/2026 12:00,87980.1,88000,87883.3,87898.7,1711.306
01/01/2026 13:00,87898.6,87981.6,87809.4,87871.7,1679.637
01/01/2026 14:00,87871.8,87930,87758.4,87917.6,2305.644
01/01/2026 15:00,87917.6,88079.3,87871.8,87986.8,2433.498
01/01/2026 16:00,87986.8,88006.8,87833.1,87955,1457.754
01/01/2026 17:00,87955.1,88475.8,87933.4,88281.3,5403.349
01/01/2026 18:00,88281.4,88332.8,88066.6,88165.3,2741.066
01/01/2026 19:00,88165.2,88403.8,88034.7,88354.8,1711.864
01/01/2026 20:00,88354.8,88354.8,88193.2,88220.4,1285.863
01/01/2026 21:00,88220.5,88400,88211.8,88346.9,932.263
01/01/2026 22:00,88347,88665.4,88347,88603.5,2660.156
01/01/2026 23:00,88603.5,88881.4,88431.1,88800,4784.38
02/01/2026 0:00,88800,88850,88545.2,88794.2,5385.916
02/01/2026 1:00,88794.2,88838,88474.2,88599.9,2987.478
02/01/2026 2:00,88600,88629.4,88324.4,88600,2845.63
02/01/2026 3:00,88599.9,89088,88525,88899.3,8590.173
02/01/2026 4:00,88899.3,88950,88575.5,88595.1,3650.58
02/01/2026 5:00,88595,88749.6,88533.6,88720.7,2178.102
02/01/2026 6:00,88720.8,89055,88683.7,88899.9,3449.508
02/01/2026 7:00,88900,89024.4,88800,88829.3,2963.111
02/01/2026 8:00,88829.3,89160,88780,89138.2,3402.923
02/01/2026 9:00,89138.1,89468,89070.5,89429.9,7471.426
02/01/2026 10:00,89430,89900,89399.4,89618.5,12283.205
02/01/2026 11:00,89618.5,89636.6,89306.2,89458.3,4729.795
02/01/2026 12:00,89458.3,89550,89338.9,89360.1,3286.671
02/01/2026 13:00,89360,89679,89262.3,89311.6,5529.782
02/01/2026 14:00,89311.6,90126.5,88401.2,89536.4,25845.107
02/01/2026 15:00,89536.5,89850,88756.5,89373.1,15985.582
02/01/2026 16:00,89373,90881.3,89145.2,90334,25618.803
02/01/2026 17:00,90333.9,90945.1,90131.1,90319.9,11928.025
02/01/2026 18:00,90320,90512.6,89510.9,89735.3,10278.889
02/01/2026 19:00,89735.3,90120.9,89609.1,89865,5805.978
02/01/2026 20:00,89865,90040.9,89588,89700.1,3724.086
02/01/2026 21:00,89700.2,90145.5,89686.7,90015.4,2740.221
02/01/2026 22:00,90015.4,90368.7,89975,90154.9,3101.495
02/01/2026 23:00,90155,90158.4,89850,89951.4,2879.962
03/01/2026 0:00,89951.5,90149.8,89914.5,90114,1984.167
03/01/2026 1:00,90113.9,90254.9,90022.8,90232.9,1527.578
03/01/2026 2:00,90232.8,90365.9,90085.3,90291.2,1575.054
03/01/2026 3:00,90291.1,90347.2,90150,90279.9,1397.386
03/01/2026 4:00,90280,90456,89989.9,90121.8,3541.014
03/01/2026 5:00,90121.8,90158,89866,89989.9,2294.927
03/01/2026 6:00,89989.9,90091.2,89802.8,89827.3,1760.446
03/01/2026 7:00,89827.4,89913.4,89261.2,89535.9,6761.763
03/01/2026 8:00,89535.9,89797,89380.2,89625.3,4110.188
03/01/2026 9:00,89625.2,89943.9,89582.3,89756.1,2907.372
03/01/2026 10:00,89756.1,89833,89664.4,89712.8,1491.684
03/01/2026 11:00,89712.8,89754.9,89627,89706.4,1159.473
03/01/2026 12:00,89706.4,90022.6,89620,90001.8,3368.405
03/01/2026 13:00,90001.9,90026,89881.8,89972.3,1741.648
03/01/2026 14:00,89972.2,90200,89915.7,90091.3,3216.156
03/01/2026 15:00,90091.3,90091.4,89919.6,89931.8,1752.745
03/01/2026 16:00,89931.7,90189,89866.5,90065,2175.153
03/01/2026 17:00,90064.9,90089.5,89981.6,90054.5,1011.293
03/01/2026 18:00,90054.4,90156,89991.2,90105.4,991.013
03/01/2026 19:00,90105.3,90119.8,90021,90091.8,634.111
03/01/2026 20:00,90091.8,90340,89972.9,90333,2858.862
03/01/2026 21:00,90333.1,90716.3,90305.6,90530.3,4020.73
03/01/2026 22:00,90530.3,90716.9,90455.8,90557.4,2112.203
03/01/2026 23:00,90557.4,90665,90426.7,90595.8,2497.898
04/01/2026 0:00,90595.8,91597.6,90595.7,91301.4,12605.179
04/01/2026 1:00,91301.4,91452.1,90966.5,91190,3956.97
04/01/2026 2:00,91190,91265.3,91034.1,91099.2,1909.88
04/01/2026 3:00,91099.2,91322,91034.6,91192.7,2564.445
04/01/2026 4:00,91192.7,91558,91142.3,91355,3235.565
04/01/2026 5:00,91354.9,91450,91300.2,91437,1348.002
04/01/2026 6:00,91437.1,91779.7,91177.8,91187.1,6392.965
04/01/2026 7:00,91187.1,91500,91169.1,91477.5,2568.042
04/01/2026 8:00,91477.5,91498.2,91111.9,91325.7,3734.534
04/01/2026 9:00,91325.7,91436.7,91202.5,91413.7,2106.712
04/01/2026 10:00,91413.8,91581.7,91367.8,91553.4,2915.224
04/01/2026 11:00,91553.4,91553.4,91181.2,91262.7,3197.954
04/01/2026 12:00,91262.8,91321.6,91033,91096.4,3722.452
04/01/2026 13:00,91096.4,91236.4,90968,91227.4,2281.038
04/01/2026 14:00,91227.5,91377.2,91101,91305,2386.957
04/01/2026 15:00,91304.9,91350,91050,91292.8,1927.15
04/01/2026 16:00,91292.8,91429.4,91210,91282.3,2079.754
04/01/2026 17:00,91282.3,91403.9,91262.7,91293.5,1219.1
04/01/2026 18:00,91293.4,91293.5,90934.4,91168,2925.006
04/01/2026 19:00,91168,91179.9,90790.1,91102.9,3161.471
04/01/2026 20:00,91102.9,91309.1,91085.1,91275.9,1426.238
04/01/2026 21:00,91275.9,91385.6,91142,91247,1210.092
04/01/2026 22:00,91247.1,91372.6,91106.7,91180.9,1294.245
04/01/2026 23:00,91181,91567,91181,91497.1,3604.054
05/01/2026 0:00,91497.2,92396.8,91476.5,92368.1,17447.692
05/01/2026 1:00,92368,93382.5,92230.5,92917,20662.909
05/01/2026 2:00,92916.9,93114.7,92683.9,92990.4,6814.332
05/01/2026 3:00,92990.3,93167.9,92823.1,92835.2,6122.57
05/01/2026 4:00,92835.3,92920,92269.3,92556.8,7790.281
05/01/2026 5:00,92556.8,92687.9,92307.3,92323.2,3908.226
05/01/2026 6:00,92323.2,92473.3,92102,92454.4,4779.338
05/01/2026 7:00,92454.4,92610,92450,92492.1,3756.316
05/01/2026 8:00,92492.1,92745.9,92415.4,92436,3454.098
05/01/2026 9:00,92436,92828,92292,92654.3,5211.374
05/01/2026 10:00,92654.2,93120.7,92633.3,93048.4,6442.691
05/01/2026 11:00,93048.3,93131.8,92850,93093.3,5105.58
05/01/2026 12:00,93093.3,93186,92710.2,92837.2,4525.283
05/01/2026 13:00,92837.2,92984.3,92496.9,92708,5110.308
05/01/2026 14:00,92708,93650,92370.9,93390,16718.616
05/01/2026 15:00,93389.9,93998.9,93114.5,93899.9,16778.91
05/01/2026 16:00,93900,94044.6,93528.8,93646.6,9719.843
05/01/2026 17:00,93646.6,94429.9,93201,94273,12759.599
05/01/2026 18:00,94273,94475.7,93865.2,94400.4,8008.271
05/01/2026 19:00,94400.5,94450,94075.7,94248.6,5026.891
05/01/2026 20:00,94248.6,94760.3,93980,94131,9700.281
05/01/2026 21:00,94131,94193.4,93757.9,94049.1,3978.477
05/01/2026 22:00,94049.1,94361,93952.6,94125.2,2657.202
05/01/2026 23:00,94125.3,94154.2,93813.7,93822.4,2937.224
06/01/2026 0:00,93822.3,93950,93510,93768.8,4396.05
06/01/2026 1:00,93768.8,94125.1,93688,93736,3701.212
06/01/2026 2:00,93736.1,93829.8,93467.1,93587,2766.241
06/01/2026 3:00,93587,93900.7,93563,93725.8,2291.149
06/01/2026 4:00,93725.7,93966.4,93688,93758.8,1956.555
06/01/2026 5:00,93758.8,93786,93520.8,93552,2629.639
06/01/2026 6:00,93552,93906.6,93500,93727.5,4474.851
06/01/2026 7:00,93727.5,93740.3,93088,93207.4,7591.971
06/01/2026 8:00,93207.4,93379.4,93130.4,93197,3865.52
06/01/2026 9:00,93196.9,93529.8,93186.5,93420.4,3198.235
06/01/2026 10:00,93420.4,93620.7,93359.6,93536.3,2517.681
06/01/2026 11:00,93536.4,93865.5,93530.5,93799.9,3479.999
06/01/2026 12:00,93800,93950,93737.5,93819.4,2835.185
06/01/2026 13:00,93819.4,93826.8,93590.7,93678.1,3135.364
06/01/2026 14:00,93678,94415.4,93469.3,93796.2,21403.194
06/01/2026 15:00,93796.2,94274,93292,93608.2,14736.625
06/01/2026 16:00,93608.2,93728.9,92280.4,92651.3,22270.393
06/01/2026 17:00,92651.3,92743.1,91480.2,91547.6,22649.816
06/01/2026 18:00,91547.5,92211.3,91209,92006.4,19336.123
06/01/2026 19:00,92006.4,92369.5,91862.5,92062.2,5466.213
06/01/2026 20:00,92062.2,92668.7,92062.2,92472.8,5752.058
06/01/2026 21:00,92472.7,93825,92338,93207.8,17762.771
06/01/2026 22:00,93207.8,93490.1,92920.1,93320,5584.074
06/01/2026 23:00,93319.9,93743.4,93279.6,93708,3642.131
07/01/2026 0:00,93708.1,93708.1,92607.9,92670.4,7512.235
07/01/2026 1:00,92670.4,92866.7,92293.8,92405.7,7227.493
07/01/2026 2:00,92405.6,93028.3,92202.9,92923.2,5537.498
07/01/2026 3:00,92923.2,93080,92707.2,92778.2,3355.953
07/01/2026 4:00,92778.1,92893,92565.9,92637.3,2761.2
07/01/2026 5:00,92637.3,92818,92457.9,92504,2619.417
07/01/2026 6:00,92504,92869.4,92483.1,92576.4,2051.31
07/01/2026 7:00,92576.4,92862.4,92576.4,92848.1,1899.587
07/01/2026 8:00,92848.1,92928,92656.6,92680.3,3590.653
07/01/2026 9:00,92680.4,92680.4,91551.3,91672,15701.045
07/01/2026 10:00,91672,91953,91549.9,91924.1,7448.104
07/01/2026 11:00,91924.1,92219.8,91874,92041.9,4721.461
07/01/2026 12:00,92041.8,92140.3,91920,91953.4,3186.059
07/01/2026 13:00,91953.3,92249.3,91815.6,91994.4,4077.384
07/01/2026 14:00,91994.4,92108.1,91321.2,91920.8,14971.409
07/01/2026 15:00,91920.8,91957.5,90987,91303.1,17680.536
07/01/2026 16:00,91303.2,91750,91100.8,91229.9,7011.285
07/01/2026 17:00,91229.9,91660,90994.5,91215,4778.094
07/01/2026 18:00,91214.9,91411.3,90700,90857.4,9317.099
07/01/2026 19:00,90857.4,91250,90634.1,91143.6,7258.52
07/01/2026 20:00,91143.6,91266,90740.5,91015.6,3809.824
07/01/2026 21:00,91015.6,91206.6,91006.8,91050,1919.766
07/01/2026 22:00,91050,91361.8,90842.2,91143.6,3910.106
07/01/2026 23:00,91143.5,91462.1,90966.1,91328,6640.812
08/01/2026 0:00,91328.1,91524.1,91037.9,91356.8,3127.591
08/01/2026 1:00,91356.8,91666,91259,91386,3274.232
08/01/2026 2:00,91386.1,91440.5,90713.7,90925.6,4700.174
08/01/2026 3:00,90925.5,91099.9,90555.1,90780.1,4699.592
08/01/2026 4:00,90780,91142.2,90665.2,90987.9,3452.527
08/01/2026 5:00,90988,91157.6,90749.3,90788,2544.317
08/01/2026 6:00,90788,90835.1,89828.4,89844,14573.075
08/01/2026 7:00,89844,90555.1,89588.1,90509.9,13369.942
08/01/2026 8:00,90509.8,90741.2,90123,90200,7310.935
08/01/2026 9:00,90200,90345.2,89909.8,89979.4,6322.646
08/01/2026 10:00,89979.3,90466,89733.6,90366.8,6646.043
08/01/2026 11:00,90366.8,90459,89990.6,90192.3,6466.354
08/01/2026 12:00,90192.2,90210.5,89750,89953.8,11938.648
08/01/2026 13:00,89953.7,90072.9,89831.8,89930,2923.949
08/01/2026 14:00,89930,90134.2,89242,89978.5,19416.809
08/01/2026 15:00,89978.5,90790,89761.3,90730,14898.074
08/01/2026 16:00,90730,90888,90244.7,90887.9,10277.22
08/01/2026 17:00,90888,91400,90789.6,91320,9033.943
08/01/2026 18:00,91320.1,91425.1,90888.5,91070.3,5818.307
08/01/2026 19:00,91070.3,91291.7,90737.6,90890.9,3504.386
08/01/2026 20:00,90890.9,90954.1,90519.9,90875.1,4373.522
08/01/2026 21:00,90875,91298,90872.7,91223.2,3905.032
08/01/2026 22:00,91223.2,91449.9,90975,91184.2,3637.838
08/01/2026 23:00,91184.2,91288.8,91000,91059.8,2260.788
09/01/2026 0:00,91059.8,91269.2,91013.6,91248.1,1988.998
09/01/2026 1:00,91248.1,91600,90800.6,91016,5554.482
09/01/2026 2:00,91016,91446.7,90970,90999.5,3356.345
09/01/2026 3:00,90999.6,91232.3,90916.1,91190.1,2212.581
09/01/2026 4:00,91190.1,91203,90886.3,90978.7,1626.901
09/01/2026 5:00,90978.7,91086.9,90875,91058.2,1449.75
09/01/2026 6:00,91058.2,91115.8,90951.6,91103.8,1659.97
09/01/2026 7:00,91103.8,91103.9,90704,90712.1,2981.896
09/01/2026 8:00,90712.1,90812,89632.8,89989.4,17560.82
09/01/2026 9:00,89989.3,90437.7,89962.8,90299,6992.034
09/01/2026 10:00,90299.1,90515.5,90231.4,90443.6,2447.712
09/01/2026 11:00,90443.5,90638.5,90356.9,90398.1,2857.407
09/01/2026 12:00,90398.1,90559.8,90166.5,90404.8,3763.706
09/01/2026 13:00,90404.8,91000,90346.9,90559.9,6954.543
09/01/2026 14:00,90560,90630.2,89888,90110.8,9781.5
09/01/2026 15:00,90110.7,91999,89800,91137.7,29710.389
09/01/2026 16:00,91137.8,91749.9,91124.5,91589.9,8689.179
09/01/2026 17:00,91589.9,91639,90960.1,91372.8,5966.83
09/01/2026 18:00,91372.9,91467.2,90272.6,90772.3,9432.064
09/01/2026 19:00,90772.3,90772.3,90145,90290.6,5957.606
09/01/2026 20:00,90290.6,90552.8,90191.7,90272.3,3578.973
09/01/2026 21:00,90272.4,90630.9,90082.6,90503.8,2883.263
09/01/2026 22:00,90503.9,90679.7,90320.3,90585,1665.963
09/01/2026 23:00,90584.9,90693,90557,90603.6,1321.765
10/01/2026 0:00,90603.7,90649.4,90474.4,90565.1,1288.006
10/01/2026 1:00,90565.1,90704,90538.9,90649.6,1046.603
10/01/2026 2:00,90649.6,90748.6,90560,90652.7,1186.836
10/01/2026 3:00,90652.7,90656.4,90512.2,90591.3,774.583
10/01/2026 4:00,90591.3,90610,90351.6,90421.9,1555.03
10/01/2026 5:00,90422,90584.9,90390,90563.5,825.469
10/01/2026 6:00,90563.5,90569.5,90432.4,90475.1,534.772
10/01/2026 7:00,90475,90650.4,90467.2,90627.1,982.004
10/01/2026 8:00,90627.1,90710,90570,90628.6,1579.4
10/01/2026 9:00,90628.6,90730,90579.7,90729.9,1230.858
10/01/2026 10:00,90730,90800,90680,90795.4,1473.655
10/01/2026 11:00,90795.3,90795.3,90656.1,90692.8,828.342
10/01/2026 12:00,90692.9,90758.7,90623.5,90696.6,1139.429
10/01/2026 13:00,90696.6,90727.1,90599.9,90620.9,865.813
10/01/2026 14:00,90620.9,90631.6,90494,90551.8,1729.222
10/01/2026 15:00,90551.8,90630,90535.9,90622.7,938.582
10/01/2026 16:00,90622.8,90688.1,90562.5,90640.6,846.682
10/01/2026 17:00,90640.7,90708,90503.9,90512.3,1378.649
10/01/2026 18:00,90512.3,90564.3,90450,90555.2,1016.668
10/01/2026 19:00,90555.2,90597.9,90545,90591.4,390.769
10/01/2026 20:00,90591.3,90627.6,90538,90539,513.274
10/01/2026 21:00,90539,90539,90451.4,90469.9,804.006
10/01/2026 22:00,90470,90562.2,90358.5,90384.9,1568.934
10/01/2026 23:00,90384.9,90535.7,90384.9,90469.6,773.155
11/01/2026 0:00,90469.7,90609.8,90410.6,90600,932.503
11/01/2026 1:00,90600.1,90639.8,90521.1,90597.9,608.415
11/01/2026 2:00,90597.8,90699.9,90579.2,90654.8,944.925
11/01/2026 3:00,90654.9,90696.5,90585.8,90696.5,812.895
11/01/2026 4:00,90696.4,90750,90629.9,90750,790.246
11/01/2026 5:00,90750,90818,90696.2,90730.4,976.393
11/01/2026 6:00,90730.4,90757.4,90530.9,90697.4,1096.363
11/01/2026 7:00,90697.4,90708.5,90628.1,90664,512.464
11/01/2026 8:00,90663.9,90787.8,90555,90756,1867.167
11/01/2026 9:00,90755.9,90778.5,90625.3,90689.9,1552.922
11/01/2026 10:00,90690,90700,90640,90689.4,595.064
11/01/2026 11:00,90689.4,90730.2,90649.9,90707.3,845.808
11/01/2026 12:00,90707.2,90980,90670.1,90889.3,2885.101
11/01/2026 13:00,90889.3,90926.9,90779.5,90812,1713.393
11/01/2026 14:00,90811.9,91143.1,90811.9,91074.8,2318.326
11/01/2026 15:00,91074.7,91103.2,90650,90834.1,4272.295
11/01/2026 16:00,90834,91252.5,90834,90996,3240.642
11/01/2026 17:00,90996,91103.3,90853.5,90944.7,1812.779
11/01/2026 18:00,90944.8,90944.8,90750.8,90840.9,1170.967
11/01/2026 19:00,90840.8,90892.2,90609.5,90644.7,1432.938
11/01/2026 20:00,90644.7,90706.8,90314.9,90654.2,4221.59
11/01/2026 21:00,90654.2,90795,90544.2,90711.1,1310.063
11/01/2026 22:00,90711.1,90711.2,90410,90482.4,1500.957
11/01/2026 23:00,90482.3,91000,90175.3,90964.4,6130.166
12/01/2026 0:00,90964.4,91229.2,90642,91229.1,5093.983
12/01/2026 1:00,91229.2,91770,91047.9,91370,9633.87
12/01/2026 2:00,91369.9,92379.5,91323.8,92168.8,9958.922
12/01/2026 3:00,92168.8,92488,91757.1,91766.2,9926.34
12/01/2026 4:00,91766.2,92245.1,91700,92126.7,3587.926
12/01/2026 5:00,92126.6,92220,91986.1,92066.6,2631.257
12/01/2026 6:00,92066.7,92166.7,91760,91789.3,3098.508
12/01/2026 7:00,91789.4,91932.3,91342,91369.2,5574.002
12/01/2026 8:00,91369.2,91586.5,90341.3,90714,16401.318
12/01/2026 9:00,90714,90895.1,90610,90646.8,4843.544
12/01/2026 10:00,90646.8,90755.6,90319.4,90394.6,4442.14
12/01/2026 11:00,90394.6,90795.9,90381.6,90573.9,4677.736
12/01/2026 12:00,90573.9,90828.2,90573.8,90741.6,2101.42
12/01/2026 13:00,90741.6,90788,90490.9,90596.8,3652.559
12/01/2026 14:00,90596.7,91100,90066,90852.8,14478.839
12/01/2026 15:00,90852.7,91637.8,90657,91618.7,13149.778
12/01/2026 16:00,91618.6,92299,91520.1,92078.8,17126.012
12/01/2026 17:00,92078.9,92264.2,90966,91469.9,16813.427
12/01/2026 18:00,91469.9,91911.1,91358.9,91648.2,6521.581
12/01/2026 19:00,91648.2,91847.2,91383.1,91821.9,3000.387
12/01/2026 20:00,91821.9,92017,91366.8,91446.5,3832.277
12/01/2026 21:00,91446.5,91461.2,90870,91005.6,4907.334
12/01/2026 22:00,91005.6,91395.8,91005.5,91204,2060.831
12/01/2026 23:00,91203.9,91280.1,91023,91252.6,1723.392
13/01/2026 0:00,91252.5,91524.5,91202.9,91436.3,3986.413
13/01/2026 1:00,91436.4,91514.2,91011,91157.4,2961.638
13/01/2026 2:00,91157.3,91344.9,91035,91093.5,2327.18
13/01/2026 3:00,91093.5,91438.8,91076.1,91380.9,2309.321
13/01/2026 4:00,91380.9,91621,91316.3,91479.3,2276.293
13/01/2026 5:00,91479.3,92222,91425.6,91883.6,9329.076
13/01/2026 6:00,91883.7,92258,91764.9,92146.9,6001.675
13/01/2026 7:00,92146.9,92180.6,91866.3,91908,2866.072
13/01/2026 8:00,91908,92234.7,91881.1,92137.8,3554.355
13/01/2026 9:00,92137.7,92676.6,91850.6,92239.6,13124.332
13/01/2026 10:00,92239.6,92317.4,91980,92092.5,3253.353
13/01/2026 11:00,92092.6,92226.7,91928.8,91962.1,3160.078
13/01/2026 12:00,91962.1,92125.5,91868,92076.2,2374.933
13/01/2026 13:00,92076.3,92555.1,91836.3,92021,12621.53
13/01/2026 14:00,92021,92888,91700.6,92414.3,15522.227
13/01/2026 15:00,92414.2,93408,92060.2,93407.9,18069.514
13/01/2026 16:00,93407.9,93707,93009.8,93341.6,16898.433
13/01/2026 17:00,93341.6,93451.4,93050,93190.6,6057.628
13/01/2026 18:00,93190.5,93840.7,93138.7,93581,7126.697
13/01/2026 19:00,93581.1,94189,93421.9,94179.5,9066.888
13/01/2026 20:00,94179.6,94462.7,94036,94349.1,15488.146
13/01/2026 21:00,94349,94478.3,94011.7,94040,5569.854
13/01/2026 22:00,94040,96863.7,94037.8,95730.5,27128.695
13/01/2026 23:00,95730.4,96089.9,95025.6,95375.2,9471.587
14/01/2026 0:00,95375.2,95627.6,95120.5,95196.2,5227.167
14/01/2026 1:00,95196.2,95545.2,95082,95191.4,4817.294
14/01/2026 2:00,95191.4,95527.5,95153,95299.9,3412.88
14/01/2026 3:00,95300,95670,95235.8,95665.7,3007.15
14/01/2026 4:00,95665.6,95755,95172.9,95192.2,4394.532
14/01/2026 5:00,95192.2,95236.8,94888,94963.1,6492.965
14/01/2026 6:00,94963.1,94986.8,94413.4,94984.8,7557.559
14/01/2026 7:00,94984.7,95226.7,94812,95166.6,5004.862
14/01/2026 8:00,95166.6,95288,94855.6,94866.3,3482.851
14/01/2026 9:00,94866.2,95152.1,94841.3,95051.6,3468.385
14/01/2026 10:00,95051.5,95256.8,94841.7,95050.1,3796.217
14/01/2026 11:00,95050,95058.5,94700,94763.6,3543.836
14/01/2026 12:00,94763.7,95129.8,94643,95041.5,3301.408
14/01/2026 13:00,95041.5,95213.6,94844.6,94964.3,3562.521
14/01/2026 14:00,94964.3,96780,94944.6,96449,27623.161
14/01/2026 15:00,96449,97100,96129.8,96691.9,21644.239
14/01/2026 16:00,96691.9,97667.7,96664.3,97232.2,18659.533
14/01/2026 17:00,97232.1,97733.9,96681.6,96895.2,13842.789
14/01/2026 18:00,96895.1,97065.8,96180,96764.5,10839.519
14/01/2026 19:00,96764.5,97611.8,96631.9,97221.8,9526.318
14/01/2026 20:00,97221.8,97932.1,97157.4,97606,7569.506
14/01/2026 21:00,97606,97667,97328.5,97515,3003.703
14/01/2026 22:00,97515,97535.9,96666.6,96825.5,4902.643
14/01/2026 23:00,96825.6,97331.4,96805.7,96907.9,3362.453
15/01/2026 0:00,96908,96960.9,96450,96613.3,4867.775
15/01/2026 1:00,96613.3,96940,96257,96400.1,4369.396
15/01/2026 2:00,96400,96574.8,96043.4,96297.3,4126.981
15/01/2026 3:00,96297.2,96358.9,95733.1,95943.1,6349.722
15/01/2026 4:00,95943.1,96349.6,95909.1,96273.3,4315.444
15/01/2026 5:00,96273.4,96485.6,96190,96372.5,4323.48
15/01/2026 6:00,96372.6,96533,96123.4,96195.2,4422.522
15/01/2026 7:00,96195.2,96744.2,96133.7,96601.2,4870.214
15/01/2026 8:00,96601.2,96645.2,96243.8,96596.2,3140.107
15/01/2026 9:00,96596.1,97155,96508.1,96993.8,5989.198
15/01/2026 10:00,96993.9,97020,96686,96763.2,3508.829
15/01/2026 11:00,96763.1,96884.3,96532.9,96548.9,2847.765
15/01/2026 12:00,96548.9,96963.3,96471.1,96931.3,3333.837
15/01/2026 13:00,96931.3,96988,96562.5,96801,3640.067
15/01/2026 14:00,96800.9,97100,95550,96013.6,17458.774
15/01/2026 15:00,96013.6,96833,95403.7,96717.3,21170.454
15/01/2026 16:00,96717.3,97000,96225.7,96684.7,11085.205
15/01/2026 17:00,96684.7,97047.6,96368,96587.4,5755.514
15/01/2026 18:00,96587.4,96592.6,95700,95806.9,9228.56
15/01/2026 19:00,95806.8,95901.6,95080,95469.2,11629.162
15/01/2026 20:00,95469.2,95623.8,95089,95220.7,5057.079
15/01/2026 21:00,95220.8,95600,95145.1,95545.3,2554.846
15/01/2026 22:00,95545.3,95837.8,95447.6,95536.3,2273.259
15/01/2026 23:00,95536.3,95688.9,95362.6,95567.3,2886.551
16/01/2026 0:00,95567.4,95788.4,95526.6,95589.6,2546.578
16/01/2026 1:00,95589.6,95825,95380,95623.7,2648.286
16/01/2026 2:00,95623.7,95648.6,95350,95469.5,2791.219
16/01/2026 3:00,95469.4,95550,95279.8,95319.6,1575.387
16/01/2026 4:00,95319.6,95546.6,95111.1,95233.4,4143.845
16/01/2026 5:00,95233.4,95654.4,95211,95615.9,4075.392
16/01/2026 6:00,95615.9,95790,95480.5,95702.5,3279.729
16/01/2026 7:00,95702.5,95750,95432.6,95608.4,2608.384
16/01/2026 8:00,95608.4,95805,95526.2,95628.3,2441.913
16/01/2026 9:00,95628.4,95741,95542.4,95568.1,1591.671
16/01/2026 10:00,95568.1,95586.4,95254,95272.6,2836.653
16/01/2026 11:00,95272.5,95436,95210.5,95382.6,2813.205
16/01/2026 12:00,95382.5,95536.8,95313.4,95414.6,2360.141
16/01/2026 13:00,95414.6,95537.9,95238,95400.2,2268.122
16/01/2026 14:00,95400.1,95763,95130,95137,6721.146
16/01/2026 15:00,95137,95658.8,94234.5,94537.5,26171.151
16/01/2026 16:00,94537.6,94950,94454.5,94826.6,7715.958
16/01/2026 17:00,94826.5,95095.4,94502.8,95041.6,3926.223
16/01/2026 18:00,95041.7,95191.8,94931,94966.6,3699.333
16/01/2026 19:00,94966.7,95018.3,94793.1,94961,1804.722
16/01/2026 20:00,94961,95527.4,94630,95517.1,5852.525
16/01/2026 21:00,95517.2,95550,95300.1,95469.6,3228.247
16/01/2026 22:00,95469.6,95535.6,95193.9,95473.6,2459.692
16/01/2026 23:00,95473.5,95536.2,95380,95503.7,1658.567
17/01/2026 0:00,95503.8,95536.9,95380.4,95416.9,1461.818
17/01/2026 1:00,95416.8,95487.9,95332.8,95344.2,1152.073
17/01/2026 2:00,95344.1,95372.8,95136.2,95318.9,1944.361
17/01/2026 3:00,95318.8,95344.2,95214.9,95324,966.253
17/01/2026 4:00,95324.1,95326.1,95209.2,95267.4,1056.407
17/01/2026 5:00,95267.4,95346.1,95230,95270.5,923.139
17/01/2026 6:00,95270.4,95302.9,95133,95191,897.97
17/01/2026 7:00,95190.9,95190.9,94999.9,95061.1,1889.26
17/01/2026 8:00,95061.1,95220,94977.5,95213.6,1081.335
17/01/2026 9:00,95213.6,95260,95124.4,95219.5,760.456
17/01/2026 10:00,95219.5,95236.2,95075.6,95076.6,679.398
17/01/2026 11:00,95076.7,95287.1,95036,95283.9,1510.973
17/01/2026 12:00,95283.8,95386,95189.1,95212.7,1490.972
17/01/2026 13:00,95212.7,95399.7,95152.1,95399.7,1784.384
17/01/2026 14:00,95399.6,95500,95311.5,95419.9,3469.41
17/01/2026 15:00,95419.9,95621.9,95378.1,95529,4446.261
17/01/2026 16:00,95529,95529,95165.5,95265.1,4560.522
17/01/2026 17:00,95265,95395.9,95247,95318.1,1453.225
17/01/2026 18:00,95318.1,95423,95294,95384.5,829.579
17/01/2026 19:00,95384.6,95384.6,95247,95258.3,949.525
17/01/2026 20:00,95258.3,95351.6,95247,95332.8,825.397
17/01/2026 21:00,95332.9,95373.2,95247,95272.7,823.74
17/01/2026 22:00,95272.7,95272.8,95000,95120.8,2851.591
17/01/2026 23:00,95120.8,95169.5,95066.1,95107.9,1161.184
18/01/2026 0:00,95107.9,95200.9,95022.8,95073.1,1387.138
18/01/2026 1:00,95073.2,95074.1,94819.5,94928.9,2785.41
18/01/2026 2:00,94928.8,95034.1,94826.1,94989,1316.882
18/01/2026 3:00,94989.1,95175,94981.2,95155,1110.939
18/01/2026 4:00,95155,95155,95035.1,95057.4,778.64
18/01/2026 5:00,95057.4,95236.5,95008.9,95154.5,1518.638
18/01/2026 6:00,95154.6,95177.5,95110,95142.1,1004.88
18/01/2026 7:00,95142.1,95152.2,94980,94989.9,1511.278
18/01/2026 8:00,94989.9,95165.5,94980,95150,1176.241
18/01/2026 9:00,95150,95252.4,95116,95233.3,1679.928
18/01/2026 10:00,95233.4,95257.4,95043.9,95139.9,1302.055
18/01/2026 11:00,95139.9,95145.9,95034.5,95133.4,989.204
18/01/2026 12:00,95133.3,95145.9,95044,95071.4,784.751
18/01/2026 13:00,95071.5,95168.4,94850.4,95104.9,6332.545
18/01/2026 14:00,95105,95326.4,94890,94917.8,3925.405
18/01/2026 15:00,94917.9,95076.5,94872.9,95067.8,1618.248
18/01/2026 16:00,95067.7,95159.9,95024.6,95123.6,1290.149
18/01/2026 17:00,95123.6,95244,95083,95231.2,1867.119
18/01/2026 18:00,95231.1,95481.8,95136.4,95396.2,2739.441
18/01/2026 19:00,95396.3,95485.9,95281,95335.6,1866.767
18/01/2026 20:00,95335.6,95403.2,95240.9,95259.3,921.239
18/01/2026 21:00,95259.4,95393.9,95240.3,95386.4,666.511
18/01/2026 22:00,95386.5,95490,95355.5,95442.9,979.58
18/01/2026 23:00,95442.9,95443,93550.3,93614,23027.405
19/01/2026 0:00,93614,93614.1,91800,92658.3,35377.427
19/01/2026 1:00,92658.2,92825.6,92173.7,92542.2,7897.945
19/01/2026 2:00,92542.3,92639.4,92333.4,92516.7,3549.342
19/01/2026 3:00,92516.8,92748.4,92450,92656.6,3165.549
19/01/2026 4:00,92656.7,92708.8,92459,92614.4,2911.552
19/01/2026 5:00,92614.3,92767.5,92454.5,92471.4,2744.981
19/01/2026 6:00,92471.4,92591.9,92344.5,92542.8,3368.971
19/01/2026 7:00,92542.9,92810,92510,92787.9,2326.214
19/01/2026 8:00,92787.8,93312.8,92635,93200.3,7108.298
19/01/2026 9:00,93200.2,93208.7,92888,93000,3202.781
19/01/2026 10:00,93000,93035.2,92836.9,93021.2,1588.74
19/01/2026 11:00,93021.2,93267.5,92916.9,93136.7,1900.596
19/01/2026 12:00,93136.8,93188,92960,93025.9,2072.622
19/01/2026 13:00,93025.9,93117.1,92741.3,92993,3004.783
19/01/2026 14:00,92992.9,93000,92660,92779.7,3271.953
19/01/2026 15:00,92779.8,93051.9,92776.4,93013.5,2792.738
19/01/2026 16:00,93013.4,93379,92947.4,93264.9,3360.617
19/01/2026 17:00,93265,93351.9,93097.3,93195.1,2407.584
19/01/2026 18:00,93195.1,93226.6,92888,93022.9,1876.046
19/01/2026 19:00,93023,93116.6,92948.1,93066.2,925.146
19/01/2026 20:00,93066.2,93241.8,93055.4,93107.4,1077.879
19/01/2026 21:00,93107.5,93312.1,92961.4,92968.5,1493.748
19/01/2026 22:00,92968.5,93033.9,92514.3,92528.1,3609.717
19/01/2026 23:00,92528,92720.3,92116,92589.6,7201.827
20/01/2026 0:00,92589.6,92845,92320.2,92676.1,3623.328
20/01/2026 1:00,92676.1,92840,92479.1,92688.7,2519.092
20/01/2026 2:00,92688.8,92693.4,92330,92518.9,4024.819
20/01/2026 3:00,92519,92646.2,92200,92397,3686.074
20/01/2026 4:00,92396.9,92440.1,91900,92026.2,3690.998
20/01/2026 5:00,92026.3,92042.1,91235.5,91590.1,15641.676
20/01/2026 6:00,91590.1,91603.8,90723.3,90894.5,14679.596
20/01/2026 7:00,90894.5,91268.8,90819.5,91136.1,6088.814
20/01/2026 8:00,91136.1,91222,90622.2,91078.9,8356.049
20/01/2026 9:00,91078.9,91078.9,90860.8,91002.9,2830.661
20/01/2026 10:00,91003,91252.9,90959.9,91217.7,2880.554
20/01/2026 11:00,91217.6,91415.1,91167.8,91185.8,3574.825
20/01/2026 12:00,91185.8,91293.7,91017.7,91240,3218.34
20/01/2026 13:00,91240,91250,90735,90918.9,6177.949
20/01/2026 14:00,90919,91344.8,90228,90496.7,20171.764
20/01/2026 15:00,90496.6,90769.4,89819,90644.2,19966.137
20/01/2026 16:00,90644.3,90944.5,89982.9,90131.9,9334.605
20/01/2026 17:00,90131.8,90472.2,89388.8,89739.6,12662.226
20/01/2026 18:00,89739.6,89924.8,89350,89471.6,7080.564
20/01/2026 19:00,89471.5,89775.4,89250.2,89694.1,5653.127
20/01/2026 20:00,89694.1,89824,89360.9,89701,5392.556
20/01/2026 21:00,89700.8,89800,89390.5,89445.6,2302.655
20/01/2026 22:00,89445.6,89617.8,87787.2,88469,14923.895
20/01/2026 23:00,88468.9,88489.2,87850,88390.6,9595.896
21/01/2026 0:00,88390.7,88944,88218.2,88895.5,6231.426
21/01/2026 1:00,88895.5,89128.8,88794.6,88985.2,4485.378
21/01/2026 2:00,88985.3,89318,88941.4,89015.1,3825.835
21/01/2026 3:00,89015,89568.5,89000.1,89396,4355.679
21/01/2026 4:00,89395.9,89621.7,89303.5,89400.4,2776.154
21/01/2026 5:00,89400.4,90088,89384,89919.9,6517.487
21/01/2026 6:00,89919.9,89920,89450,89618.4,4056.042
21/01/2026 7:00,89618.4,89733.1,89045,89171.3,5965.978
21/01/2026 8:00,89171.3,89350,88922.9,89160.4,4261.807
21/01/2026 9:00,89160.4,89449,89027.4,89068.5,2919.413
21/01/2026 10:00,89068.5,89356.5,89019.6,89201,1852.117
21/01/2026 11:00,89200.8,89350.3,88614.1,88757.1,4473.135
21/01/2026 12:00,88757,88817.8,88109.7,88692.5,11854.078
21/01/2026 13:00,88692.5,88999.1,88514.5,88631.2,6611.226
21/01/2026 14:00,88631.1,89966,88567,89755.7,20742.786
21/01/2026 15:00,89755.7,90599.5,89705,90237.1,15060.297
21/01/2026 16:00,90237.2,90323.8,87537.8,87562.3,26291.786
21/01/2026 17:00,87562.3,88132.2,87205.5,87897,17760.108
21/01/2026 18:00,87897,88633,87550,88441.1,8515.961
21/01/2026 19:00,88441.1,90427.6,88230.3,90321.9,23749.278
21/01/2026 20:00,90321.9,90342.5,89413.6,90170.8,11285.689
21/01/2026 21:00,90170.8,90312.4,89895.3,90203.8,4522.329
21/01/2026 22:00,90203.8,90349,89700.4,89728.5,3422.995
21/01/2026 23:00,89728.4,90191.9,89317.9,89411.4,6545.631
22/01/2026 0:00,89411.4,90000,89411.3,89869.6,3726.56
22/01/2026 1:00,89869.7,90164.3,89770.3,90071.1,3079.979
22/01/2026 2:00,90071.1,90327.7,89805.6,89901.8,3836.416
22/01/2026 3:00,89901.9,90128,89660.3,89857,2874.289
22/01/2026 4:00,89856.9,90045.7,89785,89958.3,1999.14
22/01/2026 5:00,89958.2,90041.3,89879.7,89981.8,1367.997
22/01/2026 6:00,89981.8,90170.1,89850,90122.9,2507.333
22/01/2026 7:00,90122.9,90153.2,89750,89772.6,2621.196
22/01/2026 8:00,89772.6,89927.8,89701.9,89878.6,2069.639
22/01/2026 9:00,89878.5,90085.2,89844.7,89995,1961.029
22/01/2026 10:00,89994.9,90074.4,89900,90046.6,2525.907
22/01/2026 11:00,90046.6,90123,89865,89909.6,2683.102
22/01/2026 12:00,89909.7,90064.9,89843.7,89985.8,2563.958
22/01/2026 13:00,89985.7,90309.5,89446,89570,8863.281
22/01/2026 14:00,89570,89714.5,89012.7,89055,13277.294
22/01/2026 15:00,89055.1,89415,88465.6,88953.6,17350.423
22/01/2026 16:00,88953.7,89231.1,88630.2,89006.9,8830.239
22/01/2026 17:00,89006.9,89576.5,88971.5,89500,5271.379
22/01/2026 18:00,89500,89756,89255.9,89295.5,4234.331
22/01/2026 19:00,89295.4,89882.1,89065,89732.9,4586.705
22/01/2026 20:00,89732.8,89908.5,89355,89370.7,3337.227
22/01/2026 21:00,89370.8,89634.7,89200,89222.1,2212.995
22/01/2026 22:00,89222.2,89535.1,89095.5,89304.7,2468.244
22/01/2026 23:00,89304.7,89554.2,89124.8,89518.5,1665.558
23/01/2026 0:00,89518.4,89600,89400,89484.6,1361.341
23/01/2026 1:00,89484.6,89900,89484.6,89893.7,1996.298
23/01/2026 2:00,89893.7,89948.9,89605,89611.2,2122.123
23/01/2026 3:00,89611.3,89887.3,89590.5,89886.1,1623.548
23/01/2026 4:00,89886.2,90050,89835.4,89922.5,2299.759
23/01/2026 5:00,89922.6,89928.3,89434.4,89573.8,3218.153
23/01/2026 6:00,89573.8,89771.1,89358,89474.9,2690.887
23/01/2026 7:00,89475,89653.5,89400.1,89497.2,2141.85
23/01/2026 8:00,89497.3,89590.9,89099,89185.1,4183.235
23/01/2026 9:00,89185.1,89350,88850,88939.9,4597.852
23/01/2026 10:00,88940,89120.3,88823.3,89016.6,2779.493
23/01/2026 11:00,89016.6,89319,88966.7,89171.2,2478.532
23/01/2026 12:00,89171.3,89342,89056.6,89220,1669.851
23/01/2026 13:00,89220,89411.2,89189.8,89310.6,2248.059
23/01/2026 14:00,89310.5,89691.7,88590.6,88976,12479.133
23/01/2026 15:00,88976,89847.2,88530,89711.2,10759.767
23/01/2026 16:00,89711.2,90455,89438,90079,14426.968
23/01/2026 17:00,90079.1,91195,89931.2,90576,16885.696
23/01/2026 18:00,90576,91003.5,90411.8,90486.3,7655.413
23/01/2026 19:00,90486.3,90499.5,89550,89938.3,14361.661
23/01/2026 20:00,89938.3,90124.1,89163.6,89456.4,6882.035
23/01/2026 21:00,89456.5,89667.5,89268,89301.2,2761.985
23/01/2026 22:00,89301.2,89719.1,89289,89585.3,2062.369
23/01/2026 23:00,89585.4,89595.7,89427.5,89558.7,1139.842
24/01/2026 0:00,89558.7,89591,89383.5,89414.2,1266.587
24/01/2026 1:00,89414.2,89553.6,89410.6,89512.8,1019.166
24/01/2026 2:00,89512.8,89680,89512.8,89666.2,1224.614
24/01/2026 3:00,89666.3,89893.9,89631.6,89738.4,2388.182
24/01/2026 4:00,89738.4,89820.1,89673.4,89806.7,954.269
24/01/2026 5:00,89806.8,89817.4,89715.5,89744.5,866.942
24/01/2026 6:00,89744.5,89747.1,89610.5,89612.4,1073.904
24/01/2026 7:00,89612.4,89667.6,89530.6,89581.2,1109.13
24/01/2026 8:00,89581.3,89659.2,89549.2,89635.2,903.97
24/01/2026 9:00,89635.3,89635.3,89554.2,89567.4,957.084
24/01/2026 10:00,89567.5,89631.9,89539.5,89590.1,616.407
24/01/2026 11:00,89590.2,89641.3,89548.5,89548.5,782.372
24/01/2026 12:00,89548.5,89554.9,89444.5,89497.6,1200.138
24/01/2026 13:00,89497.6,89500,89315.6,89321.7,1226.539
24/01/2026 14:00,89321.7,89471.7,89131.2,89407.7,4111.063
24/01/2026 15:00,89407.7,89456.7,89215.2,89235,1725.299
24/01/2026 16:00,89234.9,89332.1,89116.9,89248.6,2719.881
24/01/2026 17:00,89248.6,89371.6,89216.4,89369.6,1944.082
24/01/2026 18:00,89369.6,89425.2,89340.3,89351.6,929.192
24/01/2026 19:00,89351.7,89351.7,89230.2,89286,747.954
24/01/2026 20:00,89286.1,89365.6,89286,89333.7,358.475
24/01/2026 21:00,89333.7,89340.6,89219.6,89340.6,784.086
24/01/2026 22:00,89340.6,89444.4,89257,89390,634.984
24/01/2026 23:00,89390,89436.7,89155,89180.7,1191.617
25/01/2026 0:00,89180.7,89275.7,89138.9,89275.7,862.558
25/01/2026 1:00,89275.7,89281.6,89025.3,89139.7,1263.156
25/01/2026 2:00,89139.6,89226.8,89100,89105,700.725
25/01/2026 3:00,89105.1,89147,88800,88920,3010.767
25/01/2026 4:00,88920,89057.8,88905.6,88977.4,1348.846
25/01/2026 5:00,88977.4,89015.1,88835.6,88966.1,985.892
25/01/2026 6:00,88966.1,88966.1,88609,88810,3301.22
25/01/2026 7:00,88810.1,88810.1,88600,88630.3,1305.965
25/01/2026 8:00,88630.3,88727.2,88084,88254.8,5833.174
25/01/2026 9:00,88254.9,88453.3,88193.5,88361.6,2494.635
25/01/2026 10:00,88361.5,88642.7,88361.5,88616,2421.386
25/01/2026 11:00,88616,88673.9,88489.1,88531,1422.1
25/01/2026 12:00,88530.9,88760.1,88400,88752,3886.5
25/01/2026 13:00,88752,88947.1,88610,88875.1,3203.924
25/01/2026 14:00,88875.1,88898.9,88580,88666.1,3276.386
25/01/2026 15:00,88666.1,88728.7,88306.6,88406,2510.944
25/01/2026 16:00,88406,88410,87511.6,88049.9,16195.391
25/01/2026 17:00,88049.9,88072.6,87717.5,87845.7,3913.781
25/01/2026 18:00,87845.7,87950.1,86777,87370.1,15430.483
25/01/2026 19:00,87370.2,87469.2,86100,86459.4,20369.715
25/01/2026 20:00,86459.4,86680,86159.1,86618.3,7101.977
25/01/2026 21:00,86618.4,86966.4,86342.9,86525.1,8031.747
25/01/2026 22:00,86525,86704.9,86139.4,86489.1,5719.173
25/01/2026 23:00,86489,86760.8,86021.7,86628.9,10288.918
26/01/2026 0:00,86628.9,87150.8,86463.2,86808.4,6887.499
26/01/2026 1:00,86808.5,87791.5,86772.9,87661.8,11547.453
26/01/2026 2:00,87661.7,87922,87399.9,87514.8,5281.265
26/01/2026 3:00,87514.7,87643.6,87028.5,87233.1,4924.086
26/01/2026 4:00,87233.1,87908.4,87188.3,87700,4590.318
26/01/2026 5:00,87699.9,87919,87617.1,87776.4,2371.238
26/01/2026 6:00,87776.5,87999,87705.8,87902.6,3406.991
26/01/2026 7:00,87902.7,88059.6,87665.6,87968.9,3264.203
26/01/2026 8:00,87969,88367.5,87800,87947.3,4772.992
26/01/2026 9:00,87947.4,87968.4,87556.9,87630.4,4759.726
26/01/2026 10:00,87630.4,87920,87620,87858.1,1643.547
26/01/2026 11:00,87858,87943.8,87721.2,87810,1787.585
26/01/2026 12:00,87810.1,87934.7,87693.6,87762.1,1873.914
26/01/2026 13:00,87762.1,88010.3,87651.4,87917.9,2880.669
26/01/2026 14:00,87917.8,88500,87411.2,88137,12495.646
26/01/2026 15:00,88137,88834.1,87278.5,87609.5,20669.553
26/01/2026 16:00,87609.4,87925.5,87159.6,87579.4,8788.298
26/01/2026 17:00,87579.5,87756.7,86960,87657.5,7729.439
26/01/2026 18:00,87657.4,88375,87611.1,88361.9,7285.645
26/01/2026 19:00,88362,88496.4,87904.4,87965.6,4836.13
26/01/2026 20:00,87965.5,88088,87506.8,87595.3,3215.252
26/01/2026 21:00,87595.3,88199,87533.3,88016.5,3751.624
26/01/2026 22:00,88016.4,88239,87953.9,88095,1777.578
26/01/2026 23:00,88094.9,88637.4,87976.5,88300.6,4068.84
27/01/2026 0:00,88300.6,88431.4,88157.4,88319.4,3004.293
27/01/2026 1:00,88319.4,88699.9,88162.9,88523.6,3359.247
27/01/2026 2:00,88523.6,88823.1,88503.3,88785.8,3841.323
27/01/2026 3:00,88785.7,88880.6,88535,88744.6,2566.509
27/01/2026 4:00,88744.7,88983.3,88463.4,88532.7,3549.805
27/01/2026 5:00,88532.6,88548.1,88350.3,88424,1983.452
27/01/2026 6:00,88424,88493.4,88239.9,88295.4,1667.16
27/01/2026 7:00,88295.3,88519.5,88278.1,88287.9,1660.951
27/01/2026 8:00,88288,88365.6,88084,88137.5,2454.989
27/01/2026 9:00,88137.6,88137.6,87825,87852.6,3579.927
27/01/2026 10:00,87852.6,88023.1,87722,87754.3,2712.961
27/01/2026 11:00,87754.3,88065.9,87707.1,87947.5,2212.577
27/01/2026 12:00,87947.4,88126.3,87911.9,87952.2,2166.889
27/01/2026 13:00,87952.1,88042.6,87755,87945.2,2283.074
27/01/2026 14:00,87945.2,88418.8,87622,87712.1,8884.593
27/01/2026 15:00,87712.2,88167.1,87530,88000.1,8383.355
27/01/2026 16:00,88000.1,88836.3,87962.6,88604.9,12083.571
27/01/2026 17:00,88604.9,88660.9,87265.4,87510.4,14595.8
27/01/2026 18:00,87510.3,88488.8,87413.7,88249.6,7630.9
27/01/2026 19:00,88249.6,88521.5,88006.4,88378.1,4031.412
27/01/2026 20:00,88378.1,89469.3,88335.6,89360.1,12269.547
27/01/2026 21:00,89360,89499,88947.3,89039.5,6362.17
27/01/2026 22:00,89039.6,89394.9,88966.2,89203.1,2997.299
27/01/2026 23:00,89203.1,89491.8,89100,89197.8,3644.31
28/01/2026 0:00,89197.8,89429.4,89102.2,89429.2,2651.255
28/01/2026 1:00,89429.2,89454.6,89153.1,89360,2454.437
28/01/2026 2:00,89360.1,89410,89059.8,89245.1,2125.76
28/01/2026 3:00,89245.1,89273.8,88932.6,89079.8,2794.741
28/01/2026 4:00,89079.8,89128,88800.1,88944,2852.229
28/01/2026 5:00,88944,89071,88786,89051.1,2668.053
28/01/2026 6:00,89051.1,89366,89051.1,89287.9,2502.018
28/01/2026 7:00,89288.2,89318.6,89072.1,89106.8,1688.507
28/01/2026 8:00,89106.8,89241,88851,88901.1,2557.055
28/01/2026 9:00,88901.1,89554.6,88831.9,89542.6,4130.724
28/01/2026 10:00,89542.6,89682.5,89284,89368.4,4506.739
28/01/2026 11:00,89368.4,90122,89282.9,90036.9,8109.386
28/01/2026 12:00,90036.9,90138.9,89739.6,89955,6887.846
28/01/2026 13:00,89954.9,90444.4,89909,90220.1,8847.883
28/01/2026 14:00,90220.1,90221.3,89401.6,89578.1,9833.85
28/01/2026 15:00,89578.1,89820.3,88852.2,89444.4,12487.124
28/01/2026 16:00,89444.5,89790.6,89207.3,89588.8,5010.794
28/01/2026 17:00,89588.8,90592.7,89238.8,90142.9,10265.098
28/01/2026 18:00,90142.9,90149.2,89216.4,89501,9427.667
28/01/2026 19:00,89500.9,89693.9,88974,89363.6,8288.575
28/01/2026 20:00,89363.5,89880.1,88964.7,89099.9,6160.812
28/01/2026 21:00,89100,89449.1,88829,89369.3,4380.538
28/01/2026 22:00,89369.4,89437.6,89093.2,89347.1,1579.074
28/01/2026 23:00,89347.1,89433.3,89159.2,89261.7,1674.694
29/01/2026 0:00,89261.7,89316.8,88861.5,89112,3108.887
29/01/2026 1:00,89112,89130,88508.7,88561.7,4920.263
29/01/2026 2:00,88561.7,88721.9,87650.1,87857.9,11765.008
29/01/2026 3:00,87857.9,88226.7,87723.2,88003.2,6379.798
29/01/2026 4:00,88003.2,88308.8,87863,88269.9,3327.162
29/01/2026 5:00,88270,88378,88106,88149.3,2224.415
29/01/2026 6:00,88149.3,88300,88133,88281.1,1411.193
29/01/2026 7:00,88281.2,88394.2,88211,88310.9,2458.524
29/01/2026 8:00,88310.9,88461.2,87866.2,88028.1,7192.003
29/01/2026 9:00,88028,88120.2,87850,87851.1,2428.841
29/01/2026 10:00,87851,87989,87773.1,87920.1,2735.236
29/01/2026 11:00,87920,88027.9,87711,87795.2,3652.67
29/01/2026 12:00,87795.1,88084.9,87775.1,88073.8,3141.521
29/01/2026 13:00,88073.9,88133.2,87907.6,88008.8,2252.287
29/01/2026 14:00,88008.8,88035.5,86946.1,86978.7,12217.287
29/01/2026 15:00,86978.8,87013.7,84335.4,84898,56858.42
29/01/2026 16:00,84897.9,85367.2,84222,85230.3,24435.811
29/01/2026 17:00,85230.3,85596.1,83939,84225,25799.327
29/01/2026 18:00,84225,84595.3,83355,83440.9,20038.261
29/01/2026 19:00,83440.8,84305.2,83338.3,83979.4,12852.154
29/01/2026 20:00,83979.5,84376.2,83785.6,84186.3,6528.744
29/01/2026 21:00,84186.4,84623.1,84169.3,84491,4833.212
29/01/2026 22:00,84491.1,84580,84271.3,84529.6,2994.048
29/01/2026 23:00,84529.5,84699.9,84400,84604.7,3206.519
30/01/2026 0:00,84604.7,84697.2,84100,84157.4,5599.959
30/01/2026 1:00,84157.4,84157.5,81000,82434.7,40393.43
30/01/2026 2:00,82434.7,82514.4,81116,82128.1,21600.173
30/01/2026 3:00,82128,82709.5,81995.6,82640.9,8808.677
30/01/2026 4:00,82640.9,83299.9,82640.4,82906.6,8319.547
30/01/2026 5:00,82906.5,83300,82859.4,82873.5,4641.651
30/01/2026 6:00,82873.5,82882.3,82021.1,82560.8,11070.916
30/01/2026 7:00,82560.8,83074.4,82431.6,82770.1,9673.815
30/01/2026 8:00,82770.1,82939.7,82399,82625.3,5977.259
30/01/2026 9:00,82625.3,82793.5,82108.4,82320.5,7319.609
30/01/2026 10:00,82320.5,82859,82115.1,82793.2,5299.28
30/01/2026 11:00,82793.2,83280.6,82626.9,83104.8,5863.711
30/01/2026 12:00,83104.7,83296.9,82603.2,82752.8,5940.313
30/01/2026 13:00,82752.8,83062,82372.1,82704.9,6220.079
30/01/2026 14:00,82704.8,83779.2,82693.9,83061.4,15401.739
30/01/2026 15:00,83061.5,83577,82328.6,82850.2,14499.069
30/01/2026 16:00,82850.1,83472.8,82504.3,83115.2,9591.399
30/01/2026 17:00,83115.1,83450.5,82600,82908,9960.256
30/01/2026 18:00,82908,84159.4,81832,83897.3,20774.878
30/01/2026 19:00,83897.3,84599,83875.7,84200,12665.495
30/01/2026 20:00,84199.9,84275.5,83501,83890.3,14202.969
30/01/2026 21:00,83890.3,84487.7,83759,84240.3,5962.139
30/01/2026 22:00,84240.3,84291.5,83875.7,84191.1,2425.282
30/01/2026 23:00,84191.1,84261.7,83897,84211.4,2582.871
31/01/2026 0:00,84211.4,84239.5,83964.9,84028.1,2987.293
31/01/2026 1:00,84028.1,84227.1,83861.8,83965.9,2211.45
31/01/2026 2:00,83966,84150,83775.5,84085.6,2931.571
31/01/2026 3:00,84085.5,84190,83987.5,83987.5,1210.737
31/01/2026 4:00,83987.5,84110,83899.9,83960.4,1319.613
31/01/2026 5:00,83960.3,84056.9,83861.7,83961.8,1527.127
31/01/2026 6:00,83961.8,84012.6,83600,83739.1,3018.209
31/01/2026 7:00,83739.1,83759.9,83368,83514.4,4163.495
31/01/2026 8:00,83514.3,83598,82530.2,83031.1,14040.139
31/01/2026 9:00,83031.1,83265,82850,83075.3,4170.507
31/01/2026 10:00,83075.3,83160,82880,83120.9,2697.263
31/01/2026 11:00,83121,83121,82802.3,82983.2,2314.012
31/01/2026 12:00,82983.2,83115.3,82677.4,82735.6,3716.203
31/01/2026 13:00,82735.6,82888,82449,82733,5005.762
31/01/2026 14:00,82733,82898.7,80754.3,81452.5,31512.984
31/01/2026 15:00,81452.5,81760,81039.7,81268.6,11498.411
31/01/2026 16:00,81268.6,82200,80050,80320.9,33473.68
31/01/2026 17:00,80321,80506.9,78010.1,78857.1,43053.206
31/01/2026 18:00,78857,79100,75500,77996.8,46661.12
31/01/2026 19:00,77996.8,78527.1,77144.1,77707.9,17023.471
31/01/2026 20:00,77707.9,78106,77037.8,77956.7,10475.267
31/01/2026 21:00,77956.6,78330.8,77323.1,78252.4,10511.991
31/01/2026 22:00,78252.5,78443.1,77931.8,78114.5,5485.21
31/01/2026 23:00,78114.4,79200,78023.9,78706.8,10539.79
01/02/2026 0:00,78706.7,79396.8,78600.2,78861.2,7371.698
01/02/2026 0:00,78706.7,79396.8,78600.2,78861.2,7371.698
01/02/2026 1:00,78861.3,78906.3,78245.7,78504.8,5561.053
01/02/2026 2:00,78504.8,79024,78339.6,78856.4,3765.023
01/02/2026 3:00,78856.4,78971.5,78630.3,78826.3,2548.202
01/02/2026 4:00,78826.3,79094.9,78680.4,78938.1,2562.343
01/02/2026 5:00,78938.3,78970.1,78483,78583.9,4560.628
01/02/2026 6:00,78583.9,78791.6,78221,78262.9,5182.439
01/02/2026 7:00,78263,78687.2,77899.9,78320.8,6355.807
01/02/2026 8:00,78320.8,78833,78213.6,78571.3,4064.486
01/02/2026 9:00,78571.4,79107.4,78511,78997,2823.102
01/02/2026 10:00,78996.9,79194,78099.8,78239.9,8117.405
01/02/2026 11:00,78240,78838.5,78240,78712.1,3577.657
01/02/2026 12:00,78712.1,78724.8,78199.9,78420.6,4017.205
01/02/2026 13:00,78420.6,78732,78149.3,78280.7,3870.328
01/02/2026 14:00,78280.8,78500,77206.3,78179.4,20060.992
01/02/2026 15:00,78179.4,78220.4,76752.5,77563.8,18004.49
01/02/2026 16:00,77563.8,77813.7,77056.7,77459.2,10025.064
01/02/2026 17:00,77459.2,77721.5,77259.5,77711,5371.051
01/02/2026 18:00,77711.1,78421.6,77689.1,77995.9,8662.712
01/02/2026 19:00,77995.9,78073.9,76950.9,77142.4,5806.057
01/02/2026 20:00,77142.4,77708.2,76543.7,77073.5,10019.653
01/02/2026 21:00,77073.6,77140.2,76307.4,76489,10731.037
01/02/2026 22:00,76489,77753.6,76406.4,77211.4,9478.224
01/02/2026 23:00,77211.4,77586.9,75644,76931.5,24447.424
02/02/2026 0:00,76931.6,78111,76560.8,77638.6,11712.592
02/02/2026 1:00,77638.5,77915,76568.8,77482.2,10329.369
02/02/2026 2:00,77482.1,77529.3,76403.5,76447.2,8411.995
02/02/2026 3:00,76447.1,76538.7,74555,76256.2,39578.562
02/02/2026 4:00,76256.2,76579.4,75286.2,75856.3,13515.066
02/02/2026 5:00,75856.3,75958.9,74853,75449.6,13453.056
02/02/2026 6:00,75449.6,76800,74900.1,76511.3,19593.76
02/02/2026 7:00,76511.3,76930,76282.2,76612.6,9587.379
02/02/2026 8:00,76612.6,77157.8,76576.7,76831.2,7340.414
02/02/2026 9:00,76831.2,77776.7,76610.9,77666,11770.136
02/02/2026 10:00,77666,77815.8,77420.7,77463.3,6048.22
02/02/2026 11:00,77463.3,77937.7,77398.2,77716.1,5754.225
02/02/2026 12:00,77716,78400,77665,77947.5,8673.63
02/02/2026 13:00,77947.5,78452.5,77756.5,78172.1,7190.53
02/02/2026 14:00,78172.2,78835.5,77570,77797.6,21814.005
02/02/2026 15:00,77797.8,79311,77515.6,78800.6,21275.715
02/02/2026 16:00,78800.5,79248,78525.7,78588.8,10325.914
02/02/2026 17:00,78588.8,79166.2,78553.1,78936.8,6248.465
02/02/2026 18:00,78936.7,78936.7,78318.5,78523.9,6268.72
02/02/2026 19:00,78523.9,78652.3,78234.9,78299.2,4352.336
02/02/2026 20:00,78299.1,78634,77843.2,77976.7,7009.608
02/02/2026 21:00,77976.9,78520,77880,78489,3649.632
02/02/2026 22:00,78489,78818.2,78488.9,78758.2,2505.842
02/02/2026 23:00,78758.3,78935.9,78520.4,78692.5,3237.243
03/02/2026 0:00,78692.5,79070.4,78366.6,79031.1,4664.695
03/02/2026 1:00,79031.1,79163,78677,78980,3594.649
03/02/2026 2:00,78980,78980.1,77750.2,77774.8,7063.983
03/02/2026 3:00,77774.8,78874.9,77566.5,78710.7,9532.793
03/02/2026 4:00,78710.7,78967.9,78431.5,78767.4,5652.949
03/02/2026 5:00,78767.5,78775.7,78183.8,78202.9,3605.733
03/02/2026 6:00,78202.8,78635,77900.1,78557.3,6181.705
03/02/2026 7:00,78557.4,78898.9,78448.1,78749.9,4420.11
03/02/2026 8:00,78750,79049,78426,78708.7,4993.386
03/02/2026 9:00,78708.7,78803.6,77900,78351.5,10554.022
03/02/2026 10:00,78351.4,78520,78012.3,78077.2,3743.385
03/02/2026 11:00,78077.3,78315.9,77960,78040.1,3912.604
03/02/2026 12:00,78040.1,78377.8,77950,78289.8,4021.096
03/02/2026 13:00,78289.8,78425.8,78150,78260.4,4227.172
03/02/2026 14:00,78260.4,78397.5,77131.2,77164.5,18781.526
03/02/2026 15:00,77164.5,78184,77000.5,78094.1,24417.328
03/02/2026 16:00,78094.2,78101.5,76448,76458.2,24540.659
03/02/2026 17:00,76458.2,76500,74844.7,74882.4,28936.029
03/02/2026 18:00,74882.4,75267.8,73100,73111.7,44143.435
03/02/2026 19:00,73111.7,75221.4,72889.2,74893.8,40615.508
03/02/2026 20:00,74893.9,76690,74541,76431.9,24533.336
03/02/2026 21:00,76431.9,76920.7,76069,76199.9,9470.027
03/02/2026 22:00,76200,76269.6,75377.3,75672.5,9419.354
03/02/2026 23:00,75672.5,75969.3,75393.4,75732.4,6700.032
04/02/2026 0:00,75732.4,76229.1,75420,75871,6394.408
04/02/2026 1:00,75871,76786.1,75871,76392,7247.042
04/02/2026 2:00,76392.1,76571.9,75670,75926.8,5834.487
04/02/2026 3:00,75926.9,76952.5,75870.5,76661.1,5754.356
04/02/2026 4:00,76661.1,76809.4,76385.1,76448,2713.172
04/02/2026 5:00,76448,76497.2,76072,76255,3255.829
04/02/2026 6:00,76255,76761,76218.5,76616.9,3682.973
04/02/2026 7:00,76616.8,76626.4,76304,76478.9,3514.953
04/02/2026 8:00,76478.9,76557.8,76027,76541.3,5698.674
04/02/2026 9:00,76541.2,76568,75925.5,76081.9,5305.818
04/02/2026 10:00,76082,76308.9,76025.6,76266.8,3386.506
04/02/2026 11:00,76266.7,76266.8,75629.9,75987.6,9441.372
04/02/2026 12:00,75987.6,76245.5,75968.5,76160,5058.132
04/02/2026 13:00,76160,76163.6,74829.6,74838.4,12929.177
04/02/2026 14:00,74838.3,75764.4,74201.5,74328.9,25722.339
04/02/2026 15:00,74329,75299,73756,74107,34340.197
04/02/2026 16:00,74107,74211.8,73038,73609.1,30314.166
04/02/2026 17:00,73609.1,73825.7,72101,72544.2,35666.746
04/02/2026 18:00,72544.3,74097.6,72227.8,73398.4,30771.346
04/02/2026 19:00,73398.4,73987.4,73004,73895.3,13987.103
04/02/2026 20:00,73895.2,74141.1,73390.1,73488.9,7235.643
04/02/2026 21:00,73488.9,73632,72150,72772.8,10132.452
04/02/2026 22:00,72772.9,73675.3,71838,72511.1,15964.689
04/02/2026 23:00,72511,73500,72431.3,73137.4,8773.059
05/02/2026 0:00,73137.5,73300,72724,72838.9,6424.887
05/02/2026 1:00,72838.9,73316.3,71950,72389.2,14434.871
05/02/2026 2:00,72389.1,72832.5,71263.1,71429.1,24176.335
05/02/2026 3:00,71429.1,71850,71111,71198.9,16641.703
05/02/2026 4:00,71199,71420.3,70676.3,70873.2,23330.56
05/02/2026 5:00,70863.9,71122,70085.3,70694.9,21443.23
05/02/2026 6:00,70694.8,70955,70367.1,70911.4,11973.932
05/02/2026 7:00,70911.5,71600,70587.5,70716.1,13881.524
05/02/2026 8:00,70716.1,71511,70639.7,71020.9,9452.816
05/02/2026 9:00,71020.9,71944.4,71006.5,71531.7,11658.845
05/02/2026 10:00,71531.6,71693.3,70609.4,70820.3,9242.383
05/02/2026 11:00,70820.3,71020,69862,70279,24802.093
05/02/2026 12:00,70279.1,70566.6,69112.1,69532.9,35071.848
05/02/2026 13:00,69532.9,69798.6,69223,69656.3,12997.128
05/02/2026 14:00,69656.3,70848.6,69247.3,69365.5,30259.452
05/02/2026 15:00,69365.4,69569.6,66666,67451.9,90464.247
05/02/2026 16:00,67452,68667.4,66904.2,68262.7,36078.283
05/02/2026 17:00,68262.7,68348.6,66125,66153.9,42861.988
05/02/2026 18:00,66153.8,66519.2,65359.1,66312.1,37138.161
05/02/2026 19:00,66312.1,66615.3,65160,65237.4,22706.81
05/02/2026 20:00,65237.5,65678.1,62233.3,63750.9,77533.689
05/02/2026 21:00,63750.9,64759.2,62853.9,63188.8,45680.642
05/02/2026 22:00,63188.8,64591.1,62644.3,63878.7,25968.909
05/02/2026 23:00,63878.7,64866,62666.3,62868.1,25865.405
06/02/2026 0:00,62868.1,63812.5,59800,63460.4,94089.579
06/02/2026 1:00,63460.4,65741.4,63458.1,65666,39678.824
06/02/2026 2:00,65666,65969.5,64124.9,64955.6,28572.122
06/02/2026 3:00,64955.6,65126.9,63702.3,64138.1,14629.783
06/02/2026 4:00,64138.1,64974.8,63924.7,64865.1,9945.249
06/02/2026 5:00,64865.1,66783,64767.3,66365.3,19082.992
06/02/2026 6:00,66365.3,66753.7,64805.3,64947.6,23433.626
06/02/2026 7:00,64947.6,65509.6,64590.1,64811.2,17636.101
06/02/2026 8:00,64811.2,65168.9,64438.9,64850.1,13883.424
06/02/2026 9:00,64850.2,66119.2,64716.6,65757.9,15267.607
06/02/2026 10:00,65757.9,66198.7,65500,65929.4,11219.667
06/02/2026 11:00,65929.5,66773.4,65732.1,66586.1,13740.05
06/02/2026 12:00,66586.1,66588,66072,66522.6,9918.345
06/02/2026 13:00,66522.7,67661.8,66440.8,67274.9,24032.659
06/02/2026 14:00,67274.9,68588,66539.3,68149.1,39719.043
06/02/2026 15:00,68149.1,69157.9,67715,68577.5,32017.004
06/02/2026 16:00,68577.5,70188.8,68348,69896,35363.519
06/02/2026 17:00,69896,71451.6,69536,70707.3,33804.794
06/02/2026 18:00,70707.3,70772.1,69301.8,69728.7,26679.981
06/02/2026 19:00,69728.7,70927.8,69608,70675.5,12127.002
06/02/2026 20:00,70675.5,70954.7,69925.3,69939,13222.419
06/02/2026 21:00,69939,70454.8,69764.7,70308.7,6390.025
06/02/2026 22:00,70308.7,71550,70227.7,71321.1,12899.943
06/02/2026 23:00,71321.2,71714.4,70469.1,70544.5,11829.011
07/02/2026 0:00,70544.5,70569.4,69674.5,69917.1,14132.531
07/02/2026 1:00,69917.2,70665.1,69695.9,70431.1,7386.123
07/02/2026 2:00,70431,70589.1,70101.1,70319,4176.687
07/02/2026 3:00,70319.1,70899.5,70237.4,70887.1,6160.414
07/02/2026 4:00,70887.2,71690,70564,70728.7,12773.123
07/02/2026 5:00,70728.6,71150,69906.4,70124.6,11941.722
07/02/2026 6:00,70124.6,70274.5,68700,68733.6,19458.749
07/02/2026 7:00,68733.6,69050,67250,68050.5,44529.556
07/02/2026 8:00,68050.5,68797.8,67710.8,68458.5,16734.464
07/02/2026 9:00,68458.6,68732,67855,68107.4,9297.469
07/02/2026 10:00,68107.3,68288,67550.2,67954.8,7765.738
07/02/2026 11:00,67954.8,68132.1,67639.2,67935.1,6036.474
07/02/2026 12:00,67935,70000,67870.2,68988.7,30337.618
07/02/2026 13:00,68988.7,69333,68771.8,69062.8,7345.268
07/02/2026 14:00,69062.9,69154.9,68290,68615.9,8372.204
07/02/2026 15:00,68615.8,69776.9,68519.9,69122.1,13671.289
07/02/2026 16:00,69122.1,69887.7,68801,68924.3,18840.729
07/02/2026 17:00,68924.4,69399.2,68478.1,69154.3,7519.676
07/02/2026 18:00,69154.2,69672.6,68966.9,69475,4883.362
07/02/2026 19:00,69475,69555.2,69222.3,69341.4,2843.488
07/02/2026 20:00,69341.3,69688.2,69216.6,69596.5,2410.976
07/02/2026 21:00,69596.5,69669.7,69312,69466.3,2010.778
07/02/2026 22:00,69466.2,69673.6,69273.5,69368.2,1928.806
07/02/2026 23:00,69368.2,69436.8,68734.6,69254.2,6106.407
08/02/2026 0:00,69254.3,69399.4,68843.7,69100.2,4054.301
08/02/2026 1:00,69100.3,69478.2,69057.4,69341.5,3303.609
08/02/2026 2:00,69341.4,69666,69111,69335.7,4375.413
08/02/2026 3:00,69335.7,69418.2,69026.5,69064.7,3178.329
08/02/2026 4:00,69064.7,69348.8,68928,69303.4,2424.538
08/02/2026 5:00,69303.4,69397.1,69112.2,69190.7,2627.932
08/02/2026 6:00,69190.8,69391.1,69055,69321.8,2808.127
08/02/2026 7:00,69321.7,69693,69175.9,69665,4242.838
08/02/2026 8:00,69665.1,70790,69467.9,70624.5,16299.522
08/02/2026 9:00,70624.4,70671.5,70058,70066.8,6897.388
08/02/2026 10:00,70066.9,70422.2,69839.1,70231.1,10093.15
08/02/2026 11:00,70231.1,71199.9,70182.1,70954,10531.788
08/02/2026 12:00,70954,71281.3,70653,71203.4,7465.325
08/02/2026 13:00,71203.4,71479.7,70921.6,71472.6,7550.342
08/02/2026 14:00,71472.5,71524.9,71047.1,71218.3,5452.751
08/02/2026 15:00,71218.3,71433.2,70730.2,71152.6,7786.826
08/02/2026 16:00,71152.5,71225.5,70220.1,70388.7,9205.941
08/02/2026 17:00,70388.6,70840.9,70374.8,70754.5,5510.516
08/02/2026 18:00,70754.4,71376.3,70710.4,71103.1,5755.059
08/02/2026 19:00,71103,71480,71100.5,71381,2974.356
08/02/2026 20:00,71381,71381.3,70657.7,70801.5,4304.587
08/02/2026 21:00,70801.5,71103.8,70500,70665.4,3400.505
08/02/2026 22:00,70665.5,71076.4,70607.4,71036.2,2602.596
08/02/2026 23:00,71036.2,72300,69913.3,70288.1,29907.848
09/02/2026 0:00,70288.2,70738.5,70065.8,70454.1,7449.806
09/02/2026 1:00,70453.8,70892.8,70013.3,70328,7691.265
09/02/2026 2:00,70327.9,70979.8,70175.1,70593,5502.864
09/02/2026 3:00,70593.1,71434.9,70571.4,71269.9,7431.204
09/02/2026 4:00,71269.8,71320,70875,70967,4094.329
09/02/2026 5:00,70966.9,71079,70766.8,71014.2,3491.471
09/02/2026 6:00,71014.1,71014.2,70251.1,70622.4,6532.962
09/02/2026 7:00,70622.4,70868.1,70317.8,70393.5,5044.225
09/02/2026 8:00,70393.5,70583.3,69358.6,69832.2,13254.842
09/02/2026 9:00,69832.1,70081.9,69429.5,69588,7835.646
09/02/2026 10:00,69587.9,69698.9,68373.9,68694,19882.71
09/02/2026 11:00,68694.1,68997.6,68550,68899.9,8037.784
09/02/2026 12:00,68900,69220,68822.2,69109.7,8382.834
09/02/2026 13:00,69109.7,69275.7,68548.3,68556.9,8131.572
09/02/2026 14:00,68557,69740.4,68271.7,69232.4,23586.094
09/02/2026 15:00,69232.5,69843.7,68767.6,69528.9,16427.319
09/02/2026 16:00,69528.9,70389.5,69050,70049.1,14912.022
09/02/2026 17:00,70049.1,71008,69824.4,70570.6,15731.566
09/02/2026 18:00,70570.6,70978.6,70045.9,70379.9,9082.287
09/02/2026 19:00,70379.9,71041,70213.1,70912.7,7258.748
09/02/2026 20:00,70912.6,71085,70450,70683.9,7956.699
09/02/2026 21:00,70683.9,70758,69776.1,70362.4,8040.421
09/02/2026 22:00,70362.4,70687.9,70236.3,70334.2,3671.125
09/02/2026 23:00,70334.2,70542.9,70042.1,70110.5,3013.033
10/02/2026 0:00,70110.6,70226.3,69705.8,69793.3,5042.715
10/02/2026 1:00,69793.3,70499.9,69793.3,70454.7,5037.602
10/02/2026 2:00,70454.7,70454.7,69952.8,70068.4,3527.539
10/02/2026 3:00,70068.5,70137.4,69155.8,69473.3,8925.251
10/02/2026 4:00,69473.2,69886.1,69432.9,69800.5,5095.792
10/02/2026 5:00,69800.5,69832.1,69169.1,69415.3,5921.583
10/02/2026 6:00,69415.4,69469.8,68633.3,68872.4,9749.316
10/02/2026 7:00,68872.4,69173.4,68800.1,68882.1,6144.663
10/02/2026 8:00,68882.2,69195.2,68686.9,69091.9,6812.081
10/02/2026 9:00,69091.8,69376.3,68913.9,69115,6222.059
10/02/2026 10:00,69115,69232.7,68876.5,68884.8,3084.9
10/02/2026 11:00,68884.8,69048.9,68406.4,68489.9,8671.396
10/02/2026 12:00,68489.9,68819.1,68370.3,68564.8,6344.953
10/02/2026 13:00,68564.7,69099.6,68318,68981.9,8027.556
10/02/2026 14:00,68981.8,69554.7,67883,68426.3,27724.225
10/02/2026 15:00,68426.3,69485,68258.7,69251.5,19063.302
10/02/2026 16:00,69251.4,69778,68889.7,69473.5,10899.266
10/02/2026 17:00,69473.5,69957.9,69267.8,69886.6,8006.235
10/02/2026 18:00,69886.5,69910.1,68555.6,68860,10012.65
10/02/2026 19:00,68860,69278.2,68658.9,69031.4,5821.034
10/02/2026 20:00,69031.3,69116.9,68585.6,68719.2,4464.833
10/02/2026 21:00,68719.2,68980,68322.1,68623.3,4547.422
10/02/2026 22:00,68623.3,68833.5,68526.6,68662.7,2536.382
10/02/2026 23:00,68662.7,68830.8,68468.9,68805.3,2189.854
11/02/2026 0:00,68805.3,69218.3,68750,69156.8,3950.544
11/02/2026 1:00,69156.9,69262.7,68868.8,68947.5,2672.496
11/02/2026 2:00,68947.5,69132.7,68563.8,68641.3,3918.734
11/02/2026 3:00,68641.3,68718,67951.8,68143.6,8603.423
11/02/2026 4:00,68143.6,68288,67320,67548.8,13524.481
11/02/2026 5:00,67548.8,67781.4,67357,67367.8,5558.451
11/02/2026 6:00,67367.8,67463.4,66511,66788,15850
11/02/2026 7:00,66786.3,67225,66600.1,67000,8187.628
11/02/2026 8:00,67000,67094.4,66755.2,66950.3,5194.714
11/02/2026 9:00,66950.3,67085.5,66682.1,66848.6,4120.254
11/02/2026 10:00,66848.6,66864.8,66342.6,66506,8850.049
11/02/2026 11:00,66506.1,67087.4,66477.9,67023,7071.645
11/02/2026 12:00,67022.9,67400,66922.5,67099.2,9017.22
11/02/2026 13:00,67099.2,67638.4,66757.9,67424.2,16779.184
11/02/2026 14:00,67424.1,68821.1,66400,66559.9,39554.805
11/02/2026 15:00,66559.8,66788.7,65718.5,66489.3,29237.621
11/02/2026 16:00,66489.4,67250,65910,66008,16888.019
11/02/2026 17:00,66008,66895,65834.5,66489.1,11145.115
11/02/2026 18:00,66489.1,67274.6,66114.5,67239.2,8778.468
11/02/2026 19:00,67239.2,67831.4,67069.4,67547.7,10690.909
11/02/2026 20:00,67547.6,67720,67138.4,67523.2,5348.964
11/02/2026 21:00,67523.3,68315,67371.5,67780.6,10323.114
11/02/2026 22:00,67780.6,67844.1,67352.6,67392,4026.619
11/02/2026 23:00,67392.1,67528.7,66757.4,67054.4,7333.067
12/02/2026 0:00,67054.8,67685,67016.6,67431.6,6121.49
12/02/2026 1:00,67431.7,68021,67430.5,67668.4,6103.855
12/02/2026 2:00,67668.3,67769.1,67370.7,67408.3,4180.768
12/02/2026 3:00,67408.3,67564.1,67267.1,67550.2,2723.961
12/02/2026 4:00,67550.3,67659.6,66962.8,66989.9,6024.71
12/02/2026 5:00,66989.8,67178.2,66640,67110.1,5661.38
12/02/2026 6:00,67110.1,67329,66976.8,67096.1,3145.66
12/02/2026 7:00,67096.1,67296.8,66902.6,67181.5,3137.466
12/02/2026 8:00,67181.5,67313.9,66860,67107.3,3535.509
12/02/2026 9:00,67107.4,67699.9,67012.5,67517.7,5312.339
12/02/2026 10:00,67517.7,67998.8,67372.1,67979.5,5671.9
12/02/2026 11:00,67979.4,68265.5,67650.1,68031.8,9190.079
12/02/2026 12:00,68031.8,68125.8,67684.8,67832.4,6241.212
12/02/2026 13:00,67832.4,68375.9,67643.3,68339.9,8579.923
12/02/2026 14:00,68340,68385,67448.4,67547.5,12764.267
12/02/2026 15:00,67547.8,67970.9,66958,67107,17537.156
12/02/2026 16:00,67107,67221.9,65503.2,65825.7,32467.878
12/02/2026 17:00,65825.7,66238.8,65320.4,65383.9,16841.36
12/02/2026 18:00,65383.8,65763,65081,65559.4,12697.179
12/02/2026 19:00,65559.4,66090.8,65234,65760.7,8965.275
12/02/2026 20:00,65760.7,66008.7,65177.8,65401,7181.946
12/02/2026 21:00,65401,65873.3,65400.1,65821.8,3994.025
12/02/2026 22:00,65821.7,66382,65610,66262.4,6146.564
12/02/2026 23:00,66262.4,66460.8,66131.1,66243.1,5767.357
13/02/2026 0:00,66243.2,66498.4,65833.9,65881.4,5842.004
13/02/2026 1:00,65881.5,66595.2,65881.5,66423.4,4784.428
13/02/2026 2:00,66423.4,66732.8,66345.1,66627.9,3555.029
13/02/2026 3:00,66628,66778.5,66423.1,66519.6,3869.004
13/02/2026 4:00,66519.6,66650.2,66273.4,66299.9,3143.937
13/02/2026 5:00,66300,66477.1,66151.5,66151.5,3317.222
13/02/2026 6:00,66151.5,66367.5,65964.2,66333.7,3966.275
13/02/2026 7:00,66333.7,66545.7,66012.2,66183.3,5353.404
13/02/2026 8:00,66183.3,66723,66159.9,66673,5100.09
13/02/2026 9:00,66673,67046.2,66574.9,66924.3,6938.023
13/02/2026 10:00,66924.4,67095.1,66766.1,66939.4,5500.592
13/02/2026 11:00,66939.5,67196.8,66750,67137.8,5321.733
13/02/2026 12:00,67137.8,67180.1,66887,67050,3807.097
13/02/2026 13:00,67050.1,67600,66903,67238.2,12858.003
13/02/2026 14:00,67238.1,67999.9,66823.6,67709.5,20175.242
13/02/2026 15:00,67709.6,69289.5,67653,68652,34623.808
13/02/2026 16:00,68652.1,69473.7,68500,68920.8,17731.884
13/02/2026 17:00,68920.9,69215.7,68593.8,69003.9,8251.271
13/02/2026 18:00,69004,69378.8,68853.9,69086.7,7384.669
13/02/2026 19:00,69086.8,69197,68865.2,68904.2,4796.435
13/02/2026 20:00,68904.3,68936.1,68639.7,68750.1,5954.506
13/02/2026 21:00,68750.1,69055.9,68700.1,68869.2,4475.315
13/02/2026 22:00,68869.2,68975.9,68674.6,68968.9,3534.643
13/02/2026 23:00,68968.9,68985.4,68784.1,68821.5,2758.675
14/02/2026 0:00,68821.5,69118.1,68736.2,69062.2,3401.089
14/02/2026 1:00,69062.2,69082.8,68888.1,68932,2790.614
14/02/2026 2:00,68932,68981.1,68817.2,68849.2,2150.014
14/02/2026 3:00,68849.3,68994.1,68818,68947.7,1300.98
14/02/2026 4:00,68947.7,68967.3,68755.6,68763.6,1524.606
14/02/2026 5:00,68763.5,68878.3,68712.8,68738.1,1721.191
14/02/2026 6:00,68738.2,68897.6,68689.1,68895.3,1668.924
14/02/2026 7:00,68895.4,69318.2,68848.1,69182.2,4212.664
14/02/2026 8:00,69182.1,69847.1,69174.5,69707.3,9014.765
14/02/2026 9:00,69707.3,69868.6,69532.3,69675.6,3644.123
14/02/2026 10:00,69675.6,69675.6,69542.3,69633.8,1814.741
14/02/2026 11:00,69633.8,70557.7,69633.7,70464.8,12955.143
14/02/2026 12:00,70464.8,70499.4,69525.6,69602.2,13120.622
14/02/2026 13:00,69602.2,69734,69163.7,69430.1,12223.314
14/02/2026 14:00,69430,69825,69295,69667.3,6006.689
14/02/2026 15:00,69667.3,70010.6,69528.3,69754.2,5019.742
14/02/2026 16:00,69754.2,69787.3,69259.1,69731.3,7558.442
14/02/2026 17:00,69731.2,69903.3,69581.9,69710.9,3909.046
14/02/2026 18:00,69710.9,69832,69641.6,69741,2188.209
14/02/2026 19:00,69741.1,69897.1,69573.8,69849,2297.747
14/02/2026 20:00,69848.9,69999,69682,69987.4,3403.725
14/02/2026 21:00,69987.5,70230.6,69600,69896.4,6008.469
14/02/2026 22:00,69896.4,70065,69737,69927.3,2899.885
14/02/2026 23:00,69927.3,69984.6,69678.1,69795.4,3699.502
15/02/2026 0:00,69795.4,69827.3,69562,69743.4,3238.879
15/02/2026 1:00,69743.4,69872.1,69316,69684.9,4637.493
15/02/2026 2:00,69684.9,69726.9,69325.9,69450.6,2795.265
15/02/2026 3:00,69450.6,69967.4,69212.2,69926,7900.26
15/02/2026 4:00,69925.9,70499.8,69925.9,70157,11091.112
15/02/2026 5:00,70156.9,70467.8,70101.5,70235.9,3563.703
15/02/2026 6:00,70235.9,70514.8,70150,70370.2,3469.854
15/02/2026 7:00,70370.2,70907.7,70275.5,70784,8122.703
15/02/2026 8:00,70784,70938.5,70114.8,70405.1,9186.136
15/02/2026 9:00,70405.1,70628,70330.7,70382.5,3031.758
15/02/2026 10:00,70382.5,70487.8,70166.9,70389.5,3119.24
15/02/2026 11:00,70389.6,70514.6,70237.1,70268.7,2979.669
15/02/2026 12:00,70268.6,70391,69266.1,69284.9,13184.43
15/02/2026 13:00,69285,69593.2,68741.4,68907.2,17152.7
15/02/2026 14:00,68907.2,69180,68811.5,69140,6859.823
15/02/2026 15:00,69139.9,69230,68845,69068.1,4590.096
15/02/2026 16:00,69068.1,69074,68753,68977.6,4280.153
15/02/2026 17:00,68977.6,69050.4,68152,68607.8,10221.126
15/02/2026 18:00,68607.8,68770.9,68313.6,68420,7148.019
15/02/2026 19:00,68420,68542.6,68029.6,68263.6,8934.921
15/02/2026 20:00,68263.7,68535.4,68100.2,68420.1,2740.043
15/02/2026 21:00,68420.1,68934,68420.1,68809,4572.847
15/02/2026 22:00,68809,69049.2,68756.3,68962.2,2987.689
15/02/2026 23:00,68962.2,68962.2,68291.1,68796.9,5442.211
16/02/2026 0:00,68796.9,69033.6,68656.9,68810.4,3489.707
16/02/2026 1:00,68810.4,69010,68409.3,68590.8,3231.459
16/02/2026 2:00,68590.8,68697.9,68210.8,68295.1,3433.838
16/02/2026 3:00,68295.2,68439.9,68112.2,68392.6,3282.435
16/02/2026 4:00,68392.6,68869.8,68385,68832.4,3560.902
16/02/2026 5:00,68832.4,68860.7,68255,68350.1,3036.166
16/02/2026 6:00,68350.1,68496.9,68183.3,68414.8,2336.176
16/02/2026 7:00,68414.8,68637.1,68330.4,68552.4,3390.245
16/02/2026 8:00,68552.5,68769.5,68503.2,68724.5,2757.79
16/02/2026 9:00,68724.5,69029.9,68707,68961.1,4388.67
16/02/2026 10:00,68961,68961,68656.9,68762,2408.932
16/02/2026 11:00,68762,68899.3,68300,68769.4,6290.391
16/02/2026 12:00,68769.4,69826,68769,69739.3,15011.463
16/02/2026 13:00,69739.3,70110.9,68180,68355.6,25343.395
16/02/2026 14:00,68355.5,68684.4,68208.6,68386.7,8923.954
16/02/2026 15:00,68386.6,68578.4,67250,67505.5,20303.632
16/02/2026 16:00,67505.5,67950,67475,67854,7786.366
16/02/2026 17:00,67854.1,68048.3,67557.2,67917.2,4993.367
16/02/2026 18:00,67917.2,68221.7,67800,67833,5756.956
16/02/2026 19:00,67833,68108.9,67785.4,67883.6,2130.03
16/02/2026 20:00,67883.5,68544,67788.6,68508.9,5435.593
16/02/2026 21:00,68508.9,68928.6,68400,68835.1,4982.79
16/02/2026 22:00,68835.2,68870.7,68471,68561.1,3838.864
16/02/2026 23:00,68561.1,68962.1,68508,68862.5,3466.627
17/02/2026 0:00,68862.6,69033,68667.1,68849.9,3837.321
17/02/2026 1:00,68849.9,68972.3,68537,68582.6,3318.034
17/02/2026 2:00,68582.7,69228.6,68350,68806.3,5999.397
17/02/2026 3:00,68806.3,68832.7,68435.7,68443.6,3323.125
17/02/2026 4:00,68443.6,68681.8,68251,68450.1,3559.07
17/02/2026 5:00,68450,68485.1,67854.2,68207.3,6793.287
17/02/2026 6:00,68207.2,68496.4,68191.9,68370.8,2312.074
17/02/2026 7:00,68370.7,68451.8,68133.1,68353.4,2771.063
17/02/2026 8:00,68353.4,68445.8,68093,68140,2540.194
17/02/2026 9:00,68139.9,68277,67951.6,68087.1,3457.198
17/02/2026 10:00,68087,68164.6,67655,67822.1,5253.726
17/02/2026 11:00,67822.1,67905.8,67656.5,67824.4,3948.353
17/02/2026 12:00,67824.3,68272.5,67795,67893.2,6084.282
17/02/2026 13:00,67893.3,68350,67700.3,68105.3,7085.474
17/02/2026 14:00,68105.3,68319.5,66676.1,66846.7,21218.988
17/02/2026 15:00,66846.8,67381.5,66588,67363.6,16794.164
17/02/2026 16:00,67363.6,68127.9,67286.4,67493.1,15426.984
17/02/2026 17:00,67493.1,67697.2,66824.5,67208.6,10398.168
17/02/2026 18:00,67208.5,68209,67088.7,68063.3,9173.279
17/02/2026 19:00,68063.3,68220.1,67703.5,67766.9,5922.669
17/02/2026 20:00,67766.9,67896.1,67426.4,67719.3,4106.759
17/02/2026 21:00,67718,67897.6,67500,67642.4,2203.405
17/02/2026 22:00,67642.4,67755,67473.2,67498.2,1511.448
17/02/2026 23:00,67498.1,67592.8,67355.7,67475.9,2146.66
18/02/2026 0:00,67475.9,67595.5,67241.7,67263.9,2525.282
18/02/2026 1:00,67267,67346.5,66850.1,67137.2,5545.605
18/02/2026 2:00,67137.2,67398.2,67115.2,67297.9,2734.463
18/02/2026 3:00,67298,67683.4,67294.7,67590.2,3054.107
18/02/2026 4:00,67590.3,67872.8,67456.6,67790.9,3496.315
18/02/2026 5:00,67790.9,67909.9,67572,67613.4,3560.92
18/02/2026 6:00,67613.3,67948,67577,67813.5,2411.858
18/02/2026 7:00,67813.6,68190.2,67655.9,68078.4,4282.272
18/02/2026 8:00,68078.5,68438,68033,68099.9,7161.381
18/02/2026 9:00,68099.9,68249.2,67966,68128.4,3514.59
18/02/2026 10:00,68128.4,68153.7,67704,67771.2,4581.366
18/02/2026 11:00,67771.2,67781.4,67037.2,67345.4,12045.744
18/02/2026 12:00,67345.4,67658,67312,67429.8,4101.002
18/02/2026 13:00,67429.9,67566.4,67007,67202.2,5965.911
18/02/2026 14:00,67202.3,67329.9,66666.2,67190.5,12931.349
18/02/2026 15:00,67190.4,68336,67159.5,67671,20144.567
18/02/2026 16:00,67671.1,67684.6,66933,67104.8,13995.137
18/02/2026 17:00,67104.8,67455.7,67021.8,67156.3,5566.242
18/02/2026 18:00,67156.6,67203.7,66129.6,66327.2,15106.978
18/02/2026 19:00,66327.2,66588,65826.1,66138.2,13685.695
18/02/2026 20:00,66138.3,66528.8,66098.9,66230.2,7627.587
18/02/2026 21:00,66230.3,66466.8,65993.1,66300.6,5568.422
18/02/2026 22:00,66300.5,66451.5,66192.7,66379,1860.076
18/02/2026 23:00,66379,66472.6,66240,66422.8,2506.522
19/02/2026 0:00,66422.8,66573.6,66301.8,66410.7,2414.967
19/02/2026 1:00,66410.8,66842.6,66407.9,66830.3,4017.947
19/02/2026 2:00,66830.4,66933,66610.5,66800.7,3376.35
19/02/2026 3:00,66800.8,66975,66690.1,66950.4,2140.167
19/02/2026 4:00,66950.4,67042.3,66721.7,66776.4,3540.004
19/02/2026 5:00,66776.5,66867.7,66651.8,66847.6,2124.787
19/02/2026 6:00,66847.6,67275.4,66836.5,67123.8,4125.633
19/02/2026 7:00,67123.8,67299.4,67001.6,67180.4,3197.407
19/02/2026 8:00,67180.4,67180.4,66769,66937.7,4992.942
19/02/2026 9:00,66937.7,67173.8,66724.6,66811.8,4295.724
19/02/2026 10:00,66811.7,66942.5,66711.6,66810.1,2682.196
19/02/2026 11:00,66810,66907.4,66431.1,66468.9,5663.747
19/02/2026 12:00,66468.8,66655.5,66272.4,66489.6,6977.581
19/02/2026 13:00,66489.5,66529.4,65716.7,65871.2,15683.408
19/02/2026 14:00,65871.2,66635.5,65595.7,66381.9,17468.809
19/02/2026 15:00,66382,66723,65931.2,66362.7,13215.867
19/02/2026 16:00,66362.6,66494.7,65863.8,66267.6,8870.021
19/02/2026 17:00,66267.6,67035,66140.9,66336.1,12509.252
19/02/2026 18:00,66336,67067.3,66215.1,67003.2,11054.245
19/02/2026 19:00,67003.2,67174,66667,67022.9,6888.18
19/02/2026 20:00,67022.8,67147.8,66784.3,67118.7,4095.459
19/02/2026 21:00,67118.6,67144,66867.5,66893.2,2482.746
19/02/2026 22:00,66893.1,66975.9,66618.2,66873.9,3481.079
19/02/2026 23:00,66873.9,66997.9,66784.1,66974,2134.083
20/02/2026 0:00,66973.9,67490,66912.4,67190.1,7309.963
20/02/2026 1:00,67190.2,67326,67115.2,67249.2,3013.908
20/02/2026 2:00,67249.3,67318.9,67137.5,67208.1,2188.245
20/02/2026 3:00,67208,67466.8,67206.6,67327.2,3650.977
20/02/2026 4:00,67327.2,67359.3,67079.3,67228.4,4206.018
20/02/2026 5:00,67228.5,67999.9,67166.1,67756,10525.63
20/02/2026 6:00,67756.1,67865.2,67612.9,67809.4,4648.2
20/02/2026 7:00,67809.5,67956.3,67704.5,67794.7,3751.544
20/02/2026 8:00,67794.8,67920,67716.6,67839.9,2681.315
20/02/2026 9:00,67839.8,68199.4,67839.8,68174.1,7335.101
20/02/2026 10:00,68174.2,68283.7,67733.8,67909.7,7861.981
20/02/2026 11:00,67909.8,67945.1,67250,67290.5,9755.627
20/02/2026 12:00,67290.4,67577.1,67222.7,67498.9,7385.525
20/02/2026 13:00,67498.9,67503.3,66408.1,66784.8,27320.453
20/02/2026 14:00,66784.8,67299.9,66629.9,67043.2,15720.31
20/02/2026 15:00,67043.2,68099.9,66500.8,67547.6,38584.584
20/02/2026 16:00,67547.6,67888,67253,67763.2,13764.663
20/02/2026 17:00,67763.2,67763.2,66915,67582,23395.274
20/02/2026 18:00,67581.9,67998.9,67437.6,67901.1,11853.491
20/02/2026 19:00,67901,67983,67506.8,67616.5,4978.617
20/02/2026 20:00,67616.5,67800,67486.6,67719.7,3337.43
20/02/2026 21:00,67719.4,67816.4,67600,67792.3,3179.969
20/02/2026 22:00,67792.3,68115.9,67603.2,68049.8,4592.295
20/02/2026 23:00,68049.8,68220,67880,67979.3,4262.851
21/02/2026 0:00,67979.3,68023.7,67745.3,67805.2,3433.568
21/02/2026 1:00,67805.1,67981.7,67805.1,67916.1,1705.546
21/02/2026 2:00,67916.2,68079,67875.3,67970.3,1973.738
21/02/2026 3:00,67970.3,67970.5,67488.9,67637,6371.533
21/02/2026 4:00,67636.9,67823.1,67555.2,67782.2,2706.041
21/02/2026 5:00,67782.3,67859.2,67757.1,67827.1,1563.808
21/02/2026 6:00,67827.2,67899,67711.4,67759.5,1514.282
21/02/2026 7:00,67759.6,67852.5,67712.6,67821,1050.925
21/02/2026 8:00,67821,68047.5,67776.2,68016.9,2736.752
21/02/2026 9:00,68016.9,68280,67933.3,68115.8,7484.627
21/02/2026 10:00,68115.7,68221.6,68108.6,68184.6,2217.915
21/02/2026 11:00,68184.6,68259.4,68045.5,68060.9,3985.621
21/02/2026 12:00,68061,68186.9,67882.8,68175.9,5452.278
21/02/2026 13:00,68175.9,68250,68073,68223.3,2021.15
21/02/2026 14:00,68223.3,68651.4,68146.6,68416.6,10117.936
21/02/2026 15:00,68416.6,68687,68382.7,68571.5,4347.469
21/02/2026 16:00,68571.5,68599.3,68066,68292.4,8096.719
21/02/2026 17:00,68292.3,68444.4,68156.4,68408.8,2897.726
21/02/2026 18:00,68408.8,68616.8,68339.5,68547.2,3353.44
21/02/2026 19:00,68547.3,68632.5,68490,68516.3,2162.678
21/02/2026 20:00,68516.3,68568.1,68114.4,68180.9,3241.815
21/02/2026 21:00,68180.9,68373.6,68152.2,68351,2122.309
21/02/2026 22:00,68351.1,68412.9,67860,67936.6,4302.123
21/02/2026 23:00,67936.7,68095.4,67900.8,67933.1,2635.494
22/02/2026 0:00,67933.2,68035.7,67763.7,67912,2995.986
22/02/2026 1:00,67912,68147.6,67902.6,68132.3,2782.492
22/02/2026 2:00,68132.3,68198.5,67836.7,67871.5,3333.311
22/02/2026 3:00,67871.5,68031.7,67781.2,68010.5,3389.282
22/02/2026 4:00,68010.5,68060,67931,67950.2,1721.132
22/02/2026 5:00,67950.2,67983.3,67850.4,67944.5,1744.866
22/02/2026 6:00,67944.5,68204.3,67933.9,68006.4,3623.535
22/02/2026 7:00,68006.3,68067.2,67954.6,67973,1853.053
22/02/2026 8:00,67973,67986.9,67877,67909.3,2839.387
22/02/2026 9:00,67909.3,68081.9,67909.3,68022.4,1792.941
22/02/2026 10:00,68022.4,68134,67982.3,68096.6,2034.918
22/02/2026 11:00,68096.6,68220,68096.6,68183.4,2418.754
22/02/2026 12:00,68183.4,68205.1,67836.4,67892.4,4777.343
22/02/2026 13:00,67892.4,68011.4,67538,67622.4,8419.02
22/02/2026 14:00,67622.3,67664.1,67310.6,67420.1,9264.553
22/02/2026 15:00,67420,67800,67275,67659.9,8713.428
22/02/2026 16:00,67660,67712,67486.2,67601.6,2777.038
22/02/2026 17:00,67601.7,67602.5,67150,67365,6481.384
22/02/2026 18:00,67364.9,67444.5,67288.9,67392.3,2383.208
22/02/2026 19:00,67392.2,67458.5,67372.6,67402.2,1339.505
22/02/2026 20:00,67402.1,67464.3,67324.1,67374.9,1764.705
22/02/2026 21:00,67375,67617,67375,67576.2,1649.612
22/02/2026 22:00,67576.2,67728,67450.1,67631.2,2858.429
22/02/2026 23:00,67631.2,67707.7,67435.5,67613.5,3385.54
23/02/2026 0:00,67613.6,67655.8,66680.1,66705.8,8139.611
23/02/2026 1:00,66705.8,66705.8,64232.8,64387.2,58774.078
23/02/2026 2:00,64387.2,64877.2,64273.8,64742.4,14329.587
23/02/2026 3:00,64742.5,65071.7,64658,64894,7843.597
23/02/2026 4:00,64894.1,64989.9,64628.5,64777.3,4946.411
23/02/2026 5:00,64777.2,65189.3,64768.8,65031.9,6877.93
23/02/2026 6:00,65031.9,65775,64990.8,65717.7,11459.287
23/02/2026 7:00,65717.7,65980,65597.5,65915.8,8197.238
23/02/2026 8:00,65915.7,65922.9,65534.6,65639,6455.79
23/02/2026 9:00,65639,66432.9,65633.8,66374.8,11681.811
23/02/2026 10:00,66374.9,66574.5,66182.4,66291.1,7254.377
23/02/2026 11:00,66291.2,66462.1,66072.5,66170.8,5334.809
23/02/2026 12:00,66170.8,66490,65860.9,66249.9,10192.338
23/02/2026 13:00,66250,66397.8,66067.7,66099.9,6492.762
23/02/2026 14:00,66099.9,66234.6,65500,65895.5,16521.43
23/02/2026 15:00,65895.6,66240.4,65556.6,65633.1,10861.521
23/02/2026 16:00,65633.1,65701.2,65155,65343.1,13293.019
23/02/2026 17:00,65343,65431.4,64111.8,64787.3,21891.512
23/02/2026 18:00,64787.2,65149,64553.3,64602.9,10623.736
23/02/2026 19:00,64602.9,64822.9,64050,64273.9,11253.569
23/02/2026 20:00,64273.9,64460,63860,64445.9,10007.41
23/02/2026 21:00,64445.9,64758,64427.5,64554.6,5109.025
23/02/2026 22:00,64554.6,64989,64526.9,64694.3,5115.153
23/02/2026 23:00,64694.4,64873.6,64484.2,64625.8,4495.295
24/02/2026 0:00,64625.8,64980,64625.7,64910.2,4047.921
24/02/2026 1:00,64910.2,64910.2,63375.6,64131,22474.378
24/02/2026 2:00,64131,64480,63962.2,64080.3,6227.529
24/02/2026 3:00,64080.2,64080.2,63303.9,63570.5,12030.927
24/02/2026 4:00,63570.5,63606.3,62818,63338.2,18580.85
24/02/2026 5:00,63338.1,63514.4,62655,63067.5,12128.199
24/02/2026 6:00,63067.5,63290.9,62848.5,63050.4,6001.515
24/02/2026 7:00,63050.4,63333,62885.4,63155.3,6451.535
24/02/2026 8:00,63155.4,63432.4,62965.2,63357.2,5545.127
24/02/2026 9:00,63357.2,63384,62900,63213.3,5799.677
24/02/2026 10:00,63213.4,63341.6,63068.6,63250,3115.546
24/02/2026 11:00,63250,63295.9,63027,63192.2,3404
24/02/2026 12:00,63192.1,63319.2,62923,62936,5583.868
24/02/2026 13:00,62935.9,63083.7,62401.7,62877,16775.853
24/02/2026 14:00,62877,63807.5,62727,63422,19172.078
24/02/2026 15:00,63422,63993.1,63270.6,63933.4,14213.937
24/02/2026 16:00,63933.4,64388,63664.8,64227.3,17533.603
24/02/2026 17:00,64227.4,64491,64013.5,64188.8,10364.42
24/02/2026 18:00,64188.8,64478.5,63850,64395.1,8711.554
24/02/2026 19:00,64395.1,64719.1,64214.3,64405.4,7655.551
24/02/2026 20:00,64405.4,64566.5,64281.5,64430.8,3535.966
24/02/2026 21:00,64430.8,64430.8,63769.2,64009.2,7279.071
24/02/2026 22:00,64009.2,64200,63943.5,64091.8,2811.42
24/02/2026 23:00,64091.8,64217.2,63821.5,64031.3,3706.044
25/02/2026 0:00,64031.4,64288,63876,64188.9,3357.423
25/02/2026 1:00,64189,66283.1,64106,65860.4,33987.242
25/02/2026 2:00,65860.4,66279.1,65817.2,65852,10049.211
25/02/2026 3:00,65852,65928.7,65310.5,65361.7,9461.209
25/02/2026 4:00,65361.7,65627.5,65053.9,65427.9,7601.452
25/02/2026 5:00,65428,65488.2,64720.4,64847.9,9492.636
25/02/2026 6:00,64847.9,65098.5,64828.8,64862.6,4110.235
25/02/2026 7:00,64862.6,65160.4,64735.5,65001.1,5408.19
25/02/2026 8:00,65001.2,65550,64929.7,65490.9,6516.588
25/02/2026 9:00,65491,65674.1,65389.4,65524.2,5041.966
25/02/2026 10:00,65524.2,65640,65303.7,65364.4,3393.598
25/02/2026 11:00,65364.5,65457.3,65161,65396.7,4109.429
25/02/2026 12:00,65396.6,66222,65280.1,66038.7,12344.16
25/02/2026 13:00,66038.7,66687.1,65987.3,66209.5,16065.453
25/02/2026 14:00,66209.5,66985.5,66179.2,66936.9,17904.632
25/02/2026 15:00,66936.7,67548,66680,67362.3,23031.077
25/02/2026 16:00,67362.4,68300.5,67354.2,68249.9,20141.855
25/02/2026 17:00,68249.9,68842,67977.7,68625.6,21743.254
25/02/2026 18:00,68625.6,69531.3,68340,69293.3,23250.448
25/02/2026 19:00,69293.3,69375.1,68720.8,69005.2,12030.281
25/02/2026 20:00,69005.2,69350,68567.9,69104.9,11219.91
25/02/2026 21:00,69104.9,69999,68720,68874.2,16882.927
25/02/2026 22:00,68874.2,69149.7,68014.8,68402,10522.275
25/02/2026 23:00,68402,68665.2,67557,67952.5,11573.367
26/02/2026 0:00,67952.5,68504.3,67690.1,68294.4,9314.348
26/02/2026 1:00,68294.3,68666,68172.6,68213.9,5815.129
26/02/2026 2:00,68213.9,68346.4,67756.8,68219.2,5909.991
26/02/2026 3:00,68219.1,68350,68003.7,68187.5,3139.778
26/02/2026 4:00,68187.4,68850,68150,68533.1,6339.379
26/02/2026 5:00,68533.1,68534.3,68080,68408.2,5313.482
26/02/2026 6:00,68408.3,68487.8,68025.5,68146.1,3448.274
26/02/2026 7:00,68146.1,68269.9,67780,67800,4904.038
26/02/2026 8:00,67800,68218.3,67750,67923.3,5660.488
26/02/2026 9:00,67923.4,68617.3,67900,68553,7564.554
26/02/2026 10:00,68553,68689.7,68221.9,68271.9,5677.056
26/02/2026 11:00,68272,68371.3,67952,68025.2,4131.917
26/02/2026 12:00,68025.2,68270.9,67968.2,68140.9,4562.323
26/02/2026 13:00,68140.9,68187,67810.2,67877.8,5085.134
26/02/2026 14:00,67877.8,68263.5,67235.8,67659.8,18560.813
26/02/2026 15:00,67659.8,67707.8,66730.7,67353.4,22208.114
26/02/2026 16:00,67353.3,67558.7,66462,66617.3,17506.162
26/02/2026 17:00,66617.3,67026.8,66567.9,66795.5,9250.342
26/02/2026 18:00,66795.4,67347.4,66536.1,67268.9,10783.8
26/02/2026 19:00,67268.8,67888,67246.3,67550.7,9781.421
26/02/2026 20:00,67550.7,67790.1,67250.3,67386.5,5013.719
26/02/2026 21:00,67386.6,67549.9,67114,67432.1,3217.343
26/02/2026 22:00,67432.1,67592.9,67269.1,67531.4,2128.634
26/02/2026 23:00,67531.3,67618.1,67352.3,67448.2,2520.816
27/02/2026 0:00,67448.1,67502.9,66959,67190.3,5416.236
27/02/2026 1:00,67190.3,67344.6,66841.6,67315.9,7510.213
27/02/2026 2:00,67315.9,67500,67220,67226.5,4414.605
27/02/2026 3:00,67226.4,67670,67050,67557.4,4966.812
27/02/2026 4:00,67557.4,68188.8,67533.8,67709.2,11610.448
27/02/2026 5:00,67709.1,67887.9,67634,67685.8,3511.289
27/02/2026 6:00,67685.8,67787.3,67470,67617.1,3421.47
27/02/2026 7:00,67617.1,67733.7,67417.4,67644.1,4247.954
27/02/2026 8:00,67644.1,68050,67618.5,67897.4,5538.297
27/02/2026 9:00,67897.5,68127.8,67245,67318.4,8171.319
27/02/2026 10:00,67318.3,67381,66540.4,66575.1,17347.378
27/02/2026 11:00,66575.2,66762.6,65923,66094.1,19157.119
27/02/2026 12:00,66094,66198,65714.2,65902.4,10737.721
27/02/2026 13:00,65902.5,66320,65626.1,66240,15499.709
27/02/2026 14:00,66240,66300,65656,65855.5,16692.908
27/02/2026 15:00,65855.4,66289.8,65804.8,66072.6,10996.948
27/02/2026 16:00,66072.5,66095.2,65433.2,65449.3,13536.014
27/02/2026 17:00,65449.3,65724.3,65080,65673,12844.531
27/02/2026 18:00,65672.9,65772.4,65180,65284.8,6397.309
27/02/2026 19:00,65284.8,65433.7,65135.3,65365.4,4953.94
27/02/2026 20:00,65365.4,65638,65365.4,65564.2,4137.96
27/02/2026 21:00,65564.3,65721.6,65366.5,65502.3,3322.086
27/02/2026 22:00,65502.2,65647.2,64875.6,65609,7159.562
27/02/2026 23:00,65609,65921.7,65517.6,65836,4365.536
28/02/2026 0:00,65836,65990,65681.9,65906.3,3731.321
28/02/2026 1:00,65906.3,65943.6,65701.2,65747.2,2477.01
28/02/2026 2:00,65747.3,65994.7,65734.2,65926.9,1986.768
28/02/2026 3:00,65927,65949.7,65700.9,65763.8,2469.945
28/02/2026 4:00,65763.8,65786.8,65441,65632,4292.979
28/02/2026 5:00,65632.1,65700,65462.1,65558.6,2751.317
28/02/2026 6:00,65558.6,65560,62979.5,63173.8,43103.63
28/02/2026 7:00,63173.8,64298.7,62981.2,63788.4,27050.351
28/02/2026 8:00,63787.4,63851.3,63356.1,63439.7,11400.498
28/02/2026 9:00,63439.6,63923.6,63313.9,63621.4,7329.197
28/02/2026 10:00,63621.3,64030,63377.5,63964.5,7531.393
28/02/2026 11:00,63964.5,64267.9,63736,63810.4,9652.625
28/02/2026 12:00,63810.4,64053.3,63782.2,63980,4061.843
28/02/2026 13:00,63979.9,65190,63865.6,65069.5,19174.396
28/02/2026 14:00,65069.5,65335.8,64239.3,64402.4,22265.916
28/02/2026 15:00,64402.5,64991.8,64175.8,64800,10106.884
28/02/2026 16:00,64800.1,65170.5,64635,65053.8,5441.518
28/02/2026 17:00,65053.7,65581.3,64800,65395.4,7093.869
28/02/2026 18:00,65395.3,66165.8,65139.4,65873,11466.289
28/02/2026 19:00,65872.9,66642.8,65557.3,66318.1,15159.578
28/02/2026 20:00,66318.1,67138,66150,66918.6,12499.792
28/02/2026 21:00,66918.6,67009.9,66329.7,66684.8,10109.567
28/02/2026 22:00,66684.8,67735,66579.1,67081.4,11439.266
28/02/2026 23:00,67081.4,67183.3,66688.3,66937.1,5326.834
01/03/2026 0:00,66937,67089.6,66578.3,66755.6,5453.855
01/03/2026 1:00,66755.5,67686.7,65812,67311.6,22231.963
01/03/2026 2:00,67311.7,68189,67305.2,67588.3,21306.568
01/03/2026 3:00,67588.3,67793.4,67351,67474.7,7567.478
01/03/2026 4:00,67474.8,67582.2,67017.4,67313,7115.379
01/03/2026 5:00,67313.1,67547.3,67163.5,67264.2,4624.974
01/03/2026 6:00,67264.2,67320,66757.2,66890.1,8291.891
01/03/2026 7:00,66890,67201.2,66757.9,67113.9,4429.365
01/03/2026 8:00,67114,67275.5,66429.8,66535,7870.48
01/03/2026 9:00,66535,66745.4,66205.8,66380.1,7940.514
01/03/2026 10:00,66380.1,66720.2,66160.4,66430,6282.75
01/03/2026 11:00,66429.9,66638,66344,66439,3236.298
01/03/2026 12:00,66439,66525.9,66211.6,66270.6,3458.03
01/03/2026 13:00,66270.5,67333,66100,66907.1,13102.466
01/03/2026 14:00,66907.2,67280,66702.9,66817.5,8503.088
01/03/2026 15:00,66817.5,67219.1,66770.2,66810.8,6402.057
01/03/2026 16:00,66810.8,67083,65777,66112.2,14881.785
01/03/2026 17:00,66112.2,66200,65681.3,65956.8,10459.874
01/03/2026 18:00,65956.7,66656,65954.2,66288.1,8012.274
01/03/2026 19:00,66288,66325.8,65750,65926,5738.349
01/03/2026 20:00,65925.9,65932,65030.3,65255.7,11496.845
01/03/2026 21:00,65255.7,65726.7,65242,65629.3,4805.846
01/03/2026 22:00,65629.2,66888,65011,65241,16839.769
01/03/2026 23:00,65241,66052.6,65092.4,65750,9059.538
02/03/2026 0:00,65749.9,66766,65726,66472.5,9209.574
02/03/2026 1:00,66472.6,67082.5,66326.7,66500,7438.848
02/03/2026 2:00,66500,66585,65842.5,66242.2,6462.206
02/03/2026 3:00,66242.2,67014.9,66071,66787.3,6935.105
02/03/2026 4:00,66787.3,66950,66600.1,66825.1,4900.156
02/03/2026 5:00,66825.2,66966,66513.8,66701.2,4040.023
02/03/2026 6:00,66701.2,66703.1,66015,66176.9,6189.233
02/03/2026 7:00,66176.8,66182.9,65509,65981.3,8780.148
02/03/2026 8:00,65981.2,66279.2,65612.4,66247.9,7684.981
02/03/2026 9:00,66247.9,66707.5,66118.8,66132.3,8485.67
02/03/2026 10:00,66132.3,66368.5,66039.6,66284,3720.637
02/03/2026 11:00,66284,66455.7,65973.1,66329.9,5955.186
02/03/2026 12:00,66329.8,66369.1,65879.6,65927.8,4353.668
02/03/2026 13:00,65927.7,66111.9,65319.9,65412.3,10340.986
02/03/2026 14:00,65412.3,67188,65234.4,67128.7,27469.276
02/03/2026 15:00,67128.6,69588,66911.2,69089.1,58354.38
02/03/2026 16:00,69089.1,70100,68871.6,69395.6,34435.94
02/03/2026 17:00,69395.2,69549.2,68757.6,69170.3,14982.278
02/03/2026 18:00,69170,69247.1,68700.1,68853.8,9943.864
02/03/2026 19:00,68853.8,69039.1,68519.8,68928.4,9926.528
02/03/2026 20:00,68928.4,69468.4,68529.5,69054.2,11481.181
02/03/2026 21:00,69054.1,69500,68953.9,69366.9,4924.284
02/03/2026 22:00,69366.9,69459,69103,69414.2,4427.311
02/03/2026 23:00,69414.2,69453.8,68700,68801.8,6936.569
03/03/2026 0:00,68801.8,69132.2,68600,69051.9,5873.573
03/03/2026 1:00,69051.8,69221.6,68717.4,68724.6,4829.284
03/03/2026 2:00,68724.5,68744,68142.1,68478.1,10001.474
03/03/2026 3:00,68478,68516.2,68186.4,68349.3,3949.677
03/03/2026 4:00,68349.4,68425.7,68018,68093,4139.493
03/03/2026 5:00,68093.1,68561.9,67801,67911.6,9362.483
03/03/2026 6:00,67911.6,68248,67759.6,68070,6540.543
03/03/2026 7:00,68070,68264.2,67915.2,68138.3,5141.807
03/03/2026 8:00,68138.2,68281.6,66853.5,66972.7,18782.595
03/03/2026 9:00,66972.8,67157,66270.7,66614.5,19131.814
03/03/2026 10:00,66614.4,67035.6,66400,66826.3,10902.445
03/03/2026 11:00,66826.4,67134.8,66729,67000,8766.398
03/03/2026 12:00,67000,68000,67000,67360.1,14562.66
03/03/2026 13:00,67360.1,67400,66600.5,66893.6,11113.994
03/03/2026 14:00,66893.7,67559,66080,66539.9,22608.56
03/03/2026 15:00,66539.9,67830.9,66424.1,67692.5,19647.813
03/03/2026 16:00,67692.5,68972.9,67440,68137.4,29658.399
03/03/2026 17:00,68137.4,68377.9,67582.6,68280.5,12272.207
03/03/2026 18:00,68280.5,68885,67934.2,68589.9,9732.567
03/03/2026 19:00,68590,68845.8,68260,68395.9,9839.05
03/03/2026 20:00,68395.9,68557.4,68042.4,68232.9,5543.55
03/03/2026 21:00,68233.3,68233.3,67778.4,67976.5,5601.34
03/03/2026 22:00,67976.5,68485.5,67976.5,68275.1,3828.395
03/03/2026 23:00,68275.2,68821.5,68206.4,68295.3,5639.779
04/03/2026 0:00,68295.2,68383.4,67826,68065.8,6011.63
04/03/2026 1:00,68065.8,68887.9,67922.4,68377.9,11304.59
04/03/2026 2:00,68384.6,68419.7,67950,68286,5555.688
04/03/2026 3:00,68286,68360.2,67350,67700.1,10820.92
04/03/2026 4:00,67700.1,67926.9,67421.9,67755.8,8295.566
04/03/2026 5:00,67755.8,68353.9,67635.4,68173.2,6613.261
04/03/2026 6:00,68173.2,68650.1,68001.7,68472.2,8162.03
04/03/2026 7:00,68472.3,69676.4,68316,69464.5,16259.938
04/03/2026 8:00,69464.5,71200,69100.2,70993.7,30573.652
04/03/2026 9:00,70993.7,71887.9,70700,71487.1,36488.931
04/03/2026 10:00,71487.1,71844,71155.1,71310.9,16418.918
04/03/2026 11:00,71310.8,71468,70893.1,71082.4,11129.631
04/03/2026 12:00,71082.3,71340,70559.7,71307.8,14975.823
04/03/2026 13:00,71307.9,71589.8,71177.7,71447.9,9645.846
04/03/2026 14:00,71448,72630,71234.6,71580.5,36307.387
04/03/2026 15:00,71580.4,73436.4,71527.6,73339.7,31689.444
04/03/2026 16:00,73339.7,73473,72467.2,73241.2,19384.847
04/03/2026 17:00,73241.2,73702.1,72858,73174.2,18949.695
04/03/2026 18:00,73174.3,73686.6,72854,73651.4,11649.014
04/03/2026 19:00,73651.3,74046.5,73470,73580.2,17042.452
04/03/2026 20:00,73580.3,73678.2,72961.8,72971.8,7734.423
04/03/2026 21:00,72973.3,73290.8,72830.8,73273.5,6584.225
04/03/2026 22:00,73273.6,73495,72601.2,72678.9,6322.508
04/03/2026 23:00,72678.9,72885.1,72273,72641.4,9223.077
05/03/2026 0:00,72641.4,72972.8,72511.5,72725,5461.309
05/03/2026 1:00,72725.1,73295.7,72369.3,72507.8,8015.49
05/03/2026 2:00,72507.8,72856.3,72300,72468.9,5624.209
05/03/2026 3:00,72469,72718.1,72305.8,72469.6,4490.677
05/03/2026 4:00,72469.5,73060,72412.8,72784,7056.768
05/03/2026 5:00,72784.1,72897.9,72200.6,72374.9,5711.142
05/03/2026 6:00,72375,72637.8,72000.1,72520.3,9364.676
05/03/2026 7:00,72520.3,72650,71740,72025.5,10496.501
05/03/2026 8:00,72025.4,72340,71716.3,72307.6,7873.804
05/03/2026 9:00,72307.6,72863,72272,72563.2,8980.675
05/03/2026 10:00,72563.1,73539.1,72480.6,73347,13356.231
05/03/2026 11:00,73346.9,73410.9,72745.4,72879.9,8191.802
05/03/2026 12:00,72880,73032,72625.1,72842.2,6507.231
05/03/2026 13:00,72842.2,72896.8,72150.1,72435.5,11672.873
05/03/2026 14:00,72435.5,72817,71900.1,72574.7,15877.66
05/03/2026 15:00,72574.7,72741.4,71136.2,71611.7,28134.123
05/03/2026 16:00,71611.7,71620.6,70753.3,71267.9,23809.25
05/03/2026 17:00,71267.9,71537.2,70612.8,70668.5,11791.622
05/03/2026 18:00,70668.5,71052.5,70622.1,70962.8,7008.813
05/03/2026 19:00,70962.9,71444.8,70836,70875.5,8352.6
05/03/2026 20:00,70875.5,71360.9,70805.9,71206.2,5278.268
05/03/2026 21:00,71205.8,71530.4,70974.5,71099.7,5394.081
05/03/2026 22:00,71099.6,71340,71022.1,71170.9,3506.972
05/03/2026 23:00,71170.9,71268.1,70737.9,70854.8,4211.503
06/03/2026 0:00,70854.8,71024.9,70740,70952.5,3722.132
06/03/2026 1:00,70952.5,71257.6,70339.6,71217,10302.634
06/03/2026 2:00,71217,71387.5,70976.8,71204.1,5832.058
06/03/2026 3:00,71204,71253,70955,71045.4,3423.096
06/03/2026 4:00,71045.4,71081.5,70212.1,70578.1,8042.787
06/03/2026 5:00,70578.2,70628.7,70100,70396.4,8954.235
06/03/2026 6:00,70396.4,70830.9,70220.9,70565.5,5493.066
06/03/2026 7:00,70565.5,71168,70430.7,71026.7,7121.896
06/03/2026 8:00,71026.7,71035.3,70696.4,70750.2,5540.301
06/03/2026 9:00,70750.2,70789.9,70254.5,70521.4,7216.33
06/03/2026 10:00,70521.3,70768.2,70430.2,70506.8,5855.599
06/03/2026 11:00,70506.8,70621,70164.9,70185.6,6456.736
06/03/2026 12:00,70185.6,70200.7,69617,69895.2,16131.245
06/03/2026 13:00,69895.2,70328.5,69179.4,69189.6,19434.724
06/03/2026 14:00,69189.6,69241.1,68121.6,68367.6,32722.829
06/03/2026 15:00,68367.7,69079.6,68258.8,68468.4,16443.814
06/03/2026 16:00,68468.3,68759.5,68186,68410.2,9474.656
06/03/2026 17:00,68410.2,68611.4,67712.3,67930.7,13802.563
06/03/2026 18:00,67930.6,68444,67921.5,68144,7159.918
06/03/2026 19:00,68143.9,68450,67967.2,68101,4463.33
06/03/2026 20:00,68100.9,68259,67731,68078.2,6522.438
06/03/2026 21:00,68078.1,68306.6,67890.7,68258.3,3942.37
06/03/2026 22:00,68258.3,68406.6,68190,68291.2,2405.901
06/03/2026 23:00,68291.2,68343.4,68059.7,68083,2918.045
07/03/2026 0:00,68083,68372.3,68075.3,68243.2,3947.187
07/03/2026 1:00,68243.1,68332,68140,68222.2,2165.539
07/03/2026 2:00,68222.2,68346.6,68018.7,68320.1,3311.096
07/03/2026 3:00,68320,68524.9,68063,68063.2,4750.837
07/03/2026 4:00,68063.3,68130.7,67764.1,68028,4612.641
07/03/2026 5:00,68028,68111.2,67867.4,67990.1,3104.785
07/03/2026 6:00,67990,67998,67570.3,67665.7,5214.52
07/03/2026 7:00,67665.9,67837.4,67411,67809.4,7321.815
07/03/2026 8:00,67809.5,68035.3,67675,67767.6,4204.746
07/03/2026 9:00,67767.6,68045.3,67700,67970.5,2627.49
07/03/2026 10:00,67970.5,68078,67835.1,67851.6,2423.835
07/03/2026 11:00,67851.7,68215.6,67808.4,67975.9,4583.017
07/03/2026 12:00,67976,68050.6,67855.2,67954.6,2241.462
07/03/2026 13:00,67954.6,68042.3,67810,67891.3,2874.732
07/03/2026 14:00,67891.2,68061.1,67568.4,67980.1,5505.818
07/03/2026 15:00,67980.1,68000,67732.1,67844.8,2756.401
07/03/2026 16:00,67844.8,67859.1,67663.3,67757.5,2484.1
07/03/2026 17:00,67757.6,67913.6,67728.1,67749.7,1634.56
07/03/2026 18:00,67749.7,67749.8,67400,67530.8,5378.419
07/03/2026 19:00,67530.8,67537.4,66850.1,67042.6,10028.411
07/03/2026 20:00,67042.6,67397.5,67028,67354.4,4183.176
07/03/2026 21:00,67354.4,67445.9,67233.5,67416.4,2984.912
07/03/2026 22:00,67416.3,67434.3,67058,67220,3495.084
07/03/2026 23:00,67220,67373.9,67137.4,67232.1,2735.579
08/03/2026 0:00,67232.1,67459,67138,67161,3238.005
08/03/2026 1:00,67161,67329.7,67055.3,67266.3,3186.835
08/03/2026 2:00,67266.2,67399.8,66720.8,66894.8,6471.532
08/03/2026 3:00,66894.9,67060.5,66804,66974.9,3989.017
08/03/2026 4:00,66974.9,67059.9,66508,66602.7,6115.794
08/03/2026 5:00,66602.7,67221.1,66584,67115.4,5510.805
08/03/2026 6:00,67115.3,67202.5,67002.4,67134.3,2597.991
08/03/2026 7:00,67134.4,67430,67121.3,67277.2,4329.469
08/03/2026 8:00,67277.1,67565.3,67121.1,67490.9,4182.357
08/03/2026 9:00,67491,67888,67432.7,67662.9,7791.766
08/03/2026 10:00,67663,68171.6,67659.5,67869.1,7938.315
08/03/2026 11:00,67869,67869,67377,67490,7889.439
08/03/2026 12:00,67490.1,67623,66851.3,67286,9841.173
08/03/2026 13:00,67286,67411.3,66730,67196.9,9377.126
08/03/2026 14:00,67196.8,67399.9,67018,67304.1,4444.089
08/03/2026 15:00,67304.1,67333.1,67030.1,67174.7,3677.216
08/03/2026 16:00,67174.6,67232,66761.8,66829.9,5456.96
08/03/2026 17:00,66830,67151.7,66752.5,67017,4587.48
08/03/2026 18:00,67017.1,67047.3,66707,66777.5,3290.315
08/03/2026 19:00,66777.6,67459.2,66746,67299,5520.081
08/03/2026 20:00,67299,67496.4,67000,67195.7,5379.717
08/03/2026 21:00,67195.6,67231.9,66666.6,66977.1,4698.142
08/03/2026 22:00,66977.1,66978.3,65569.2,66198.4,28794.349
08/03/2026 23:00,66198.4,66527.2,65880,65934.3,7440
09/03/2026 0:00,65934.3,66730,65770.5,66326.9,9031.717
09/03/2026 1:00,66326.8,66655.5,66081.5,66150.1,8094.46
09/03/2026 2:00,66150.1,66678.2,65916.9,66500,8121.416
09/03/2026 3:00,66500.1,67646,66476.9,67165.3,16188.39
09/03/2026 4:00,67165.3,67593,67067.3,67100.3,6821.112
09/03/2026 5:00,67100.3,68038.4,67080.2,67869.6,19434.419
09/03/2026 6:00,67869.7,67894,67177,67229.8,7260.539
09/03/2026 7:00,67229.9,67536.9,66833.9,67504.8,9142.616
09/03/2026 8:00,67504.9,67885.3,67344.4,67772.4,7326.334
09/03/2026 9:00,67772.4,68441.5,67523,67946.5,12990.961
09/03/2026 10:00,67946.4,68058.2,67518,67571.2,7279.91
09/03/2026 11:00,67571.3,67832.6,67301,67723.3,5816.612
09/03/2026 12:00,67723.3,68311.7,67714.2,68124.1,9150.791
09/03/2026 13:00,68124.1,69273.9,68102.2,68939.9,25828.099
09/03/2026 14:00,68940,69449.1,68641.5,69112.8,19049.533
09/03/2026 15:00,69112.8,69215,68688.4,68832.3,10472.653
09/03/2026 16:00,68832.4,69188,68586.4,68920.5,8276.447
09/03/2026 17:00,68920.6,69056.1,68217,68570,9203.08
09/03/2026 18:00,68570,68673,68200.1,68327.4,5898.916
09/03/2026 19:00,68327.5,69498,68327.5,68951.8,16556.025
09/03/2026 20:00,68951.8,69100.2,68718,68916.3,4040.448
09/03/2026 21:00,68916.3,69064.1,68621.4,68882.7,4209.388
09/03/2026 22:00,68882.7,69000,68554.2,68602.2,3669.173
09/03/2026 23:00,68602.2,68663,68333,68394.1,3348.508
10/03/2026 0:00,68394,69259.9,68345,69113.1,9307.003
10/03/2026 1:00,69113.2,69362.9,68721.4,69229,6185.545
10/03/2026 2:00,69229,70555,69064,70242,21185.276
10/03/2026 3:00,70242,70348.1,69338.5,69391,14851.618
10/03/2026 4:00,69391,70094.7,69391,70035.8,7588.522
10/03/2026 5:00,70035.8,70330.4,69842.7,69938.3,5896.564
10/03/2026 6:00,69938.3,70160.3,69719.4,69879.6,5295.311
10/03/2026 7:00,69879.6,70500,69793.7,70374.7,9538.167
10/03/2026 8:00,70374.7,71067.2,70332.2,70650.9,17259.654
10/03/2026 9:00,70650.9,71272.4,70615.5,71030.4,9706.299
10/03/2026 10:00,71030.5,71049.9,70619.5,70737.6,6456.746
10/03/2026 11:00,70737.6,70837.1,70505.3,70570.1,5481.434
10/03/2026 12:00,70570.1,70602.5,70250.2,70486.8,7433.234
10/03/2026 13:00,70486.9,70888,69680,69883.7,21024.626
10/03/2026 14:00,69883.7,71499.9,69184.8,71435.7,29703.516
10/03/2026 15:00,71435.7,71748.1,70856.3,71296.9,21662.665
10/03/2026 16:00,71296.9,71665.8,70900,71224.5,11120.174
10/03/2026 17:00,71224.5,71412.3,70465.1,70827.1,10212.15
10/03/2026 18:00,70827.1,70871.7,69854.7,69975.2,13175.467
10/03/2026 19:00,69975.2,70249.1,69688,70005.2,8965.888
10/03/2026 20:00,70005.1,70311.4,69958.1,70192.9,4454.993
10/03/2026 21:00,70192.9,70375.4,69485.7,69712.8,8217.244
10/03/2026 22:00,69712.9,69830.2,69388,69653.9,5305.285
10/03/2026 23:00,69653.9,69938.2,69644.6,69901.9,5647.103
11/03/2026 0:00,69901.8,70139.6,69707.8,69998.1,6635.47
11/03/2026 1:00,69998.1,70114.2,69829.4,70027.8,3919.19
11/03/2026 2:00,70027.9,70087.5,69563.3,69778.2,4765.802
11/03/2026 3:00,69778.2,69863,69455.6,69517,4613.949
11/03/2026 4:00,69517,70249.1,69462.1,70089.7,6002.448
11/03/2026 5:00,70089.8,70162.4,69329.7,69463.7,6668.643
11/03/2026 6:00,69463.7,69970.2,69454.9,69907,5019.578
11/03/2026 7:00,69907.1,69986.8,69456.4,69622.1,4738.076
11/03/2026 8:00,69622.2,69750,69464,69617.4,4399.906
11/03/2026 9:00,69617.4,69729,69324.1,69431.2,5367.111
11/03/2026 10:00,69431.3,69689.8,69350.5,69570.5,4089.022
11/03/2026 11:00,69570.5,69641.6,69098,69144,5735.532
11/03/2026 12:00,69144,69767.8,68932.9,69319,13495.2
11/03/2026 13:00,69318.9,71060.7,69294.1,70134.8,30965.931
11/03/2026 14:00,70134.8,70938.1,69917.5,70536.6,21395.633
11/03/2026 15:00,70536.7,70612.5,69618.6,70186.9,15405.756
11/03/2026 16:00,70187,70799.9,70093.2,70538.9,9608.144
11/03/2026 17:00,70539,71286,70474.2,70745.1,16496.708
11/03/2026 18:00,70745.1,70866.5,70353.5,70582.2,7697.976
11/03/2026 19:00,70582.1,70700,70333.3,70600.8,3502.006
11/03/2026 20:00,70600.7,70692.8,70349.5,70586.1,3275.618
11/03/2026 21:00,70586.1,70766.7,70451.8,70702.3,2629.442
11/03/2026 22:00,70702.4,70931.9,70200.2,70329.1,5275.465
11/03/2026 23:00,70329.2,70466,70078.6,70150,3925.35
12/03/2026 0:00,70150,70314.1,70087.1,70176.9,2964.321
12/03/2026 1:00,70176.9,70188.1,69706.1,69800.8,7061.504
12/03/2026 2:00,69800.7,69851.5,69180,69242.9,8560.615
12/03/2026 3:00,69243,69595.9,69187.6,69402.6,6091.142
12/03/2026 4:00,69402.6,69640.3,69250.1,69330.1,3849.667
12/03/2026 5:00,69330.1,69514.6,69150,69429.9,4753.901
12/03/2026 6:00,69430,69526.6,69320,69461.5,2909.494
12/03/2026 7:00,69461.4,69818.8,69370.7,69782.6,6108.768
12/03/2026 8:00,69782.7,70079.1,69667.3,69865.1,8311.135
12/03/2026 9:00,69865.1,70377.7,69540.9,69914.9,9674.587
12/03/2026 10:00,69915,70477,69815.4,70372.3,8357.019
12/03/2026 11:00,70372.4,70756.5,70321.7,70388.5,8697.954
12/03/2026 12:00,70388.6,70584.2,70244.7,70348.6,6574.59
12/03/2026 13:00,70348.6,70490,69614.8,69930.5,15650.398
12/03/2026 14:00,69930.4,70625,69303.8,69549.4,21443.973
12/03/2026 15:00,69549.3,70532,69430,70282.9,16693.319
12/03/2026 16:00,70282.8,70530,69856.4,70328.3,13571.222
12/03/2026 17:00,70328.3,70499.9,70017.4,70167.3,6725.804
12/03/2026 18:00,70167.3,70256.5,69754.8,69781,6054.058
12/03/2026 19:00,69781.1,70511.2,69725,70393.7,6687.861
12/03/2026 20:00,70393.7,70508.8,70063.7,70127,3586.321
12/03/2026 21:00,70127.1,70433.4,70127.1,70244.5,2145.981
12/03/2026 22:00,70244.4,70281.5,69974.7,70141.1,2678.993
12/03/2026 23:00,70141.1,70727.9,70122.7,70480.1,7337.966
13/03/2026 0:00,70480.1,71979.2,70342.7,71443.3,28271.449
13/03/2026 1:00,71443.4,71738.6,71240,71629.9,8176.876
13/03/2026 2:00,71630,71665.2,71006.5,71114.6,6723.88
13/03/2026 3:00,71114.6,71485.6,70920.1,71366.3,5902.39
13/03/2026 4:00,71366.3,71469,71200,71352.5,3522.549
13/03/2026 5:00,71352.6,71616,71201,71515.4,5486.551
13/03/2026 6:00,71515.5,71568.5,71150,71315.9,5496.209
13/03/2026 7:00,71315.9,71649.7,71208,71585.3,8265.269
13/03/2026 8:00,71585.2,72156.4,71347.1,71790,13687.535
13/03/2026 9:00,71790,72060,71549.9,71960,8154.063
13/03/2026 10:00,71959.9,72547,71953,72421.2,15033.044
13/03/2026 11:00,72421.1,72491,72150,72189.9,6918.892
13/03/2026 12:00,72189.8,72882.8,72166.1,72735.3,11703.434
13/03/2026 13:00,72735.3,73568,72635.8,73344.8,25615.346
13/03/2026 14:00,73344.7,73870,72328.4,72353.4,33755.741
13/03/2026 15:00,72353.3,72828.2,71700,71800,24440.083
13/03/2026 16:00,71800.1,72090.2,71130.6,71846,30212.328
13/03/2026 17:00,71846,72215.1,70862.3,70999.5,20572.14
13/03/2026 18:00,70999.5,71318.8,70811,71020.1,11260.354
13/03/2026 19:00,71020,71273.1,70963,71148,5744.749
13/03/2026 20:00,71148.1,71447.2,71111.1,71307.4,4345.861
13/03/2026 21:00,71307.5,71452.1,71021.2,71063.1,3524.914
13/03/2026 22:00,71063.1,71150,70510.8,70785.8,8860.743
13/03/2026 23:00,70785.7,70982.9,70658.9,70895.5,4557.721
14/03/2026 0:00,70895.5,70920,70520.5,70600,5679.351
14/03/2026 1:00,70600,70872.5,70436.2,70790.3,5009.742
14/03/2026 2:00,70790.3,70870,70690.1,70749.2,2354.624
14/03/2026 3:00,70749.2,71141.7,70749.2,71034.3,4867.581
14/03/2026 4:00,71034.3,71272.3,70977,70996.3,4016.781
14/03/2026 5:00,70996.3,71119,70871.1,70980.7,2745.678
14/03/2026 6:00,70980.7,70980.7,70256,70591.9,9801.249
14/03/2026 7:00,70591.9,70706,70444,70565.6,4206.031
14/03/2026 8:00,70565.6,70672.9,70495,70550.6,2289.069
14/03/2026 9:00,70550.6,70707,70360,70474.7,4012.78
14/03/2026 10:00,70474.7,70550.7,70350,70531.8,2990.127
14/03/2026 11:00,70531.8,70745.1,70521.5,70705,2512.142
14/03/2026 12:00,70705,70800,70568,70733.4,2977.484
14/03/2026 13:00,70733.5,70900,70661,70813.4,3496.382
14/03/2026 14:00,70813.3,70914.6,70532.3,70566.8,3209.641
14/03/2026 15:00,70566.8,70695.7,70444.1,70554.6,3042.084
14/03/2026 16:00,70554.7,70674.5,70455.6,70636.7,2249.613
14/03/2026 17:00,70636.7,70707.9,70545.9,70586.1,1292.443
14/03/2026 18:00,70586.2,70662.9,70515.2,70623.5,1067.167
14/03/2026 19:00,70623.5,70705.7,70552.6,70664.1,1101.622
14/03/2026 20:00,70664.1,70835,70607.7,70765.3,1658.468
14/03/2026 21:00,70765.3,70784.6,70611.9,70769.6,1404.215
14/03/2026 22:00,70769.5,70772.7,70661.9,70678.5,1023.816
14/03/2026 23:00,70678.5,71221.9,70678.5,71174.4,6274.924
15/03/2026 0:00,71174.4,71186.8,70912.8,70950.4,2792.203
15/03/2026 1:00,70950.5,71000,70815.7,70960.8,2167.676
15/03/2026 2:00,70960.8,71599.9,70960.8,71404.4,8104.479
15/03/2026 3:00,71404.3,71489.6,71166.3,71314.8,4055.312
15/03/2026 4:00,71314.8,71629.6,71277.1,71546.3,4456.508
15/03/2026 5:00,71546.4,71750,71428.1,71448.6,5405.75
15/03/2026 6:00,71448.5,71549,71343.5,71415.2,2755.295
15/03/2026 7:00,71415.1,71626.1,71370,71420.8,3413.868
15/03/2026 8:00,71420.8,71679.9,71420.8,71674.8,3017.447
15/03/2026 9:00,71674.9,71897.9,71651.7,71751.3,6049.378
15/03/2026 10:00,71751.3,71878.9,71676,71740.6,1908.317
15/03/2026 11:00,71740.5,71850,71612.4,71800,3127.999
15/03/2026 12:00,71800.1,71800.1,71526.9,71578.8,2657.858
15/03/2026 13:00,71578.8,71650,71220.1,71575.3,10762.788
15/03/2026 14:00,71575.3,71600.1,71311,71588,3755.556
15/03/2026 15:00,71588,71590,71375.7,71444.4,2293.764
15/03/2026 16:00,71444.4,71556.4,71275,71405.5,3825.282
15/03/2026 17:00,71405.5,71971.8,71373.3,71788,5865.921
15/03/2026 18:00,71787.9,71856,71275,71346.8,4854.116
15/03/2026 19:00,71346.7,71547.7,71300,71515.2,2570.18
15/03/2026 20:00,71515.2,71899.6,71396.4,71690.1,3727.199
15/03/2026 21:00,71690,72200,71587.6,72074.6,6268.383
15/03/2026 22:00,72074.6,73130.2,71681.4,72715.6,17191.267
15/03/2026 23:00,72715.7,73199.9,72376.2,72778.9,15447.696
16/03/2026 0:00,72778.8,72980.1,72417.9,72497.4,6246.679
16/03/2026 1:00,72497.4,72819.2,72235.6,72724.1,5724.735
16/03/2026 2:00,72724.2,72823.5,72333,72481.1,3663.383
16/03/2026 3:00,72481,74307.3,72400,73539.5,35246.124
16/03/2026 4:00,73539.5,74444,73539.4,73799.5,25110.534
16/03/2026 5:00,73799.4,74237,73677.9,74176.5,15191.963
16/03/2026 6:00,74176.6,74181.4,73549.7,73680.7,8310.378
16/03/2026 7:00,73680.6,73886,73345.9,73427.7,7332.282
16/03/2026 8:00,73427.8,73755.8,72841.9,73098.3,13412.886
16/03/2026 9:00,73098.4,73299.7,73030,73219.7,4018.36
16/03/2026 10:00,73219.7,73762.9,73159.2,73745.5,8333.953
16/03/2026 11:00,73745.5,73856.6,73466.3,73515.3,5218.038
16/03/2026 12:00,73515.3,74043,73420.4,73830,10877.388
16/03/2026 13:00,73830,74481.5,73746.3,74075,16330.868
16/03/2026 14:00,74075,74450,72926.4,73519.8,25291.011
16/03/2026 15:00,73519.8,74000,73141.1,73240.2,12751.139
16/03/2026 16:00,73240.2,73887.5,73122,73726.3,8627.214
16/03/2026 17:00,73726.4,74066,73614.4,73911.7,6751.767
16/03/2026 18:00,73911.7,74330.6,73818.7,73883,9104.554
16/03/2026 19:00,73883.1,74399.9,73715,73928.8,7461.842
16/03/2026 20:00,73928.8,74200,73819,74191.5,3463.303
16/03/2026 21:00,74191.4,74777.7,74094.3,74360.3,12807.692
16/03/2026 22:00,74360.3,74875,74331.8,74718.9,9380.607
16/03/2026 23:00,74719,74880,74201.1,74846.4,8420.29
17/03/2026 0:00,74846.4,75488,74567.1,75283.9,18886.662
17/03/2026 1:00,75283.8,75998.9,75028.5,75584.7,17772.292
17/03/2026 2:00,75584.6,75641.3,75068,75157.3,8038.383
17/03/2026 3:00,75157.3,75287.9,74231.6,74424.9,13778.491
17/03/2026 4:00,74424.9,74652.2,73943.3,74203.3,13603.837
17/03/2026 5:00,74203.3,74428.7,73723.4,73996,10540.132
17/03/2026 6:00,73996,74242,73835.4,74045.1,6338.871
17/03/2026 7:00,74045,74415.7,74026.3,74212.7,4432.188
17/03/2026 8:00,74212.8,74418.5,74057.5,74150,4444.943
17/03/2026 9:00,74150.1,74362,73791.8,73890.1,6385.859
17/03/2026 10:00,73890,73922.2,73512,73706.1,11119.234
17/03/2026 11:00,73705.8,74230.7,73651.1,73997.1,7533.879
17/03/2026 12:00,73997.1,74150,73643.5,73711.1,7602.062
17/03/2026 13:00,73711,74167.2,73330.3,73580.6,16715.18
17/03/2026 14:00,73580.7,74388,73389,74340.2,11501.167
17/03/2026 15:00,74340.2,74856.2,73616.2,73878.5,15875.715
17/03/2026 16:00,73878.5,74314,73826.8,74120,7027.845
17/03/2026 17:00,74120,74555,73961.5,74480.1,7718.785
17/03/2026 18:00,74480.1,74723.7,74330.8,74637,6723.015
17/03/2026 19:00,74637.1,74763.6,74364.4,74460.8,5842.572
17/03/2026 20:00,74460.8,74648.6,74325,74469.9,3125.502
17/03/2026 21:00,74470,74777,74413.1,74650.3,3729.501
17/03/2026 22:00,74650.2,74739.4,73893.5,74265.8,5839.468
17/03/2026 23:00,74265.8,74360,73829.5,73872.4,3703.39
18/03/2026 0:00,73872.3,74027.8,73492,73821.3,6333.021
18/03/2026 1:00,73821.3,74167.5,73780,74035.2,3766.059
18/03/2026 2:00,74035.2,74437,73999.2,74300,3298.644
18/03/2026 3:00,74299.9,74633,74202,74414.6,4455.363
18/03/2026 4:00,74414.7,74455.7,74100,74139.6,3277.02
18/03/2026 5:00,74139.5,74271,73785,73911.2,4726.67
18/03/2026 6:00,73911.2,74190.1,73892,73910,3289.509
18/03/2026 7:00,73910.1,73959.4,73636.5,73840,4764.118
18/03/2026 8:00,73840.1,74080.1,73814.3,74005.8,3907.408
18/03/2026 9:00,74005.9,74246.2,73991.1,74136,3205.114
18/03/2026 10:00,74136,74220,73761.5,73895,4121.247
18/03/2026 11:00,73895,74034.8,72731.6,72906.4,23087.977
18/03/2026 12:00,72906.4,72947.4,72237.5,72325.1,21114.301
18/03/2026 13:00,72325.1,72547.5,71938.6,72104.4,22977.528
18/03/2026 14:00,72104.5,72194.1,70975.1,71160.3,25339.969
18/03/2026 15:00,71160.4,71497,70821.2,71436.4,24860.847
18/03/2026 16:00,71436.3,71536,71001.8,71289.5,10289.98
18/03/2026 17:00,71289.5,71722.2,71164.7,71556.6,7932.424
18/03/2026 18:00,71556.6,71980.5,70904.5,71066.5,14351.54
18/03/2026 19:00,71066.5,71460.3,70858.3,71030.3,8216.553
18/03/2026 20:00,71030.3,71298,70456,71172.3,13364.436
18/03/2026 21:00,71172.3,71438.1,71127.5,71219.7,3158.011
18/03/2026 22:00,71219.7,71233.2,70899.9,71118,3553.792
18/03/2026 23:00,71117.9,71333.1,71024.8,71202.9,3363.938
19/03/2026 0:00,71202.9,71283.3,70940,70970.1,3893.57
19/03/2026 1:00,70970,71149.9,70921.5,71078.5,2691.269
19/03/2026 2:00,71078.5,71226.7,70858.4,71020.6,3181.217
19/03/2026 3:00,71020.7,71598.3,71020.7,71180,7040.244
19/03/2026 4:00,71180,71180,70619.3,70790.7,7360.058
19/03/2026 5:00,70790.7,70879,70608.1,70792.8,3273.492
19/03/2026 6:00,70792.7,70945.5,70468,70552.4,5644.206
19/03/2026 7:00,70552.4,70570,69421.1,70145.1,29674.655
19/03/2026 8:00,70145,70255,69860.3,69957.4,10244.859
19/03/2026 9:00,69957.4,70535,69950,70463,9450.491
19/03/2026 10:00,70463,70499,70082.4,70102,4002.772
19/03/2026 11:00,70102.1,70238.7,69872.3,69926.8,5000.304
19/03/2026 12:00,69926.8,69926.8,69069,69264.6,15880.386
19/03/2026 13:00,69264.7,70058,69050,69866.3,17941.572
19/03/2026 14:00,69866.2,70144.6,69060,69450.1,15442.12
19/03/2026 15:00,69450,69879.1,68750,69372.7,23601.855
19/03/2026 16:00,69372.8,69611.6,69124,69426.3,9611.965
19/03/2026 17:00,69426.3,69938.1,69065.4,69820,8509.825
19/03/2026 18:00,69820,69900,69547.7,69787.5,3893.126
19/03/2026 19:00,69787.4,70563.5,69765.5,70233.1,14880.105
19/03/2026 20:00,70233,70655.2,70160.9,70444.3,4006.962
19/03/2026 21:00,70444.4,70654.4,70331.9,70376.1,3314.339
19/03/2026 22:00,70376,70475.9,69910.2,70157,4898.918
19/03/2026 23:00,70156.9,70260,69677.1,69887.4,5207.867
20/03/2026 0:00,69887.4,70280.6,69801.3,70159.9,4090.204
20/03/2026 1:00,70159.9,70563.8,70150,70370.9,4257.968
20/03/2026 2:00,70370.8,70485.1,70030.6,70373.8,4122.069
20/03/2026 3:00,70373.8,70777,70345.2,70696.1,5649.932
20/03/2026 4:00,70696.1,70944.9,70520,70743.4,6625.442
20/03/2026 5:00,70743.3,70833.8,70454.8,70570.2,3678.727
20/03/2026 6:00,70570.3,70623.7,70307,70462,3815.846
20/03/2026 7:00,70461.9,70900,70161,70811.9,7878.613
20/03/2026 8:00,70812,71342.2,70751.9,71000.4,11657.132
20/03/2026 9:00,71000.4,71001,70369.6,70544.9,9569.016
20/03/2026 10:00,70545,70651.2,70175,70580.9,7665.232
20/03/2026 11:00,70580.9,70780.8,70266,70439.9,6576.485
20/03/2026 12:00,70440,70647.5,70210.1,70304.6,5698.294
20/03/2026 13:00,70304.7,70580,69755,69831.1,17011.366
20/03/2026 14:00,69831,70240,69562.5,69706,25363.363
20/03/2026 15:00,69705.9,69983,69450,69829.5,13612.749
20/03/2026 16:00,69829.5,70080,69577,69792.1,6707.506
20/03/2026 17:00,69792.1,70035,69350,69970.8,8524.573
20/03/2026 18:00,69970.9,70048.9,69484,69733.3,7316.206
20/03/2026 19:00,69733.6,70161,69634.8,70141.9,5484.211
20/03/2026 20:00,70141.9,70225,69701.3,70019.7,4882.621
20/03/2026 21:00,70019.7,70720.6,69900.9,70498.3,8129.399
20/03/2026 22:00,70498.3,70888,70495.7,70739.2,4817.785
20/03/2026 23:00,70739.2,70739.3,70388.3,70472.7,3106.778
21/03/2026 0:00,70472.6,70803.1,70430.2,70643.9,2903.318
21/03/2026 1:00,70643.9,70726.8,70419.4,70430.3,1737.986
21/03/2026 2:00,70430.4,70758.2,70403.2,70703.7,2552.383
21/03/2026 3:00,70703.7,70752.6,70590,70638,1573.183
21/03/2026 4:00,70637.9,70798.5,70582.7,70602.7,2350.833
21/03/2026 5:00,70602.8,70800,70598.7,70673.9,1965.17
21/03/2026 6:00,70673.8,70786.1,70655.1,70739.2,1710.307
21/03/2026 7:00,70739.2,70849.2,70639,70687.3,2290.09
21/03/2026 8:00,70687.4,70721.7,70455.6,70563.3,3947.704
21/03/2026 9:00,70563.3,70711.5,70537.7,70633.5,2079.133
21/03/2026 10:00,70633.5,70666,70521.2,70576,1612.02
21/03/2026 11:00,70576,70619.9,70525.1,70618.3,1200.689
21/03/2026 12:00,70618.2,70769.6,70618.2,70680,1926.136
21/03/2026 13:00,70680,70785.1,70668.5,70700.3,1321.546
21/03/2026 14:00,70700.3,71077.7,70550,70595,7576.268
21/03/2026 15:00,70595,70739,70420,70599.1,4021.483
21/03/2026 16:00,70599.1,70620.2,70214.8,70274.9,4396.147
21/03/2026 17:00,70275,70399,70163,70280.1,2927.629
21/03/2026 18:00,70280,70504.7,70261.4,70360.6,2015.728
21/03/2026 19:00,70360.6,70417.7,70290.5,70365.9,938.101
21/03/2026 20:00,70365.8,70472.9,70332.3,70432.4,1400.832
21/03/2026 21:00,70432.5,70482.2,70231.7,70321.6,1334.627
21/03/2026 22:00,70321.5,70354.9,70226.7,70253.2,1354.826
21/03/2026 23:00,70253.2,70265.5,68511.3,68881.5,18948.747
22/03/2026 0:00,68881.5,69122.5,68189,68904.5,19627.927
22/03/2026 1:00,68904.5,69065.7,68713.5,68926.1,4491.852
22/03/2026 2:00,68926,69377.9,68899.9,69237.6,5965.106
22/03/2026 3:00,69237.5,69555.8,69080.3,69307,5639.463
22/03/2026 4:00,69307.1,69493.2,69167,69313.4,4300.958
22/03/2026 5:00,69313.3,69317.6,69110,69116.4,2453.496
22/03/2026 6:00,69116.3,69215.2,69025.6,69126.9,2360.808
22/03/2026 7:00,69126.9,69219.4,68846.4,68884.5,4043.791
22/03/2026 8:00,68884.5,68950,68500.1,68756.7,8310.042
22/03/2026 9:00,68756.6,68862,68536.7,68780.1,3327.611
22/03/2026 10:00,68780.1,68809.5,68539.5,68601.1,2373.528
22/03/2026 11:00,68601.1,68650,68030,68177,8390.65
22/03/2026 12:00,68177,68740.5,68153.1,68614.5,7278.973
22/03/2026 13:00,68614.4,68932.8,68500.9,68660.3,5691.479
22/03/2026 14:00,68660.4,68888,68501,68675.5,3609.015
22/03/2026 15:00,68675.5,69000,68670,68814.9,3931.235
22/03/2026 16:00,68814.9,68852.3,68627.9,68761.9,1968.113
22/03/2026 17:00,68761.8,68820,68635,68635,1692.107
22/03/2026 18:00,68635,68712,68300.1,68580.3,3474.251
22/03/2026 19:00,68580.2,68595.9,68108,68170.6,4201.514
22/03/2026 20:00,68170.6,68470.6,68044.4,68134.9,3567.592
22/03/2026 21:00,68135,68196.9,67300,67864.4,14801.57
22/03/2026 22:00,67864.5,68376.9,67528.3,68301.5,8113.744
22/03/2026 23:00,68301.5,68434.3,67804.1,67830.6,5265.739
23/03/2026 0:00,67830.7,68130.6,67400.1,67642.5,8708.507
23/03/2026 1:00,67642.5,68127,67500,67875.6,5750.364
23/03/2026 2:00,67875.6,68375.8,67764.2,68282.4,6201.781
23/03/2026 3:00,68282.3,68555.5,68022.6,68045.1,4838.08
23/03/2026 4:00,68045.2,68517,68011.2,68504.5,4255.38
23/03/2026 5:00,68504.4,68872.4,68504.4,68864.2,8866.004
23/03/2026 6:00,68864.1,68865.2,67653.1,67845.3,11928.68
23/03/2026 7:00,67845.2,68426.4,67456.7,68306,12967.744
23/03/2026 8:00,68305.9,68670,68281.6,68400.1,6548.073
23/03/2026 9:00,68400.2,68439.6,67880,68305,5950.262
23/03/2026 10:00,68304.9,68688,68261,68512.2,5788.214
23/03/2026 11:00,68512.2,71468,68505.7,70097.3,80533.88
23/03/2026 12:00,70097.2,70850,69644,70710,22583.079
23/03/2026 13:00,70710,71564.9,70551.3,71450,20003.766
23/03/2026 14:00,71449.9,71789.8,71080.9,71409.8,18180.731
23/03/2026 15:00,71409.8,71635.5,70074.7,70112.2,21463.132
23/03/2026 16:00,70112.2,70736.4,70100.5,70539.6,13490.929
23/03/2026 17:00,70539.6,71094.2,70325.6,71052.7,7996.099
23/03/2026 18:00,71052.6,71166,70836.4,71040.5,6371.552
23/03/2026 19:00,71040.5,71232,70612.5,70647.1,5709.42
23/03/2026 20:00,70647.1,70953.5,70509.3,70876.6,3721.269
23/03/2026 21:00,70876.6,70976.3,70786.1,70813.7,1745.94
23/03/2026 22:00,70813.9,70859,70477.1,70745.1,3283.294
23/03/2026 23:00,70745.1,70973.8,70370,70865.9,4213.498
24/03/2026 0:00,70866,71080,70377.9,70650,6199.428
24/03/2026 1:00,70650.1,70845.7,70232,70479.9,4958.563
24/03/2026 2:00,70479.9,70668.7,70329.9,70416,3286.238
24/03/2026 3:00,70416,70558.9,70362.6,70512.1,2460.375
24/03/2026 4:00,70512.1,70726.4,70214.3,70339.9,4046.127
24/03/2026 5:00,70340,70352.9,70075.5,70249.6,5168.093
24/03/2026 6:00,70249.6,70544.9,70220,70507.8,3416.96
24/03/2026 7:00,70507.9,71377.5,70439.8,71255.2,12633.339
24/03/2026 8:00,71255.2,71314.3,70823.9,70933.8,6615.475
24/03/2026 9:00,70933.8,71339.8,70812.7,71288.5,4817.413
24/03/2026 10:00,71288.5,71299.8,71050.1,71237.4,4072.22
24/03/2026 11:00,71237.4,71301.9,70916.9,71116.4,5395.558
24/03/2026 12:00,71116.4,71144,70822.2,70924.4,4417.19
24/03/2026 13:00,70924.4,71029.2,69888,70067,19945.411
24/03/2026 14:00,70067,70449,69467.8,69847.6,23659.283
24/03/2026 15:00,69847.6,70240,69739.5,69837.7,12541.38
24/03/2026 16:00,69837.6,69979,69281.2,69448.3,13279.255
24/03/2026 17:00,69448.4,69486,68884.5,69205,14034.956
24/03/2026 18:00,69205,69724.8,69127.4,69399.5,8865.94
24/03/2026 19:00,69399.5,69668.8,69226,69342.6,4274.805
24/03/2026 20:00,69342.6,70270,69257.9,70066.6,12582.894
24/03/2026 21:00,70066.6,70386.6,69844.3,70296.2,5844.12
24/03/2026 22:00,70296.2,70548.1,70084,70277.9,5708.524
24/03/2026 23:00,70278,70800,70216.7,70523.9,7968.403
25/03/2026 0:00,70524,71028,70422.6,70804.3,6825.485
25/03/2026 1:00,70804.3,70950,70590.6,70643.1,4999.115
25/03/2026 2:00,70643.1,70741.5,70460.1,70500,3665.029
25/03/2026 3:00,70500,70777.9,70375,70689.3,4678.112
25/03/2026 4:00,70689.2,70949.3,70659.9,70938.1,3587.173
25/03/2026 5:00,70938.1,71319.9,70900.2,71080.1,7548.801
25/03/2026 6:00,71080.1,71233.7,70928.5,70962.8,4549.668
25/03/2026 7:00,70962.8,71233.6,70850,70900,4490.549
25/03/2026 8:00,70899.9,71478,70752.5,71209.1,9095.11
25/03/2026 9:00,71209.2,71376,71058.4,71301.5,4503.705
25/03/2026 10:00,71301.4,71600,71250.9,71462.7,5659.848
25/03/2026 11:00,71462.7,71999.9,71425,71650.3,12351.222
25/03/2026 12:00,71650.3,71933.3,71085.5,71685.4,16689.829
25/03/2026 13:00,71685.4,71931.9,71473.3,71546.6,8415.183
25/03/2026 14:00,71546.6,71666.6,71190,71203.6,8453.325
25/03/2026 15:00,71203.6,71282.3,70531.4,70792.4,16505.57
25/03/2026 16:00,70792.4,71742.2,70671.3,71290,15025.604
25/03/2026 17:00,71290,71361.8,70676.8,70752.6,6405.954
25/03/2026 18:00,70752.6,71121.3,70623.4,70786.8,5942.276
25/03/2026 19:00,70786.8,71082.3,70741.8,70853.2,3149.21
25/03/2026 20:00,70853.3,71028,70603,70970,3982.23
25/03/2026 21:00,70970,71149.6,70889.6,71000,2495.037
25/03/2026 22:00,71000,71606,70907.1,71330.1,4778.789
25/03/2026 23:00,71330,71412.1,71143.5,71297.5,2719.025
26/03/2026 0:00,71297.5,71408.1,71088.1,71265.8,3747.894
26/03/2026 1:00,71265.8,71341,71116.9,71212.9,2453.274
26/03/2026 2:00,71212.9,71257.1,70640,70855,5808.408
26/03/2026 3:00,70855,70944.9,70650,70881.9,3359.798
26/03/2026 4:00,70882,70882,70680,70737,2582.728
26/03/2026 5:00,70737,70767.6,69906.2,69988.7,12385.966
26/03/2026 6:00,69988.6,70126.6,69815.4,70057.5,7671.515
26/03/2026 7:00,70057.4,70140,69722.6,70053.8,5530.53
26/03/2026 8:00,70053.8,70095.7,69769.7,69985.9,5593.527
26/03/2026 9:00,69986,70131.5,69366,69537.6,12236.506
26/03/2026 10:00,69537.6,69693.7,69417,69480,4654.052
26/03/2026 11:00,69480,69620,69127.2,69239.3,8815.363
26/03/2026 12:00,69239.3,69428,69187.4,69395.1,5163.581
26/03/2026 13:00,69395.2,69872.2,69158.9,69617.4,15536.501
26/03/2026 14:00,69615.8,69800,69217,69450.1,9137.728
26/03/2026 15:00,69450,69472.6,68553.4,69054.8,19276.69
26/03/2026 16:00,69054.9,69054.9,68797.8,68904.8,6328.572
26/03/2026 17:00,68904.8,69138.8,68325.2,68456.1,10124.779
26/03/2026 18:00,68456.2,68581.3,68115.8,68457,11417.16
26/03/2026 19:00,68457,68657.4,68317.9,68502.7,4550.355
26/03/2026 20:00,68502.7,69466.6,68378.5,68973.8,16540.148
26/03/2026 21:00,68973.9,69213.3,68849.8,68885.8,4792.691
26/03/2026 22:00,68885.8,69000,68542.5,68862.5,5102.573
26/03/2026 23:00,68862.5,68968.9,68600,68788,3663.275
27/03/2026 0:00,68788.1,68942.2,68458.5,68746.4,6047.978
27/03/2026 1:00,68746.4,69033.3,68654.8,69016.4,3407.459
27/03/2026 2:00,69016.5,69142.7,68815.5,68870.8,2719.084
27/03/2026 3:00,68870.8,68888.4,68621.5,68728.8,3607.926
27/03/2026 4:00,68728.8,68764.5,68257.2,68540.2,7518.881
27/03/2026 5:00,68540.1,68830,68453.6,68588.8,4033.462
27/03/2026 6:00,68588.8,68811,68530.6,68621.5,2797.227
27/03/2026 7:00,68621.5,68925,68416.5,68501.7,8267.991
27/03/2026 8:00,68501.8,68619.9,67560,67876.6,18150.811
27/03/2026 9:00,67876.7,67912.1,67500.2,67651.9,8934.715
27/03/2026 10:00,67652,67737.9,66257.4,66456.4,26602.953
27/03/2026 11:00,66456.4,66810.9,66175.4,66663.2,12567.309
27/03/2026 12:00,66663.3,66742.2,66388,66579.4,6083.774
27/03/2026 13:00,66579.4,66699.9,65950,66153.9,15382.501
27/03/2026 14:00,66153.9,66375.2,65681.5,66162.7,20797.151
27/03/2026 15:00,66162.7,66615,65930.3,66092,17540.701
27/03/2026 16:00,66091.9,66149.6,65731.8,65945.5,11439.941
27/03/2026 17:00,65945.5,66267.4,65550,65604,10726.045
27/03/2026 18:00,65604,65939.1,65501,65804,6797.913
27/03/2026 19:00,65804,66119.6,65666.6,66005.4,5796.107
27/03/2026 20:00,66005.5,66125.8,65766.1,65983,4697.996
27/03/2026 21:00,65983.1,66148,65972.6,66040.3,2232.358
27/03/2026 22:00,66040.4,66053.2,65874.4,65981.1,2472.071
27/03/2026 23:00,65981.1,66384,65931.5,66364.2,3728.694
28/03/2026 0:00,66364.1,66472.4,66239.9,66389.9,3310.686
28/03/2026 1:00,66389.9,66389.9,66006.1,66137.1,3788.397
28/03/2026 2:00,66137.2,66214,65888,66020.1,3887.024
28/03/2026 3:00,66020,66217.5,66020,66191.8,2461.721
28/03/2026 4:00,66191.8,66274.7,66068.3,66243.5,2029.542
28/03/2026 5:00,66243.6,66349,66169,66310,2222.047
28/03/2026 6:00,66310,66460,66270.9,66358.2,2682.148
28/03/2026 7:00,66358.1,66533.9,66341.3,66520.8,2427.447
28/03/2026 8:00,66520.9,66529.4,66352.1,66374.9,2746.771
28/03/2026 9:00,66374.9,66374.9,66203.5,66270.9,2795.618
28/03/2026 10:00,66271,66379.9,66087.3,66184.9,2899.948
28/03/2026 11:00,66184.9,66325.7,66162,66288.5,2252.391
28/03/2026 12:00,66288.4,66498.1,66191.7,66416.7,3513.902
28/03/2026 13:00,66416.7,67148.7,66363.6,66813.3,13186.355
28/03/2026 14:00,66813.4,66942.3,66631.5,66716.2,5360.55
28/03/2026 15:00,66716.1,67284,66678.1,66982.3,9848.298
28/03/2026 16:00,66982.4,67065,66821.3,66894.3,3986.863
28/03/2026 17:00,66894.3,66965.7,66644,66808.6,3473.794
28/03/2026 18:00,66808.6,66920,66801,66871.1,2489.409
28/03/2026 19:00,66871.2,66916.5,66764.7,66873,1312.886
28/03/2026 20:00,66873,66978,66868.3,66885.5,1862.549
28/03/2026 21:00,66885.6,66890,66526.8,66644.8,2392.101
28/03/2026 22:00,66644.9,66758.9,66562,66729,2394.618
28/03/2026 23:00,66729,66729,66233.6,66334.8,6048.427
29/03/2026 0:00,66334.8,66468.6,66235.6,66444.4,2548.004
29/03/2026 1:00,66444.3,66585.9,66344.2,66536.1,3135.536
29/03/2026 2:00,66536,66820,66500.4,66773.7,3493.131
29/03/2026 3:00,66773.7,67100,66724,66875.7,5860.433
29/03/2026 4:00,66875.7,66907.5,66683.3,66701.9,2363.996
29/03/2026 5:00,66701.9,66799.5,66565,66741.3,3093.997
29/03/2026 6:00,66741.3,66845,66601.1,66704.4,2055.614
29/03/2026 7:00,66704.4,66720,66521.4,66632.5,3044.013
29/03/2026 8:00,66632.4,66743.7,66560,66689.5,1886.205
29/03/2026 9:00,66689.4,66740,66500.9,66600.1,2076.043
29/03/2026 10:00,66600,66600,66375.5,66473.4,3040.43
29/03/2026 11:00,66473.4,66986.8,66473.3,66780.8,4790.749
29/03/2026 12:00,66780.8,66844.3,66668,66818.6,2808.839
29/03/2026 13:00,66818.7,66849,66483.9,66546,3973.71
29/03/2026 14:00,66546.1,66764.9,66420,66556.2,4257.793
29/03/2026 15:00,66556.3,66695,66288.1,66500,5548.023
29/03/2026 16:00,66499.9,66639,66400,66467.8,2852.833
29/03/2026 17:00,66467.8,66518.2,66111,66356.6,5384.339
29/03/2026 18:00,66356.6,66524,66291.2,66397.2,1725.593
29/03/2026 19:00,66397.1,66453.4,66282.1,66320.2,2175.189
29/03/2026 20:00,66320.3,66767.9,66312.7,66578.6,4462.303
29/03/2026 21:00,66578.6,66734.5,66477.5,66678.8,2390.255
29/03/2026 22:00,66678.8,66686.1,64918.2,65820.3,25831.762
29/03/2026 23:00,65820.2,66350.4,65819,65977.9,11479.606
30/03/2026 0:00,65978,67043.2,65754.2,66251.2,16555.213
30/03/2026 1:00,66251.2,66806.1,66251.1,66624.1,7416.652
30/03/2026 2:00,66624.2,67487.7,66538.5,67087,14215.662
30/03/2026 3:00,67087.1,67288.8,66934.7,67139.8,5264.7
30/03/2026 4:00,67140,67625.1,67129.3,67579.1,7756.25
30/03/2026 5:00,67579.2,67777,67404,67459,6598.791
30/03/2026 6:00,67459,67550,67238.6,67273.4,5357.868
30/03/2026 7:00,67273.5,67612.6,67180.5,67595.9,5275.695
30/03/2026 8:00,67595.9,67920,67574.6,67634,9898.419
30/03/2026 9:00,67633.9,67667.9,67426,67466.2,4284.723
30/03/2026 10:00,67466.2,67498,67333.3,67463,3205.103
30/03/2026 11:00,67463.1,67998,67459.7,67651.5,7852.554
30/03/2026 12:00,67651.5,67950,67627.7,67859.3,5273.29
30/03/2026 13:00,67859.4,68148.4,67378.7,67490.9,13074.572
30/03/2026 14:00,67490.8,67843.8,67055,67762.7,14799.32
30/03/2026 15:00,67762.8,67875,67373.7,67590.2,9621.943
30/03/2026 16:00,67590.2,67614.9,67188,67333,5589.669
30/03/2026 17:00,67332.9,67443.8,66617.3,66805.2,11208.178
30/03/2026 18:00,66805.1,66899.9,66456.4,66620.6,8496.874
30/03/2026 19:00,66620.6,66640,66200.1,66516,8875.348
30/03/2026 20:00,66515.9,66662.6,66488.7,66614.9,2850.822
30/03/2026 21:00,66614.9,66973.5,66550,66770.6,5139.64
30/03/2026 22:00,66770.6,66971.2,66650.9,66746.5,3017.686
30/03/2026 23:00,66746.4,66769.1,66377.1,66764.4,5430.093
31/03/2026 0:00,66764.4,67276,66498.9,67172.5,8170.125
31/03/2026 1:00,67172.5,68377,67004.2,67896.2,21388.751
31/03/2026 2:00,67896.1,68072.7,67726.9,67911.8,4698.842
31/03/2026 3:00,67911.8,67974.8,67610.5,67670.8,4526.069
31/03/2026 4:00,67670.8,67865.7,67441.8,67510.1,5390.717
31/03/2026 5:00,67510.1,67756.8,67356.4,67648.9,5254.856
31/03/2026 6:00,67649,67679.5,67300.1,67465.4,4352.913
31/03/2026 7:00,67465.4,67497,67071.9,67343.8,6776.714
31/03/2026 8:00,67343.9,67476.9,66655,66745.1,11064.148
31/03/2026 9:00,66745.1,66891.8,65938,66099.3,14984.779
31/03/2026 10:00,66099.3,66442,66067,66329.4,8862.329
31/03/2026 11:00,66329.4,66850,66205,66652.4,10995.373
31/03/2026 12:00,66652.4,66909.3,66480,66623.8,6400.174
31/03/2026 13:00,66623.8,67375,66623.8,67255.6,13271.792
31/03/2026 14:00,67255.6,67765.8,66374.4,66555.9,24281.881
31/03/2026 15:00,66556,67262.2,66555.9,66700,16438.359
31/03/2026 16:00,66700,67985.5,66695.9,67632.6,17863.811
31/03/2026 17:00,67632.6,68600,67357.1,67493.9,31074.877
31/03/2026 18:00,67493.8,67929.7,67488,67814.6,6671.407
31/03/2026 19:00,67814.5,67996,67671.3,67803,4561.967
31/03/2026 20:00,67803,68234,67794.8,68227.2,5345.004
31/03/2026 21:00,68227.3,68382.9,67840.4,68234.6,4214.782
31/03/2026 22:00,68234.7,68306.9,67919.5,68141.6,3539.41
31/03/2026 23:00,68141.7,68332.6,68050,68241.5,3204.005
01/04/2026 0:00,68241.4,68305.1,67808.1,68288,5899.344
01/04/2026 1:00,68288,68330,67707.5,67746.4,5867.034
01/04/2026 2:00,67746.4,67881.2,67534.9,67623.8,4392.19
01/04/2026 3:00,67623.9,68214.5,67623.9,68134,4893.429
01/04/2026 4:00,68134,68450,67965,68272.3,6806.107
01/04/2026 5:00,68272.3,68732.5,68114.5,68418.2,8388.28
01/04/2026 6:00,68418.3,69220,68418.2,69069.1,14347.278
01/04/2026 7:00,69069.1,69288,68631.1,68651.9,9948.863
01/04/2026 8:00,68651.9,68821.5,68425.5,68630.8,7971.803
01/04/2026 9:00,68630.9,68702.3,68360,68608.4,5165.172
01/04/2026 10:00,68608.4,68632.1,68370.1,68545.1,3236.913
01/04/2026 11:00,68545.2,68702.3,68471.5,68669.9,3332.164
01/04/2026 12:00,68670,68773.9,68220.9,68363.8,9084.82
01/04/2026 13:00,68364.1,68650,67883.7,68091.4,12785.834
01/04/2026 14:00,68091.4,68657.1,68020,68559.1,8903.706
01/04/2026 15:00,68559.2,68938.8,68380.3,68877,7696.492
01/04/2026 16:00,68876.9,68961.6,68570,68781.1,6621.467
01/04/2026 17:00,68781.1,69142.6,68212.1,68239.7,8742.133
01/04/2026 18:00,68239.7,68313.8,67900.4,68054.2,8261.383
01/04/2026 19:00,68054.2,68269.9,68000,68143.8,3616.318
01/04/2026 20:00,68143.7,68217.8,67927,68159.8,2825.356
01/04/2026 21:00,68159.7,68510.6,68136.5,68324.7,3518.395
01/04/2026 22:00,68324.8,68324.8,68032.9,68088.4,2650.481
01/04/2026 23:00,68088.5,68220.9,67952.2,68086.5,2321.258
02/04/2026 0:00,68086.4,68639.1,68013.3,68565.1,4810.862
02/04/2026 1:00,68565.2,68565.2,67000.3,67316.4,28476.843
02/04/2026 2:00,67316.4,67316.4,66590,66821.6,10945.857
02/04/2026 3:00,66821.6,66931.9,66455.9,66538.4,6817.005
02/04/2026 4:00,66538.4,66617.7,66171.8,66300.2,7198.698
02/04/2026 5:00,66300.2,66628.8,66270,66558.2,7378.976
02/04/2026 6:00,66558.2,66798.9,66506.4,66652.9,6658.861
02/04/2026 7:00,66653,66898.5,66521.4,66887.9,3805.262
02/04/2026 8:00,66887.8,66887.9,66372.9,66418.2,5263.115
02/04/2026 9:00,66418.1,66487.7,66256,66428.6,4756.07
02/04/2026 10:00,66428.7,66471.9,66188.1,66424,3978.965
02/04/2026 11:00,66424.1,66449.7,66065.1,66180.6,5811.944
02/04/2026 12:00,66180.6,66215.2,65919.1,66014.2,9031.717
02/04/2026 13:00,66014.3,66250,65676.1,66227.3,15856.243
02/04/2026 14:00,66227.3,67080,66123,66822.4,20636.572
02/04/2026 15:00,66822.3,66960.7,66596.2,66810.6,8566.429
02/04/2026 16:00,66810.6,67234.4,66707.6,67050.1,7916.796
02/04/2026 17:00,67050,67400,66622.4,66641.4,12264.218
02/04/2026 18:00,66641.4,67044.8,66550,66941.6,5634.322
02/04/2026 19:00,66941.7,67082.9,66827.8,66943.2,3699.127
02/04/2026 20:00,66943.2,67078.9,66755.6,66906.3,3029.761
02/04/2026 21:00,66906.4,66993.4,66681.3,66910.7,2094.62
02/04/2026 22:00,66910.7,67008.5,66782,66954,2072.862
02/04/2026 23:00,66954,67070.2,66820.6,66868.5,1653.796
03/04/2026 0:00,66868.6,66976.2,66671,66761.8,2723.057
03/04/2026 1:00,66761.8,66881.3,66450,66599,4087.425
03/04/2026 2:00,66599.1,66726.7,66240,66504.6,7272.397
03/04/2026 3:00,66504.6,66698.5,66461,66550,4129.956
03/04/2026 4:00,66550.1,66666,66468,66578.8,1744.992
03/04/2026 5:00,66578.8,66789.6,66375.1,66574.9,3463.985
03/04/2026 6:00,66574.9,66770,66523.2,66762,2064.989
03/04/2026 7:00,66762.1,67233.3,66716.4,67008.8,6199.006
03/04/2026 8:00,67008.8,67258,66864.1,66935,4767.938
03/04/2026 9:00,66935.1,66976,66714.3,66828.9,2763.018
03/04/2026 10:00,66828.9,66871.9,66644,66845.3,2217.705
03/04/2026 11:00,66845.3,67041.9,66790.6,66983.4,2737.691
03/04/2026 12:00,66983.5,67350,66605.9,66690.4,8947.233
03/04/2026 13:00,66690.4,66707.1,66478.5,66644.6,6171.178
03/04/2026 14:00,66644.6,66968.1,66600,66900,4449.791
03/04/2026 15:00,66899.9,66999,66778.9,66806.1,2790.32
03/04/2026 16:00,66806,67046.1,66800,66972.5,2190.628
03/04/2026 17:00,66972.5,67040,66714.1,66811,3190.914
03/04/2026 18:00,66811,66899.7,66746.9,66783.7,1313.064
03/04/2026 19:00,66783.6,66882.9,66740.6,66857,1227.27
03/04/2026 20:00,66857,66888,66800,66800.1,776.851
03/04/2026 21:00,66800,66946.3,66791.8,66929.5,1612.364
03/04/2026 22:00,66929.4,66943,66813,66860,1236.07
03/04/2026 23:00,66859.9,66930,66800.7,66930,1189.991
04/04/2026 0:00,66930,66935.3,66838.9,66863.4,939.228
04/04/2026 1:00,66863.4,66895.7,66795.8,66820,1195.529
04/04/2026 2:00,66820,66891.4,66773.3,66814.1,1049.257
04/04/2026 3:00,66814,66875.4,66798.8,66799.1,718.718
04/04/2026 4:00,66799.1,66840,66745.5,66833.5,802.699
04/04/2026 5:00,66833.5,66908.4,66817.8,66871,1487.395
04/04/2026 6:00,66871,67023.7,66871,66981.5,1922.566
04/04/2026 7:00,66981.5,67019.1,66904,66982,1794.695
04/04/2026 8:00,66982.1,67025,66874.5,66907.8,1638.621
04/04/2026 9:00,66907.8,66958.2,66882.1,66952.1,884.97
04/04/2026 10:00,66952.1,67150.3,66880.9,67139.1,2711.761
04/04/2026 11:00,67139.1,67223.8,67050,67128.9,2757.579
04/04/2026 12:00,67128.9,67152.5,67025.2,67062,1463.379
04/04/2026 13:00,67061.9,67245.3,67044.8,67170,2344.2
04/04/2026 14:00,67170,67193.3,67003.7,67177.6,4367.856
04/04/2026 15:00,67177.5,67554.5,67145.6,67357.3,8203.922
04/04/2026 16:00,67357.4,67500,67292,67335.2,5582.375
04/04/2026 17:00,67335.1,67386,67249.9,67302.3,1946.546
04/04/2026 18:00,67302.3,67350,67226.4,67265.7,1442.733
04/04/2026 19:00,67265.6,67523.8,67245.6,67262.7,2205.233
04/04/2026 20:00,67262.8,67269.4,67150.6,67240.2,1456.19
04/04/2026 21:00,67240.2,67452.7,67180.9,67325,1362.401
04/04/2026 22:00,67325,67438.7,67305.4,67368.9,1151.5
04/04/2026 23:00,67368.9,67371.4,67214.2,67271,1340.984
05/04/2026 0:00,67271.1,67279.2,67131.1,67177,1420.572
05/04/2026 1:00,67177,67200,67045.2,67060.6,1631.698
05/04/2026 2:00,67060.6,67154,66900,67144.3,3024.169
05/04/2026 3:00,67144.3,67166.9,67058,67113.5,827.213
05/04/2026 4:00,67113.4,67160,67034.8,67066.2,1007.637
05/04/2026 5:00,67066.3,67127.5,66822.8,66905.1,2325.371
05/04/2026 6:00,66905.2,66918.6,66575.5,66771.6,7701.988
05/04/2026 7:00,66771.6,66887.1,66685.3,66787.4,2881.334
05/04/2026 8:00,66787.4,66910,66782.1,66892.5,1538
05/04/2026 9:00,66892.6,67020.4,66862.3,66996,2024.531
05/04/2026 10:00,66996.1,67132.8,66928.1,67012.3,2032.778
05/04/2026 11:00,67012.4,67054.1,66934.4,66972.7,1308.905
05/04/2026 12:00,66972.7,66972.7,66650,66751.4,5228.659
05/04/2026 13:00,66751.5,66892.9,66666,66863.4,2779.283
05/04/2026 14:00,66863.5,66940.2,66783.1,66892.5,2313.054
05/04/2026 15:00,66892.6,67828.6,66792.6,67272.2,17243.801
05/04/2026 16:00,67272.2,67381,67132.2,67178.8,3833.608
05/04/2026 17:00,67178.9,67376.3,67150,67342.2,2318.157
05/04/2026 18:00,67342.2,67428.2,67246.6,67381.1,1759.782
05/04/2026 19:00,67381.2,67540,67250,67329.1,2721.463
05/04/2026 20:00,67329.1,67681.6,67302.4,67636.7,3902.447
05/04/2026 21:00,67636.7,67672.9,67377.2,67519.5,3003.776
05/04/2026 22:00,67519.5,68347.9,67313.6,68313,14605.362
05/04/2026 23:00,68313,69108,68232,68997.9,17484.581
06/04/2026 0:00,68997.9,69583,68997.9,69051.9,14169.018
06/04/2026 1:00,69051.9,69103.1,68761,68782.9,6282.17
06/04/2026 2:00,68782.9,69386.2,68740.2,69183.6,7133.971
06/04/2026 3:00,69183.6,69223.4,69026.6,69092.4,3887.373
06/04/2026 4:00,69092.3,69188,68943.3,69107.6,3311.978
06/04/2026 5:00,69107.6,69214.5,69052,69167.1,1991.853
06/04/2026 6:00,69167,69338.2,68769.6,68958.7,6473.617
06/04/2026 7:00,68958.8,69190.8,68800,69089.7,4997.301
06/04/2026 8:00,69089.8,69328.7,69047.7,69191.7,3993.886
06/04/2026 9:00,69191.7,70252.9,69180,69699.4,18431.974
06/04/2026 10:00,69699.4,69982.2,69666,69739.2,5348.035
06/04/2026 11:00,69739.2,69739.2,69524,69583.6,3764.749
06/04/2026 12:00,69583.5,69602.4,69283,69337.3,4709.786
06/04/2026 13:00,69337.4,69521.4,69200.1,69399.8,6493.035
06/04/2026 14:00,69399.7,69791.3,69088,69620,12807.333
06/04/2026 15:00,69620,69931.9,69490,69922.5,7526.043
06/04/2026 16:00,69922.4,70332.5,69737.6,69759.2,10741.826
06/04/2026 17:00,69759.2,69778.4,69240,69540.6,9573.939
06/04/2026 18:00,69540.6,69955.3,69436.4,69852.9,5050.802
06/04/2026 19:00,69852.8,69862.2,69543.8,69704.8,3330.826
06/04/2026 20:00,69704.8,69940,69578,69779.4,2833.907
06/04/2026 21:00,69779.5,69784.3,69400,69476.5,2367.163
06/04/2026 22:00,69476.5,69554.2,68777,68777.1,7405.076
06/04/2026 23:00,68777,68880.1,68227.5,68817.9,14131.575
07/04/2026 0:00,68817.9,69111.8,68682.7,68738.7,7076.461
07/04/2026 1:00,68738.6,68878.3,68291,68363.9,7228.844
07/04/2026 2:00,68363.9,68684.6,68241.9,68640.3,5150.666
07/04/2026 3:00,68640.3,68780,68586.5,68746.3,2875.385
07/04/2026 4:00,68746.4,68955.6,68510.5,68819.3,4248.648
07/04/2026 5:00,68819.2,68831,68577.6,68627.5,2555.837
07/04/2026 6:00,68627.4,68635.9,68400.6,68540,3505.289
07/04/2026 7:00,68539.9,68677.8,68470,68592.1,2041.225
07/04/2026 8:00,68592,68963.4,68570.7,68907.1,4642.324
07/04/2026 9:00,68907.1,69219,68900,69109.8,6058.021
07/04/2026 10:00,69109.9,69170,68151.8,68196,13660.183
07/04/2026 11:00,68196.1,68430.1,68033,68310.8,7993.096
07/04/2026 12:00,68310.7,68579.3,68039.8,68367,7657.761
07/04/2026 13:00,68366.9,68613.8,68168,68208.1,8543.123
07/04/2026 14:00,68208.1,68232.1,67741,67831,14376.041
07/04/2026 15:00,67831.1,68250,67711,68138.4,7962.196
07/04/2026 16:00,68138.5,68431.8,68049.9,68207.2,6229.966
07/04/2026 17:00,68207.2,68996,68164.5,68670,7980.601
07/04/2026 18:00,68670.1,68746.7,68318.1,68413.7,4727.513
07/04/2026 19:00,68413.7,69068.6,68315.3,68975.9,9428.713
07/04/2026 20:00,68975.9,69500,68975.9,69285.2,9691.622
07/04/2026 21:00,69285.3,70200,69273.3,69886.7,18637.709
07/04/2026 22:00,69886.7,71499.9,69886.6,71479.9,31964.577
07/04/2026 23:00,71479.9,72743.4,71155,71890.2,38592.446
08/04/2026 0:00,71890.2,72086.4,71505.2,71681.9,12154.36
08/04/2026 1:00,71681.9,71732.6,71416.9,71446.5,5646.636
08/04/2026 2:00,71446.5,71698,71186,71330,6209.708
08/04/2026 3:00,71329.9,71449.9,71231.3,71259.6,2746.993
08/04/2026 4:00,71259.7,71649.8,71250,71528.6,5039.55
08/04/2026 5:00,71528.6,71797,71516.3,71701.6,3933.249
08/04/2026 6:00,71701.5,71919,71539.2,71697.5,4019.369
08/04/2026 7:00,71697.4,71873.7,71551.8,71612,4017.693
08/04/2026 8:00,71612.1,71808.5,71612,71776,3116.268
08/04/2026 9:00,71776,71945,71555.3,71655.4,3363.095
08/04/2026 10:00,71655.4,71782.1,71415.3,71445.7,3263.796
08/04/2026 11:00,71445.7,71687.6,71367,71650.2,4717.931
08/04/2026 12:00,71650.2,72169.5,71542.6,72023.6,10583.578
08/04/2026 13:00,72023.6,72858.5,71460.1,71563.2,37732.505
08/04/2026 14:00,71563.2,71723.8,70671.6,70888,20733.852
08/04/2026 15:00,70888,71327.2,70796.4,71274.8,10170.443
08/04/2026 16:00,71274.9,71655,71218.9,71560.9,7730.29
08/04/2026 17:00,71561,71934.5,71447.4,71847.5,8262.334
08/04/2026 18:00,71847.5,71847.7,71035.8,71064.9,10227.962
08/04/2026 19:00,71064.9,71333,70980,71283,5944.079
08/04/2026 20:00,71283,71444.8,71226,71336.9,2304.428
08/04/2026 21:00,71337,71726.7,71293.2,71509.5,3112.217
08/04/2026 22:00,71509.6,71536.2,71024.2,71024.3,3942.192
08/04/2026 23:00,71024.2,71198.4,70850.9,71038.1,4405.964
09/04/2026 0:00,71038.2,71107,70622.9,70779,5843.19
09/04/2026 1:00,70779,70940.8,70428,70900,7732.073
09/04/2026 2:00,70899.9,71168,70777,71029.7,4609.518
09/04/2026 3:00,71029.6,71091.9,70818,70961.2,3009.072
09/04/2026 4:00,70961.2,70980.5,70700,70760.1,3066.357
09/04/2026 5:00,70760.1,71063,70666,70959.7,3706.321
09/04/2026 6:00,70959.6,71058.6,70780.1,70998.8,2557.88
09/04/2026 7:00,70998.8,71087.8,70913.5,70945,2671.884
09/04/2026 8:00,70945,71342,70831.9,71207.6,4857.915
09/04/2026 9:00,71207.5,71533,71060.9,71488.7,5655.474
09/04/2026 10:00,71488.7,71498.9,71234.7,71234.7,3102.242
09/04/2026 11:00,71234.7,71317,71007.8,71109.9,3694.561
09/04/2026 12:00,71109.9,71299.6,70978.8,71245,3685.525
09/04/2026 13:00,71244.9,71320,70590,70765.2,9043.698
09/04/2026 14:00,70765.2,71224.5,70470.2,71083.5,10350.748
09/04/2026 15:00,71083.4,72320,70887.8,72108,26071.831
09/04/2026 16:00,72108,72377.4,71688.8,72048,13698.746
09/04/2026 17:00,72048.1,72517.9,72028.2,72306.9,12725.975
09/04/2026 18:00,72307,72339,71705,71849.3,6911.03
09/04/2026 19:00,71849.3,72267.3,71701.3,72055.9,8541.443
09/04/2026 20:00,72055.8,72419.8,71945,72377.6,4197.604
09/04/2026 21:00,72377.6,72666.6,72102.5,72230.1,5983.887
09/04/2026 22:00,72230.2,73128,71911.1,71911.2,15253.827
09/04/2026 23:00,71911.1,71999,71539.9,71750.4,8835.656
10/04/2026 0:00,71750.4,71995.8,71546,71932.3,6397.971
10/04/2026 1:00,71932.3,72350,71620.6,72124,8235.607
10/04/2026 2:00,72124,72255,71882.3,71926.3,4051.442
10/04/2026 3:00,71926.2,71993,71770.5,71837.3,3030.935
10/04/2026 4:00,71837.3,72199.9,71781.9,72088.8,3096.039
10/04/2026 5:00,72088.8,72243.6,71973.8,72098.6,2811.713
10/04/2026 6:00,72098.4,72154.8,71759,71778.1,3516.103
10/04/2026 7:00,71778.1,71821.1,71382.1,71461.2,7061.726
10/04/2026 8:00,71461.2,71730,71395,71571.6,5531.598
10/04/2026 9:00,71571.6,71840.8,71555.8,71746.2,3388.617
10/04/2026 10:00,71746.1,71910,71658.8,71872.4,3363.748
10/04/2026 11:00,71872.5,72229,71861.5,72092.7,6834.269
10/04/2026 12:00,72092.8,72467.3,71960.5,72225.5,12107.361
10/04/2026 13:00,72225.4,72381,71868.5,72284,7453.352
10/04/2026 14:00,72283.9,73123.9,72209.8,72870.6,24555.643
10/04/2026 15:00,72870.6,73255.7,72309.5,72421,13827.109
10/04/2026 16:00,72421.1,73024.1,72350,72954,8170.92
10/04/2026 17:00,72954,73125.1,72750,73079.9,4994.395
10/04/2026 18:00,73079.9,73127.6,72830.7,73056.7,4415.006
10/04/2026 19:00,73056.7,73223.4,72850.5,73187.3,5777.684
10/04/2026 20:00,73187.4,73450,72995.8,73310.5,8258.764
10/04/2026 21:00,73310.5,73311.5,72883.7,73156.2,2777.08
10/04/2026 22:00,73156.2,73213.4,72669.1,72834.2,4476.923
10/04/2026 23:00,72834.2,72925,72744.1,72917.4,2435.661
11/04/2026 0:00,72917.4,72917.4,72730.8,72792.5,1856.28
11/04/2026 1:00,72792.5,72972.5,72615,72920.1,3067.207
11/04/2026 2:00,72920.1,73066.2,72872.6,72928.3,3039.481
11/04/2026 3:00,72928.2,73048.5,72769.4,72835.1,2161.031
11/04/2026 4:00,72835.1,72921.5,72633.5,72771.2,4560.284
11/04/2026 5:00,72771.3,72800,72631,72680,2073.16
11/04/2026 6:00,72680,72738,72566.4,72727.5,2678.317
11/04/2026 7:00,72727.5,72790.9,72630,72707.7,2594.582
11/04/2026 8:00,72707.8,72767.5,72595,72625.4,1952.428
11/04/2026 9:00,72625.4,72883,72580,72874,3161.384
11/04/2026 10:00,72874.1,72886,72723.2,72801.2,1747.576
11/04/2026 11:00,72801.3,72874.1,72781.4,72868.2,1252.593
11/04/2026 12:00,72868.2,72945,72760.3,72895.6,2157.533
11/04/2026 13:00,72895.6,72895.6,72451.9,72612.2,6262.79
11/04/2026 14:00,72612.3,72728.5,72560.4,72660.9,1953.307
11/04/2026 15:00,72660.8,72869.9,72638.8,72817.3,2043.715
11/04/2026 16:00,72817.3,73180,72775.3,72991.3,5048.943
11/04/2026 17:00,72991.3,73140.8,72900.1,73056.2,2137.239
11/04/2026 18:00,73056.2,73700,72990.2,73515.9,10134.865
11/04/2026 19:00,73515.9,73773.4,73400.4,73635.9,6313.742
11/04/2026 20:00,73635.9,73648.8,73183.5,73252.9,3776.169
11/04/2026 21:00,73252.8,73500,73155,73384.7,2632.347
11/04/2026 22:00,73384.7,73529,73183.4,73333.3,3102.654
11/04/2026 23:00,73333.3,73333.4,72861.2,73013.4,4462.043
12/04/2026 0:00,73013.4,73077.6,72817.4,73038.8,2584.79
12/04/2026 1:00,73038.7,73094.4,71259,71598.7,25394.345
12/04/2026 2:00,71598.7,72000,71302,71723.7,10553.114
12/04/2026 3:00,71723.7,71831.8,71556.3,71563.6,4636.933
12/04/2026 4:00,71563.6,71656.3,71407.7,71428.7,3979.59
12/04/2026 5:00,71428.7,71750,71369.7,71665.1,4332.298
12/04/2026 6:00,71665,71728,71602,71618.9,2011.767
12/04/2026 7:00,71618.8,71716.2,71541.4,71628.1,1699.934
12/04/2026 8:00,71628.2,71750,71555,71592.3,1973.322
12/04/2026 9:00,71592.4,71600,71461.7,71502.4,1676.216
12/04/2026 10:00,71502.3,71655.2,71309.7,71416.1,2947.051
12/04/2026 11:00,71416.1,71510,71384.3,71435,2223.504
12/04/2026 12:00,71435,71478,71000,71050.1,8813.353
12/04/2026 13:00,71050,71117.2,70818.7,70861.5,11631.888
12/04/2026 14:00,70861.4,71063.8,70655.6,70714.3,7906.214
12/04/2026 15:00,70714.3,70898,70566.5,70856.2,6590.007
12/04/2026 16:00,70856.1,70926.7,70777,70890.9,2601.419
12/04/2026 17:00,70890.8,71188,70853.1,71099.9,4177.012
12/04/2026 18:00,71100,71177.3,71010,71092.6,2607.767
12/04/2026 19:00,71092.5,71199,71034.6,71055.2,2131.614
12/04/2026 20:00,71055.2,71417.9,70920.4,71302.9,5128.901
12/04/2026 21:00,71302.8,71423.9,71110.3,71331.7,2565.008
12/04/2026 22:00,71331.4,71332.4,70458.2,70875.6,13082.45
12/04/2026 23:00,70875.5,70882.4,70533,70711.1,3574.492
13/04/2026 0:00,70711.2,71225,70574,71130,5326.491
13/04/2026 1:00,71129.9,71193.6,70990.7,71156.1,3835.131
13/04/2026 2:00,71156,71245,70941.4,71047,3419.461
13/04/2026 3:00,71047,71128.8,70874.4,70944.8,2551.518
13/04/2026 4:00,70944.8,71114.9,70812.7,70854.3,2218.709
13/04/2026 5:00,70854.4,70892.4,70627.9,70847.8,2818.291
13/04/2026 6:00,70847.7,71068,70843.7,70989.6,2518.392
13/04/2026 7:00,70989.7,71045.1,70640.3,70780,3837.005
13/04/2026 8:00,70780.1,70833,70517.3,70644.8,3558.489
13/04/2026 9:00,70644.9,70875.3,70634.9,70758.4,2639.981
13/04/2026 10:00,70758.3,70814.2,70643.5,70716,1970.778
13/04/2026 11:00,70716,70960.3,70700.3,70883.9,3104.39
13/04/2026 12:00,70883.9,71188,70722.3,71043,5697.803
13/04/2026 13:00,71043,71677.9,70780,71623,17540.464
13/04/2026 14:00,71623,72358.5,71326.3,72347.2,20806.65
13/04/2026 15:00,72347.1,72431,71600.1,71823.6,13405.348
13/04/2026 16:00,71823.6,72393.8,71629.5,72157.3,13649.973
13/04/2026 17:00,72157.4,72549.2,72015.5,72101,11559.413
13/04/2026 18:00,72100.9,72424.9,72000,72380,5777.54
13/04/2026 19:00,72380.1,73441.7,72248.5,73272.2,25327.444
13/04/2026 20:00,73272.1,73349.3,72953.3,73098.9,9281.046
13/04/2026 21:00,73098.8,73329.4,73026.7,73140,3643.338
13/04/2026 22:00,73140,74750,73130,74599.9,31775.073
13/04/2026 23:00,74600,74870,74367.6,74385,16766.791
14/04/2026 0:00,74384.9,74493.4,74057.7,74127.9,8218.546
14/04/2026 1:00,74127.9,74400,73946.9,74345.5,4810.747
14/04/2026 2:00,74345.5,74583.1,74236.1,74294.4,3853.264
14/04/2026 3:00,74294.5,74461.9,74212.8,74408.8,2768.526
14/04/2026 4:00,74408.8,74476.1,74316.9,74355.5,2265.702
14/04/2026 5:00,74355.5,74401.8,74112.2,74184.5,3115.487
14/04/2026 6:00,74184.5,74519.9,74184.5,74485,3312.115
14/04/2026 7:00,74485.1,74900,74395.6,74513.4,7521.321
14/04/2026 8:00,74513.3,74873.5,74419.1,74713.9,5411.496
14/04/2026 9:00,74714,74799.5,74403.1,74471.9,4221.747
14/04/2026 10:00,74471.9,74581.7,74300,74309.8,3610.194
14/04/2026 11:00,74309.8,74430,74267.2,74342.4,2981.975
14/04/2026 12:00,74342.4,74459.6,74234,74416.7,4585.221
14/04/2026 13:00,74416.7,75484,74366,75471.2,21163.234
14/04/2026 14:00,75471.1,76009,74964.7,74966.3,32074.453
14/04/2026 15:00,74966.3,75396.9,74514.1,75268.1,17275.135
14/04/2026 16:00,75268.1,75684.9,74450,74597.1,13496.273
14/04/2026 17:00,74597.2,74902.7,74200.2,74699.9,9405.722
14/04/2026 18:00,74699.9,74765,73789.7,74050,11823.288
14/04/2026 19:00,74049.9,74362.8,73833.5,74176.4,7221.741
14/04/2026 20:00,74176.5,74387.7,73960,74059,3417.497
14/04/2026 21:00,74058.9,74295.7,73903.8,74230.3,2657.168
14/04/2026 22:00,74230.3,74339.4,73766.8,73987.5,4679.75
14/04/2026 23:00,73987.6,74200.1,73961.3,74106.9,3370.888
15/04/2026 0:00,74106.9,74635,74085,74520.3,6386.687
15/04/2026 1:00,74520.3,74739.2,74450.8,74568.3,3793.236
15/04/2026 2:00,74568.3,74653.4,74142.7,74280,3803.95
15/04/2026 3:00,74280,74338.9,74123.6,74296.8,2219.931
15/04/2026 4:00,74296.8,74400,74211.3,74290.8,1828.487
15/04/2026 5:00,74290.7,74390,73822.6,73983.2,5600.465
15/04/2026 6:00,73983.1,74015.7,73822,73851.1,2724.877
15/04/2026 7:00,73851,73987,73449,73705.1,9147.153
15/04/2026 8:00,73705.2,74154.3,73640.1,74070.4,4910.157
15/04/2026 9:00,74070.4,74143.5,73868,73968.3,2961.195
15/04/2026 10:00,73968.3,74222.7,73750,73825.9,5354.748
15/04/2026 11:00,73825.9,74227.5,73825.9,74155.1,4233.263
15/04/2026 12:00,74155,74473.5,74001.1,74228.7,5486.241
15/04/2026 13:00,74228.8,74397,73769.5,74015.8,7645.902
15/04/2026 14:00,74015.9,74466,73776.5,74108.8,9303.464
15/04/2026 15:00,74108.8,74290,73540,73797.5,9855.922
15/04/2026 16:00,73797.5,74145.2,73714.9,73900.4,5052.861
15/04/2026 17:00,73900.3,74197.1,73873.8,74099.1,3734.784
15/04/2026 18:00,74099,74369.2,74028,74349.1,3731.718
15/04/2026 19:00,74349.1,75240,74311.9,74957.8,12055.2
15/04/2026 20:00,74957.7,74991.5,74466.5,74796.8,6702.826
15/04/2026 21:00,74796.7,74816,74498.6,74703,2535.824
15/04/2026 22:00,74703.1,75425.6,74696,74931.3,7850.458
15/04/2026 23:00,74931.3,74932.1,74579,74776.2,4110.422
16/04/2026 0:00,74776.3,74839,74400,74772,4289.958
16/04/2026 1:00,74772.1,74772.1,74415,74612.8,2427.54
16/04/2026 2:00,74612.8,75232.7,74556.7,74840.8,5925.41
16/04/2026 3:00,74840.7,75123.5,74825.1,74851.9,3008.342
16/04/2026 4:00,74851.9,75130,74675.4,74899.9,7685.073
16/04/2026 5:00,74900,75100,74852.4,75006.1,2772.243
16/04/2026 6:00,75006,75079.1,74801.8,74985.9,2797.074
16/04/2026 7:00,74985.9,75039,74590.3,74667.7,3790.884
16/04/2026 8:00,74667.7,74711.8,74466.9,74634.3,4804.128
16/04/2026 9:00,74634.2,74866.9,74550,74558.7,3450.627
16/04/2026 10:00,74558.6,74621.1,74226.2,74267.8,7078.903
16/04/2026 11:00,74267.7,74537.3,74234.9,74528.4,5244.012
16/04/2026 12:00,74528.4,74836.6,74524.7,74577.7,5712.038
16/04/2026 13:00,74577.8,74981.1,73256.8,73755.9,21382.008
16/04/2026 14:00,73756,74155.7,73388,73937,16481.072
16/04/2026 15:00,73936.8,74880,73900,74659.5,13140.692
16/04/2026 16:00,74659.5,74901.6,74007.6,74140.6,9530.226
16/04/2026 17:00,74140.6,74410.7,73873.5,74301.6,6691.907
16/04/2026 18:00,74301.6,75073,74202,75000,7853.12
16/04/2026 19:00,75000.1,75378.1,74711,75309.4,8837.111
16/04/2026 20:00,75309.5,75500,74964.6,75188.9,6256.538
16/04/2026 21:00,75189,75245.7,74736.5,74902.2,3984.835
16/04/2026 22:00,74902.3,75090.8,74787.7,74833.9,2612.399
16/04/2026 23:00,74833.9,75149.1,74800,75106.8,2641.585
17/04/2026 0:00,75106.8,75118.4,74848.4,74900.2,2958.114
17/04/2026 1:00,74900.2,74998.2,74532.9,74707.6,4650.303
17/04/2026 2:00,74707.7,74770,74480,74670.6,2338.74
17/04/2026 3:00,74670.5,74814.1,74558.9,74582.8,3160.293
17/04/2026 4:00,74582.8,74818.1,74550,74748.4,1846.248
17/04/2026 5:00,74748.3,74770.5,74508.2,74604.8,2378.041
17/04/2026 6:00,74604.8,74904.2,74559.7,74895.1,3090.866
17/04/2026 7:00,74895.2,75060.4,74892.7,75047.4,4376.71
17/04/2026 8:00,75047.4,75869,74951.6,75749.8,14296.9
17/04/2026 9:00,75749.8,76350,75463.2,75746,21235.691
17/04/2026 10:00,75746.1,75853.7,75030.2,75229.7,13662.049
17/04/2026 11:00,75229.6,75564.7,75195.7,75542.2,4279.613
17/04/2026 12:00,75542.1,76235.4,75481.8,76195.6,13125.431
17/04/2026 13:00,76195.7,77376.3,76006.7,77294.3,49562.355
17/04/2026 14:00,77294.2,77999.9,76951.1,77825.1,31429.916
17/04/2026 15:00,77825.1,77940,77389,77736.2,13716.929
17/04/2026 16:00,77736.2,78300,77660,77805.1,15584.467
17/04/2026 17:00,77805.1,77870,77042,77465.3,12363.466
17/04/2026 18:00,77465.3,77521.3,77028.4,77112.1,6498.194
17/04/2026 19:00,77112,77429.8,76921.9,77348.8,6106.231
17/04/2026 20:00,77349.2,77566,77111,77283.7,3754.339
17/04/2026 21:00,77283.7,77459,77228.6,77400.1,1994.375
17/04/2026 22:00,77400,77477.1,77222.1,77261.8,2677.99
17/04/2026 23:00,77261.9,77267,76854.2,77030.6,4308.654
18/04/2026 0:00,77030.6,77216.2,76931,77135.1,2853.47
18/04/2026 1:00,77135.2,77287.9,77072.7,77175.9,2416.708
18/04/2026 2:00,77175.9,77380,77085.6,77249.5,2121.763
18/04/2026 3:00,77249.6,77254.3,76903.2,76964.3,2495.093
18/04/2026 4:00,76964.4,77131.8,76824.1,77065.9,3532.251
18/04/2026 5:00,77065.8,77233.6,77063.5,77085,2162.711
18/04/2026 6:00,77085.1,77177,77008,77078.7,1684.268
18/04/2026 7:00,77078.7,77086.5,76826.8,76951,3315.779
18/04/2026 8:00,76951,77004.2,76460,76695.1,10953.848
18/04/2026 9:00,76695.1,76695.1,76357.1,76557.1,6580.507
18/04/2026 10:00,76557.1,76557.2,76091.8,76150,9595.16
18/04/2026 11:00,76150,76150,75710.6,76002,10561.507
18/04/2026 12:00,76002,76277.4,76000,76168,5429.196
18/04/2026 13:00,76168,76176,75738,76080.5,5094.502
18/04/2026 14:00,76080.5,76268.2,75924.4,76211.2,3696.291
18/04/2026 15:00,76211.2,76342.7,75931.9,76124.8,3212.335
18/04/2026 16:00,76124.8,76176.6,75584.1,75897.9,8581.227
18/04/2026 17:00,75897.9,75930.5,75724.8,75783.9,3440.03
18/04/2026 18:00,75783.9,75805.1,75395.9,75603.7,8666.619
18/04/2026 19:00,75603.7,75761.1,75532.3,75604.2,2321.47
18/04/2026 20:00,75604.2,75799.9,75558.6,75706.1,1982.126
18/04/2026 21:00,75706.1,75795,75551,75766.5,1443.332
18/04/2026 22:00,75766.4,75836.9,75560,75765.5,2228.389
18/04/2026 23:00,75765.5,75843.3,75653.4,75653.8,1525.809
19/04/2026 0:00,75653.8,75804,75506.1,75627.3,2629.124
19/04/2026 1:00,75627.4,75757.7,75408.5,75577.4,2691.631
19/04/2026 2:00,75577.4,75692.3,75353,75450.1,2887.502
19/04/2026 3:00,75450,75607.9,75314,75473,2654.256
19/04/2026 4:00,75472.9,75747.3,75371.6,75623.7,3516.273
19/04/2026 5:00,75623.7,75650,75466.3,75505.1,2602.877
19/04/2026 6:00,75505.1,75505.1,75234.2,75359.7,3342.324
19/04/2026 7:00,75359.6,75363.2,74824.3,75205.6,8669.567
19/04/2026 8:00,75205.7,75250,75024.3,75220,2655.875
19/04/2026 9:00,75220.1,75232.1,74863.6,74974.6,3069.234
19/04/2026 10:00,74974.6,75199,74888,75175.5,2776.047
19/04/2026 11:00,75175.5,75589.2,75170,75557.4,5863.313
19/04/2026 12:00,75557.5,75665.7,75386.4,75529.3,5131.535
19/04/2026 13:00,75529.2,76200,75505.1,75877.9,11571.736
19/04/2026 14:00,75878,76100,75625.9,75971.3,5966.627
19/04/2026 15:00,75971.4,76116.8,75342.3,75807.6,6299.713
19/04/2026 16:00,75807.7,75817.7,75255.7,75345.6,4713.196
19/04/2026 17:00,75345.5,75348.4,74560,74742.4,12311.531
19/04/2026 18:00,74742.3,74876.9,74550,74736.2,5348.541
19/04/2026 19:00,74736.2,75043.1,74736.2,74917.9,2859.308
19/04/2026 20:00,74918,74920.2,74375,74591.6,5630.174
19/04/2026 21:00,74591.7,74776.3,74304.5,74379.5,3737.525
19/04/2026 22:00,74379.4,74379.5,73700.2,74005,16669.971
19/04/2026 23:00,74005,74018.6,73746.4,73758.4,5380.331
20/04/2026 0:00,73758.4,74322.9,73669,74228.1,9071.563
20/04/2026 1:00,74228.1,74697.6,74167.6,74549.4,5474.771
20/04/2026 2:00,74549.5,74588.3,74254.9,74364.5,2909.538
20/04/2026 3:00,74364.5,74600,74309.8,74593.9,3778.122
20/04/2026 4:00,74593.9,74598.1,74389.1,74523.7,1990.29
20/04/2026 5:00,74523.7,74523.7,74061.2,74226.5,3849.183
20/04/2026 6:00,74226.5,74860,74206.7,74751.1,5500.076
20/04/2026 7:00,74751.2,75539.3,74618,74795.5,14105.339
20/04/2026 8:00,74795.5,74970.5,74563.2,74691.7,5466.57
20/04/2026 9:00,74691.7,75200,74660.8,75028.8,5031.636
20/04/2026 10:00,75028.9,75375.1,74964.8,74993.2,4324.018
20/04/2026 11:00,74993.3,75243,74907.1,75148.7,3197.964
20/04/2026 12:00,75148.8,75633,74939.1,75245,7621.821
20/04/2026 13:00,75245.1,75392,74811.7,75232.8,9118.652
20/04/2026 14:00,75232.7,75734,74873.1,75000.1,12377.784
20/04/2026 15:00,75000.1,75750,74639.5,75668.1,13391.763
20/04/2026 16:00,75668.1,75676.3,75250,75300,5228.528
20/04/2026 17:00,75300,75975.4,75242.5,75853.7,8252.788
20/04/2026 18:00,75853.7,76439,75853.7,76388.8,14061.343
20/04/2026 19:00,76389.3,76449.8,76105.6,76252.5,11150.177
20/04/2026 20:00,76252.5,76531,76072.9,76229.9,8890.15
20/04/2026 21:00,76230,76323.9,75721.7,75909.5,5425.27
20/04/2026 22:00,75909.4,76105.4,75851.1,75927.7,2157.72
20/04/2026 23:00,75927.7,75927.7,75556.2,75790.1,3774.601
21/04/2026 0:00,75790.1,76054,75650,76050,3649.862
21/04/2026 1:00,76049.9,76232.3,75798.6,75887,3218.622
21/04/2026 2:00,75887.1,75889.9,75532,75540,3920.912
21/04/2026 3:00,75540,75680,75433.1,75669.1,3049
21/04/2026 4:00,75669.1,75790.3,75558.8,75768.3,2636.054
21/04/2026 5:00,75768.2,75947.1,75732.3,75760.8,3034.91
21/04/2026 6:00,75760.7,76088,75658.3,75930.5,3253.014
21/04/2026 7:00,75930.4,76276.6,75770,76050,5348.542
21/04/2026 8:00,76050,76999,76025,76462.4,9688.673
21/04/2026 9:00,76462.4,76565.2,76103.3,76324.2,6005.276
21/04/2026 10:00,76324.2,76844.5,76306.3,76702.1,5702.752
21/04/2026 11:00,76702.2,76716.7,76281.1,76408.3,6424.41
21/04/2026 12:00,76408.3,76491.1,75631.2,75972.8,13349.788
21/04/2026 13:00,75972.9,76144,75688,75859.9,7392.452
21/04/2026 14:00,75860,76574.3,75571.7,75628.9,17784.574
21/04/2026 15:00,75628.9,75950.2,75355.2,75799.9,9750.346
21/04/2026 16:00,75800,76155,75705.4,75739.2,5816.389
21/04/2026 17:00,75739.3,75875.1,75017.8,75516,14476.413
21/04/2026 18:00,75515.9,75639.6,75273,75563.1,4921.306
21/04/2026 19:00,75563.1,75900,74777.9,74988.6,13354.564
21/04/2026 20:00,74988.7,75824.8,74942.2,75649.4,10187.902
21/04/2026 21:00,75649.3,75732.5,75402.9,75506.4,1945.077
21/04/2026 22:00,75506.4,75608.6,75250,75598.6,2856.061
21/04/2026 23:00,75598.6,76396.2,75570.3,76288.2,6994.088
22/04/2026 0:00,76288.3,76471.2,76170,76327.1,5396.425
22/04/2026 1:00,76327.1,76380,76078.6,76267.3,3004.863
22/04/2026 2:00,76267.4,77613,76183.7,77568.1,20988.269
22/04/2026 3:00,77568,77699,77366,77488.3,9672.167
22/04/2026 4:00,77488.4,77670.8,77321.7,77475.5,4496.121
22/04/2026 5:00,77475.4,78447.5,77406,77954.4,26969.743
22/04/2026 6:00,77954.4,78008.8,77860,77971.6,4519.224
22/04/2026 7:00,77971.5,78098,77774.3,77979.8,5242.797
22/04/2026 8:00,77979.7,78186,77895.3,77970,5187.109
22/04/2026 9:00,77970,78152.8,77912.1,77959.9,3001.63
22/04/2026 10:00,77959.9,78151,77908.6,78117.8,2672.693
22/04/2026 11:00,78117.8,78365.8,78054.5,78263.2,4820.256
22/04/2026 12:00,78263.2,78490.8,78060,78196.6,6410.168
22/04/2026 13:00,78196.6,78799,78120.1,78794.5,12886.624
22/04/2026 14:00,78794.4,79142.8,78511.1,78996.8,20184.835
22/04/2026 15:00,78996.7,79370,78800.3,79234.3,13529.874
22/04/2026 16:00,79234.3,79444,78586.7,78705.1,11368.472
22/04/2026 17:00,78705.1,78998.6,78660,78869.8,5456.211
22/04/2026 18:00,78869.8,79129.8,78783.7,78989.5,3353.919
22/04/2026 19:00,78989.5,79020,78654.6,78791.3,6915.525
22/04/2026 20:00,78791.3,78868.9,78360,78395.8,5886.107
22/04/2026 21:00,78395.8,78788.3,78361.4,78713.8,2432.296
22/04/2026 22:00,78713.9,78784,78403.2,78552.1,2555.67
22/04/2026 23:00,78552.1,78559.2,78111.6,78139.8,4136.098
23/04/2026 0:00,78139.7,78534.9,77526.8,78389.9,12884.746
23/04/2026 1:00,78390,78445.2,78015,78311,3983.736
23/04/2026 2:00,78310.9,78320,77715,77897.6,5149.543
23/04/2026 3:00,77897.6,77991.7,77410.7,77704.3,7028.582
23/04/2026 4:00,77704.3,77912,77627.4,77871.6,4028.953
23/04/2026 5:00,77871.5,78093.2,77724.4,77991.9,4466.369
23/04/2026 6:00,77992,78310.1,77992,78167,5625.923
23/04/2026 7:00,78167,78210.9,77925.9,78009.1,3450.478
23/04/2026 8:00,78009.1,78142.2,77680,77822.1,5585.852
23/04/2026 9:00,77822.1,77830,77400.2,77613,7413.85
23/04/2026 10:00,77613,77678.3,76504.6,77362.9,17017.695
23/04/2026 11:00,77363,77709.1,77321.6,77649.9,5446.003
23/04/2026 12:00,77650,77837.6,77460.4,77826.8,8226.825
23/04/2026 13:00,77826.8,77875.7,77322.8,77486.7,5854.6
23/04/2026 14:00,77486.6,78176,77378.4,78132.8,9478.995
23/04/2026 15:00,78132.8,78648,77929,78329.2,11934.225
23/04/2026 16:00,78329.3,78466.8,77965.8,78049,5475.753
23/04/2026 17:00,78049.1,78137.8,76900.1,77715.2,21713.346
23/04/2026 18:00,77715.1,78100,77617.8,77631.7,10340.909
23/04/2026 19:00,77631.5,77859.9,77543.4,77670.5,5665.343
23/04/2026 20:00,77670.4,78020,77598.4,77841.3,3884.977
23/04/2026 21:00,77841.3,78044.2,77743.3,77819.6,1877.423
23/04/2026 22:00,77819.5,78299,77819.5,78194.2,3629.261
23/04/2026 23:00,78194.1,78266,77983.5,78216.8,2321.625
24/04/2026 0:00,78217.4,78459.1,78120,78376.7,2948.463
24/04/2026 1:00,78376.7,78399,77901,78369.9,5826.227
24/04/2026 2:00,78369.8,78546,77986,78074,5936.447
24/04/2026 3:00,78074,78134,77500,77690.1,8698.496
24/04/2026 4:00,77690.1,77814.7,77413,77620.5,3937.802
24/04/2026 5:00,77620.5,78019.2,77401.5,77911,6692.759
24/04/2026 6:00,77911.1,77945,77704,77741.9,2572.11
24/04/2026 7:00,77742,77814,77500,77620.5,4052.743
24/04/2026 8:00,77620.5,77987.2,77530.1,77744.6,4542.119
24/04/2026 9:00,77744.6,77773.9,77355.8,77497.2,5508.841
24/04/2026 10:00,77497.2,77765.5,77410,77715.2,3019.545
24/04/2026 11:00,77715.2,78346.1,77715.1,78194.8,12224.384
24/04/2026 12:00,78194.9,78309.2,77963.6,78233,4968.19
24/04/2026 13:00,78233,78432.9,77870,78050.1,8477.317
24/04/2026 14:00,78050,78060.5,77639,77986.4,8895.171
24/04/2026 15:00,77986.3,78199,77521,78007.3,9049.207
24/04/2026 16:00,78007.3,78031.9,77543.4,77732.7,6053.347
24/04/2026 17:00,77732.6,77792.9,77414.4,77644.6,7098.563
24/04/2026 18:00,77644.5,77681.6,77308,77579.2,4310.364
24/04/2026 19:00,77579.2,77711,77485.1,77596.1,2617.26
24/04/2026 20:00,77596,77727,77412.8,77688.2,3057.022
24/04/2026 21:00,77688.2,77718.5,77490,77490.1,1860.883
24/04/2026 22:00,77490,77579.9,77206.8,77294.5,3447.77
24/04/2026 23:00,77294.6,77439.1,77288.9,77395.4,1987.975
25/04/2026 0:00,77395.3,77459.7,77254.7,77419.9,1878.806
25/04/2026 1:00,77420,77579.3,77392.7,77490,1991.297
25/04/2026 2:00,77490,77608.2,77450,77567.6,1315.087
25/04/2026 3:00,77567.6,77678,77500,77629,1474.251
25/04/2026 4:00,77629,77653.2,77545,77579.5,949.516
25/04/2026 5:00,77579.5,77579.5,77438.1,77475.8,1311.61
25/04/2026 6:00,77475.8,77547,77437,77458.8,1193.859
25/04/2026 7:00,77458.9,77533.2,77400,77449.9,1791.902
25/04/2026 8:00,77449.9,77615.6,77444,77603.3,1450.313
25/04/2026 9:00,77603.4,77736.8,77536.2,77672.5,1877.998
25/04/2026 10:00,77672.6,77847,77672.5,77749.3,2789.797
25/04/2026 11:00,77749.3,77749.3,77564,77638.7,2448.382
25/04/2026 12:00,77638.7,77673,77500.1,77518.3,1903.699
25/04/2026 13:00,77518.3,77676.5,77518.3,77650.1,1504.373
25/04/2026 14:00,77650.1,77719.1,77589.8,77618.2,1893.011
25/04/2026 15:00,77618.3,77691.1,77263,77289.3,4449.411
25/04/2026 16:00,77289.3,77411.8,77100,77364,5349.276
25/04/2026 17:00,77364,77379.7,77162,77213.4,1763.102
25/04/2026 18:00,77213.3,77353.6,77174.2,77256.8,1995.754
25/04/2026 19:00,77256.8,77312.6,77153,77285.6,1493.528
25/04/2026 20:00,77285.7,77450,77267.3,77439.1,1483.127
25/04/2026 21:00,77439,77500,77367,77492.9,1480.822
25/04/2026 22:00,77492.9,77599.9,77455.4,77513.2,1373.441
25/04/2026 23:00,77513.3,77615.7,77480.9,77585,1430.124
26/04/2026 0:00,77585,77607.7,77401.8,77457.4,2173.275
26/04/2026 1:00,77457.4,77531.6,77395.2,77417.4,1409.129
26/04/2026 2:00,77417.3,77553.9,77410,77480.1,1127.32
26/04/2026 3:00,77480,77500,77280,77349.3,1661.189
26/04/2026 4:00,77349.3,77777,77338.4,77727,3838.691
26/04/2026 5:00,77727.1,78164.7,77670.9,77949.4,7947.368
26/04/2026 6:00,77949.4,78012.2,77851.2,77963.2,1957.273
26/04/2026 7:00,77963.3,78085,77920.5,78061.5,1433.48
26/04/2026 8:00,78061.5,78182.8,77973.5,77989,2223.646
26/04/2026 9:00,77989.1,78020,77880,77971.8,1527.171
26/04/2026 10:00,77971.8,78017.7,77914.5,77961.4,1201.415
26/04/2026 11:00,77961.5,78114.5,77961.4,78050,1385.869
26/04/2026 12:00,78050,78063.5,77715,77795.5,3074.328
26/04/2026 13:00,77795.4,77953.2,77742.6,77940.1,2320.964
26/04/2026 14:00,77940,78136.5,77840.5,78053.4,3469.246
26/04/2026 15:00,78053.5,78091.3,77912.5,78007.9,2519.454
26/04/2026 16:00,78007.9,78055.7,77890,77890,1674.536
26/04/2026 17:00,77890.1,78026.9,77815,77976.7,1583.178
26/04/2026 18:00,77976.7,78326.2,77945.7,78238.1,5398.017
26/04/2026 19:00,78238.1,78477.9,77967.9,78183.1,6594.545
26/04/2026 20:00,78183.2,78355.1,78107,78150.1,1663.712
26/04/2026 21:00,78150,78994.8,77777,78369.7,9228.611
26/04/2026 22:00,78369.6,78821.1,77915.5,78274.7,8267.639
26/04/2026 23:00,78274.7,78870.3,77988.1,78613.5,6263.249
27/04/2026 0:00,78614.4,79338,78319.1,79263.7,10372.842
27/04/2026 1:00,79264.1,79455,78671.8,79245.3,10667.809
27/04/2026 2:00,79245.3,79268.8,78984.7,79082.9,4176.886
27/04/2026 3:00,79082.9,79273.4,79032.3,79065.1,3114.466
27/04/2026 4:00,79065.1,79128.1,78830,78882.6,3575.923
27/04/2026 5:00,78882.6,78904.1,77503.6,77730.6,28902.851
27/04/2026 6:00,77730.5,77834,77408.6,77657.9,9659.834
27/04/2026 7:00,77657.9,77698.2,77512.3,77556.7,3917.886
27/04/2026 8:00,77556.7,77775.3,77500,77763.5,4632.246
27/04/2026 9:00,77763.4,77949.9,77657.1,77856.1,5931.398
27/04/2026 10:00,77856.1,77903.1,77740.1,77806.7,2606.755
27/04/2026 11:00,77806.7,77854.2,77700,77804.3,1914.929
27/04/2026 12:00,77804.3,77835.7,77575,77627.4,4219.551
27/04/2026 13:00,77627.3,77930.3,77516.4,77700,7031.14
27/04/2026 14:00,77700.3,78232,77627.2,77776,9667.156
27/04/2026 15:00,77775.9,77796.3,76524,76760,24615.058
27/04/2026 16:00,76760,76829.1,76509.7,76587.9,7100.753
27/04/2026 17:00,76587.9,76902.7,76585.4,76702.3,5273.641
27/04/2026 18:00,76702.3,76858.5,76623.1,76790.7,2159.377
27/04/2026 19:00,76790.6,76863,76400,76844.4,5721.293
27/04/2026 20:00,76844.3,77037,76780.9,76915.8,2744.525
27/04/2026 21:00,76915.8,76944.5,76740.3,76741.4,1559.525
27/04/2026 22:00,76741.4,77037,76714.8,77025.8,3020.956
27/04/2026 23:00,77025.8,77419.7,76971.5,77331.2,6514.083
28/04/2026 0:00,77331.2,77450,77171.1,77334.9,4722.234
28/04/2026 1:00,77334.9,77356.8,76989,77047.2,3331.975
28/04/2026 2:00,77047.2,77187.7,76632.4,76845,5540.628
28/04/2026 3:00,76844.9,76866.5,76633,76770.6,2711.856
28/04/2026 4:00,76770.6,76921.8,76654.6,76845.2,2736.878
28/04/2026 5:00,76845.2,77132.4,76760.9,76848,4399.965
28/04/2026 6:00,76848.1,76985.1,76525.6,76664.9,4227.65
28/04/2026 7:00,76665,76888,76324.1,76828.4,6137.08
28/04/2026 8:00,76828.3,76956,76701,76820.1,3054.31
28/04/2026 9:00,76820,76823.6,76443,76557.2,2792.382
28/04/2026 10:00,76557.3,76657,76427.8,76580.1,2723.919
28/04/2026 11:00,76580.1,76612.3,76088,76198.8,7667.234
28/04/2026 12:00,76198.9,76403.7,76129,76345.6,5418.068
28/04/2026 13:00,76345.6,76388,75904.4,76158.2,10356.863
28/04/2026 14:00,76158.4,76175,75635.6,75920,11447.593
28/04/2026 15:00,75920,76053,75789.6,76027.8,5697.881
28/04/2026 16:00,76027.7,76224.2,75840.3,76091.7,3808.818
28/04/2026 17:00,76091.7,76247,75915.2,76154.2,3441.505
28/04/2026 18:00,76154.1,76251,76100,76208.2,2834.587
28/04/2026 19:00,76208.1,76352,76032.3,76293.6,2431.825
28/04/2026 20:00,76293.5,76432.5,76287.1,76420,2552.304
28/04/2026 21:00,76420,76448,76217.8,76321.5,2075.404
28/04/2026 22:00,76321.5,76409.6,76178,76206.2,2016.484
28/04/2026 23:00,76206.1,76340.8,76150,76298.1,1791.434
29/04/2026 0:00,76298.2,76519.8,76227.5,76470.9,2818.37
29/04/2026 1:00,76471,76633.3,76138.7,76534.9,4055.817
29/04/2026 2:00,76535,76633.3,76350.8,76488.1,2303.457
29/04/2026 3:00,76488,77098.8,76466.5,76955.7,8580.322
29/04/2026 4:00,76955.7,77432.1,76839.8,77224.2,10431.888
29/04/2026 5:00,77224.1,77298.9,77150,77254.7,3625.768
29/04/2026 6:00,77254.7,77294.4,76888,76978.5,6541.227
29/04/2026 7:00,76978.5,77140,76951,77003.8,3425.117
29/04/2026 8:00,77003.8,77113.6,76921.2,76998.5,2062.265
29/04/2026 9:00,76998.4,77774,76918.5,77605.5,10758.462
29/04/2026 10:00,77605.4,77873.2,77506.8,77575.3,8863.719
29/04/2026 11:00,77575.3,77654.7,77440,77552.5,4039.518
29/04/2026 12:00,77552.5,77563.6,76945.1,77110,9040.986
29/04/2026 13:00,77110,77225.7,76385,76748.7,14778.858
29/04/2026 14:00,76748.6,76850,76441.5,76540.3,7706.251
29/04/2026 15:00,76540.2,76607.5,75675.2,75889.1,15958.521
29/04/2026 16:00,75889.1,76115.4,75653,75774.7,12042.679
29/04/2026 17:00,75774.7,76145.8,75752.5,76139.6,6567.744
29/04/2026 18:00,76139.3,76220,74868,75470.1,29543.33
29/04/2026 19:00,75470.1,75564,75251.6,75518.5,6232.553
29/04/2026 20:00,75518.4,75826.7,75448,75636,7360.038
29/04/2026 21:00,75636.1,76061.2,75562.3,75883.1,3816.321
29/04/2026 22:00,75883.1,75966,75775.7,75884.5,3301.14
29/04/2026 23:00,75884.5,75956.8,75651.3,75749.9,2679.152
30/04/2026 0:00,75749.9,76300,75612.2,76199.1,6686.166
30/04/2026 1:00,76199.1,76445,76130.1,76193.9,4748.673
30/04/2026 2:00,76193.9,76311.8,75448.9,75663.6,8068.355
30/04/2026 3:00,75663.5,75950,75608.6,75882.1,2571.359
30/04/2026 4:00,75881.6,75931.7,75363.2,75458.3,4706.24
30/04/2026 5:00,75458.4,75721,75273.5,75569.6,3431.262
30/04/2026 6:00,75569.6,75835.6,75540.1,75720.6,2811.479
30/04/2026 7:00,75720.6,76148,75684.6,76129.9,4812.983
30/04/2026 8:00,76129.9,76180,75987.6,76025.7,4692.217
30/04/2026 9:00,76025.8,76332.6,75973.3,76062.7,3618.199
30/04/2026 10:00,76062.7,76136.6,75943.3,76001.6,2477.841
30/04/2026 11:00,76001.7,76233,75836,76032.9,4543.519
30/04/2026 12:00,76032.9,76375.1,76009.8,76259,5432.389
30/04/2026 13:00,76259,76630.3,76066.6,76370.3,8634.181
30/04/2026 14:00,76370.4,76546.7,76044.7,76256,7816.799
30/04/2026 15:00,76256.1,76614.9,76116,76423,5078.328
30/04/2026 16:00,76423,76446.9,76181.9,76220.1,2781.497
30/04/2026 17:00,76220.2,76294.2,76060.4,76209.2,3008.42
30/04/2026 18:00,76209.2,76440,76166.3,76309.1,2871.7
30/04/2026 19:00,76309.2,76470.5,76264.2,76366.7,3099.22
30/04/2026 20:00,76366.7,76536.2,76273.3,76451.1,3025.849
30/04/2026 21:00,76451.1,76495.4,76186,76202.8,1910.851
30/04/2026 22:00,76202.8,76409.3,76155.1,76197.9,1508.83
30/04/2026 23:00,76198,76347,76173.3,76305.4,1418.103
01/05/2026 0:00,76305.4,76557.3,76265.4,76415.1,2833.122
01/05/2026 1:00,76415.1,76738.3,76400.1,76644.1,3011.553
01/05/2026 2:00,76644,76703.2,76485.2,76552.9,2376.3
01/05/2026 3:00,76552.8,77421.2,76510,77082.6,13452.056
01/05/2026 4:00,77082.6,77177.1,76900,76997.4,4141.156
01/05/2026 5:00,76997.3,77155,76988,77135.3,1833.901
01/05/2026 6:00,77135.3,77143.5,76833.7,76953.9,2858.941
01/05/2026 7:00,76953.8,77110,76922.4,77100,3484.42
01/05/2026 8:00,77099.9,77480,77010.5,77340,7056.179
01/05/2026 9:00,77340.1,77358.5,77160,77239.3,3412.386
01/05/2026 10:00,77239.3,77408.7,77118.1,77268.9,2931.392
01/05/2026 11:00,77268.9,77588.4,77232.4,77429.5,4473.362
01/05/2026 12:00,77429.6,78145.3,77368.2,77847.2,18429.963
01/05/2026 13:00,77847.2,78879.9,77847.1,78691.3,22865.238
01/05/2026 14:00,78691.3,78860,78004.1,78312.9,15174.189
01/05/2026 15:00,78312.8,78688,78130,78395.4,10478.48
01/05/2026 16:00,78395.4,78642,78130,78175.4,7267.884
01/05/2026 17:00,78175.4,78557.4,78081.5,78509.2,4667.591
01/05/2026 18:00,78509.3,78597.9,78336.1,78392.1,3962.063
01/05/2026 19:00,78392.1,78514.2,78274,78316.9,3138.28
01/05/2026 20:00,78317,78402.9,77717.7,77838.2,6294.832
01/05/2026 21:00,77838.1,78163.8,77815,78163.8,3397.6
01/05/2026 22:00,78163.8,78368.3,78091.8,78105.9,3177.489
01/05/2026 23:00,78105.9,78214.5,77990.9,78192,2279.929
02/05/2026 0:00,78191.9,78358.7,78123,78303.3,2196.897
02/05/2026 1:00,78303.3,78413.4,78246.5,78295.8,1674.33
02/05/2026 2:00,78295.8,78480,78210.3,78319.2,1651.331
02/05/2026 3:00,78319.3,78503.9,78183.4,78377.7,2593.32
02/05/2026 4:00,78377.7,78416.8,78040,78137.4,3846.424
02/05/2026 5:00,78137.3,78219.6,77979.3,78140,3285.902
02/05/2026 6:00,78140.1,78322,78099.4,78278.3,1731.257
02/05/2026 7:00,78278.3,78304.2,78156.1,78181.6,1391.002
02/05/2026 8:00,78181.6,78318,78113,78272.2,1385.259
02/05/2026 9:00,78272.2,78359.2,78168.4,78252.3,1283.755
02/05/2026 10:00,78252.4,78273.1,78175,78205.4,886.618
02/05/2026 11:00,78205.5,78205.5,78055.7,78105.7,1999.778
02/05/2026 12:00,78105.7,78232,78056,78169.7,1727.077
02/05/2026 13:00,78169.7,78403.1,78169.6,78332,2617.892
02/05/2026 14:00,78331.9,78458.2,78271.8,78380.9,2683.317
02/05/2026 15:00,78380.8,78450,78320,78449.8,1206.057
02/05/2026 16:00,78449.8,78565.9,78390,78419.9,2698.317
02/05/2026 17:00,78419.9,78453.9,78328.1,78362.1,1005.401
02/05/2026 18:00,78362.1,78459,78277,78432.1,1216.117
02/05/2026 19:00,78432,78486.5,78404.8,78443.8,682.391
02/05/2026 20:00,78444.1,78449,78376,78415.2,551.75
02/05/2026 21:00,78415.3,79145,78401.5,78689.8,8643.996
02/05/2026 22:00,78689.7,78838,78569.2,78793.2,2889.876
02/05/2026 23:00,78793.2,78793.2,78588.3,78652.9,1593.044
03/05/2026 0:00,78652.8,78740.5,78437.8,78499.9,3340.415
03/05/2026 1:00,78499.9,78500,78100,78200,4310.343
03/05/2026 2:00,78200,78272,78069,78131.3,3527.589
03/05/2026 3:00,78131.4,78185,78075.1,78162.4,2031.354
03/05/2026 4:00,78162.3,78202.6,78075.8,78132.3,1381.549
03/05/2026 5:00,78132.3,78227.7,78121.1,78208.5,1139.456
03/05/2026 6:00,78208.5,78318.7,78027,78249,2139.475
03/05/2026 7:00,78249,78415.4,78248.9,78316.6,2420.464
03/05/2026 8:00,78316.6,78475.3,78316.5,78343.5,1313.598
03/05/2026 9:00,78343.5,78579,78295.1,78496.5,2342.27
03/05/2026 10:00,78496.6,78499.9,78358.3,78369.4,1126.267
03/05/2026 11:00,78369.3,78814.7,78340,78620.5,4413.802
03/05/2026 12:00,78620.6,78850,78620.6,78715.4,3638.846
03/05/2026 13:00,78715.3,78739.8,78522.9,78634.3,2282.92
03/05/2026 14:00,78634.4,78750,78577,78700.6,1937.694
03/05/2026 15:00,78700.6,78787.7,78584.1,78625.2,1990.431
03/05/2026 16:00,78625.2,78749.5,78550,78619.1,1400.374
03/05/2026 17:00,78619.2,78790,78514.2,78693.7,1981.687
03/05/2026 18:00,78693.7,78730.6,78588.2,78706.7,984.952
03/05/2026 19:00,78706.7,78832.2,78637.8,78729.1,1376.932
03/05/2026 20:00,78729.1,79266,78690,78889,7057.354
03/05/2026 21:00,78889,79026,78608.8,78794.5,3120.386
03/05/2026 22:00,78794.6,79428.9,78794.6,79141.4,10542.259
03/05/2026 23:00,79141.5,79260.3,78440,78529,6233.204
04/05/2026 0:00,78529,78538.3,78235.4,78504.9,5606.024
04/05/2026 1:00,78505,79849.8,78374.9,79755.9,18031.254
04/05/2026 2:00,79756,80400,79493,80136.6,26000.914
04/05/2026 3:00,80136.6,80426,79873.3,80278.7,9846.02
04/05/2026 4:00,80278.7,80590.2,80184.8,80300,9960.785
04/05/2026 5:00,80300,80370,79905,79983.9,8772.023
04/05/2026 6:00,79984,80005.8,79440,79824.7,8760.329
04/05/2026 7:00,79824.7,79907.6,79633,79663.5,3303.354
04/05/2026 8:00,79663.4,79768.6,79555.8,79666.5,3890.024
04/05/2026 9:00,79666.6,79900,79600.2,79800.1,3658.996
04/05/2026 10:00,79800.1,79851.3,78128.3,78894.8,48091.994
04/05/2026 11:00,78894.9,79080,78658.1,78753.5,9358.674
04/05/2026 12:00,78753.5,78993.7,78670.6,78816.1,4486.148
04/05/2026 13:00,78816.1,79099.7,78532.9,78747.6,10649.286
04/05/2026 14:00,78747.6,80528.9,78450,80160.1,28439.342
04/05/2026 15:00,80165.2,80332.8,79246.7,79976.7,32330.021
04/05/2026 16:00,79976.6,80352,79562,79982.4,13490.048
04/05/2026 17:00,79982.3,80771.7,79978.6,80339.8,13498.969
04/05/2026 18:00,80339.8,80395.9,80001,80080.9,7363.536
04/05/2026 19:00,80080.9,80108,79848.5,80018.4,4571.725
04/05/2026 20:00,80018.3,80124.7,79846.5,79896.5,2597.615
04/05/2026 21:00,79896.5,80349.6,79896.4,80216.9,2456.981
04/05/2026 22:00,80216.9,80363.2,80003.6,80031.9,2463.022
04/05/2026 23:00,80031.9,80032,79715.9,79826.1,3289.498
05/05/2026 0:00,79826.1,80150,79761.2,80130.9,3195.753
05/05/2026 1:00,80130.9,80343,80031.5,80310.9,3348.09
05/05/2026 2:00,80310.9,80871.4,80255.5,80514.4,8623.726
05/05/2026 3:00,80514.4,81050,80411.1,80836.9,8859.476
05/05/2026 4:00,80836.8,80941.9,80671.4,80850.8,4460.61
05/05/2026 5:00,80850.9,81278.2,80783.8,80924.1,13806.146
05/05/2026 6:00,80924.2,80973.8,80750,80934.6,3804.971
05/05/2026 7:00,80934.7,81111,80793.7,80815.8,4895.19
05/05/2026 8:00,80815.8,80837.9,80674.7,80776,5268.223
05/05/2026 9:00,80776,80776,80480.6,80551,4744.606
05/05/2026 10:00,80551,80789,80488,80786.8,3965.855
05/05/2026 11:00,80786.7,81071,80735.8,80973,7935.593
05/05/2026 12:00,80973.1,81258,80879.5,81223.3,7294.89
05/05/2026 13:00,81223.3,81656.6,81138,81278.3,23631.782
05/05/2026 14:00,81278.3,81458.8,80890,81284.1,10606.334
05/05/2026 15:00,81284,81640.7,81184,81488.7,7558.484
05/05/2026 16:00,81488.7,81578.1,81000,81250.7,9912.893
05/05/2026 17:00,81250.6,81420,81133.3,81223.6,3484.672
05/05/2026 18:00,81223.6,81577.4,81223.6,81463.6,3167.069
05/05/2026 19:00,81463.6,81636.4,81347.5,81554.4,3810.26
05/05/2026 20:00,81554.3,81729.3,81458,81607.2,8236.403
05/05/2026 21:00,81607.2,81745.4,81266.5,81363.3,4414.086
05/05/2026 22:00,81363.4,81564.4,80752.8,81076.7,10927.281
05/05/2026 23:00,81076.7,81176.9,80716.8,80861.9,4969.135
06/05/2026 0:00,80861.9,81228.4,80651.2,80980.5,6787.966
06/05/2026 1:00,80980.4,81490,80942.7,81390.4,4493.266
06/05/2026 2:00,81390.4,81400,81000,81319.5,2928.988
06/05/2026 3:00,81319.5,81716.3,81308.7,81535.9,5125.641
06/05/2026 4:00,81535.9,81599,81223.6,81285.1,3240.989
06/05/2026 5:00,81285,81307.3,81005.6,81277.8,3446.87
06/05/2026 6:00,81277.9,81474.9,81154.6,81431.7,2787.037
06/05/2026 7:00,81431.7,81571.4,81269.5,81333.3,3593.762
06/05/2026 8:00,81333.4,81945,81280,81903.6,11607.808
06/05/2026 9:00,81903.7,82019.2,81618.7,81959.3,12700.462
06/05/2026 10:00,81959.2,82360.9,81929.9,82242.1,13253.165
06/05/2026 11:00,82242,82828.7,82211.3,82485.4,15315.668
06/05/2026 12:00,82485.3,82508.7,82120,82188,9116.091
06/05/2026 13:00,82187.9,82187.9,81539.4,81621.1,14320.789
06/05/2026 14:00,81621.4,81934.6,81073.1,81471.6,16993.761
06/05/2026 15:00,81471.6,81780,81257.1,81656.4,6583.026
06/05/2026 16:00,81656.4,81855,81372.6,81575.3,5659.811
06/05/2026 17:00,81575.4,81667.3,81335,81401.5,3115.004
06/05/2026 18:00,81401.6,81520.9,81213.2,81300,3202.617
06/05/2026 19:00,81300,81470.4,81137.8,81416.5,2722.756
06/05/2026 20:00,81416.5,81655,81251.7,81378.5,3420.381
06/05/2026 21:00,81378.6,81579,81250,81494.6,1471.516
06/05/2026 22:00,81494.7,81502.7,81192.3,81295.8,1996.033
06/05/2026 23:00,81295.8,81404,80929.8,81390.1,4317.101
07/05/2026 0:00,81390,81450.5,80925.6,80966.9,4684.83
07/05/2026 1:00,80967,81245.9,80767.1,81121.2,6285.66
07/05/2026 2:00,81121.2,81134.1,80836,81076.8,4769.925
07/05/2026 3:00,81076.7,81076.7,80780,80797.3,2629.383
07/05/2026 4:00,80797.4,80961.8,80675.8,80939.9,4053.29
07/05/2026 5:00,80939.9,81145.7,80930,81047.4,2984.082
07/05/2026 6:00,81047.4,81400,80842.4,81395.3,5453.313
07/05/2026 7:00,81395.3,81680.6,81350,81480.1,7065.961
07/05/2026 8:00,81480,81564.6,81161.6,81195.9,4516.181
07/05/2026 9:00,81196,81196,80803,80888.9,5990.831
07/05/2026 10:00,80888.8,80970.7,80521.8,80800,6040.833
07/05/2026 11:00,80800.1,81028.7,80738,80827.9,3470.722
07/05/2026 12:00,80827.9,81158.7,80800,81118.5,3425.996
07/05/2026 13:00,81118.4,81123.9,80187.9,80457.5,11703.803
07/05/2026 14:00,80457.6,80656.2,80000.1,80130.1,12818.532
07/05/2026 15:00,80130.2,80242.3,79605,79861.6,13029.125
07/05/2026 16:00,79861.5,79991.7,79667.4,79763.3,6606.246
07/05/2026 17:00,79763.3,80094.7,79461.5,80053.3,7873.508
07/05/2026 18:00,80053.3,80235,79952.7,80160.1,5178.866
07/05/2026 19:00,80160.1,80175.6,79885.9,80103.1,3311.416
07/05/2026 20:00,80103.1,80331.6,79809.3,79838.2,3633.55
07/05/2026 21:00,79838.3,79888,79576.3,79683.7,3777.471
07/05/2026 22:00,79683.7,79946.3,79531.1,79872.1,3732.548
07/05/2026 23:00,79872.1,80026.4,79820,79969.4,1691.58
08/05/2026 0:00,79969.5,80106.3,79671,79796.1,3436.384
08/05/2026 1:00,79796.2,79871,79566,79699.9,2388.101
08/05/2026 2:00,79700,79715.2,79288,79449.7,6526.98
08/05/2026 3:00,79449.7,79634.6,79137.4,79540,5128.074
08/05/2026 4:00,79539.9,79723.3,79506.4,79619,2337.291
08/05/2026 5:00,79618.9,79743.8,79557,79560.2,1893.804
08/05/2026 6:00,79560.2,79616,79370,79484.1,2652.384
08/05/2026 7:00,79484.1,79690,79208,79635,5630.974
08/05/2026 8:00,79635,79951.5,79626,79849.3,4927.268
08/05/2026 9:00,79849.2,80044.6,79743.3,79826.3,4308.926
08/05/2026 10:00,79826.2,80252.9,79729.5,80162.3,5670.134
08/05/2026 11:00,80162.3,80287,80080.3,80181.9,4339.445
08/05/2026 12:00,80181.8,80478,79922,79987.6,6909.317
08/05/2026 13:00,79987.7,80053.9,79507.6,79612.4,10296.964
08/05/2026 14:00,79612.3,80424.4,79612.3,80114.4,10748.764
08/05/2026 15:00,80114.3,80173.2,79585,80119.1,7570.867
08/05/2026 16:00,80119.1,80164.6,79706,79768.7,4154.568
08/05/2026 17:00,79768.7,80230,79692.4,80030.5,5374.958
08/05/2026 18:00,80030.4,80266.6,80024.1,80044.4,3460.621
08/05/2026 19:00,80044.4,80152.1,79903.8,80147.7,2214.693
08/05/2026 20:00,80147.9,80260.9,80044.7,80104,1607.586
08/05/2026 21:00,80104,80225,80072.9,80222.1,1014.531
08/05/2026 22:00,80222.2,80376,80187.4,80234.1,2472.108
08/05/2026 23:00,80234.2,80254.5,80063.8,80155.2,1698.171
09/05/2026 0:00,80155.2,80200,80080,80193.3,1134.298
09/05/2026 1:00,80193.3,80405,80177.4,80280,2050.67
09/05/2026 2:00,80280.1,80448.2,80280,80379.2,1892.314
09/05/2026 3:00,80379.2,80542,80261.2,80340.6,2345.466
09/05/2026 4:00,80340.7,80641.8,80325.7,80345,3766.222
09/05/2026 5:00,80345,80445,80303.1,80331.4,1474.842
09/05/2026 6:00,80331.4,80393.4,80154.5,80214.9,3218.227
09/05/2026 7:00,80215,80268.4,80084.3,80181.7,2522.361
09/05/2026 8:00,80181.6,80422.3,80171.6,80378.1,2869.702
09/05/2026 9:00,80378,80383,80166.1,80199.9,1828.419
09/05/2026 10:00,80199.9,80317.6,80124.8,80232.7,1662.459
09/05/2026 11:00,80232.8,80349.9,80220,80310.4,997.632
09/05/2026 12:00,80310.4,80388,80235.3,80367.2,1275.419
09/05/2026 13:00,80367.2,80382,80274.7,80359.4,978.258
09/05/2026 14:00,80359.4,80395,80200.2,80292.4,2838.423
09/05/2026 15:00,80292.3,80566,80190,80488.3,4497.106
09/05/2026 16:00,80488.3,80796.9,80440,80576.1,4825.568
09/05/2026 17:00,80576.1,80891,80576.1,80766,4922.273
09/05/2026 18:00,80765.8,81043.2,80744.3,80865.1,4483.974
09/05/2026 19:00,80865.1,80928.3,80733.3,80896.9,1733.971
09/05/2026 20:00,80897.1,80900,80688,80764.6,1305.423
09/05/2026 21:00,80764.6,80856.9,80700,80735.8,849.114
09/05/2026 22:00,80735.9,80788,80632.2,80731,1247.104
09/05/2026 23:00,80730.9,80817,80569,80634,1238.089
10/05/2026 0:00,80634,80739.9,80588.1,80634.9,2017.527
10/05/2026 1:00,80635,80660.2,80533.7,80654,1816.55
10/05/2026 2:00,80653.9,80760.8,80576,80748.6,1153.086
10/05/2026 3:00,80748.9,80859.9,80667,80735.1,1252.522
10/05/2026 4:00,80735.2,80809.4,80688.5,80717.8,751.361
10/05/2026 5:00,80717.7,80778.4,80631,80660.8,950.52
10/05/2026 6:00,80660.9,80725,80619.6,80700,1259.232
10/05/2026 7:00,80700,80766,80680.1,80695.9,957.256
10/05/2026 8:00,80695.9,80873.6,80671,80797.1,1549.874
10/05/2026 9:00,80797.1,80880,80713,80766.9,927.115
10/05/2026 10:00,80766.8,80857.9,80641.5,80836.5,2767.29
10/05/2026 11:00,80836.5,80939.5,80711.8,80782.1,1929.416
10/05/2026 12:00,80782.1,80918,80743.2,80891.1,1263.623
10/05/2026 13:00,80891,80970,80825,80932.2,1459.079
10/05/2026 14:00,80932.3,80980,80771,80944.2,2282.117
10/05/2026 15:00,80944.3,81423.2,80893,81381.4,10734.822
10/05/2026 16:00,81381.5,81475,81151,81338.7,6334.735
10/05/2026 17:00,81338.8,81587.9,81179.8,81441.5,4353.713
10/05/2026 18:00,81441.4,81472.7,81194.8,81235.1,2318.995
10/05/2026 19:00,81235.2,81467.2,81105.6,81398,2373.468
10/05/2026 20:00,81398,81432.2,80225.1,80691.2,12943.246
10/05/2026 21:00,80691.1,80911,80528.9,80674,5670.107
10/05/2026 22:00,80674,82138.9,80614,82013.3,17281.489
10/05/2026 23:00,82013.2,82460.5,82009.4,82177.7,10603.66
11/05/2026 0:00,82177.7,82350,81230,81430.3,12936.41
11/05/2026 1:00,81430.5,81724.5,81242.9,81463.2,4976.807
11/05/2026 2:00,81463.2,81527.2,81067.2,81136.6,4701.696
11/05/2026 3:00,81136.6,81152.3,80470.1,80693.4,11522.22
11/05/2026 4:00,80693.4,80848,80597.8,80782.3,3122.216
11/05/2026 5:00,80782.2,80948.4,80708.1,80799.9,2892.382
11/05/2026 6:00,80799.9,81033.3,80713.8,80790.7,2579.719
11/05/2026 7:00,80790.8,80803.4,80614.9,80708.9,2667.858
11/05/2026 8:00,80708.8,80829.9,80580,80723.7,2639.153
11/05/2026 9:00,80723.6,80965.4,80716.6,80923.3,1865.061
11/05/2026 10:00,80923.3,81162.4,80889.9,80900.8,3424.195
11/05/2026 11:00,80900.8,81172.6,80860,81167.1,2745.014
11/05/2026 12:00,81167.1,81320,80983.5,81013.5,5130.927
11/05/2026 13:00,81013.5,81299.7,80716,81032.9,7340.647
11/05/2026 14:00,81032.8,81221,80394,80917.5,10192.16
11/05/2026 15:00,80917.4,81434.8,80796.4,81403.4,6794.771
11/05/2026 16:00,81403.4,81880,81297.5,81526.8,10551.693
11/05/2026 17:00,81526.9,82033.8,81322.3,81894,6762.573
11/05/2026 18:00,81894.1,82098.9,81784.3,81819.2,5085.299
11/05/2026 19:00,81819.3,82055,81691.7,81917.1,5030.178
11/05/2026 20:00,81917.8,82051.1,81707.6,81778.5,2841.064
11/05/2026 21:00,81778.5,81885.5,81555,81784.6,2099.166
11/05/2026 22:00,81784.6,81937.3,81689,81788.4,2227.72
11/05/2026 23:00,81788.4,81788.4,81521.5,81699.1,1861.492
12/05/2026 0:00,81699.1,81757.3,81429.9,81508.7,3316.101
12/05/2026 1:00,81508.7,81581.5,80661.2,81148.4,11795.954
12/05/2026 2:00,81148.4,81298.9,81030.1,81223.5,3004.215
12/05/2026 3:00,81223.5,81255.2,80988.9,81028.3,2840.74
12/05/2026 4:00,81028.3,81270.2,80964.4,81194.9,3436.103
12/05/2026 5:00,81194.9,81270.2,81140.4,81186.8,1928.061
12/05/2026 6:00,81186.8,81269.5,80979.8,80989.9,2977.394
12/05/2026 7:00,80989.9,81101.9,80756,80809.2,6380.894
12/05/2026 8:00,80809.2,80930.7,80719.3,80797.5,3827
12/05/2026 9:00,80797.5,80925,80670,80799.1,4292.249
12/05/2026 10:00,80799.1,80806.5,80560,80634,3443.489
12/05/2026 11:00,80634,80754.6,80444,80742.7,4833.637
12/05/2026 12:00,80742.7,80968.6,80577.8,80846.3,7670.628
12/05/2026 13:00,80846.4,80897.3,80360.9,80433.6,8491.521
12/05/2026 14:00,80433.6,80859.9,80360,80511,9825.647
12/05/2026 15:00,80511,80639.8,80143,80301.6,10196.046
12/05/2026 16:00,80301.6,80400,79801,79967.1,11633.264
12/05/2026 17:00,79967.1,80588.3,79907.6,80492.9,7443.427
12/05/2026 18:00,80493,80733.3,80385.9,80641.2,3966.691
12/05/2026 19:00,80641.3,80836.5,80639,80799.5,2563.775
12/05/2026 20:00,80799.6,80848.6,80601,80656.8,1861.8
12/05/2026 21:00,80656.9,80700,80454.3,80550,1798.247
12/05/2026 22:00,80549.9,80763,80549.9,80613.4,1516.763
12/05/2026 23:00,80613.5,80679.3,80393.9,80461,2270.31
13/05/2026 0:00,80461,80735.1,80364.5,80673.4,2549.773
13/05/2026 1:00,80673.4,81168.4,80635.1,80960.1,5772.717
13/05/2026 2:00,80960.1,81239.1,80882.7,81018.1,3027.334
13/05/2026 3:00,81018.1,81268,80941.9,81217.1,2831.866
13/05/2026 4:00,81217,81253.5,81078,81199.9,2398.252
13/05/2026 5:00,81200,81203.4,80958.1,80985.5,2698.326
13/05/2026 6:00,80985.6,81126,80929,80945.6,2231.558
13/05/2026 7:00,80945.6,81015.7,80847,80981.9,2309.579
13/05/2026 8:00,80981.9,81166.7,80903.8,81161,2553.111
13/05/2026 9:00,81160.9,81270.2,81094,81255.5,4233.662
13/05/2026 10:00,81255.4,81266.6,80763.8,80766.2,4637.605
13/05/2026 11:00,80766.2,80809.7,80444,80460.1,6288.426
13/05/2026 12:00,80460,80558,79801.1,80160.1,15655.334
13/05/2026 13:00,80160,80316.6,79540,79617.9,13369.333
13/05/2026 14:00,79617.8,79868,79431.7,79727.3,9456.011
13/05/2026 15:00,79727.3,79832.4,78753.1,78794.7,19297.477
13/05/2026 16:00,78794.7,79199.1,78713.8,79069.5,13331.653
13/05/2026 17:00,79069.5,79541.2,79043.2,79470.1,6341.514
13/05/2026 18:00,79470.1,79776.2,79470.1,79554.9,5474.637
13/05/2026 19:00,79554.9,79610.1,79353.9,79604.8,3983.766
13/05/2026 20:00,79604.8,79729.1,79575.9,79671.4,2261.986
13/05/2026 21:00,79671.4,79675,79279.6,79363.2,3106.53
13/05/2026 22:00,79363.1,79442.1,79188,79395.1,3208.323
13/05/2026 23:00,79395.1,79464.2,79191,79288.3,2681.872
14/05/2026 0:00,79288.2,79656.7,79272.9,79540,3463.788
14/05/2026 1:00,79540.1,79659.9,79370.1,79565.9,2787.076
14/05/2026 2:00,79565.8,79648,79171.1,79329,4764.253
14/05/2026 3:00,79328.9,79427.8,78869.4,79005.3,7656.568
14/05/2026 4:00,79005.4,79440,78934.8,79403.7,3677.318
14/05/2026 5:00,79403.6,79962.5,79333.3,79771.5,7732.266
14/05/2026 6:00,79771.6,79909.9,79723.5,79769.7,3623.461
14/05/2026 7:00,79769.7,79900,79659.8,79699.9,3718.552
14/05/2026 8:00,79700,79900,79592.2,79776.8,3773.214
14/05/2026 9:00,79776.8,79872,79530,79594.9,2754.342
14/05/2026 10:00,79594.8,79727.9,79369,79530,3250.538
14/05/2026 11:00,79529.9,79571.7,79188,79216.6,3799.256
14/05/2026 12:00,79216.7,79729.2,79196.4,79719.4,5129.31
14/05/2026 13:00,79719.4,80042,79624,79660.9,12588.827
14/05/2026 14:00,79660.9,81000,79514.5,80929.5,23977.504
14/05/2026 15:00,80929.6,81270.2,80743.5,81245.5,18477.567
14/05/2026 16:00,81245.6,81877.9,81020.5,81839.3,22939.351
14/05/2026 17:00,81839.2,81999,81211.6,81620,18599.469
14/05/2026 18:00,81620,81912,81386,81529.9,7752.742
14/05/2026 19:00,81530,81677.9,81257.3,81373.7,5264.72
14/05/2026 20:00,81373.8,81540,81114.8,81371.9,3424.525
14/05/2026 21:00,81372,81490.1,81222,81352,1750.907
14/05/2026 22:00,81352,81530,81286.5,81418.9,1770.961
14/05/2026 23:00,81418.8,81418.9,81007.9,81048.9,3207.11
15/05/2026 0:00,81048.8,81623.8,81018.8,81468.7,5036.89
15/05/2026 1:00,81468.7,81570.1,81066,81092.1,3464.623
15/05/2026 2:00,81092.1,81328.9,80706.9,81262,8962.24
15/05/2026 3:00,81262,81305.7,80886.7,81022.7,4189.866
15/05/2026 4:00,81022.7,81073.2,80650.4,80682.2,3302.164
15/05/2026 5:00,80682.1,80846,80266.8,80320.1,11578.932
15/05/2026 6:00,80320,80597,80266.9,80541.8,5427.57
15/05/2026 7:00,80541.9,80971.3,80519.1,80782.8,6574.767
15/05/2026 8:00,80782.9,80793,80368.9,80606.3,4188.012
15/05/2026 9:00,80606.2,80638,80323,80449.8,3441.505
15/05/2026 10:00,80449.9,80730,80364.6,80670.1,4295.626
15/05/2026 11:00,80670.2,80716.9,80545,80582.1,2072.82
15/05/2026 12:00,80582,80596.7,80280,80349.9,6901.952
15/05/2026 13:00,80349.8,80349.8,78638.8,78727.8,37417.044
15/05/2026 14:00,78727.8,79325.3,78610,79120.6,18928.541
15/05/2026 15:00,79120.6,79337.9,78980.3,79118,6193.98
15/05/2026 16:00,79118.1,79363.7,79098.7,79264.7,3964.471
15/05/2026 17:00,79264.7,79475.8,79188.8,79432.1,3785.646
15/05/2026 18:00,79432.2,79532.1,79135.4,79241.2,3660.491
15/05/2026 19:00,79241.1,79257.9,79012.5,79104.2,3297.179
15/05/2026 20:00,79104.3,79185,78955,79081.1,2297.386
15/05/2026 21:00,79081,79168,78861.6,78931.3,2254.988
15/05/2026 22:00,78931.4,79113.7,78931.3,79070.1,1362.084
15/05/2026 23:00,79070,79135.3,79035.1,79074,1224.728
16/05/2026 0:00,79074,79199.7,79031.7,79075.6,1866.35
16/05/2026 1:00,79075.6,79155.9,78970.4,79128.5,1948.608
16/05/2026 2:00,79128.4,79178,79040.7,79113.9,1461.703
16/05/2026 3:00,79113.9,79153.7,79017.6,79041.7,1343.056
16/05/2026 4:00,79041.7,79096.8,78811,78999.9,3080.363
16/05/2026 5:00,78999.9,79001,78889.7,78989.9,1488.42
16/05/2026 6:00,78989.9,79012.9,78393.9,78610.2,9244.159
16/05/2026 7:00,78610.2,78610.3,78000.4,78334.3,13808.169
16/05/2026 8:00,78334.3,78527.8,78291,78389.5,3590.485
16/05/2026 9:00,78389.5,78410.1,77850,78052.1,10664.7
16/05/2026 10:00,78052.1,78071.9,77601.8,77937.6,10160.386
16/05/2026 11:00,77937.5,78163.3,77937.5,78042.5,3897.654
16/05/2026 12:00,78042.5,78100,77889,77980,2627.039
16/05/2026 13:00,77980,77987.9,77800,77987.9,2790.145
16/05/2026 14:00,77987.9,78327,77850.5,78090.3,4921.309
16/05/2026 15:00,78090.3,78254,78034,78194.1,2455.911
16/05/2026 16:00,78194,78337.4,78069.1,78167.7,2931.052
16/05/2026 17:00,78167.7,78285.1,78159.1,78159.2,1043.525
16/05/2026 18:00,78159.1,78306.6,78113.1,78200,1625.933
16/05/2026 19:00,78200,78270.9,78166.8,78223.8,984.661
16/05/2026 20:00,78223.8,78287.8,78160,78214.7,767.876
16/05/2026 21:00,78214.7,78274.6,78167.5,78229.2,1283.883
16/05/2026 22:00,78229.2,78248.7,78133.3,78143.5,923.596
16/05/2026 23:00,78143.5,78240,78085.2,78104.2,1241.468
17/05/2026 0:00,78104.3,78213.9,77760,77915.4,3840.451
17/05/2026 1:00,77915.3,78085.4,77675.4,77688.1,5411.676
17/05/2026 2:00,77688,77913.6,77688,77856.3,2548.06
17/05/2026 3:00,77856.3,78050,77845.6,77990.2,1809.776
17/05/2026 4:00,77990.2,78179.1,77957.2,78117.4,1965.339
17/05/2026 5:00,78117.4,78300,78064.8,78087.7,2299.316
17/05/2026 6:00,78087.6,78172.7,77970,78071.6,1561.292
17/05/2026 7:00,78071.6,78175.3,78015,78137.2,1336.456
17/05/2026 8:00,78137.3,78157.9,77992.1,78050.7,1306.842
17/05/2026 9:00,78050.7,78266.6,78041.8,78214.3,1740.301
17/05/2026 10:00,78214.3,78564.3,78208.2,78423,5786.248
17/05/2026 11:00,78423,78436,78245.7,78371.5,2147.004
17/05/2026 12:00,78371.4,78515.7,78280.1,78326.9,2107.738
17/05/2026 13:00,78326.9,78331.2,78128.5,78165,2499.13
17/05/2026 14:00,78165,78177.8,77800,78009.6,5105.45
17/05/2026 15:00,78009.7,78087,77875,78006.9,2191.933
17/05/2026 16:00,78006.9,78165.3,77979.8,77995,1737.293
17/05/2026 17:00,77995.1,78054.3,77811.5,78044.8,2930.67
17/05/2026 18:00,78044.8,78235.2,77960.7,78226.2,1824.56
17/05/2026 19:00,78226.2,78432,78172.2,78369,2074.009
17/05/2026 20:00,78368.9,78393.9,78208.9,78230,1173.721
17/05/2026 21:00,78230.1,78453,78190.6,78365.4,2194.705
17/05/2026 22:00,78365.4,78372.8,77777,77961.6,5643.159
17/05/2026 23:00,77961.7,77970,76666,77430.4,24982.54
18/05/2026 0:00,77430.4,77452.7,76875,77175.7,10777.547
18/05/2026 1:00,77175.7,77274.8,76700,77084.5,10313.877
18/05/2026 2:00,77084.5,77190,76668.8,76809.4,5970.755
18/05/2026 3:00,76809.4,76999.2,76777,76900,3091.878
18/05/2026 4:00,76900.1,77045.9,76740,77000.2,3443.145
18/05/2026 5:00,77000.2,77059.6,76850,76886.5,3158.444
18/05/2026 6:00,76886.5,76942,76534.5,76881.3,7189.696
18/05/2026 7:00,76881.4,77054.6,76728.7,77039.4,4449.391
18/05/2026 8:00,77039.5,77193.5,76850,77001,3716.68
18/05/2026 9:00,77001,77025.1,76840.1,76901.4,1667.379
18/05/2026 10:00,76901.4,76923.4,76670.1,76733.2,4468.687
18/05/2026 11:00,76733.3,77375,76627,77255,7756.521
18/05/2026 12:00,77255.1,77757.5,77241.5,77599.9,12046.144
18/05/2026 13:00,77599.9,77601.9,76650,76914,14647.288
18/05/2026 14:00,76913.9,76927.5,76200,76369.8,19478.281
18/05/2026 15:00,76369.7,76463.6,76014.2,76393.5,15564.299
18/05/2026 16:00,76393.6,76657.1,76174.1,76377.3,11404.463
18/05/2026 17:00,76377.3,76725.7,76332.1,76671.1,4384.489
18/05/2026 18:00,76671,76674.4,76107.7,76221.6,6729.802
18/05/2026 19:00,76221.6,76963.7,76200,76898.5,11367.93
18/05/2026 20:00,76898.5,77160.3,76829.3,76868.1,6224.955
18/05/2026 21:00,76868.1,77149.7,76753.6,77063.1,3535.747
18/05/2026 22:00,77063.1,77187.3,76894.6,77045.1,4653.374
18/05/2026 23:00,77045,77133.4,76900.1,76963.2,2322.727
19/05/2026 0:00,76963.2,77384.6,76913.8,77102.6,4592.602
19/05/2026 1:00,77102.6,77122.7,76634,76635.4,5818.494
19/05/2026 2:00,76635.4,76973.7,76451.3,76586.2,4745.72
19/05/2026 3:00,76586.2,76837,76550,76749.9,2677.159
19/05/2026 4:00,76750,76916.5,76658,76889.4,2587.324
19/05/2026 5:00,76889.4,76978,76595.7,76872.8,2806.705
19/05/2026 6:00,76872.8,77070.4,76846.9,76985.2,2999.916
19/05/2026 7:00,76985.1,77247.7,76929.5,77200.4,4023.829
19/05/2026 8:00,77200.4,77291.3,76932,77015.8,3821.06
19/05/2026 9:00,77015.9,77047.4,76671.1,76787.4,4536.807
19/05/2026 10:00,76787.3,77070,76666,77005.8,3518.738
19/05/2026 11:00,77005.8,77039.1,76576.8,76677.1,3674.566
19/05/2026 12:00,76677,76947.5,76609.5,76901.3,2310.159
19/05/2026 13:00,76901.2,77033.9,76556,76846.1,7623.165
19/05/2026 14:00,76846.1,76981.4,76107.1,76365.7,14484.518
19/05/2026 15:00,76365.6,76650,76302.7,76487.9,7036.931
19/05/2026 16:00,76488,76888,76377,76858.3,6217.088
19/05/2026 17:00,76858.4,76992.6,76720.5,76821.2,4679.182
19/05/2026 18:00,76821.1,76916.1,76704.8,76764.2,2165.322
19/05/2026 19:00,76764.2,77042.3,76720.9,76780,2209.798
19/05/2026 20:00,76780,77000,76780,76976.3,1046.262
19/05/2026 21:00,76976.4,77003.1,76929.6,76942.4,1005.069
19/05/2026 22:00,76942.4,76942.5,76610.4,76676.1,2919.944
19/05/2026 23:00,76676,76948.1,76633,76799.9,1546.281
20/05/2026 0:00,76800,76863.4,76485,76760.9,3965.277
20/05/2026 1:00,76761,76900,76501.8,76787.5,5182.516
20/05/2026 2:00,76787.5,76880,76563.1,76654.5,3578.599
20/05/2026 3:00,76654.5,76795,76573.9,76689.6,1991.117
20/05/2026 4:00,76689.6,76814.6,76650,76748.1,1955.352
20/05/2026 5:00,76748.1,77300,76748,77170.4,8685.078
20/05/2026 6:00,77170.3,77387.9,77153.4,77379.8,3653.484
20/05/2026 7:00,77379.9,77444,77208.3,77249.9,4258.277
20/05/2026 8:00,77250,77612,77170.3,77430,6800.627
20/05/2026 9:00,77430.1,77516,77333.9,77449.9,4113.947
20/05/2026 10:00,77450,77639.3,77450,77475.8,2665.45
20/05/2026 11:00,77475.8,77530,77286.1,77351.2,2758.672
20/05/2026 12:00,77351.2,77733,77329.7,77590.2,3699.957
20/05/2026 13:00,77590.2,77617.2,76925.6,77175.3,10364.743
20/05/2026 14:00,77175.2,77545,76855,77410,9811.109
20/05/2026 15:00,77410,77825.8,77266.6,77423,9366.432
20/05/2026 16:00,77423,77527.2,76975,77301,5465.178
20/05/2026 17:00,77300.9,77685.4,77191.6,77537.1,4298.01
20/05/2026 18:00,77537.1,77600,77350.2,77375.5,2425.662
20/05/2026 19:00,77375.5,77677.2,77304.3,77630.6,3152.964
20/05/2026 20:00,77630.5,77735.2,77433.4,77679.6,3278.975
20/05/2026 21:00,77678.9,77735.6,77464.5,77464.5,1496.545
20/05/2026 22:00,77464.5,77472.7,77183.7,77468.2,3045.356
20/05/2026 23:00,77468.1,77520,77339.9,77510.3,1594.079
21/05/2026 0:00,77510.3,78051,77472.5,77929.1,6591.019
21/05/2026 1:00,77929.1,78150,77759.8,77818.1,5435.164
21/05/2026 2:00,77818.1,78071.2,77778.5,77915.5,3066.939
21/05/2026 3:00,77915.5,78066,77867.4,78039.1,1946.099
21/05/2026 4:00,78039.2,78143.2,77922.9,77993.5,2561.402
21/05/2026 5:00,77993.5,78106.8,77651.7,77795,3182.763
21/05/2026 6:00,77795.1,77845.4,77501.3,77591.7,3558.168
21/05/2026 7:00,77591.6,77870,77485.1,77846.2,3716.381
21/05/2026 8:00,77846.1,78180,77846.1,77888.1,5550.024
21/05/2026 9:00,77888,77950,77590,77596.8,3170.098
21/05/2026 10:00,77596.8,77651.7,77140.7,77172.6,10146.961
21/05/2026 11:00,77172.6,77342.8,77111,77157.4,4288.535
21/05/2026 12:00,77157.3,77328.9,77024.4,77244,4246.594
21/05/2026 13:00,77244.1,77322,76696.7,77090.1,10674.629
21/05/2026 14:00,77090,77220,76744.1,76944,5882.902
21/05/2026 15:00,76944,77379.1,76861.7,77224.3,4754.63
21/05/2026 16:00,77224.3,77318.3,76970,77166.7,3670.982
21/05/2026 17:00,77166.8,78063.8,77140,77831.1,16086.78
21/05/2026 18:00,77831,77890,77209.3,77354.5,8725.868
21/05/2026 19:00,77354.4,77768,77333,77657.1,3675.524
21/05/2026 20:00,77657.1,77772.2,77602.7,77671.4,1433.181
21/05/2026 21:00,77671.5,77777.2,77604.3,77636.2,1339.524
21/05/2026 22:00,77636.2,77721.8,77513.2,77589.6,1895.354
21/05/2026 23:00,77589.6,77714.2,77490.8,77586.2,1495.64
22/05/2026 0:00,77586.3,77602.5,77333.3,77344.7,2082.007
22/05/2026 1:00,77344.8,77634.8,77288,77580,2163.772
22/05/2026 2:00,77579.9,77697.9,77557,77638.2,1697.063
22/05/2026 3:00,77638.2,77775.9,77638.1,77740,1766.581
22/05/2026 4:00,77739.9,77862.7,77600,77619.9,2451.568
22/05/2026 5:00,77620,77691.8,77418.3,77450,2444.911
22/05/2026 6:00,77450,77494,77324.2,77386,3827.195
22/05/2026 7:00,77386,77514.5,77237.1,77366.9,3924.108
22/05/2026 8:00,77366.8,77505.7,77170,77237.6,2961.84
22/05/2026 9:00,77237.6,77329.4,77160.8,77269.8,2244.446
22/05/2026 10:00,77269.9,77335.8,77222.4,77282,1442.07
22/05/2026 11:00,77282,77397.4,77138.3,77394.8,1905.227
22/05/2026 12:00,77394.8,77548.5,77353.6,77491.3,3130.076
22/05/2026 13:00,77491.4,77517.2,77085.5,77255.6,5449.535
22/05/2026 14:00,77255.5,77255.5,76701.3,76734.6,14182.806
22/05/2026 15:00,76734.7,76994.9,76528,76756.5,10355.079
22/05/2026 16:00,76756.5,76967.7,76730,76913.8,2972.973
22/05/2026 17:00,76913.8,77070.1,76714.2,76714.5,4149.934
22/05/2026 18:00,76714.5,76870,76049.9,76498.6,11242.276
22/05/2026 19:00,76498.6,76554.1,75620,75827.1,17912.083
22/05/2026 20:00,75827.1,76047.4,75778.6,75939.4,5416.15
22/05/2026 21:00,75939.5,76054.1,75888,75940,1867.463
22/05/2026 22:00,75940.1,75949.8,75500,75704,5125.544
22/05/2026 23:00,75704.1,75850,75322,75513.1,5491.506
23/05/2026 0:00,75513.1,75615.7,75184.9,75329.2,8179.709
23/05/2026 1:00,75329.3,75482.8,75316.6,75460.9,2849.403
23/05/2026 2:00,75461,75558.2,75381.7,75542.9,2608.116
23/05/2026 3:00,75543,75633.7,75530,75599.1,1799.29
23/05/2026 4:00,75599,75620,75475.3,75506,1814.964
23/05/2026 5:00,75505.9,75527.9,75435,75448,1899.022
23/05/2026 6:00,75448,75463.4,75350,75368,2208.532
23/05/2026 7:00,75368,75407.8,74203.6,74573.1,25592.607
23/05/2026 8:00,74573.2,74718.7,74307,74655,12107.617
23/05/2026 9:00,74655,74740.4,74591.4,74630.2,3579.382
23/05/2026 10:00,74630.3,74759.5,74630.3,74687.7,2548.908
23/05/2026 11:00,74687.7,74839.1,74680.6,74763.3,2185.752
23/05/2026 12:00,74763.3,74766.9,74620.9,74726,2226.204
23/05/2026 13:00,74726,75226.1,74721,75180.7,10266.113
23/05/2026 14:00,75180.8,75670.8,75065.9,75500.4,10950.928
23/05/2026 15:00,75500.5,75641.4,75363.3,75486.9,5790.604
23/05/2026 16:00,75487,75606.6,75372.1,75406.4,3515.661
23/05/2026 17:00,75406.6,75494,75333.3,75457.1,2207.582
23/05/2026 18:00,75457.1,75985.3,75429.5,75812.4,6282.486
23/05/2026 19:00,75812.4,76000.2,75737.7,75949.5,3412.532
23/05/2026 20:00,75949.5,77284.2,75913.9,77246.9,20428.29
23/05/2026 21:00,77246.9,77427,76505.7,76778,11701.129
23/05/2026 22:00,76778,76864.1,76362.9,76553,5535.193
23/05/2026 23:00,76553,76799,76501.1,76715.2,4137.729
24/05/2026 0:00,76715.3,76920.4,76596.9,76812.5,3293.468
24/05/2026 1:00,76812.6,76899.7,76720.8,76855.9,2375.273
24/05/2026 2:00,76855.9,76936,76665.5,76790,2239.859
24/05/2026 3:00,76790.1,76983.1,76672.3,76702.8,2969.001
24/05/2026 4:00,76702.8,76823.9,76685.1,76748,1681.603
24/05/2026 5:00,76747.9,76831.2,76611,76780.4,2226.391
24/05/2026 6:00,76780.3,77040,76684.4,76956.1,2788.319
24/05/2026 7:00,76956,76985.7,76749.9,76771.3,2471.327
24/05/2026 8:00,76771.4,76824,76691.4,76800.7,2179.17
24/05/2026 9:00,76800.7,77025.6,76784.3,76991.8,2496.026
24/05/2026 10:00,76991.8,77600,76888,77163.4,9533.591
24/05/2026 11:00,77163.3,77327.7,77150,77289.5,3013.851
24/05/2026 12:00,77289.5,77294.4,77005.4,77077.9,3308.068
24/05/2026 13:00,77077.9,77094.9,76650,76765,5478.682
24/05/2026 14:00,76764.9,76811,76159.7,76428.2,12558.112
24/05/2026 15:00,76428.1,76514.1,76317.8,76343.7,2743.36
24/05/2026 16:00,76343.8,76722.2,76343.7,76645.1,4555.406
24/05/2026 17:00,76645.1,76777,76531.8,76661.6,1846.578
24/05/2026 18:00,76661.6,76763,76554.1,76632.4,1585.016
24/05/2026 19:00,76632.5,76753.3,76574.8,76738.5,1120.609
24/05/2026 20:00,76738.5,76768.4,76567.2,76639.1,1796.01
24/05/2026 21:00,76639.1,76718.2,76056,76106,6222.431
24/05/2026 22:00,76105.9,76983.8,76086.3,76771.2,8877.384
24/05/2026 23:00,76771.2,77193.4,76771.1,77030.3,3774.742
25/05/2026 0:00,77030.3,77253.9,77030.3,77120,3113.027
25/05/2026 1:00,77119.9,77213.2,76871.4,76905.6,3940.46
25/05/2026 2:00,76905.5,77450.6,76905.5,77064.1,5679.911
25/05/2026 3:00,77064.2,77127.7,76951.7,76989,1915.903
25/05/2026 4:00,76989,77418.1,76950,77357,3207.912
25/05/2026 5:00,77357.1,77469.3,77285.7,77370,3238.872
25/05/2026 6:00,77369.9,77677.6,77182.4,77386.1,5357.844
25/05/2026 7:00,77386.1,77486.3,77135.8,77377,2779.619
25/05/2026 8:00,77376.9,77433,77241.7,77422.3,2571.397
25/05/2026 9:00,77422.3,77699,77383,77565,5700.73
25/05/2026 10:00,77565.1,77650,77448.4,77500,2914.677
25/05/2026 11:00,77500,77500.1,77281.1,77318.2,2454.081
25/05/2026 12:00,77318.2,77405.8,77244.8,77325.7,2554.033
25/05/2026 13:00,77325.7,77419.2,77244.8,77302.1,2190.977
25/05/2026 14:00,77302,77743.4,77273.2,77676.4,5263.778
25/05/2026 15:00,77676.4,77887.9,77515.5,77587.2,5225.847
25/05/2026 16:00,77587.2,77784.9,77471.5,77694.5,2952.467
25/05/2026 17:00,77694.5,77770,77511.1,77523.2,2774.683
25/05/2026 18:00,77523.3,77629.8,77502.9,77511.7,1224.041
25/05/2026 19:00,77511.7,77515.8,77313,77403.3,2057.725
25/05/2026 20:00,77403.4,77472,77172,77243.7,2621.954
25/05/2026 21:00,77243.7,77366.7,77240.5,77340.8,1674.347
25/05/2026 22:00,77340.9,77430,77011.3,77084.7,3533.606
25/05/2026 23:00,77084.7,77338,77040.2,77281.5,1760.517
26/05/2026 0:00,77281.5,77319.6,76532.1,76750.1,7837.287
26/05/2026 1:00,76750.1,76879.2,76550,76717.8,4014.825
26/05/2026 2:00,76717.8,76790,76472.6,76630.7,3663.677
26/05/2026 3:00,76630.8,76685,76434,76629,2990.608
26/05/2026 4:00,76629,76784.4,76569.8,76713.9,2832.751
26/05/2026 5:00,76713.9,76950,76668.2,76887.3,2859.933
26/05/2026 6:00,76887.4,77045.9,76735.2,76869.8,3362.296
26/05/2026 7:00,76869.9,76886.6,76556.9,76685.1,3492.107
26/05/2026 8:00,76685,76819.7,76652.4,76687.9,1834.031
26/05/2026 9:00,76687.8,76779.2,76606,76641,2007.84
26/05/2026 10:00,76640.9,77600,76543.8,77398.6,12291.589
26/05/2026 11:00,77398.7,77477.7,77136.2,77153.9,4704.8
26/05/2026 12:00,77153.8,77200,76847.8,77098.9,5875.831
26/05/2026 13:00,77098.9,77432.6,76641.7,77199.2,10219.396
26/05/2026 14:00,77199.2,78077.1,76682.3,76873.6,32872.397
26/05/2026 15:00,76873.6,76983.4,76234.7,76478.2,17760.011
26/05/2026 16:00,76478.2,76678.7,76171,76534.6,8964.023
26/05/2026 17:00,76534.7,76624.9,75809.5,75909.6,15095.075
26/05/2026 18:00,75909.6,76296.7,75711,75822.6,7810.546
26/05/2026 19:00,75822.6,76080,75782,76028.3,3462.471
26/05/2026 20:00,76028.4,76157.8,75960.2,76082,2352.054
26/05/2026 21:00,76081.9,76092.3,75822.6,75864,1938.109
26/05/2026 22:00,75864,75975.6,75641.2,75729.6,4011.581
26/05/2026 23:00,75729.7,75962,75729.7,75905.5,2666.844
27/05/2026 0:00,75905.6,76069,75854.9,76055.3,3043.727
27/05/2026 1:00,76055.3,76083.9,75794.9,75846.6,2849.437
27/05/2026 2:00,75846.6,75868.1,75654.8,75850.9,2802.311
27/05/2026 3:00,75850.9,75940,75555.1,75635.6,3565.669
27/05/2026 4:00,75635.6,75680.1,75277.8,75542.9,8840.36
27/05/2026 5:00,75543,75708.6,75539.9,75676.4,3364.243
27/05/2026 6:00,75676.4,75864.4,75649.1,75800,2659.38
27/05/2026 7:00,75800,75940,75721.4,75935,3278.243
27/05/2026 8:00,75935,76038,75800,75838.4,3812.843
27/05/2026 9:00,75838.5,75943.7,75666,75875.6,3099.093
27/05/2026 10:00,75875.7,76010.2,75835,75863.7,2498.476
27/05/2026 11:00,75863.8,75992.2,75723.6,75737.9,2781.79
27/05/2026 12:00,75737.9,76155.5,75541,75655,8053.742
27/05/2026 13:00,75654.9,75735.6,74835,75054.3,20743.151
27/05/2026 14:00,75054.3,75250,74735.7,75000.7,13749.777
27/05/2026 15:00,75000.7,75485.9,74950.1,75300,8717.531
27/05/2026 16:00,75300,75382.6,74961,75273.9,5753.912
27/05/2026 17:00,75273.9,75316.8,74645,74838.2,8594.176
27/05/2026 18:00,74838.2,75007.9,74632,75000,4699.102
27/05/2026 19:00,75000,75077.6,74920,75039.9,3599.445
27/05/2026 20:00,75039.8,75391,75022.4,75237.6,3476.208
27/05/2026 21:00,75237.6,75237.6,74300.1,74439.9,10168.63
27/05/2026 22:00,74440,74742.7,74218.2,74390,8980.344
27/05/2026 23:00,74389.9,74545.8,74210,74418.1,5583.871
28/05/2026 0:00,74418,74555.5,74336.7,74541.6,3138.599
28/05/2026 1:00,74541.7,74565.3,74100,74313,5741.343
28/05/2026 2:00,74313,74373.6,74081.9,74256.6,3652.024
28/05/2026 3:00,74256.6,74355.6,73036,73224.5,31055.812
28/05/2026 4:00,73224.4,73240,72667.9,73145.1,15398.619
28/05/2026 5:00,73145.1,73145.1,72872.5,72959.9,5389.586
28/05/2026 6:00,72960,73182.2,72729.2,73170.9,7675.794
28/05/2026 7:00,73171,73485,73113.2,73467,6114.88
28/05/2026 8:00,73467,73474.8,73167.4,73294,3701.156
28/05/2026 9:00,73293.9,73535.7,73230,73514.1,3180.086
28/05/2026 10:00,73514,73592.1,73316.5,73375.2,4263.274
28/05/2026 11:00,73375.3,73510,73280.7,73479.1,2762.54
28/05/2026 12:00,73479,73555,73221.6,73496.5,4128.714
28/05/2026 13:00,73496.4,73549.9,72739.2,72988.5,13507.443
28/05/2026 14:00,72988.5,73557.3,72556,72997.5,27209.387
28/05/2026 15:00,72997.4,73155.4,72662.2,72899.1,6242.022
28/05/2026 16:00,72899,73415,72704,73415,7672.331
28/05/2026 17:00,73414.9,73722.5,73280,73518.2,7308.713
28/05/2026 18:00,73518.2,73723,73474.9,73626.4,3740.6
28/05/2026 19:00,73626.4,73626.5,73336,73393.5,3831.301
28/05/2026 20:00,73393.4,73698.6,73212.3,73553.5,4473.723
28/05/2026 21:00,73553.5,73900,73535,73796.3,3755.034
28/05/2026 22:00,73796.3,73932.2,73423.4,73448.7,3684.541
28/05/2026 23:00,73448.7,73695,73448.7,73591.4,1818.155
29/05/2026 0:00,73591.4,73834.6,73591.4,73693.8,2940.584
29/05/2026 1:00,73693.9,73844,73430.5,73558.5,3074.38
29/05/2026 2:00,73558.5,73616.9,73158.8,73201.9,3531.777
29/05/2026 3:00,73201.9,73434.2,73201.9,73269.2,2273.527
29/05/2026 4:00,73269.1,73485.7,73171.8,73466.4,2687.266
29/05/2026 5:00,73466.3,73682.3,73459.1,73663,2586.277
29/05/2026 6:00,73663,73908.6,73599.6,73752.5,3791.082
29/05/2026 7:00,73752.5,73797.3,73333,73488,6589.026
29/05/2026 8:00,73488.1,73799.8,73480.1,73625.2,3720.672
29/05/2026 9:00,73625.1,73866.8,73615,73707.8,3377.656
29/05/2026 10:00,73707.8,73709.3,73556.1,73601.9,2012.414
29/05/2026 11:00,73601.9,73662.3,73305.1,73447.6,2660.912
29/05/2026 12:00,73447.5,73447.5,73166,73260,4671.173
29/05/2026 13:00,73260.1,73320,72866,73114.6,10431.33
29/05/2026 14:00,73114.6,73206.8,72436,73065.8,17958.003
29/05/2026 15:00,73065.8,74177,72970.1,73775.4,26414.41
29/05/2026 16:00,73775.4,74124,73528.5,74022,10671.356
29/05/2026 17:00,74022.1,74293.1,73876.1,73954.3,9236.416
29/05/2026 18:00,73954.7,74040.3,73057.8,73343,11357.399
29/05/2026 19:00,73342.9,73693.6,73207.3,73489,5063.897
29/05/2026 20:00,73489,73735.2,73474.2,73644.9,2733.462
29/05/2026 21:00,73644.9,73829.2,73369.9,73385.3,2960.778
29/05/2026 22:00,73385.2,73537.6,73344.6,73446.5,2819.48
29/05/2026 23:00,73446.5,73478.3,73279.3,73428.2,2593.905
30/05/2026 0:00,73428.2,73545.3,73367.3,73463.3,2044.48
30/05/2026 1:00,73463.3,73625.9,73430.9,73623.6,1904.226
30/05/2026 2:00,73623.6,73747.6,73575,73747.4,1656.896
30/05/2026 3:00,73747.4,73757.9,73485,73492.4,2342.889
30/05/2026 4:00,73492.4,73549.7,73130.1,73365.9,5392.981
30/05/2026 5:00,73365.9,73671.2,73309.4,73567.5,3787.971
30/05/2026 6:00,73567.5,73685,73492,73550.7,1817.693
30/05/2026 7:00,73550.7,73555,73448.4,73513.9,1146.127
30/05/2026 8:00,73514,73527.7,73471,73491.6,936.345
30/05/2026 9:00,73491.7,73590.3,73470.5,73576.8,1025.741
30/05/2026 10:00,73576.8,73648,73558,73615.4,1539.798
30/05/2026 11:00,73615.4,73619.8,73529.1,73567.9,983.089
30/05/2026 12:00,73568,73697.2,73556.4,73661.5,1208.698
30/05/2026 13:00,73661.5,73814.2,73638.2,73805,3299.249
30/05/2026 14:00,73804.9,74078.6,73783.5,73901,6239.784
30/05/2026 15:00,73901,74011.2,73803.1,73888,2752.922
30/05/2026 16:00,73888,73949.4,73844.3,73899.9,1681.044
30/05/2026 17:00,73900,73989.9,73772.5,73982,2549.851
30/05/2026 18:00,73982,74108.8,73899,74007.5,2577.946
30/05/2026 19:00,74007.5,74045,73934.9,73980.1,1515.724
30/05/2026 20:00,73980,73986.2,73888.5,73944.5,1402.262
30/05/2026 21:00,73944.4,74028.3,73888.1,73954.8,1396.51
30/05/2026 22:00,73954.8,73954.8,73755.6,73849.8,1581.454
30/05/2026 23:00,73849.8,73971.5,73750,73856.8,1760.006
31/05/2026 0:00,73856.9,74013.8,73821.4,74003.7,1656.714
31/05/2026 1:00,74003.7,74250,73991.1,74021.1,3923.269
31/05/2026 2:00,74021.2,74211.4,73839,74060.9,3386.507
31/05/2026 3:00,74061,74200,74030.7,74107.6,1568.561
31/05/2026 4:00,74107.5,74194.6,74061.8,74144.3,1527.358
31/05/2026 5:00,74144.3,74180.1,74018.1,74027.9,1185.69
31/05/2026 6:00,74027.8,74077.5,73958.1,74020,1375.184
31/05/2026 7:00,74020.1,74020.1,73793.2,73833.3,2630.692
31/05/2026 8:00,73833.2,73952.9,73816.8,73913.4,2101.272
31/05/2026 9:00,73913.4,73998.9,73779.8,73814.5,1278.977
31/05/2026 10:00,73814.6,73875.6,73701,73871.5,1881.903
31/05/2026 11:00,73871.5,73949,73868.4,73913.6,1037.673
31/05/2026 12:00,73913.6,73975.1,73841.6,73892.1,1075.096
31/05/2026 13:00,73892.2,73997.8,73770.1,73841,1208.222
31/05/2026 14:00,73841,73841.1,73388,73570.3,10243.792
31/05/2026 15:00,73570.2,73745.6,73550.2,73613.5,1798.301
31/05/2026 16:00,73613.4,73697.3,73340.7,73499.9,3882.979
31/05/2026 17:00,73500,73704,73431.3,73681.3,1743.969
31/05/2026 18:00,73681.3,73681.3,73540.2,73573.8,1074.422
31/05/2026 19:00,73573.7,73623.4,73417.2,73521.9,1267.919
31/05/2026 20:00,73521.9,73732.7,73521.9,73710.9,1887.159
31/05/2026 21:00,73710.9,73897.6,73590.2,73860.6,2408.604
31/05/2026 22:00,73860.5,73975,73645.6,73918.5,2766.503
31/05/2026 23:00,73918.6,74179.9,73470.8,73653.2,5330.693
01/06/2026 0:00,73653.2,74070.5,73620,73855,3770.449
01/06/2026 1:00,73854.9,73890,73235,73257.8,5614.578
01/06/2026 2:00,73257.9,73865,73171,73766.3,5651.739
01/06/2026 3:00,73766.2,73998.8,73692.9,73731.3,3361.378
01/06/2026 4:00,73731.4,73815.9,73307.7,73497.6,4968.162
01/06/2026 5:00,73497.5,73507.9,73283.5,73319.5,2267.135
01/06/2026 6:00,73319.5,73339.3,72917,73106.6,7954.82
01/06/2026 7:00,73106.6,73177.8,72668,72776.1,6817.045
01/06/2026 8:00,72776.1,72907.8,72573.5,72875.7,6995.32
01/06/2026 9:00,72875.8,73084,72801.1,72855.2,5876.471
01/06/2026 10:00,72855.2,72878.1,72551,72725.9,4945.966
01/06/2026 11:00,72725.9,72742,72188,72452.8,9571.993
01/06/2026 12:00,72452.7,72583.7,71862.6,72193.1,22210.026
01/06/2026 13:00,72193.2,72288,71350,71698.7,32500.86
01/06/2026 14:00,71698.8,71884.9,71387.6,71548.5,14314.072
01/06/2026 15:00,71548.5,71662.6,71035.3,71099.4,17524.364
01/06/2026 16:00,71099.5,71600,70650.9,71537.7,20585.239
01/06/2026 17:00,71537.7,71788.5,71438.9,71617.9,9208.61
01/06/2026 18:00,71617.5,71670.7,71350.1,71470.1,5092.421
01/06/2026 19:00,71470.1,71645.2,71358,71571,3402.005
01/06/2026 20:00,71571,71670,71383.8,71419.8,2339.282
01/06/2026 21:00,71419.7,71419.8,70911,71004.6,6654.354
01/06/2026 22:00,71004.6,71439.5,70806,71376.6,7396.047
01/06/2026 23:00,71376.7,71564,71199,71391.5,4448.792
02/06/2026 0:00,71391.5,71397,71071.5,71266.6,3758.49
02/06/2026 1:00,71266.5,71357.2,70555.7,70615.2,8460.939
02/06/2026 2:00,70612.2,70855.9,70038,70820,18148.055
02/06/2026 3:00,70820,71022.4,70768.5,70920.7,4366.617
02/06/2026 4:00,70920.8,71022.7,70690.1,70782.3,4111.213
02/06/2026 5:00,70782.3,70820.8,70222.2,70235.1,9508.479
02/06/2026 6:00,70235.1,70414.9,69889.1,70076.7,12658.956
02/06/2026 7:00,70076.6,70249.6,69666.8,70079.4,12331.391
02/06/2026 8:00,70079.5,70146.2,69677.6,69794.4,6528.391
02/06/2026 9:00,69794.4,69820.4,69277.8,69393.2,13831.28
02/06/2026 10:00,69393.1,69732.2,69316.5,69620.8,7571.511
02/06/2026 11:00,69620.9,69635,69364.1,69430.2,3599.617
02/06/2026 12:00,69430.2,69514.6,68955,68985.5,12233.401
02/06/2026 13:00,68985.4,69171,68736,68788.9,18381.657
02/06/2026 14:00,68788.9,68818.4,67573.5,67990,44046.045
02/06/2026 15:00,67989.9,68075,67035.5,67274,32842.651
02/06/2026 16:00,67274,68121.9,67196.2,67393,26315.425
02/06/2026 17:00,67393.1,67821.9,67345,67466,9351.26
02/06/2026 18:00,67466,67641.6,67088,67315.5,7382.764
02/06/2026 19:00,67315.5,67474.2,66388,67286.7,27447.846
02/06/2026 20:00,67286.7,67687.4,66880.1,67556,12855.437
02/06/2026 21:00,67556,67899.9,67373.5,67532.1,8980.536
02/06/2026 22:00,67532.1,67532.1,66210,66354.2,21317.088
02/06/2026 23:00,66354.3,66844.8,66150.7,66730,20673.103
03/06/2026 0:00,66730.1,67195.7,66620.4,66900.2,14643.212
03/06/2026 1:00,66900.3,67010,66442,66890.8,10585.483
03/06/2026 2:00,66890.8,66913,66547.4,66588,4630.414
03/06/2026 3:00,66588,66635,65359.1,65818.4,29211.393
03/06/2026 4:00,65818.3,66594.7,65791.4,66439.2,13975.579
03/06/2026 5:00,66439.1,67380,66439.1,67290.2,22670.597
03/06/2026 6:00,67290.2,67493.8,66913.1,66949.3,10542.247
03/06/2026 7:00,66949.4,67299.9,66828.5,67186.7,6907.108
03/06/2026 8:00,67186.7,67226.7,66933.6,66987.7,7143.703
03/06/2026 9:00,66987.7,67313.9,66620,67040.9,18551.588
03/06/2026 10:00,67041,67448,67032.6,67260,6922.156
03/06/2026 11:00,67260,67340,67026.6,67040.1,3936.714
03/06/2026 12:00,67040.1,67142.1,66760,67050.8,8318.896
03/06/2026 13:00,67050.7,67220.2,66605.1,66884.8,10450.216
03/06/2026 14:00,66884.8,66975,66611.9,66840.9,7494.408
03/06/2026 15:00,66841,66880,66036.2,66046.5,19094.974
03/06/2026 16:00,66046.6,66359.4,65508.3,66037.4,24860.392
03/06/2026 17:00,66037.4,66159,65674.9,65934,9175.749
03/06/2026 18:00,65934,66141.7,65711.4,66006.6,5382.664
03/06/2026 19:00,66006.5,66030.7,65199,65428.6,13312.575
03/06/2026 20:00,65428.5,65581.6,64711.1,64971.7,18176.176
03/06/2026 21:00,64971.8,65829.4,64919.1,65738.6,12497.286
03/06/2026 22:00,65738.6,65814.2,64733.9,64882.1,13287.809
03/06/2026 23:00,64882.1,64957.7,64050.8,64117.7,19130.199
04/06/2026 0:00,64117.7,64412.9,62911.9,63314.4,32017.216
04/06/2026 1:00,63314.5,63478.5,62066.6,62140.3,33187.939
04/06/2026 2:00,62140.4,63598.7,61344.8,63198.4,48264.122
04/06/2026 3:00,63198.4,64495.9,63186.7,64336.2,25029.44
04/06/2026 4:00,64336.2,64739.8,64233,64364,12138.136
04/06/2026 5:00,64363.9,64363.9,63607.4,63927.6,15516.364
04/06/2026 6:00,63927.6,64480,63858.6,64007.2,7456.889
04/06/2026 7:00,64007.4,64041.8,63450,63561.7,13651.696
04/06/2026 8:00,63561.8,63875.9,63201.1,63595.5,12293.7
04/06/2026 9:00,63595.5,63616.3,62666,63237.4,19123.543
04/06/2026 10:00,63237.5,63250,62256,62391.6,29859.942
04/06/2026 11:00,62391.6,62800,62150.8,62520.7,21741.816
04/06/2026 12:00,62520.7,63947.8,62344.1,63738.1,25027.312
04/06/2026 13:00,63738.2,64223.1,63038,64202.7,28666.685
04/06/2026 14:00,64202.7,64463.7,63733,63923.9,16138.466
04/06/2026 15:00,63923.8,64380,63650,63864.8,13018.872
04/06/2026 16:00,63864.8,63898.9,63412.9,63529.4,8547.533
04/06/2026 17:00,63529.4,63698.7,62910,63511.2,14376.367
04/06/2026 18:00,63511.1,64091.7,63117.6,63791.1,15695.29
04/06/2026 19:00,63791.2,64150.8,63508.6,63600.3,9010.124
04/06/2026 20:00,63600.2,63628,63140.8,63600.8,10580.497
04/06/2026 21:00,63600.8,63847.9,63040,63250.2,6186.469
04/06/2026 22:00,63250.1,63740.2,63150.7,63702.2,6948.656
04/06/2026 23:00,63702.3,63897,63335.1,63853.4,6697.537
05/06/2026 0:00,63853.4,63955,63366,63398.3,6077.139
05/06/2026 1:00,63398.3,63547.5,63011,63347,8705.901
05/06/2026 2:00,63347,63416.9,62552.2,62585.5,12937.021
05/06/2026 3:00,62585.6,62861,62300,62699.7,11767.388
05/06/2026 4:00,62700,63629.9,62456,63588.9,12198.337
05/06/2026 5:00,63589,63674.9,62229.6,62294.4,17219.625
05/06/2026 6:00,62294.1,62614.2,61067.6,61916.8,43244.607
05/06/2026 7:00,61916.7,63084.4,61330.5,63075.6,22919.441
05/06/2026 8:00,63075.5,63088,62234.3,62429.9,11546.341
05/06/2026 9:00,62429.9,63231.8,62405.1,62832.5,10276.57
05/06/2026 10:00,62832.4,62910.5,62342.1,62510.1,6267.222
05/06/2026 11:00,62510,62621.9,61928.3,61929.5,9661.694
05/06/2026 12:00,61929.6,62437.5,61578.4,61939.7,18065.956
05/06/2026 13:00,61939.7,62310,60690.8,60700.4,26689.674
05/06/2026 14:00,60700.4,61217.8,60300,60832.7,38987.144
05/06/2026 15:00,60832.6,61105.6,60005.8,60400.8,31939.718
05/06/2026 16:00,60400.8,61550,59739.1,61358.1,58804.844
05/06/2026 17:00,61358.1,61487.9,60621.2,60786.5,12594.401
05/06/2026 18:00,60786.5,60933,59105.4,59362.2,32030.644
05/06/2026 19:00,59362.1,60435.2,59080,60267.7,23692.266
05/06/2026 20:00,60267.4,61800,59903.8,61586.2,22351.565
05/06/2026 21:00,61586.1,61985.1,61400,61639.5,12170.417
05/06/2026 22:00,61639.4,61942.4,61169.1,61556.6,13850.543
05/06/2026 23:00,61556.7,61745,60458,61022,14163.427
06/06/2026 0:00,61022,61500,61012,61238.4,7564.048
06/06/2026 1:00,61238.4,61349.7,60912.3,61025.6,4623.78
06/06/2026 2:00,61025.6,61164.5,60642.4,60918.4,5765.277
06/06/2026 3:00,60918.3,60940.5,60490,60662.6,5489.751
06/06/2026 4:00,60662.6,60847.5,59451.3,60068.4,22031.624
06/06/2026 5:00,60068.5,61070.2,59578.8,60918.9,20702.862
06/06/2026 6:00,60919,61250,60644.5,60771.8,11698.016
06/06/2026 7:00,60771.8,61212.7,60705.4,60975.2,7336.922
06/06/2026 8:00,60975.2,61475,60850,61239.6,8498.1
06/06/2026 9:00,61239.5,61298.2,60854.1,60956.7,5320.274
06/06/2026 10:00,60956.7,60956.7,60146,60555.3,14536.034
06/06/2026 11:00,60555.2,60938,60520,60773.5,5694.791
06/06/2026 12:00,60773.5,61173.5,60599.9,61003.6,9784.197
06/06/2026 13:00,61003.6,61073.6,60668.8,60779.5,5213.726
06/06/2026 14:00,60779.5,60990.8,60733,60762.5,3560.698
06/06/2026 15:00,60762.5,60900,60353.4,60754.1,7524.848
06/06/2026 16:00,60754.2,60949.9,60417.6,60749.8,6038.819
06/06/2026 17:00,60749.9,60817.2,60463,60553.3,3936.273
06/06/2026 18:00,60553.2,60723.5,60363,60606,3583.649
06/06/2026 19:00,60606,60760.4,60502.1,60563.9,2214.691
06/06/2026 20:00,60563.9,60729.1,60484.5,60678.5,2440.763
06/06/2026 21:00,60678.4,60969.2,60673.2,60719.3,3053.205
06/06/2026 22:00,60719.2,60788.6,60390,60513,5032.414
06/06/2026 23:00,60513,60911,60511,60849.7,3116.081
07/06/2026 0:00,60849.7,60962.7,60708,60748.3,2990.633
07/06/2026 1:00,60748.2,61641.4,60720.9,61452.5,13447.678
07/06/2026 2:00,61452.5,61540.1,61150,61469.2,5320.335
07/06/2026 3:00,61469.3,61763.9,61376.7,61671.1,5046.674
07/06/2026 4:00,61671.1,61866,61447.2,61854.1,5279.246
07/06/2026 5:00,61854.2,62132,61607.9,61709.2,9364.91
07/06/2026 6:00,61709.3,62254.9,61573.5,62080.1,9917.458
07/06/2026 7:00,62080.1,62380,61951,62366,8886.719
07/06/2026 8:00,62366,62942.4,62217.4,62823,16219.509
07/06/2026 9:00,62823,62887.5,62361.5,62510,7994.466
07/06/2026 10:00,62509.9,62547.8,62273,62343.7,5250.485
07/06/2026 11:00,62343.7,62730,62333,62598.8,5263.381
07/06/2026 12:00,62598.8,62617.7,61509.1,61871.1,21819.579
07/06/2026 13:00,61871.1,61880,61612.2,61675,5955.28
07/06/2026 14:00,61675.1,62283.6,61675,61872,10111.376
07/06/2026 15:00,61871.9,62196,61640.1,62071.6,6764.069
07/06/2026 16:00,62071.7,62327,61912.7,62054.2,5219.03
07/06/2026 17:00,62054.1,62315.6,62012.2,62129.6,4071.011
07/06/2026 18:00,62129.6,62267.2,61989,62001.6,2079.999
07/06/2026 19:00,62001.6,62009.1,61150.2,61303.8,15448.708
07/06/2026 20:00,61303.7,61949.3,61189.7,61843,6748.756
07/06/2026 21:00,61843.1,61980,61618.5,61755,3502.586
07/06/2026 22:00,61754.9,64250,61690.3,62833.5,32662.168
07/06/2026 23:00,62833,63429.9,62759.5,63298.5,8114.977
08/06/2026 0:00,63299,63849.5,63111.3,63599.2,9954.623
08/06/2026 1:00,63599.3,63619.5,62676.8,63188,12067.272
08/06/2026 2:00,63188,63238.3,62881.9,63097.2,4283.889
08/06/2026 3:00,63097.2,63438.2,62944.1,63101.6,4210.952
08/06/2026 4:00,63101.6,63150,62616.9,62654.7,5895.229
08/06/2026 5:00,62654.7,62800,62377,62740.8,7325.169
08/06/2026 6:00,62740.8,63119.7,62702,62958.8,5677.298
08/06/2026 7:00,62958.9,63320.9,62779,63259.9,5891.372
08/06/2026 8:00,63259.9,63259.9,62955.7,63100.8,3576.879
08/06/2026 9:00,63100.9,63554.7,63093.5,63469.9,7425.603
08/06/2026 10:00,63469.9,63525,63053.4,63131.5,6189.668
08/06/2026 11:00,63131.4,63861.3,63020,63450.1,11047.181
08/06/2026 12:00,63450.1,63948.2,62658.4,63844.5,22904.142
08/06/2026 13:00,63844.6,63920,63330.4,63720.6,13790.78
08/06/2026 14:00,63720.5,64075.6,63531.9,63933.7,10811.608
08/06/2026 15:00,63933.7,64179.5,63673,63745.4,11587.537
08/06/2026 16:00,63745.3,64029.5,63430.6,63496.8,7607.381
08/06/2026 17:00,63496.8,63620,63209.6,63519.2,7842.552
08/06/2026 18:00,63519.1,63659.1,63305,63438,3208.045
08/06/2026 19:00,63438,63572.1,63317.7,63348.2,3103.656
08/06/2026 20:00,63348.3,63459.3,63120.4,63459.1,4563.368
08/06/2026 21:00,63459.1,63832.5,63455.1,63690.8,4030.441
08/06/2026 22:00,63690.7,63690.7,63171.2,63407.5,6036.812
08/06/2026 23:00,63407.6,63567.6,62939.7,63057.9,5409.596
09/06/2026 0:00,63057.9,63157.3,62381.2,62522.6,15947.71
09/06/2026 1:00,62522.6,62846.6,62513,62732.9,6038.258
09/06/2026 2:00,62732.8,62849.5,62506.8,62840,4490.164
09/06/2026 3:00,62839.9,62945.8,62664.3,62841,3847.384
09/06/2026 4:00,62841.1,63402,62715.4,63213.7,9505.94
09/06/2026 5:00,63213.8,63499.9,63088,63318.5,5631.349
09/06/2026 6:00,63318.5,63487.1,63202.6,63279.4,4791.047
09/06/2026 7:00,63279.5,63424,62970.6,63170.8,6015.433
09/06/2026 8:00,63170.9,63183,62646,62816.9,8266.54
09/06/2026 9:00,62817,62923.7,62555.5,62682.5,5482.787
09/06/2026 10:00,62682.6,62802.7,62560.9,62750,4015.766
09/06/2026 11:00,62750,62786.9,62457.5,62679.4,6806.713
09/06/2026 12:00,62679.5,62868.2,62404,62611.6,6095.652
09/06/2026 13:00,62611.6,62717.7,62125,62244.4,13535.918
09/06/2026 14:00,62244.4,62371.6,61075.9,61511.6,35615.599
09/06/2026 15:00,61511.6,61680.9,61001,61100.7,16545.058
09/06/2026 16:00,61100.6,61490,60755,61367.5,26909.919
09/06/2026 17:00,61367.5,61860,61367,61667.1,12632.633
09/06/2026 18:00,61667.2,61939,61563.3,61756.1,5648.053
09/06/2026 19:00,61756.2,62079.5,61685,62068.8,6032.774
09/06/2026 20:00,62068.9,62253.2,61920.9,62132.3,4702.846
09/06/2026 21:00,62132.3,62149.8,61660,61732.2,5903.611
09/06/2026 22:00,61732.5,61945.4,61630.2,61688,3249.56
09/06/2026 23:00,61687.9,61850,61519,61695,3688.76
10/06/2026 0:00,61694.9,61908.9,61404.6,61886.5,5067.624
10/06/2026 1:00,61886.5,61947.4,61544.2,61680.7,4252.258
10/06/2026 2:00,61680.7,61807.9,61201,61271.3,6430.764
10/06/2026 3:00,61271.4,61571.1,61250,61518.2,3472.635
10/06/2026 4:00,61518.3,61535,61153.5,61269.6,4116.843
10/06/2026 5:00,61269.6,61368,61045.7,61321.6,4160.181
10/06/2026 6:00,61321.6,61493,61108.8,61436.5,4853.421
10/06/2026 7:00,61436.4,61783.4,61400.7,61654.3,6313.665
10/06/2026 8:00,61654.3,61707.6,61128.7,61228.7,7510.133
10/06/2026 9:00,61228.8,61396.4,60691.9,61302.7,12001.158
10/06/2026 10:00,61303.2,61426.7,61113.2,61350.1,4009.363
10/06/2026 11:00,61350.1,61406,60824.5,61003.1,9567.514
10/06/2026 12:00,61003.1,61918,60930,61531.7,17186.613
10/06/2026 13:00,61531.8,62445,61406.8,62123.9,18689.305
10/06/2026 14:00,62123.9,62230,61782,62170.8,11613.002
10/06/2026 15:00,62170.9,62840.2,61814,62604.8,18864.285
10/06/2026 16:00,62604.7,62617.1,61891.2,62194.5,9692.542
10/06/2026 17:00,62194.6,62330.3,61616,61944.5,11161.95
10/06/2026 18:00,61944.4,62137.3,61552,61856,6181.953
10/06/2026 19:00,61856,62038,61641.4,61908.7,4545.789
10/06/2026 20:00,61908.7,61921.2,61644.4,61770.1,3195.626
10/06/2026 21:00,61770.1,61773.1,61150.1,61327.3,7887.368
10/06/2026 22:00,61327.4,61547.9,61068.6,61353.2,7637.894
10/06/2026 23:00,61353.1,61582.1,61135.8,61483.7,4642.378
11/06/2026 0:00,61483.6,61955.8,61483.6,61794.6,6629.261
11/06/2026 1:00,61794.6,62350,61793.5,62180.3,6360.787
11/06/2026 2:00,62180.4,62278.3,61911.5,62113.5,4726.248
11/06/2026 3:00,62113.5,62922,61975.6,62657.5,11223.901
11/06/2026 4:00,62657.5,62827,62512.6,62692.9,6342.014
11/06/2026 5:00,62692.8,62696.7,62527.5,62581.7,3206.604
11/06/2026 6:00,62581.7,62993.4,62507.9,62734.2,7813.001
11/06/2026 7:00,62734.1,62812.2,62574.3,62693.3,4667.736
11/06/2026 8:00,62693.2,63043.1,62691.7,62927.2,6684.514
11/06/2026 9:00,62927.2,62970.7,62753.3,62899.9,4093.748
11/06/2026 10:00,62900,63188,62771,63120.3,8162.024
11/06/2026 11:00,63120.2,63235.9,63020.6,63078,7361.917
11/06/2026 12:00,63078,63173.8,62455.8,62978.3,20933.227
11/06/2026 13:00,62978.3,63200,62644.7,63046.1,13026.119
11/06/2026 14:00,63046.1,63060,62697,62699.6,7669.427
11/06/2026 15:00,62699.6,62856.7,62494.6,62721.1,8504.57
11/06/2026 16:00,62721.2,62810,62502.4,62546.6,4781.27
11/06/2026 17:00,62546.6,63643,62315,63614.2,28276.294
11/06/2026 18:00,63614.2,63768.7,63283.4,63426,9903.762
11/06/2026 19:00,63426,63915.3,63350.4,63567.6,10032.986
11/06/2026 20:00,63567.7,63633.6,63235.8,63361.9,4935.297
11/06/2026 21:00,63361.9,63571.5,63359.7,63487.2,2172.23
11/06/2026 22:00,63487.3,63640.6,63425,63467.1,2216.095
11/06/2026 23:00,63467.1,63712.3,63328.1,63597.9,4271.542
12/06/2026 0:00,63598,63777,63489.8,63617.7,4243.194
12/06/2026 1:00,63617.7,63617.7,63271.6,63402.9,4466.191
12/06/2026 2:00,63402.9,63758.4,63402.9,63589.3,3408.002
12/06/2026 3:00,63589.2,63620.1,63314.7,63490,2027.229
12/06/2026 4:00,63490.1,63843.2,63391.2,63670.4,5901.952
12/06/2026 5:00,63670.5,63695.4,63265.4,63317.6,6047.081
12/06/2026 6:00,63317.6,63385.9,62800,62955.9,8541.968
12/06/2026 7:00,62956,63180.8,62919.9,63066.5,4785.19
12/06/2026 8:00,63066.5,63587,63063.9,63440.5,6555.915
12/06/2026 9:00,63440.5,63929.9,63398.3,63729.5,7939.036
12/06/2026 10:00,63729.5,63824,63541.9,63665.1,4205.305
12/06/2026 11:00,63665.2,63855.8,63650,63729.4,3381.03
12/06/2026 12:00,63729.4,63745.1,63331.9,63433.7,5597.36
12/06/2026 13:00,63433.8,63507.9,63020.6,63200.3,9236.386
12/06/2026 14:00,63200.3,63988,63160.4,63971,14271.383
12/06/2026 15:00,63971.1,64362.6,63504.2,63557,26003.214
12/06/2026 16:00,63557.1,63974.8,63477.5,63951.2,8532.953
12/06/2026 17:00,63951.2,64083.3,63708,63836.9,4217.505
12/06/2026 18:00,63836.9,63907,63647.9,63661.8,3095.609
12/06/2026 19:00,63661.8,63790.8,63555,63555.1,3164.169
12/06/2026 20:00,63555,63664.4,63352.3,63417.9,4000.142
12/06/2026 21:00,63418.2,63608.1,63413,63450.1,2246.705
12/06/2026 22:00,63450,63633.3,63435.6,63482.8,2214.568
12/06/2026 23:00,63482.8,63554.7,63394.3,63547,1641.695
13/06/2026 0:00,63547,63625.2,63480,63573.9,1951.164
13/06/2026 1:00,63573.9,63828.4,63573.9,63801,2669.191
13/06/2026 2:00,63801.1,63806.9,63517.8,63612,2457.955
13/06/2026 3:00,63612.1,63695,63360,63494.4,3026.794
13/06/2026 4:00,63494.4,63619.1,63444.9,63475.2,1293.536
13/06/2026 5:00,63475.2,63564.8,63456,63554.9,1208.298
13/06/2026 6:00,63554.9,63720.2,63516.3,63707.2,1642.636
13/06/2026 7:00,63707.2,63879,63637.1,63823.9,4873.909
13/06/2026 8:00,63823.9,63896.5,63729.8,63771.6,3461.243
13/06/2026 9:00,63771.5,63833,63708.2,63709.9,1419.807
13/06/2026 10:00,63709.9,63883.2,63683.1,63812.9,2679.471
13/06/2026 11:00,63813,63949.9,63809.4,63936.1,2414.403
13/06/2026 12:00,63936.1,64187.7,63882.6,64103.1,4756.321
13/06/2026 13:00,64103,64217,64026.6,64071,4732.652
13/06/2026 14:00,64071,64208.8,64052.3,64189.7,2178.915
13/06/2026 15:00,64189.8,64323,64147.2,64265,4558.288
13/06/2026 16:00,64265.1,64280,63862.9,63996.2,8214.293
13/06/2026 17:00,63996.1,64090.1,63902,63939.7,2988.244
13/06/2026 18:00,63939.7,64247.8,63939.6,64122.7,3116.164
13/06/2026 19:00,64122.7,64298.7,64111.1,64264.2,3087.802
13/06/2026 20:00,64264.2,64264.3,64195.3,64252.4,1079.311
13/06/2026 21:00,64252.4,64738,64189.6,64435.2,7334.893
13/06/2026 22:00,64435.2,64529,64349.3,64413.4,2850.59
13/06/2026 23:00,64413.4,64572,64350.5,64418.2,2165.507
14/06/2026 0:00,64418.3,64548.6,64338.8,64519.3,2060.185
14/06/2026 1:00,64519.2,64682.2,64466.4,64534.1,2612.929
14/06/2026 2:00,64534,64606.4,64436.7,64450,2045.452
14/06/2026 3:00,64450.1,64518.4,64421.7,64515,3269.628
14/06/2026 4:00,64515,64532.8,64281,64300,2599.296
14/06/2026 5:00,64300,64378.5,64260,64318.1,2076.942
14/06/2026 6:00,64318.1,64450.1,64208.5,64258,3360.246
14/06/2026 7:00,64258,64412.7,64186.5,64392,2472.615
14/06/2026 8:00,64392.1,64486.9,64353.2,64423.1,1629.08
14/06/2026 9:00,64423.1,64593.1,64281.1,64584.7,3100.679
14/06/2026 10:00,64584.8,64640.6,64452.8,64485.4,2531.79
14/06/2026 11:00,64485.5,64614.4,64419.3,64511.7,1865.041
14/06/2026 12:00,64511.7,64531.2,64255.9,64296.8,3294.214
14/06/2026 13:00,64296.7,64369,64207.3,64287.5,2943.823
14/06/2026 14:00,64287.4,64313.1,63830,63953.7,8475.881
14/06/2026 15:00,63953.7,64123.8,63945.8,63995.2,4281.19
14/06/2026 16:00,63995.2,64183.4,63901.3,63913.8,3323.998
14/06/2026 17:00,63913.8,64000,63650,63706.1,5470.458
14/06/2026 18:00,63706.2,63791.9,63650.9,63783.9,3170.311
14/06/2026 19:00,63783.9,63830.9,63702,63777.3,1358.481
14/06/2026 20:00,63777.4,64070,63761.5,63978.1,3073.059
14/06/2026 21:00,63978.2,65652,63973.4,65284.4,27695.963
14/06/2026 22:00,65284.4,65555,64918.2,65389.2,14246.288
14/06/2026 23:00,65389.2,65775,65217,65702.1,9775.909
15/06/2026 0:00,65702.1,65880,65444,65591.4,9044.986
15/06/2026 1:00,65591.4,65705.6,65314.3,65482.6,5936.809
15/06/2026 2:00,65482.6,65749,65383.6,65429.3,3923.62
15/06/2026 3:00,65429.3,65996.8,65393.4,65894.7,9255.319
15/06/2026 4:00,65894.6,65894.7,65601.8,65612.2,3331.818
15/06/2026 5:00,65612.2,65844.7,65577.8,65828.1,3066.816
15/06/2026 6:00,65828,65933,65716.4,65773,4071.861
15/06/2026 7:00,65773,65978.1,65580,65642.3,5386.6
15/06/2026 8:00,65642.4,65768.1,65580.3,65619.9,3912.2
15/06/2026 9:00,65620,65740.1,65469,65559.9,3326.393
15/06/2026 10:00,65559.8,65934.3,65545.2,65884.7,7895.239
15/06/2026 11:00,65884.7,66346.2,65807.3,66192,15452.401
15/06/2026 12:00,66192,66570,66056.4,66528.5,12174.401
15/06/2026 13:00,66528.5,66915.2,66375.1,66410.8,20545.811
15/06/2026 14:00,66410.8,66646.8,66265,66552.3,8252.837
15/06/2026 15:00,66552.4,67255.4,66541.5,67248.5,13362.263
15/06/2026 16:00,67248.5,67254.5,67051.1,67122.3,7578.852
15/06/2026 17:00,67122.3,67122.4,66635.1,66820.7,8193.907
15/06/2026 18:00,66820.7,66900,66678.5,66726.1,3557.451
15/06/2026 19:00,66726.1,66856.1,66302.4,66579.2,6172.572
15/06/2026 20:00,66579.1,66658.2,66445,66489.6,2244.671
15/06/2026 21:00,66489.6,66534.8,66284.8,66337.1,2945.274
15/06/2026 22:00,66337.1,66446.2,66065.1,66170,5545.129
15/06/2026 23:00,66170,66335.5,66086.6,66285.9,2775.711
16/06/2026 0:00,66285.9,66426.9,66197.2,66216.9,3431.519
16/06/2026 1:00,66216.8,66388.8,66206.6,66309.9,2298.901
16/06/2026 2:00,66309.9,66331.8,65655,65714.1,9099.747
16/06/2026 3:00,65714,66145.4,65607.1,66125.4,6605.331
16/06/2026 4:00,66125.4,66252.2,65768.7,65811.1,5555.333
16/06/2026 5:00,65811.1,66119.9,65811.1,66028,3516.107
16/06/2026 6:00,66028.1,66543.5,66025.1,66406.4,5633.376
16/06/2026 7:00,66406.3,66497,66272.1,66341.7,3952.601
16/06/2026 8:00,66341.8,66956.7,66310.5,66863.9,9095.48
16/06/2026 9:00,66863.9,66884.6,66440.1,66478.4,5305.599
16/06/2026 10:00,66478.5,66755.5,66451.1,66476.1,3834.46
16/06/2026 11:00,66476.1,66619.3,66325.4,66456,3380.096
16/06/2026 12:00,66456,66787.1,66325.2,66390.5,6611.999
16/06/2026 13:00,66390.5,66435.6,65893.2,66012.7,10953.391
16/06/2026 14:00,66012.8,66239.3,65328.8,65630.2,15588.828
16/06/2026 15:00,65630.2,65981.5,65580,65841.8,7659.939
16/06/2026 16:00,65841.8,65932.3,65675.2,65730.8,3289.048
16/06/2026 17:00,65730.9,65991.7,65677.1,65946.2,3368.206
16/06/2026 18:00,65946.2,66246.1,65767,65822.4,5488.113
16/06/2026 19:00,65822.5,65822.5,65529,65653.2,4965.888
16/06/2026 20:00,65653.2,65832.7,65561.3,65824,2517.971
16/06/2026 21:00,65824,65908.4,65609.8,65741.2,2613.731
16/06/2026 22:00,65741.3,65855,65644.6,65745.2,2574.361
16/06/2026 23:00,65745.2,65805,65580.1,65644.8,1766.401
17/06/2026 0:00,65644.8,65821,65644.8,65679.4,2124.11
17/06/2026 1:00,65679.4,65925.1,65427.9,65901.1,4784.4
17/06/2026 2:00,65901.1,66092.5,65743,65872.7,3487.582
17/06/2026 3:00,65872.6,65872.7,65671.8,65818.6,1896.242
17/06/2026 4:00,65818.6,66019,65744.2,65852.5,1896.801
17/06/2026 5:00,65852.5,65948.5,65702.9,65796.1,2152.245
17/06/2026 6:00,65796.1,65869.8,65535,65589.4,3412.922
17/06/2026 7:00,65589.4,65680.3,65200,65504,9271.031
17/06/2026 8:00,65503.9,65549.8,64800,64889.8,13620.919
17/06/2026 9:00,64889.9,65045,64800.4,64880.1,6116.04
17/06/2026 10:00,64880,64964.2,64733.5,64770.4,3937.974
17/06/2026 11:00,64770.4,64834.9,64525,64774.5,8169.245
17/06/2026 12:00,64774.6,65080.3,64550.7,65005.3,7979.636
17/06/2026 13:00,65005.2,65333,64804.1,65232.9,9997.319
17/06/2026 14:00,65232.6,65434.1,64722.6,65072.4,10063.625
17/06/2026 15:00,65072.4,65834.1,64943.5,65712.7,9718.331
17/06/2026 16:00,65712.7,66419.2,65676.8,65829.7,14049.492
17/06/2026 17:00,65829.6,66160,65755,66073.1,5298.208
17/06/2026 18:00,66073.1,66085.3,64746.6,65481.3,32342.617
17/06/2026 19:00,65481.2,65632,64015,64271.3,27562.287
17/06/2026 20:00,64271.4,64460.8,64137.1,64405.9,7023.72
17/06/2026 21:00,64405.9,64427,64104,64229.4,4138.35
17/06/2026 22:00,64229.4,64415.7,63881.2,64265.3,7515.198
17/06/2026 23:00,64265.3,64495.3,64216.6,64472.9,2928.005
18/06/2026 0:00,64472.9,64676.5,64422.4,64432.8,3367.814
18/06/2026 1:00,64432.8,64780,64429.1,64520.9,3711.292
18/06/2026 2:00,64520.9,64750,64453.2,64652.3,2543.649
18/06/2026 3:00,64652.3,64652.3,64228.9,64255,5092.146
18/06/2026 4:00,64255,64323.4,63785,63850.1,9767.176
18/06/2026 5:00,63850.1,64000,63660.1,63961.8,5961.032
18/06/2026 6:00,63961.9,64097.7,63811.3,64054.9,4272.735
18/06/2026 7:00,64054.9,64491.1,63985.3,64470.3,6502.533
18/06/2026 8:00,64470.4,64631.5,64349.2,64370,5742.264
18/06/2026 9:00,64370,64450,64162.5,64172.6,3905.742
18/06/2026 10:00,64172.7,64198,63880.2,64050,6808.319
18/06/2026 11:00,64050.1,64175.9,63855,63940.1,4133.313
18/06/2026 12:00,63940.1,64377.8,63892.8,64345.9,5211.011
18/06/2026 13:00,64345.8,64423.4,63753,63952.3,12076.44
18/06/2026 14:00,63952.4,64181.7,63565,63784.1,13161.056
18/06/2026 15:00,63784.2,63796.6,62232.1,62337.8,40637.073
18/06/2026 16:00,62337.8,62789,62308.6,62664.2,14208.574
18/06/2026 17:00,62664.2,62730,62241,62579.1,11740.083
18/06/2026 18:00,62579.2,62932.7,62552.8,62683.5,9150.288
18/06/2026 19:00,62683.5,62985,62608,62925.4,4674.584
18/06/2026 20:00,62925.3,63266.8,62925.3,63063.1,6155.035
18/06/2026 21:00,63063.1,63098.7,62831.8,62936,3244.761
18/06/2026 22:00,62936,62962.1,62710.5,62853,3104.191
18/06/2026 23:00,62852.9,62959.9,62717,62924.1,2527.605
19/06/2026 0:00,62924,63066.7,62812.7,62991.7,2446.187
19/06/2026 1:00,62991.7,63073,62814.3,62994.5,2562.735
19/06/2026 2:00,62994.5,63088,62858.2,62974.2,2107.975
19/06/2026 3:00,62974.2,63004.8,62237.2,62745.1,11677.236
19/06/2026 4:00,62745.1,62888.8,62375.7,62421.7,5551.656
19/06/2026 5:00,62421.8,62715,62417.4,62707,3774.762
19/06/2026 6:00,62707.1,62888.7,62691,62865.1,2658.473
19/06/2026 7:00,62865,62896.8,62465.6,62592.4,5319.797
19/06/2026 8:00,62592.4,62758.1,62504.7,62575.7,3585.07
19/06/2026 9:00,62575.7,62623.2,62272.4,62353,6117.203
19/06/2026 10:00,62352.9,62570.1,62347.8,62506.2,3659.625
19/06/2026 11:00,62506.3,62664.3,62419.5,62600,3035.836
19/06/2026 12:00,62600,62844.8,62315.2,62799.4,6739.352
19/06/2026 13:00,62799.4,63410.3,62629.5,63174.2,13878.128
19/06/2026 14:00,63174.1,63398.3,62972.8,63174.8,7794.914
19/06/2026 15:00,63174.8,63266.3,62992,63193,4428.801
19/06/2026 16:00,63193.1,63376.6,62897.8,62943.7,6372.556
19/06/2026 17:00,62943.7,63213,62836.6,63166.7,4859.398
19/06/2026 18:00,63166.6,63175.3,62958,63079.3,2166.381
19/06/2026 19:00,63079.2,63117,62907.4,63001.9,1719.554
19/06/2026 20:00,63001.8,63245.9,62926.2,63217.4,1587.361
19/06/2026 21:00,63217.3,63253.6,63024.1,63048,1954.973
19/06/2026 22:00,63048,63345.1,63015.1,63287.8,3005.024
19/06/2026 23:00,63287.8,63645,63250,63512.6,5223.884
20/06/2026 0:00,63512.5,63757.2,63435,63496.8,5620.834
20/06/2026 1:00,63496.8,63594.2,63368.5,63550.9,2644.972
20/06/2026 2:00,63551,63551,63301.8,63305.7,2722.798
20/06/2026 3:00,63305.8,63487.2,63283.5,63440.5,1781.829
20/06/2026 4:00,63440.5,63590,63367.6,63553.9,2036.026
20/06/2026 5:00,63553.9,63894,63509.1,63645.5,6526.429
20/06/2026 6:00,63645.4,63730,63608.6,63710,1912.419
20/06/2026 7:00,63710.1,63774.2,63558.4,63625,3533.917
20/06/2026 8:00,63625,63630,63360,63390.8,4745.106
20/06/2026 9:00,63390.8,63760.8,63390.3,63700.8,3687.354
20/06/2026 10:00,63700.8,63747.7,63559.8,63649.7,2170.014
20/06/2026 11:00,63649.6,63770,63586.8,63651.3,1580.907
20/06/2026 12:00,63651.4,63756,63497.3,63627.8,3118.595
20/06/2026 13:00,63627.7,63627.8,63242,63368,6104.423
20/06/2026 14:00,63368,64150,63136.2,63929.5,15156.582
20/06/2026 15:00,63929.4,64370.9,63810,64139.5,11736.081
20/06/2026 16:00,64139.4,64150,63875,63999.9,4431.632
20/06/2026 17:00,63999.9,64015,63661.9,63810.7,5116.225
20/06/2026 18:00,63810.8,63899,63750.3,63776.4,1651.649
20/06/2026 19:00,63776.3,63940.3,63764.2,63905.5,1802.738
20/06/2026 20:00,63905.5,63945,63820,63899.4,958.033
20/06/2026 21:00,63899.4,64066.6,63886.6,63983,1679.864
20/06/2026 22:00,63983,64326,63943.6,64245.9,3225.948
20/06/2026 23:00,64245.9,64317.6,64219.7,64270,1732.321
21/06/2026 0:00,64270.1,64303,64217.6,64264.3,2410.512
21/06/2026 1:00,64264.3,64297,64199,64221.3,2876.502
21/06/2026 2:00,64221.3,64251.2,64199,64219.5,1446.395
21/06/2026 3:00,64219.5,64450,64207,64398.8,3632.131
21/06/2026 4:00,64398.8,64568,64223.3,64252.7,4422.656
21/06/2026 5:00,64252.6,64339.7,64199,64226.5,2673.68
21/06/2026 6:00,64226.6,64300,64168.7,64270,1874.008
21/06/2026 7:00,64269.9,64270,64143.2,64170.1,3195.625
21/06/2026 8:00,64170,64204.8,63871.3,63987.9,5172.436
21/06/2026 9:00,63987.9,64224.5,63928.4,64189.8,3868.644
21/06/2026 10:00,64189.8,64384,64175.5,64338.9,4012.6
21/06/2026 11:00,64339,64453.3,64077.3,64149.9,4721.509
21/06/2026 12:00,64149.8,64208.7,63916,64161.1,4648.175
21/06/2026 13:00,64161.1,64161.1,63981.2,64123.2,2524.614
21/06/2026 14:00,64123.2,64128.3,63969.7,64120,1789.791
21/06/2026 15:00,64120,64337.3,64081.5,64200.3,2931.074
21/06/2026 16:00,64200.2,64231.6,64013,64122.3,2597.496
21/06/2026 17:00,64122.2,64197.1,64046.4,64114.6,1339.794
21/06/2026 18:00,64114.6,64221,63907.4,64180,2519.631
21/06/2026 19:00,64180.1,64284.9,64135.1,64173.6,1206.193
21/06/2026 20:00,64173.7,64243.4,63641.3,63824.8,4784.615
21/06/2026 21:00,63824.8,63950,63475.3,63778.2,7220.217
21/06/2026 22:00,63778.1,63840,63543,63775.3,5017.033
21/06/2026 23:00,63775.3,63775.3,63220,63287.1,8096.745
22/06/2026 0:00,63287.2,64076,63286.2,63867.2,8324.368
22/06/2026 1:00,63867.3,64788,63818,64574.5,16112.153
22/06/2026 2:00,64574.5,64643.7,64213.8,64226.5,4686.405
22/06/2026 3:00,64226.5,64434.6,63857.1,63935.1,8838.637
22/06/2026 4:00,63935.1,64085.4,63833.4,64063.6,3987.486
22/06/2026 5:00,64063.5,64311.8,64050.6,64219.5,3574.11
22/06/2026 6:00,64219.5,64299,63912.8,63960.7,2873.557
22/06/2026 7:00,63960.6,64384.3,63931,64187.9,4308.349
22/06/2026 8:00,64188,64332.4,64014.9,64133.8,3083.064
22/06/2026 9:00,64133.9,64232.5,64019,64114.8,1760.141
22/06/2026 10:00,64114.7,64250,64044.1,64109.8,1568.598
22/06/2026 11:00,64109.9,64750,64064.5,64624.3,9530.798
22/06/2026 12:00,64624.2,65199,64545.7,65120.1,14700.714
22/06/2026 13:00,65120,65565.7,64915.6,65548,15228.832
22/06/2026 14:00,65547.9,65597.2,64802.3,64943,14941.027
22/06/2026 15:00,64943.1,65117.2,64722.2,64808,6535.352
22/06/2026 16:00,64808,64835.6,64481,64695.7,8721.001
22/06/2026 17:00,64695.8,64746.4,64355,64580.6,5298.329
22/06/2026 18:00,64580.6,64708,64249.6,64312.9,5474.731
22/06/2026 19:00,64312.9,64475.8,64240,64447.9,4662.824
22/06/2026 20:00,64450.6,64637.1,64326,64409.8,3634.307
22/06/2026 21:00,64409.8,64461,64112.1,64291,3088.035
22/06/2026 22:00,64291,64370.8,63758.3,63948.4,7545.433
22/06/2026 23:00,63948.5,64030.7,63843.8,63990.2,3364.757
23/06/2026 0:00,63990.1,64130,63803.2,64119.4,3891.308
23/06/2026 1:00,64119.4,64242.8,63852.5,64125.2,5358.072
23/06/2026 2:00,64125.1,64247.2,64005.5,64165.9,2594.761
23/06/2026 3:00,64165.8,64172.2,63933.3,64037.3,3099.414
23/06/2026 4:00,64037.2,64068,63569.2,63594.9,5712.933
23/06/2026 5:00,63594.8,63707.5,63322,63372.1,8699.821
23/06/2026 6:00,63372,63374.4,62532.4,62905.5,25443.262
23/06/2026 7:00,62905.5,63070.1,62828,62849.2,5860.475
23/06/2026 8:00,62849.3,62916.5,61870,62353.7,25191.723
23/06/2026 9:00,62353.6,62482,62309,62350.2,4877.636
23/06/2026 10:00,62350.3,62563.9,62207.1,62290.4,5432.761
23/06/2026 11:00,62290.4,62600,62289.2,62478.5,5964.423
23/06/2026 12:00,62478.4,62531.6,62157,62227.9,5881.479
23/06/2026 13:00,62228,62513.4,61916.9,62446.6,15070.538
23/06/2026 14:00,62446.5,62837.1,62359.2,62462.8,14169.381
23/06/2026 15:00,62462.8,62480.3,62161.2,62455.8,7509.637
23/06/2026 16:00,62455.9,62812.2,62393.4,62522.9,8663.062
23/06/2026 17:00,62522.9,62668.7,62301.7,62330,3484.745
23/06/2026 18:00,62330,62420,62075.6,62215.3,4189.498
23/06/2026 19:00,62215.3,62467.2,62201.3,62365.7,2790.577
23/06/2026 20:00,62365.7,62518.5,62344.2,62439.8,2217.701
23/06/2026 21:00,62439.9,62629.9,62434.9,62563.1,2110.412
23/06/2026 22:00,62563.1,62749.9,62488.1,62560.1,2806.833
23/06/2026 23:00,62560.1,62770.6,62463.7,62696.7,1898.787
24/06/2026 0:00,62696.7,62999.9,62696.7,62982.1,4509.603
24/06/2026 1:00,62982.1,63090.9,62737,62904.6,3777.468
24/06/2026 2:00,62904.6,62994.6,62572.1,62598,4358.54
24/06/2026 3:00,62598,62804,62402.8,62704.6,5111.386
24/06/2026 4:00,62704.6,62779.9,62500,62720.6,2797.018
24/06/2026 5:00,62720.7,63053.5,62678,62859.9,3935.298
24/06/2026 6:00,62859.8,62888,62700,62754.6,1940.615
24/06/2026 7:00,62754.7,62822,62570.8,62630.3,3406.243
24/06/2026 8:00,62630.4,62786.2,62574,62773,2748.793
24/06/2026 9:00,62773,62773,62608.6,62650.2,1488.171
24/06/2026 10:00,62650.2,62657.8,62365.4,62416.8,4330.738
24/06/2026 11:00,62416.9,63209.6,62272.1,62887.7,11430.749
24/06/2026 12:00,62887.8,62939.3,62543.4,62589.5,5404.984
24/06/2026 13:00,62589.5,62604,61220.7,61308.2,35472.77
24/06/2026 14:00,61308.2,61434.5,60866,61085.3,24983.872
24/06/2026 15:00,61085.3,61128.9,60238,60254.9,24553.002
24/06/2026 16:00,60254.9,60649.1,59260,59808.2,37783.564
24/06/2026 17:00,59808.3,60025.2,59060,59363.7,33548.446
24/06/2026 18:00,59363.6,59895.3,59269.4,59569.5,16224.69
24/06/2026 19:00,59569.5,59973.3,59484.7,59923.8,7889.569
24/06/2026 20:00,59923.7,61188,59813.9,60926.5,26953.645
24/06/2026 21:00,60926.5,61115.2,60633.1,61073.6,6808.637
24/06/2026 22:00,61073.6,61256,60752.8,60850.2,5756.512
24/06/2026 23:00,60850.3,61086.3,60799.9,61051.2,2882.991
25/06/2026 0:00,61051.2,61138.9,60666,60786.9,5410.751
25/06/2026 1:00,60786.9,60960.5,60686.8,60892.9,3603.816
25/06/2026 2:00,60892.9,60939,60660,60763.2,4314.462
25/06/2026 3:00,60763.3,60877.7,60648,60853.9,3048.144
25/06/2026 4:00,60854,61389,60756.4,61323.2,6224.548
25/06/2026 5:00,61323.3,61800,61241.9,61567.1,13551.642
25/06/2026 6:00,61567.1,61829.1,61567.1,61693.5,4754.255
25/06/2026 7:00,61693.5,61931.1,61632.2,61886.7,6467.034
25/06/2026 8:00,61886.8,61897.6,61653,61686.4,5343.995
25/06/2026 9:00,61686.5,61764.9,61578.4,61707.8,3667.26
25/06/2026 10:00,61707.9,61727.9,61228.4,61245.3,7304.194
25/06/2026 11:00,61245.4,61395.3,61033.5,61258.2,11773.247
25/06/2026 12:00,61258.2,61742.9,61048.5,61216.4,12542.989
25/06/2026 13:00,61216.4,61346.4,58030,58248.4,65568.385
25/06/2026 14:00,58248.4,60466.9,58248.4,59448.7,68127.991
25/06/2026 15:00,59448.7,59630.2,58835.2,59536.2,20883.361
25/06/2026 16:00,59536.2,60035.7,59130,59284,13732.675
25/06/2026 17:00,59284.1,59720,59114.4,59656.3,7827.95
25/06/2026 18:00,59656.3,59775,59333,59491,7260.279
25/06/2026 19:00,59491.2,59496.6,59152.7,59299.8,7110.978
25/06/2026 20:00,59299.9,59723.5,59298.7,59428.8,6367.176
25/06/2026 21:00,59428.9,60245,59422.7,60180.7,6267.02
25/06/2026 22:00,60180.7,60180.8,59705.4,59815.1,6099.121
25/06/2026 23:00,59815.1,60164.3,59709.1,59771.9,4578.901
26/06/2026 0:00,59772,59882.2,59608.1,59638.2,3871.116
26/06/2026 1:00,59638.2,59761.3,59200,59413,6344.268
26/06/2026 2:00,59413.1,59432.3,58325.6,58536,24980.279
26/06/2026 3:00,58536,60125.7,58288,60015,26425.366
26/06/2026 4:00,60015,60234.8,59802.3,59899.9,8739.818
26/06/2026 5:00,59899.9,60039.1,59703.1,59921.8,5871.329
26/06/2026 6:00,59921.9,60440,59666.2,60298.9,10771.225
26/06/2026 7:00,60298.9,60734,60252.6,60491,14629.556
26/06/2026 8:00,60491,60542.6,60112,60215.3,7945.368
26/06/2026 9:00,60215.3,60229.8,59544.7,59709.3,10679.166
26/06/2026 10:00,59709.3,59834.2,59210.4,59290,10744.708
26/06/2026 11:00,59290,59569,59233.1,59392.4,6798.892
26/06/2026 12:00,59392.4,59998.4,58940,59167.6,23971.564
26/06/2026 13:00,59167.6,60189.5,58388,60153.3,35902.97
26/06/2026 14:00,60153.5,60274.2,59358.8,59568.9,21091.08
26/06/2026 15:00,59568.9,60494.1,59560,60296.6,16399.595
26/06/2026 16:00,60296.9,60580,59933.1,60017.8,13029.495
26/06/2026 17:00,60017.8,60276.5,59921.4,60000,6949.554
26/06/2026 18:00,60000,60140.7,59530.7,59648.9,5774.528
26/06/2026 19:00,59648.9,60077.8,59586.3,59719.7,7106.059
26/06/2026 20:00,59719.9,59970,59556,59694.7,4861.161
26/06/2026 21:00,59694.7,60028,59649.2,59887.6,2664.982
26/06/2026 22:00,59887.6,60051,59717.1,60007.5,3088.676
26/06/2026 23:00,60007.6,60090.8,59871.9,60072,3454.396
27/06/2026 0:00,60071.9,60167.3,59846.2,60033.4,3606.601
27/06/2026 1:00,60033.4,60046.9,59904.8,59919.1,1013.631
27/06/2026 2:00,59919,60349,59888.7,60256.6,4979.232
27/06/2026 3:00,60256.6,60387.8,60134.5,60274.7,3264.048
27/06/2026 4:00,60274.8,60472.2,60189.4,60215.9,3433.958
27/06/2026 5:00,60215.9,60286,60101.9,60208.3,1945.532
27/06/2026 6:00,60208.4,60492.2,60074.5,60345.3,4271.161
27/06/2026 7:00,60345.2,60557.8,60266,60522.3,3356.548
27/06/2026 8:00,60522.4,60522.5,60336.2,60425.1,2454.04
27/06/2026 9:00,60425.2,60482.9,60261,60391.2,2310.771
27/06/2026 10:00,60391.3,60466.5,60350,60390.3,1032.741
27/06/2026 11:00,60390.3,60425.4,60162,60331.9,3122.375
27/06/2026 12:00,60331.9,60407.1,60222.6,60394,1807.192
27/06/2026 13:00,60394,60643.1,60356.1,60554.6,4154.884
27/06/2026 14:00,60554.6,60697.6,60480,60588.9,3321.5
27/06/2026 15:00,60589,60924.7,60541.1,60817.2,7814.952
27/06/2026 16:00,60817.3,60850,60648.2,60785,2778.326
27/06/2026 17:00,60784.9,60796.6,60383,60495.6,6435.887
27/06/2026 18:00,60495.6,60547.3,60420.2,60537.8,1662.956
27/06/2026 19:00,60537.9,60576.9,60050,60149.9,5900.77
27/06/2026 20:00,60149.9,60283.4,60141.7,60272.8,1563.196
27/06/2026 21:00,60272.8,60469.8,60108.9,60173.4,2727.898
27/06/2026 22:00,60173.4,60230,59819.8,60204.3,4692.97
27/06/2026 23:00,60204.3,60303.2,59913.9,60000.3,3651.424
28/06/2026 0:00,60000.4,60168.7,59983.3,60125.1,1900.278
28/06/2026 1:00,60125.1,60256.8,59950,60193,2439.438
28/06/2026 2:00,60193.1,60314.3,60017.2,60121.2,2057.691
28/06/2026 3:00,60121.2,60250.4,60121.2,60169.5,1454.945
28/06/2026 4:00,60169.5,60205.4,60060,60108.1,1216.104
28/06/2026 5:00,60108,60112.3,59714.8,59956.6,5438.2
28/06/2026 6:00,59956.6,60020,59772.9,59970,2915.154
28/06/2026 7:00,59970,60247.1,59965.8,60192.5,3433.223
28/06/2026 8:00,60192.4,60543.3,60109.5,60340.1,4910.201
28/06/2026 9:00,60340.1,60444,60223.1,60230,2760.374
28/06/2026 10:00,60230,60271.8,60037,60138.5,2477.136
28/06/2026 11:00,60138.4,60351.3,60091.4,60314.9,2495.801
28/06/2026 12:00,60315,60435.8,60161.2,60270,2227.61
28/06/2026 13:00,60269.9,60269.9,59934.3,60044.5,4290.318
28/06/2026 14:00,60044.6,60228.5,59983,59995.3,2937.391
28/06/2026 15:00,59995.3,60103.2,59781.8,59849.9,5771.027
28/06/2026 16:00,59850,59915.7,59550,59655.9,7424.561
28/06/2026 17:00,59655.9,59821.9,59366.6,59557.3,8401.918
28/06/2026 18:00,59557.3,59678.8,59466.9,59580.7,3170.957
28/06/2026 19:00,59580.7,59658.2,59224.6,59451.4,5640.911
28/06/2026 20:00,59451.3,59747.7,59443.8,59634,4223.368
28/06/2026 21:00,59634.1,59773.8,59300,59418.1,4650.66
28/06/2026 22:00,59418.1,59883.2,58888,59040.1,13650.068
28/06/2026 23:00,59040,59820.4,58975,59550.2,7711.363
29/06/2026 0:00,59550.2,59678.1,58978.2,59637.3,9238.488
29/06/2026 1:00,59637.3,59674.3,59170.5,59413,5035.286
29/06/2026 2:00,59413,59788,58850,59731.7,13997.776
29/06/2026 3:00,59731.8,60219.4,59731.8,60019.8,9982.299
29/06/2026 4:00,60019.9,60031.5,59717,59806.2,2746.071
29/06/2026 5:00,59806.2,60088,59360.3,60082.7,6969.253
29/06/2026 6:00,60082.7,60325,60022.2,60051,7371.999
29/06/2026 7:00,60051.1,60162.5,59900.7,59998.9,3635.785
29/06/2026 8:00,59998.9,60070.1,59712.8,59806.9,4899.419
29/06/2026 9:00,59806.9,60089.1,59750.1,60031.3,5094.505
29/06/2026 10:00,60031.3,60287.1,60031.3,60062.4,5511.908
29/06/2026 11:00,60062.3,60193.2,59770.4,59927.2,6062.808
29/06/2026 12:00,59927.2,60758.3,59552.6,59923.5,34963.613
29/06/2026 13:00,59923.5,60313,59302.8,59559.3,21676.377
29/06/2026 14:00,59559.4,59689.6,58988,59444,22336.282
29/06/2026 15:00,59444.1,59939.2,59067.6,59800.2,18439.212
29/06/2026 16:00,59800.3,59999,59562.6,59870.9,6543.241
29/06/2026 17:00,59870.9,60666.6,59870.9,60396,17431.193
29/06/2026 18:00,60396,60500.1,60150.2,60275.4,6924.679
29/06/2026 19:00,60275.4,60540,60127.4,60409.3,6026.141
29/06/2026 20:00,60409.3,60535,60265.1,60271.2,4954.154
29/06/2026 21:00,60271.2,60565.6,60232.1,60454.9,2822.026
29/06/2026 22:00,60454.9,60493.2,60314,60326.5,2066.396
29/06/2026 23:00,60326.4,60353.9,60134,60224.7,3047.364
30/06/2026 0:00,60224.7,60250,59667.5,59806.1,9133.247
30/06/2026 1:00,59806.1,60024.9,59740,59919.6,4682.306
30/06/2026 2:00,59919.6,60021.4,59719.6,59920.4,3470.21
30/06/2026 3:00,59920.4,60007.9,59570,59596.1,5570.503
30/06/2026 4:00,59596.1,59672.1,59400,59458.3,8066.536
30/06/2026 5:00,59458.3,59633.5,59329.2,59627.7,7258.542
30/06/2026 6:00,59627.8,59698.9,59488.6,59571.7,3736.821
30/06/2026 7:00,59571.6,59611.7,59423.3,59497.7,3824.498
30/06/2026 8:00,59497.7,59532.7,59159,59285.8,8863.332
30/06/2026 9:00,59285.8,59397,59225,59348.7,4167.963
30/06/2026 10:00,59348.7,59403,59264.5,59303.6,2380.9
30/06/2026 11:00,59303.7,59399.3,59100,59162.3,6214.318
30/06/2026 12:00,59162.2,59162.3,58351,58374.8,25243.04
30/06/2026 13:00,58374.8,58791.7,58200,58711.9,26034.559
30/06/2026 14:00,58711.8,59264.4,58400.1,58458.6,23045.692
30/06/2026 15:00,58458.7,58785.6,58160,58356.2,18133.224
30/06/2026 16:00,58356.2,58617.4,58223.3,58479.3,7812.9
30/06/2026 17:00,58479.2,58604.8,58290,58396.7,4252.186
30/06/2026 18:00,58396.8,58675,58334,58659.8,4692.25
30/06/2026 19:00,58659.9,58819.9,58560,58794.4,4770.762
30/06/2026 20:00,58794,58850,58621.3,58708,3590.107
30/06/2026 21:00,58708,58744.3,58472.3,58612.1,3145.534
30/06/2026 22:00,58612.3,58780,58477.1,58575.8,2005.278
30/06/2026 23:00,58575.7,58636.7,58518.8,58605.4,1551.593
01/07/2026 0:00,58605.4,58720,58270,58548.7,5536.729
01/07/2026 1:00,58548.7,58991.6,57758.6,58741.7,28902.834
01/07/2026 2:00,58741.8,59152,58632.4,59063.3,12017.6
01/07/2026 3:00,59063.3,59298.4,58823.9,59169.6,9833.129
01/07/2026 4:00,59169.7,59444.5,59030.9,59311.2,5966.189
01/07/2026 5:00,59311.1,59350,59085,59122.4,4463.091
01/07/2026 6:00,59122.3,59130,58500.1,58726.8,13792.727
01/07/2026 7:00,58726.7,58797.6,58567.2,58744.4,4204.786
01/07/2026 8:00,58744.4,58965,58450.7,58950.8,6346.255
01/07/2026 9:00,58950.8,59069.7,58792.8,58921.4,5253.469
01/07/2026 10:00,58921.4,58923.3,58590.9,58631.6,3734.411
01/07/2026 11:00,58631.6,58733.5,58524.2,58592.9,3608.449
01/07/2026 12:00,58592.8,58655.6,58294.1,58495.6,8651.069
01/07/2026 13:00,58495.6,59486.7,58495.5,59463.1,22483.032
01/07/2026 14:00,59463,60067.9,59239.9,59523.8,29537.612
01/07/2026 15:00,59523.7,60520,59496.9,60118.5,22422.372
01/07/2026 16:00,60118.6,60244,59836.1,59902.8,7712.896
01/07/2026 17:00,59902.9,60218.2,59762.6,60166.5,6967.927
01/07/2026 18:00,60166.5,60278.9,59992.7,60141.5,4929.144
01/07/2026 19:00,60141.5,60332.8,59952.3,60000,5201.063
01/07/2026 20:00,60000,60170.3,59844.5,60100.3,4206.586
01/07/2026 21:00,60100.3,60827.8,60092.7,60799.9,16099.76
01/07/2026 22:00,60799.9,61322,60319.3,60446.3,23792.275
01/07/2026 23:00,60446.3,60446.3,59949.2,59999.6,8275.076
02/07/2026 0:00,59999.6,60005.7,59555,59719.7,11009.328
02/07/2026 1:00,59719.7,60298,59688.9,60150,8878.647
02/07/2026 2:00,60150,60467.2,59978.3,60392.5,5419.48
02/07/2026 3:00,60392.4,61102.5,60259.1,61032.9,12526.353
02/07/2026 4:00,61032.9,61033,60703.1,60757.7,7263.034
02/07/2026 5:00,60757.7,60852.9,60450,60479.9,9042.359
02/07/2026 6:00,60480,60623.5,60232.6,60247.6,8467.548
02/07/2026 7:00,60247.6,60288,60080.9,60125.8,9344.837
02/07/2026 8:00,60125.8,60542.2,60113.5,60486.8,6198.207
02/07/2026 9:00,60486.7,61447,60342.5,61159.6,25607.036
02/07/2026 10:00,61159.6,61330,61019.8,61238.5,9252.747
02/07/2026 11:00,61238.4,61367.3,61100,61329.1,12681.094
02/07/2026 12:00,61329.1,61591.1,61109.9,61507.4,18071.778
02/07/2026 13:00,61507.3,62077.3,61472,61913.5,25674.18
02/07/2026 14:00,61913.6,62180,61368.8,61669.8,18344.228
02/07/2026 15:00,61669.7,61844.4,61400,61584,7696.828
02/07/2026 16:00,61584,61754.9,61113.8,61646.8,13879.115
02/07/2026 17:00,61646.8,61900,61592.8,61643,6139.152
02/07/2026 18:00,61643,61847.2,61633.7,61733.5,3075.802
02/07/2026 19:00,61733.5,61739.7,61388.1,61452.5,5108.61
02/07/2026 20:00,61452.4,61576.8,61308.3,61555.4,4121.371
02/07/2026 21:00,61555.3,61634.3,61500,61570.6,1957.081
02/07/2026 22:00,61570.5,61570.6,61388,61445,3574.01
02/07/2026 23:00,61444.9,61588.2,61333,61540.6,2617.247
03/07/2026 0:00,61540.5,61558.8,61229,61283.9,3597.556
03/07/2026 1:00,61283.9,61727.2,61261,61566.5,4451.238
03/07/2026 2:00,61566.6,61647,61271,61411.8,3999.381
03/07/2026 3:00,61411.9,61558,61300,61407.6,3005.736
03/07/2026 4:00,61407.5,61504.6,61300.4,61420.5,2696.433
03/07/2026 5:00,61420.5,61788,61403.1,61674.8,4765.665
03/07/2026 6:00,61674.7,61825.1,61584,61680.5,3450.463
03/07/2026 7:00,61680.6,61849.7,61634.1,61733.6,3348.266
03/07/2026 8:00,61733.7,61875.3,61525.9,61553.5,4222.917
03/07/2026 9:00,61553.6,61760.7,61480.7,61686.8,3311.924
03/07/2026 10:00,61686.9,62017.7,61640.2,61886.6,5642.212
03/07/2026 11:00,61886.5,62078.6,61808.1,61992.8,5889.006
03/07/2026 12:00,61992.8,62149.3,61841,61952.5,8242.179
03/07/2026 13:00,61952.6,62271.9,61910.5,62083.8,5936.24
03/07/2026 14:00,62083.9,62257,61653,62142.9,8788.007
03/07/2026 15:00,62142.9,62386.7,61778.1,61895.2,13581.616
03/07/2026 16:00,61895.2,62103.5,61877.6,62081.9,4059.255
03/07/2026 17:00,62081.9,62266.8,62036,62171.5,4094.585
03/07/2026 18:00,62171.5,62223.7,62087.4,62180.2,2583.154
03/07/2026 19:00,62180.3,62292.4,62120.1,62178.4,3755.875
03/07/2026 20:00,62178.4,62898,62151.2,62759.3,21132.14
03/07/2026 21:00,62759.3,62957.2,62488.8,62706.8,7035.75
03/07/2026 22:00,62706.9,62726,62513,62549.3,2682.334
03/07/2026 23:00,62549.3,62688,62507.1,62565.5,2226.562
04/07/2026 0:00,62565.5,62925.7,62560.5,62735.1,5338.885
04/07/2026 1:00,62735,62735.1,62381.6,62450,5177.732
04/07/2026 2:00,62450,62556.5,62404,62514,1900.751
04/07/2026 3:00,62514.1,62734.7,62460,62609.6,2757.48
04/07/2026 4:00,62609.6,62735.2,62568.8,62661.5,1944.821
04/07/2026 5:00,62661.6,62661.6,62395.7,62445.6,2620.858
04/07/2026 6:00,62445.7,62538.6,62302.6,62473.2,2993.905
04/07/2026 7:00,62473.1,62612.6,62441.8,62549,2131.436
04/07/2026 8:00,62549.1,62654.1,62485.1,62528,2712.962
04/07/2026 9:00,62527.9,62559.3,62386.1,62466,1929.56
04/07/2026 10:00,62466,62518.8,62418.3,62483.9,1203.457
04/07/2026 11:00,62483.8,62545.4,62430.1,62458.7,1559.204
04/07/2026 12:00,62458.6,62671.5,62458.6,62634.1,1790.061
04/07/2026 13:00,62634,62755.5,62509.4,62563,2399.918
04/07/2026 14:00,62562.9,62719.3,62562.4,62671.9,1875
04/07/2026 15:00,62671.8,63069.6,62666.7,62908.8,9460.185
04/07/2026 16:00,62908.7,62943,62752.9,62895.2,2956.899
04/07/2026 17:00,62895.2,63420,62769.8,63245.6,10022.122
04/07/2026 18:00,63245.5,63324.8,63070,63137.5,3957.615
04/07/2026 19:00,63137.5,63450,63090,63268.1,4202.383
04/07/2026 20:00,63268,63367,63128.4,63208.9,2485.99
04/07/2026 21:00,63208.8,63430,63172.8,63274.7,2460.986
04/07/2026 22:00,63274.6,63286.4,63129.4,63167.7,1955.701
04/07/2026 23:00,63167.7,63215.8,62902.7,63114.8,3811.613
05/07/2026 0:00,63114.9,63114.9,62824.4,62962.5,3551.601
05/07/2026 1:00,62962.6,63022.6,62762.3,62859.8,4010.604
05/07/2026 2:00,62859.8,62902.6,62549.6,62673.8,4562.372
05/07/2026 3:00,62673.7,62766,62626.5,62739.1,2361.782
05/07/2026 4:00,62739.1,62928,62680,62787.3,2921.002
05/07/2026 5:00,62787,62788.4,62628,62716.4,2140.339
05/07/2026 6:00,62716.4,62800,62644.3,62749.9,1389.733
05/07/2026 7:00,62749.8,63039.3,62690.5,62995.1,3714.195
05/07/2026 8:00,62995.1,63084,62868,62893.3,2742.219
05/07/2026 9:00,62893.4,62908.7,62410.1,62600.3,6542.351
05/07/2026 10:00,62600.2,62737.9,62507.2,62737.6,2252.572
05/07/2026 11:00,62737.6,62799.9,62582.3,62630,1774.562
05/07/2026 12:00,62630,62752,62534.3,62718.2,2260.963
05/07/2026 13:00,62718.3,62797.9,62617.5,62769.9,2043.696
05/07/2026 14:00,62769.9,62793.6,62621.5,62785.3,1709.374
05/07/2026 15:00,62785.2,62923.7,62646.9,62711.9,4065.907
05/07/2026 16:00,62711.9,62745.6,62570,62612,3034.915
05/07/2026 17:00,62612,62800,62564.4,62601.3,2087.571
05/07/2026 18:00,62601.4,62865,62587.8,62787.6,1904.702
05/07/2026 19:00,62787.6,62848.5,62691.2,62744,1276.56
05/07/2026 20:00,62744.1,62815.1,62667.5,62704.7,862.24
05/07/2026 21:00,62704.8,63224.7,62580,63070.4,6287.574
05/07/2026 22:00,63070.4,63979.3,62976.3,63717.1,20592.411
05/07/2026 23:00,63717.1,63990.7,63542.8,63617.1,8537.899
06/07/2026 0:00,63617.2,63760,63308.3,63728.4,7726.289
06/07/2026 1:00,63728.3,63900,63520,63544.2,4911.735
06/07/2026 2:00,63544.1,63644.1,63340.4,63425.1,5031.491
06/07/2026 3:00,63425.1,63478.4,63101.2,63273,6110.788
06/07/2026 4:00,63272.9,63368.3,63154.6,63242.9,2765.979
06/07/2026 5:00,63242.8,63242.8,62912.6,63086,6116.52
06/07/2026 6:00,63086,63125.6,62940,62962.6,3366.096
06/07/2026 7:00,62962.6,63102.7,62858.4,63064.5,4208.151
06/07/2026 8:00,63064.5,63226.4,62807.1,62876.1,5227.929
06/07/2026 9:00,62876,62893.9,62610,62646.6,5981.406
06/07/2026 10:00,62646.5,63019.3,62641.5,62797.6,5488.25
06/07/2026 11:00,62797.7,62979.4,62461.4,62461.4,10912.522
06/07/2026 12:00,62461.2,62467.2,61652,61733.6,34860.28
06/07/2026 13:00,61733.6,62023.8,61297,61751.7,25787.251
06/07/2026 14:00,61751.7,62397.3,61679.4,62019.7,16281.511
06/07/2026 15:00,62019.7,63531.1,62019.7,63523.1,28807.014
06/07/2026 16:00,63523,63850,63356.8,63710.4,21207.184
06/07/2026 17:00,63710.4,63977.9,63539.9,63565.2,11369.867
06/07/2026 18:00,63565.2,63867.5,63532.8,63675.7,4653.007
06/07/2026 19:00,63675.8,63874.4,63628,63709.8,3459.098
06/07/2026 20:00,63709.9,63868,63560,63798,3993.392
06/07/2026 21:00,63798.1,64691.9,63781.7,64475.9,17905.498
06/07/2026 22:00,64475.9,64488.8,64129.4,64227.2,3777.611
06/07/2026 23:00,64227.2,64330.5,64002,64023.6,2844.93
07/07/2026 0:00,64023.5,64298.1,63981.6,64175.2,4516.091
07/07/2026 1:00,64175.1,64175.2,63738.9,63815,6656.918
07/07/2026 2:00,63815,63884.1,63257,63298.2,12011.75
07/07/2026 3:00,63298.2,63412.8,63122,63165,6438.175
07/07/2026 4:00,63164.9,63266.7,63030.7,63069,5517.363
07/07/2026 5:00,63069,63232.7,62745.6,63092.5,10146.888
07/07/2026 6:00,63092.4,63373.3,62954.4,63310,6420.153
07/07/2026 7:00,63309.9,63424.2,63050,63062.6,5308.971
07/07/2026 8:00,63062.7,63165.7,62958.4,63074,3246.141
07/07/2026 9:00,63074,63317.4,63030,63226.9,3984.997
07/07/2026 10:00,63227,63432.8,63185.4,63258.6,4429.345
07/07/2026 11:00,63258.6,63427.8,63080,63377.7,4669.388
07/07/2026 12:00,63377.8,63868,63365.7,63451.9,11307.971
07/07/2026 13:00,63451.8,63455.4,62960.3,63033.2,13510.125
07/07/2026 14:00,63033.3,63617.8,62638,63536.5,19586.851
07/07/2026 15:00,63536.5,64096,63349.4,63910,15827.862
07/07/2026 16:00,63910,64234.1,63780.3,63962.4,8485.483
07/07/2026 17:00,63962.4,64211,63868.2,64164.7,4437.323
07/07/2026 18:00,64164.6,64168.8,63646.5,63653.8,6767.564
07/07/2026 19:00,63653.6,63873.2,63351.4,63794.9,8996.679
07/07/2026 20:00,63794.9,63874.6,63588.5,63668.3,2860.895
07/07/2026 21:00,63668.4,63839.9,63264,63399.5,5782.613
07/07/2026 22:00,63399.5,63635.4,63177,63514.9,3966.559
07/07/2026 23:00,63514.9,63679.5,63288,63335.4,2329.733
08/07/2026 0:00,63335.4,63740.2,63274.1,63585.9,3564.601
08/07/2026 1:00,63585.9,63624,62883.6,63003.7,8120.007
08/07/2026 2:00,63003.7,63037.1,62466.9,62951.3,13015.007
08/07/2026 3:00,62951.4,63067.9,62666,62741,4155.352
08/07/2026 4:00,62741,62873.3,62643.6,62767.3,3191.098
08/07/2026 5:00,62766.9,62851.2,62520.4,62613.8,4053.867
08/07/2026 6:00,62613.8,62718.2,62434.9,62628.5,5098.065
08/07/2026 7:00,62628.5,62867.7,62519.3,62854.1,5614.701
08/07/2026 8:00,62854.1,62921.8,61821,61989.8,24133.055
08/07/2026 9:00,61989.8,62142.9,61708.2,62031.7,11392.528
08/07/2026 10:00,62031.8,62164.7,61876,62149.8,5056.481
08/07/2026 11:00,62149.9,62366,62025.2,62270,5367.666
08/07/2026 12:00,62270,62394.1,61933,61933.9,5991.213
08/07/2026 13:00,61933.9,62073.6,61615,61923,12545.108
08/07/2026 14:00,61922.9,62151.9,61686.7,61865.5,10860.112
08/07/2026 15:00,61865.6,61900.5,61520,61674.5,9713.099
08/07/2026 16:00,61674.6,62129.8,61666,62086.4,7113.853
08/07/2026 17:00,62086.3,62372.7,62005.2,62086.5,6899.963
08/07/2026 18:00,62086.4,62331,62014.1,62158.8,3724.733
08/07/2026 19:00,62158.9,62270.4,62043,62251.9,2519.071
08/07/2026 20:00,62251.9,62287.1,62051.2,62076.2,2354.879
08/07/2026 21:00,62076.2,62226.4,61926.9,62162.4,4462.192
08/07/2026 22:00,62162.4,62331.8,62144.4,62303.5,2226.252
08/07/2026 23:00,62303.5,62320.6,62139.3,62255.3,1922.822
09/07/2026 0:00,62255.1,62284.4,62025.4,62101.8,3023.797
09/07/2026 1:00,62101.8,62620.2,61796.1,61882.2,10363.949
09/07/2026 2:00,61882.2,62098,61666,61753.7,4989.881
09/07/2026 3:00,61753.8,62042.7,61693.1,61943.1,3408.734
09/07/2026 4:00,61943.2,62427.7,61929,62420.4,5177.524
09/07/2026 5:00,62420.3,62599.6,62204.9,62565.8,7762.964
09/07/2026 6:00,62565.8,62958,62452.1,62934,10744.759
09/07/2026 7:00,62933.9,63286.5,62774.5,62973.7,11947.227
09/07/2026 8:00,62973.6,63083.9,62822.8,62872.6,4400.093
09/07/2026 9:00,62872.6,62980.4,62753.1,62925,3618.009
09/07/2026 10:00,62925,63030.5,62653.8,62757.2,3716.851
09/07/2026 11:00,62757.2,62804.8,62583.4,62756,5140.324
09/07/2026 12:00,62755.9,62934.3,62428.5,62583.3,19486.3
09/07/2026 13:00,62583.3,63215,62490.2,62999.9,9489.196
09/07/2026 14:00,63000,63117.9,62620.1,62982.5,7113.788
09/07/2026 15:00,62982.4,63233,62782.5,62835.4,6941.238
09/07/2026 16:00,62835.4,62969.3,62525.2,62670.7,5324.178
09/07/2026 17:00,62670.7,63146,62640.2,63114.7,5492.868
09/07/2026 18:00,63114.8,63484.9,63041.9,63199.8,10034.92
09/07/2026 19:00,63199.9,63365,63130,63222.9,2981.368
09/07/2026 20:00,63222.9,63300,63148.1,63288.7,1854.485
09/07/2026 21:00,63288.8,63371.7,63162.7,63248.9,1886.986
09/07/2026 22:00,63249,63395.9,63180.9,63186.1,2732.059
09/07/2026 23:00,63186.2,63299.9,63032.2,63197,3222.795
10/07/2026 0:00,63197.1,63239.2,62897,63085.3,4961.377
10/07/2026 1:00,63085.3,63938.8,62931.7,63726.6,11961.053
10/07/2026 2:00,63726.7,64022,63662.6,63935,7618.357
10/07/2026 3:00,63935,64019.7,63789,63917.2,4041.922
10/07/2026 4:00,63917.3,64168,63826.4,64019.3,6097.263
10/07/2026 5:00,64019.2,64185,63915,64090,4203.902
10/07/2026 6:00,64089.9,64138.7,63804.4,63832.8,4672.326
10/07/2026 7:00,63832.8,63980,63765.5,63956.1,4743.281
10/07/2026 8:00,63956.1,64387.9,63949.1,64211.4,12036.605
10/07/2026 9:00,64211.5,64459.9,64065.7,64360.4,8387.949
10/07/2026 10:00,64360.4,64478.3,64244.6,64374,4417.956
10/07/2026 11:00,64374,64450.3,64309,64394.2,2719.427
10/07/2026 12:00,64394.2,64587.9,64236.3,64258.9,6480.494
10/07/2026 13:00,64258.9,64680,64127,64453.7,9691.781
10/07/2026 14:00,64453.6,64491.8,63768,63897.9,13660.447
10/07/2026 15:00,63897.9,64196.1,63875.5,64018.7,5262.22
10/07/2026 16:00,64018.7,64208.1,63802.4,64118.9,4431.076
10/07/2026 17:00,64118.9,64139.6,63803.6,63804,2988.902
10/07/2026 18:00,63804.1,63990,63718.1,63792,2758.665
10/07/2026 19:00,63792,64029.9,63755.8,63900.4,3498.343
10/07/2026 20:00,63900.4,63909.2,63619.9,63820,6698.936
10/07/2026 21:00,63820.1,64086.4,63813.6,63987.6,2417.892
10/07/2026 22:00,63987.7,64142.7,63953.9,64089.9,2814.802
10/07/2026 23:00,64089.8,64176.9,63989.2,64129.5,2223.081
11/07/2026 0:00,64129.5,64137.1,64000,64090.1,1731.884
11/07/2026 1:00,64090.1,64288.7,63969.9,63979.2,2766.132
11/07/2026 2:00,63979.1,64137.8,63950.1,64130.5,1433.009
11/07/2026 3:00,64130.5,64169.1,64037.4,64117.2,1351.12
11/07/2026 4:00,64117.2,64182,64047.2,64123.4,1026.864
11/07/2026 5:00,64123.4,64198.8,64085.2,64141.6,1652.038
11/07/2026 6:00,64141.6,64250,64091.6,64186.7,1422.943
11/07/2026 7:00,64186.7,64224,64120.6,64132.6,1227.267
11/07/2026 8:00,64132.6,64280,64123,64239.6,1627.259
11/07/2026 9:00,64239.6,64272.7,64129,64143,1347.449
11/07/2026 10:00,64143.1,64185,64110.2,64163.9,1266.216
11/07/2026 11:00,64163.9,64192.8,64146.3,64176,761.804
11/07/2026 12:00,64176.1,64207,64112,64168.4,1196.286
11/07/2026 13:00,64168.5,64245.4,64144.4,64213.9,1495.498
11/07/2026 14:00,64213.9,64497.4,64213.9,64321,4280.166
11/07/2026 15:00,64321,64461.4,63668.8,64139,11703.971
11/07/2026 16:00,64139.1,64245.3,64050.4,64148.2,2521.736
11/07/2026 17:00,64148.1,64375.8,64133.4,64289.8,2299.591
11/07/2026 18:00,64289.8,64368.6,64258.1,64299.7,1059.229
11/07/2026 19:00,64299.7,64313.1,64205.7,64262,899.66
11/07/2026 20:00,64261.9,64438.9,64261.9,64353.2,1218.353
11/07/2026 21:00,64353.3,64404.7,64310,64325.5,906.265
11/07/2026 22:00,64325.5,64405.2,64110.5,64169.1,2214.267
11/07/2026 23:00,64169.1,64223.2,63776,63783,6265.888
12/07/2026 0:00,63783.1,63884.9,63657.4,63802.9,4816.995
12/07/2026 1:00,63802.9,64146.2,63783,64106,3478.097
12/07/2026 2:00,64106,64112.7,64002,64049.2,1748.455
12/07/2026 3:00,64049.2,64217.8,64002.9,64201.8,2142.993
12/07/2026 4:00,64201.9,64238,63912.5,63974.3,2506.065
12/07/2026 5:00,63974.2,63998.6,63867,63938,1922.293
12/07/2026 6:00,63938,63938,63602.8,63728.7,5247.13
12/07/2026 7:00,63728.6,63879,63708.2,63856.4,1638.415
12/07/2026 8:00,63856.4,64083.7,63854.1,63951.6,2612.699
12/07/2026 9:00,63951.6,64024.4,63730.7,63930,3030.6
12/07/2026 10:00,63930.1,63930.1,63807.3,63838.9,1174.004
12/07/2026 11:00,63838.9,64012.8,63796.3,63993.8,1872.65
12/07/2026 12:00,63993.8,64118.5,63946,63998.4,2403.082
12/07/2026 13:00,63998.5,64073.4,63959.3,63997.3,1262.062
12/07/2026 14:00,63997.3,64271.9,63928,64175,2804.565
12/07/2026 15:00,64175,64238.9,64091.5,64149.9,2903.188
12/07/2026 16:00,64150,64184.8,64013,64146.8,2987.458
12/07/2026 17:00,64146.7,64146.8,63983.1,64050.3,1096.969
12/07/2026 18:00,64050.2,64126.6,63985.1,64124.6,1249.778
12/07/2026 19:00,64124.7,64248,64114.9,64201.9,1298.912
12/07/2026 20:00,64202,64227.4,64141.6,64168.5,878.789
12/07/2026 21:00,64168.5,64207.4,63856.3,63889.6,2630.665
12/07/2026 22:00,63889.5,63895.8,63634.1,63855,6060.141
12/07/2026 23:00,63855,63883.6,63693,63750,2325.941
13/07/2026 0:00,63749.9,64411.8,63538,64041.8,16536.408
13/07/2026 1:00,64041.8,64044,63366,63382.1,12315.44
13/07/2026 2:00,63382.1,63527.6,63204,63344.8,7882.245
13/07/2026 3:00,63344.9,63362.4,62705,62780.2,15709.528
13/07/2026 4:00,62780.1,62884.8,62592.1,62649.8,6758.166
13/07/2026 5:00,62649.7,62880,62434.9,62764.1,8371.052
13/07/2026 6:00,62764.1,62848.2,62675,62766.6,2684.94
13/07/2026 7:00,62766.6,63030,62719.4,62952.7,6413.166
13/07/2026 8:00,62952.8,63260,62902.5,63174.9,5653.085
13/07/2026 9:00,63174.9,63179.3,63064.4,63074,3292.544
13/07/2026 10:00,63074,63130.9,62834.4,62844.6,9350.106
13/07/2026 11:00,62844.7,63116.1,62844.7,62881.3,4701.727
13/07/2026 12:00,62881.4,62970.7,62531,62597.9,8803.456
13/07/2026 13:00,62597.9,62752.4,62141.2,62300.1,18486.59
13/07/2026 14:00,62300.1,62777,62061.3,62770.3,15429.637
13/07/2026 15:00,62770.2,62965,62543.5,62596.6,9348.486
13/07/2026 16:00,62596.7,62614.5,62183.9,62258,8644.969
13/07/2026 17:00,62258,62347.2,61877,61877,8894.99
13/07/2026 18:00,61877.1,62077.6,61806,61997.3,7281.929
13/07/2026 19:00,61997.4,62267,61962.5,62258,4034.752
13/07/2026 20:00,62257.9,62299,62020,62179.3,3539.601
13/07/2026 21:00,62179.3,62192.1,61868,62034.1,3364.102
13/07/2026 22:00,62034,62199,61883.1,61897.9,3177.324
13/07/2026 23:00,61897.9,62333.4,61854.5,62307,5107.98
14/07/2026 0:00,62307,62639.3,62240.9,62520.7,5906.236
14/07/2026 1:00,62520.7,62614.2,62427,62505.2,3019.814
14/07/2026 2:00,62505.2,62610,62286.9,62516.8,3512.258
14/07/2026 3:00,62516.8,62576.2,62279,62538.2,3341.315
14/07/2026 4:00,62538.3,62744.4,62511,62713.6,3346.574
14/07/2026 5:00,62713.6,62848,62669.4,62699.9,3751.791
14/07/2026 6:00,62699.9,62752,62537,62600.1,3174.255
14/07/2026 7:00,62600.1,62633,62489.7,62529.7,2683.89
14/07/2026 8:00,62529.7,62780,62458.3,62680.1,3017.401
14/07/2026 9:00,62680.1,62721.2,62502.3,62604.2,2286.405
14/07/2026 10:00,62604.2,62880,62577.5,62767.5,3460.434
14/07/2026 11:00,62767.6,62896,62680.7,62810.3,3168.243
14/07/2026 12:00,62810.3,63956,62756.5,63935.2,42323.953
14/07/2026 13:00,63935.2,64162.2,63666,63802.8,18520.356
14/07/2026 14:00,63802.8,64310,63550,64277.3,13029.805
14/07/2026 15:00,64277.2,64950,64163.6,64727.5,25734.552
14/07/2026 16:00,64727.4,64879,64589.3,64703.9,8467.888
14/07/2026 17:00,64704,64704,64200,64597.5,14211.303
14/07/2026 18:00,64597.5,64631.6,64448.7,64544,2451.479
14/07/2026 19:00,64544,64687.9,64456.3,64543,2680.106
14/07/2026 20:00,64543.1,64576.4,64390.4,64538.6,2370.521
14/07/2026 21:00,64538.6,64877.7,64496.2,64650,3377.629
14/07/2026 22:00,64649.9,65130,64485.4,64837.1,12393.571
14/07/2026 23:00,64837.2,65040.3,64750,65014.7,4645.404
15/07/2026 0:00,65014.6,65043.3,64743.6,64798.1,4489.662
15/07/2026 1:00,64798.1,64830.2,64618.8,64643.7,3480.114
15/07/2026 2:00,64643.7,64732.6,64456.7,64473,3174.884
15/07/2026 3:00,64473.1,64820.1,64473,64760.8,2866.928
15/07/2026 4:00,64760.9,64868,64686.6,64723.5,2176.426
15/07/2026 5:00,64723.6,64941.7,64580,64920.5,2716.995
15/07/2026 6:00,64920.5,65260,64784.7,64784.7,8661.145
15/07/2026 7:00,64784.8,64850,64450.9,64528,6827.282
15/07/2026 8:00,64528,64785.8,64528,64745,3889.073
15/07/2026 9:00,64744.9,64899.9,64626.2,64644.6,3146.199
15/07/2026 10:00,64644.6,64826.8,64582.7,64633,2611.385
15/07/2026 11:00,64633,64728.7,64585.6,64707.5,1873.463
15/07/2026 12:00,64707.4,65241.3,64568.8,65133.7,12263.474
15/07/2026 13:00,65133.7,65550.5,64852.5,65090.2,18067.99
15/07/2026 14:00,65090.2,65497,65033.5,65364.8,10429.982
15/07/2026 15:00,65364.8,65589.7,65230,65391.6,7683.692
15/07/2026 16:00,65391.5,65438,64752,65089.5,14894.086
15/07/2026 17:00,65089.6,65148.2,64939.5,65023.1,8953.781
15/07/2026 18:00,65023.1,65130,64817.1,64837.4,3429.166
15/07/2026 19:00,64837.4,64967.9,64708,64942,2826.502
15/07/2026 20:00,64942.1,65030.5,64869.8,64939.9,1207.369
15/07/2026 21:00,64939.9,64985.9,64756.7,64800,1958.445
15/07/2026 22:00,64800,64949.7,64739,64831.5,2140.517
15/07/2026 23:00,64831.6,64912.5,64660,64721.4,2455.054
16/07/2026 0:00,64721.4,64814.7,64464,64554.3,4878.987
16/07/2026 1:00,64554.3,64807.9,64362.2,64698.6,4747.944
16/07/2026 2:00,64698.6,64705,64550,64616.1,1791.299
16/07/2026 3:00,64616.1,64723.3,64521,64593,2045.084
16/07/2026 4:00,64593,64667,64512,64610.9,2014.066
16/07/2026 5:00,64610.9,64974.5,64573.4,64897.9,6259.94
16/07/2026 6:00,64898,64951.2,64603.4,64750,3438.699
16/07/2026 7:00,64749.9,64750,64005.6,64200,12271.054
16/07/2026 8:00,64200.1,64340,63843.1,64096.7,14623.947
16/07/2026 9:00,64096.6,64155.9,63985.1,64063.8,3330.267
16/07/2026 10:00,64063.9,64241.3,64047.7,64186.9,2653.349
16/07/2026 11:00,64187,64245.6,64057.2,64226.6,2957.306
16/07/2026 12:00,64226.6,64226.6,63833,63938.1,6794.898
16/07/2026 13:00,63938.2,64458.7,63930.1,64354.4,11289.067
16/07/2026 14:00,64354.3,64844.3,64300.1,64510,12450.661
16/07/2026 15:00,64510,64874.7,64281.6,64677.7,8163.41
16/07/2026 16:00,64677.7,64687.6,64299.4,64448.4,5409.449
16/07/2026 17:00,64448.4,64453.1,63958,64045.6,7575.592
16/07/2026 18:00,64045.5,64306.8,64022.3,64217.1,3448.519
16/07/2026 19:00,64217,64277.7,64120.2,64241.6,1749.703
16/07/2026 20:00,64241.7,64249.9,64075.1,64090.1,1258.646
16/07/2026 21:00,64090.1,64217.6,64077.3,64135.9,1257.933
16/07/2026 22:00,64136,64221.3,63922.6,63939.5,3705.96
16/07/2026 23:00,63939.6,63978.6,63712.6,63801,6353.682
17/07/2026 0:00,63801.1,63890.4,63580,63862.9,6331.479
17/07/2026 1:00,63862.9,64041.6,63435.6,63510.8,8486.817
17/07/2026 2:00,63510.7,63628,63358,63457.5,5328.647
17/07/2026 3:00,63457.5,63693.2,63450.1,63538.1,3554.461
17/07/2026 4:00,63538,63560,63281,63460,5069.199
17/07/2026 5:00,63460.1,63460.1,62754.6,62807.3,15626.008
17/07/2026 6:00,62807.4,62961.7,62655,62915.4,10696.868
17/07/2026 7:00,62915.5,62947.1,62761.3,62792.9,4831.261
17/07/2026 8:00,62792.8,62905,62611,62857.5,6784.932
17/07/2026 9:00,62857.4,63039.8,62831.8,62962.2,4213.74
17/07/2026 10:00,62962.3,63165.9,62962.2,63146.9,4237.483
17/07/2026 11:00,63146.9,63337.4,63031.3,63273.2,5404.24
17/07/2026 12:00,63273.1,63320,63037,63073.9,5253.453
17/07/2026 13:00,63073.9,63155.8,62505.1,63128.6,16457.338
17/07/2026 14:00,63128.7,63496,63051.4,63142.5,11255.645
17/07/2026 15:00,63142.5,63432.5,62817,63432.4,9297.664
17/07/2026 16:00,63432.4,63681.3,63272.4,63553.7,9059.142
17/07/2026 17:00,63553.7,64194.6,63553.7,64011.8,12832.426
17/07/2026 18:00,64011.8,64356.7,63855.8,64220.1,8585.457
17/07/2026 19:00,64220.1,64226.1,63943.5,64121.4,4380.552
17/07/2026 20:00,64121.4,64165.7,63928.9,64086.1,3417.904
17/07/2026 21:00,64086.2,64188.2,64031.6,64070.6,1550.761
17/07/2026 22:00,64070.6,64117.5,63891.6,63952.8,1753.78
17/07/2026 23:00,63952.7,63985,63860,63909.9,1443.556
18/07/2026 0:00,63909.9,63991,63859.6,63881.6,1490.455
18/07/2026 1:00,63881.6,63980,63862,63929.2,1280.563
18/07/2026 2:00,63929.2,64014.9,63900,63931.5,1347.221
18/07/2026 3:00,63931.6,63995.8,63900,63989.5,1220.595
18/07/2026 4:00,63989.5,63992.8,63915,63946.3,780.402
18/07/2026 5:00,63946.3,63973.3,63894.3,63936.3,1075.625
18/07/2026 6:00,63936.3,63979,63914.1,63954.1,888.648
18/07/2026 7:00,63954.2,64000,63952.8,63980.1,1583.413
18/07/2026 8:00,63980,63997.8,63930.4,63977.2,1367.761
18/07/2026 9:00,63977.2,63985,63912,63961.2,1041.152
18/07/2026 10:00,63961.1,63990,63957.3,63981.2,581.795
18/07/2026 11:00,63981.2,64073.2,63981.2,64033.3,1101.39
18/07/2026 12:00,64033.2,64237.7,64019.4,64181.4,3668.169
18/07/2026 13:00,64181.5,64185.4,63925.2,64081.3,3187.123
18/07/2026 14:00,64081.2,64167.2,64065.8,64099,1539.936
18/07/2026 15:00,64099,64135.6,64000,64090,1415.443
18/07/2026 16:00,64090,64298.6,64054.5,64278.2,3832.348
18/07/2026 17:00,64278.3,64466,64250.3,64450,5266.335
18/07/2026 18:00,64450,64666,64424.5,64477.3,4442.025
18/07/2026 19:00,64477.4,64566,64445.5,64526.3,1721.549
18/07/2026 20:00,64526.4,64738.2,64467.2,64665.5,3210.202
18/07/2026 21:00,64665.5,64819.2,64584.2,64697.6,3096.293
18/07/2026 22:00,64697.5,64837.4,64680.6,64774.4,2034.289
18/07/2026 23:00,64774.3,64818.1,64677.7,64806.7,2054.006
19/07/2026 0:00,64806.7,64878.8,64750,64756.5,2842.165
19/07/2026 1:00,64756.5,64771.8,64750,64750,2790.617
19/07/2026 2:00,64750,64948.8,64672.4,64795.4,5032.332
19/07/2026 3:00,64795.5,64815.8,64594.6,64686.8,2849.995
19/07/2026 4:00,64686.8,64775.2,64580.4,64692.2,1668.466
19/07/2026 5:00,64692.2,64789.8,64643.4,64695.1,1325.774
19/07/2026 6:00,64695,64737.7,64670,64682.3,934.088
19/07/2026 7:00,64682.2,64759.3,64643.4,64692.2,1918.387
19/07/2026 8:00,64692.1,64723.5,64600,64678.1,2064.203
19/07/2026 9:00,64678.2,64694,64467.2,64495.2,3177.976
19/07/2026 10:00,64495.1,64677.7,64454.6,64561.4,2700.58
19/07/2026 11:00,64561.4,64610,64415,64445.7,2748.941
19/07/2026 12:00,64445.7,64445.7,64259.5,64417.5,4959.504
19/07/2026 13:00,64417.4,64497.9,64273.4,64453,2219.753
19/07/2026 14:00,64453,64633,64389,64561.1,2455.842
19/07/2026 15:00,64561,64594.7,64466.6,64545.2,1616.379
19/07/2026 16:00,64545.3,64624.8,64474.2,64510.7,1470.209
19/07/2026 17:00,64510.7,64733,64365.7,64520,3957.134
19/07/2026 18:00,64520,64529.1,64262.9,64399.8,3442.309
19/07/2026 19:00,64399.8,64442.2,64319.5,64438.1,1085.17
19/07/2026 20:00,64438.1,64534.3,64438,64515.9,1059.316
19/07/2026 21:00,64516,64539,64305,64393.7,1677.019
19/07/2026 22:00,64393.6,64874.9,64319.3,64642.7,6743.994
19/07/2026 23:00,64642.8,64748.1,64534.9,64694.7,2054.877
20/07/2026 0:00,64694.8,65084.6,64380,64526,9897.467
20/07/2026 1:00,64526,65011,64470,64594.7,5478.733
20/07/2026 2:00,64594.7,64940,64551.6,64800.1,4762.318
20/07/2026 3:00,64800.1,64887,64610.2,64839.4,2578.628
20/07/2026 4:00,64839.3,64843.4,64503,64511.3,3108.675
20/07/2026 5:00,64511.4,64536.1,64046,64101.7,9123.542
20/07/2026 6:00,64101.8,64198.3,63736.1,63890,10191.102
20/07/2026 7:00,63890,64285.5,63865,64250,5480.1
20/07/2026 8:00,64250,64337,63858.1,64031.4,8326.137
20/07/2026 9:00,64031.4,64260,63984.5,64176.6,3055.595
20/07/2026 10:00,64176.6,64393.2,64137,64280.5,3345.929
20/07/2026 11:00,64280.5,65048.3,64237.1,64970.8,13005.77
20/07/2026 12:00,64970.8,64982,64571,64627.2,10164.095
20/07/2026 13:00,64627.1,64737.5,64174.5,64315,9833.494
20/07/2026 14:00,64315,64550,64034.3,64393,7606.114
20/07/2026 15:00,64393,65688,64386.8,65570.1,26658.588
20/07/2026 16:00,65570.1,65615.5,65301.8,65478.6,10648.534
20/07/2026 17:00,65478.6,65642,65313.9,65560,6542.949
20/07/2026 18:00,65560,65788,65168,65215.8,11084.442
20/07/2026 19:00,65215.7,65256.1,65011.4,65119.3,7696.738
20/07/2026 20:00,65119.3,65435.3,65030.2,65344.7,4390.078
20/07/2026 21:00,65344.8,65416.4,65241.6,65258.5,1872.846
20/07/2026 22:00,65258.4,65258.5,65061.2,65118.7,2625.107
20/07/2026 23:00,65118.8,65244.9,65098.8,65224.8,2029.166
21/07/2026 0:00,65224.7,65561,65115.3,65538.9,4344.322
21/07/2026 1:00,65538.8,65634.4,65202.1,65205.1,4372.902
21/07/2026 2:00,65205.1,65479.5,65145.1,65386.4,3325.329
21/07/2026 3:00,65386.4,65572.2,65380,65539.5,3014.818
21/07/2026 4:00,65539.5,65723,65453.5,65494.2,4594.005
21/07/2026 5:00,65494.2,65927.9,65460.1,65724.9,6383.305
21/07/2026 6:00,65724.8,65970,65604.8,65892.4,5914.487
21/07/2026 7:00,65892.5,66240,65828.2,66166.9,10295.944
21/07/2026 8:00,66166.8,66337.8,66103.4,66200,9095.828
21/07/2026 9:00,66199.9,66320.4,66110,66261.2,3769.983
21/07/2026 10:00,66261.3,66390,66145.5,66161.1,6340.189
21/07/2026 11:00,66161,66333,66117.1,66317.9,3759.054
21/07/2026 12:00,66317.9,66618,66236,66527.7,7956.073
21/07/2026 13:00,66527.7,66777,66290.4,66748.8,11900.874
21/07/2026 14:00,66748.7,66924.1,66609,66804.3,13494.794
21/07/2026 15:00,66804.3,66804.4,66487.9,66648.5,6212.963
21/07/2026 16:00,66648.5,66736.7,66428.5,66507.1,4088.719
21/07/2026 17:00,66507.1,66537.1,65939,66181.1,12541.97
21/07/2026 18:00,66181.1,66333,66071.2,66287.5,4476.6
21/07/2026 19:00,66287.6,66467.4,66230,66409.5,3604.885
21/07/2026 20:00,66409.5,66465.6,66326.3,66373.8,1670.198
21/07/2026 21:00,66373.8,66380.8,66261.7,66352.4,2220.28
21/07/2026 22:00,66352.4,66352.6,66172,66271.2,2432.153
21/07/2026 23:00,66271.3,66544.8,66200,66522.4,3085.24
22/07/2026 0:00,66522.3,66711,66503.9,66591.7,4924.6
22/07/2026 1:00,66591.8,66629.3,66253,66399.9,3861.949
22/07/2026 2:00,66399.9,66513.8,66264.9,66283.2,2039.117
22/07/2026 3:00,66283.2,66343.4,66141.7,66176.7,2975.392
22/07/2026 4:00,66176.6,66399,66161.4,66349.3,1913.639
22/07/2026 5:00,66349.2,66349.3,65909.1,65954.5,7960.255
22/07/2026 6:00,65954.4,66000,65800.1,65906.8,6026.171
22/07/2026 7:00,65906.7,65941.5,65668.6,65813.4,6294.319
22/07/2026 8:00,65813.4,66140.5,65813.4,65953.5,5831.709
22/07/2026 9:00,65953.4,66053.2,65816.4,65896.4,3223.673
22/07/2026 10:00,65896.3,66077.3,65861.4,66016.2,7121.677
22/07/2026 11:00,66016.2,66057.9,65872.1,65981.4,3175.036
22/07/2026 12:00,65981.3,65986,65505,65604.2,7832.203
22/07/2026 13:00,65604.1,65956,65531.7,65924.9,8594.386
22/07/2026 14:00,65924.9,66190.4,65556.3,65770.2,10598.179
22/07/2026 15:00,65770.2,66100,65770,66014.8,6873.918
22/07/2026 16:00,66014.8,66363.6,65877,66199.7,7769.463
22/07/2026 17:00,66199.8,66249.3,65912.6,65997.5,3809.016
22/07/2026 18:00,65997.5,66052.8,65701.2,65860.5,4340.972
22/07/2026 19:00,65860.6,65924,65650.2,65891.1,3197.039
22/07/2026 20:00,65891.2,65954.3,65753,65887.8,2320.046
22/07/2026 21:00,65887.8,66103.1,65853.2,66034.5,2201.826
22/07/2026 22:00,66034.5,66046,65891.8,66013.8,1660.556
22/07/2026 23:00,66013.9,66116.5,65808.5,66082,2265.474
23/07/2026 0:00,66082,66284.1,66020,66023.8,4469.351
23/07/2026 1:00,66023.8,66180,65715.9,65793.8,5399.416
23/07/2026 2:00,65793.7,65808.9,65616.3,65777.4,3027.886
23/07/2026 3:00,65777.4,65788.2,65548,65626.8,3847.55
23/07/2026 4:00,65626.7,65710,65558,65585.3,2534.037
23/07/2026 5:00,65585.4,65764.8,65543.1,65663.9,2512.364
23/07/2026 6:00,65663.9,65793.7,65593.9,65763.2,2021.415
23/07/2026 7:00,65763.3,65763.3,65313.7,65405.3,8530.657
23/07/2026 8:00,65405.3,65637.2,65383.6,65605.9,3577.763
23/07/2026 9:00,65605.8,65732.3,65573.8,65607.9,3031.028
23/07/2026 10:00,65607.9,65756.6,65555.1,65704.2,2837.969
23/07/2026 11:00,65704.1,65709.4,65511,65525.4,2374.826
23/07/2026 12:00,65525.4,65557.8,64927.3,65138,15552.526
23/07/2026 13:00,65138,65215.3,64839.1,64858.6,14102.63
23/07/2026 14:00,64858.7,65197,64801,64884.6,11702.687
23/07/2026 15:00,64884.7,65003.6,64696.2,64940.4,10141.344
23/07/2026 16:00,64940.4,64940.5,64688,64731.4,4677.967
23/07/2026 17:00,64731.5,64877.6,64636,64654.4,4543.014
23/07/2026 18:00,64654.4,64924.9,64654.3,64842.5,3309.665
23/07/2026 19:00,64842.5,64908.1,64670,64820.7,3454.039
23/07/2026 20:00,64820.7,65176,64809.7,65117.7,5482.38
23/07/2026 21:00,65117.6,65183.1,64979.9,65137.4,2461.061
23/07/2026 22:00,65137.4,65193.5,64976.7,65158.2,3003.047
23/07/2026 23:00,65158.2,65189.5,65018.8,65069.6,2173.156
24/07/2026 0:00,65069.6,65084,64733.2,64953.1,4831.001
24/07/2026 1:00,64953,65146.4,64912.4,65053.2,3089.748
24/07/2026 2:00,65053.2,65164.8,64890.5,65091.8,3231.376
24/07/2026 3:00,65091.8,65436.8,65045,65425.4,7118.962
24/07/2026 4:00,65425.5,65440,65235.4,65281.9,3917.507
24/07/2026 5:00,65282,65365.9,65213,65282.3,1810.83
24/07/2026 6:00,65282.4,65490,65245.6,65441.6,3572.79
24/07/2026 7:00,65441.6,65780,65338,65470,12855.234
24/07/2026 8:00,65470.1,65477.2,65274.5,65274.6,3662.526
24/07/2026 9:00,65274.6,65290.7,64919.7,65088.1,7663.998
24/07/2026 10:00,65088.2,65132.2,64878,64927.8,3324.749
24/07/2026 11:00,64927.7,65073.6,64821.9,65045.7,4034.095
24/07/2026 12:00,65045.7,65110.1,64707.5,64746.6,4732.922
24/07/2026 13:00,64746.5,64774.5,63882.3,64129.1,29360.681
24/07/2026 14:00,64129.1,64170,63666,64031.4,18282.036
24/07/2026 15:00,64031.3,64305.8,63824.3,64065.1,15421.724
24/07/2026 16:00,64065.1,64176.5,63854.3,63930.4,5378.185
24/07/2026 17:00,63930.3,64177.9,63882.6,64154.9,3685.779
24/07/2026 18:00,64154.9,64262.3,64104.1,64242.8,3081.464
24/07/2026 19:00,64242.7,64266.9,64113.4,64199.5,2530.206
24/07/2026 20:00,64199.5,64260.1,64105,64139.6,2090.567
24/07/2026 21:00,64139.6,64195.1,64098.7,64112.2,1832.95
24/07/2026 22:00,64112.2,64187.6,64098.7,64132.7,1039.951
24/07/2026 23:00,64132.8,64155,64102.2,64116.5,988.191
25/07/2026 0:00,64116.5,64155,64005.4,64049.6,6490.967
25/07/2026 1:00,64049.6,64135,63977,64039.2,2142.025
25/07/2026 2:00,64039.1,64072.3,63988.4,64010.5,1372.173
25/07/2026 3:00,64010.5,64073.7,63988.4,64052.9,1221.84
25/07/2026 4:00,64053,64181,64052.9,64146.9,1255.783
25/07/2026 5:00,64147,64166.6,63940.7,63990.1,1755.924
25/07/2026 6:00,63990,64032,63933.2,63982.9,1842.202
25/07/2026 7:00,63982.9,64005.5,63966.8,63972.9,1138.406
25/07/2026 8:00,63973,63973.1,63760.5,63844.3,3567.434
25/07/2026 9:00,63844.4,64000,63794.2,63973.9,2160.102
25/07/2026 10:00,63973.8,64039.7,63959.3,64039.6,1751.971
25/07/2026 11:00,64039.6,64078.5,64014.7,64031.3,1213.513
25/07/2026 12:00,64031.2,64088.2,64006.2,64088.2,1166.645
25/07/2026 13:00,64088.1,64236.8,64072.2,64136.9,2768.49
25/07/2026 14:00,64136.8,64187.4,64079.2,64177.7,1570.678
25/07/2026 15:00,64177.7,64243.6,64135.5,64150,1961.221
25/07/2026 16:00,64150.1,64219,64092.2,64180.9,1548.05
25/07/2026 17:00,64180.8,64330.2,64162.1,64236.6,2620.615
25/07/2026 18:00,64236.7,64417.1,64236.7,64391.4,2559.51
25/07/2026 19:00,64391.3,64410,64351.4,64359.6,1546.182
25/07/2026 20:00,64359.7,64367.8,64282.9,64303.9,1212.571
25/07/2026 21:00,64304,64407.1,64233,64318.5,1521.137
25/07/2026 22:00,64318.6,64393,64318.5,64377.6,868.254
25/07/2026 23:00,64377.7,64393.4,64331.9,64338.1,991.941
26/07/2026 0:00,64338,64482.7,64317.9,64482.6,1921.435
