strategy,time,dir,entry,stop,target,exit,R,outcome,date,n_confirm,partners
PriorDayLevels,2020-01-06 15:00:00,LONG,1566.86,1562.15,1582.1,STOP,-1.366,LOSS,2020-01-06,0,
PriorDayLevels,2020-01-07 23:00:00,SHORT,1579.97,1584.71,1560.82,STOP,-1.368,LOSS,2020-01-07,0,
PriorDayLevels,2020-01-08 16:00:00,LONG,1555.28,1550.61,1598.34,EOD,0.221,WIN,2020-01-08,0,
PriorDayLevels,2020-01-10 21:00:00,SHORT,1561.26,1565.94,1540.21,EOD,-0.517,LOSS,2020-01-10,0,
PriorDayLevels,2020-01-21 08:00:00,LONG,1556.63,1551.96,1562.65,STOP,-1.366,LOSS,2020-01-21,0,
PriorDayLevels,2020-01-23 14:00:00,SHORT,1563.68,1568.37,1550.14,EOD,0.228,WIN,2020-01-23,0,
PriorDayLevels,2020-01-24 15:00:00,SHORT,1567.86,1572.57,1551.89,STOP,-1.368,LOSS,2020-01-24,0,
PriorDayLevels,2020-01-31 15:00:00,SHORT,1585.87,1590.63,1572.23,EOD,-0.984,LOSS,2020-01-31,0,
PriorDayLevels,2020-02-05 09:00:00,LONG,1549.0,1544.36,1579.54,EOD,1.151,WIN,2020-02-05,0,
PriorDayLevels,2020-02-06 09:00:00,SHORT,1562.3,1566.99,1547.48,STOP,-1.368,LOSS,2020-02-06,0,
PriorDayLevels,2020-02-10 17:00:00,SHORT,1576.55,1581.28,1569.03,EOD,0.612,WIN,2020-02-10,0,
MaynePlaybook,2020-02-18 14:00:00,SHORT,1589.74,1593.27,1546.31,STOP,-1.496,LOSS,2020-02-18,0,
PriorDayLevels,2020-02-20 11:00:00,SHORT,1612.84,1617.68,1599.47,STOP,-1.368,LOSS,2020-02-20,0,
PriorDayLevels,2020-02-24 08:00:00,SHORT,1680.97,1686.01,1657.7,STOP,-1.368,LOSS,2020-02-24,0,
PriorDayLevels,2020-02-24 19:00:00,LONG,1657.7,1652.73,1680.97,STOP,-1.366,LOSS,2020-02-24,0,
PriorDayLevels,2020-02-27 14:00:00,SHORT,1654.88,1659.84,1624.97,STOP,-1.368,LOSS,2020-02-27,0,
PriorDayLevels,2020-03-03 15:00:00,SHORT,1610.86,1615.7,1581.68,STOP,-1.368,LOSS,2020-03-03,0,
PriorDayLevels,2020-03-05 12:00:00,SHORT,1649.28,1654.23,1631.72,STOP,-1.368,LOSS,2020-03-05,0,
PriorDayLevels,2020-03-06 19:00:00,SHORT,1674.86,1679.88,1635.57,STOP,-1.368,LOSS,2020-03-06,0,
PriorDayLevels,2020-03-11 17:00:00,LONG,1641.57,1636.65,1671.38,STOP,-1.366,LOSS,2020-03-11,0,
PriorDayLevels,2020-03-12 10:00:00,LONG,1633.07,1628.17,1671.18,STOP,-1.366,LOSS,2020-03-12,0,
MaynePlaybook,2020-03-12 15:00:00,LONG,1566.38,1560.72,1611.36,STOP,-1.304,LOSS,2020-03-12,0,
PriorDayLevels,2020-03-13 15:00:00,LONG,1560.72,1556.04,1650.25,STOP,-1.366,LOSS,2020-03-13,0,
PriorDayLevels,2020-03-19 11:00:00,LONG,1472.75,1468.33,1539.83,STOP,-1.366,LOSS,2020-03-19,0,
PriorDayLevels,2020-03-20 20:00:00,SHORT,1498.64,1503.14,1455.29,EOD,-0.383,LOSS,2020-03-20,0,
PriorDayLevels,2020-03-23 12:00:00,SHORT,1507.94,1512.46,1482.77,STOP,-1.368,LOSS,2020-03-23,0,
PriorDayLevels,2020-03-26 13:00:00,SHORT,1631.43,1636.33,1596.18,STOP,-1.368,LOSS,2020-03-26,0,
PriorDayLevels,2020-03-30 22:00:00,LONG,1616.41,1611.56,1630.46,EOD,-0.393,LOSS,2020-03-30,0,
PriorDayLevels,2020-04-02 12:00:00,SHORT,1598.55,1603.35,1571.35,STOP,-1.368,LOSS,2020-04-02,0,
PriorDayLevels,2020-04-03 12:00:00,SHORT,1618.81,1623.67,1581.92,STOP,-1.368,LOSS,2020-04-03,0,
PriorDayLevels,2020-04-14 07:00:00,SHORT,1722.21,1727.38,1679.8,STOP,-1.368,LOSS,2020-04-14,0,
PriorDayLevels,2020-04-16 10:00:00,SHORT,1730.65,1735.85,1707.41,STOP,-1.368,LOSS,2020-04-16,0,
PriorDayLevels,2020-04-16 16:00:00,LONG,1707.41,1702.29,1730.65,STOP,-1.366,LOSS,2020-04-16,0,
PriorDayLevels,2020-04-20 09:00:00,SHORT,1683.24,1688.28,1673.88,STOP,-1.368,LOSS,2020-04-20,0,
PriorDayLevels,2020-04-21 11:00:00,LONG,1671.28,1666.26,1701.96,STOP,-1.366,LOSS,2020-04-21,0,
PriorDayLevels,2020-04-21 16:00:00,LONG,1671.28,1666.26,1701.96,EOD,2.85,WIN,2020-04-21,0,
PriorDayLevels,2020-04-22 07:00:00,SHORT,1697.28,1702.37,1660.13,STOP,-1.368,LOSS,2020-04-22,0,
PriorDayLevels,2020-04-29 19:00:00,SHORT,1713.6,1718.74,1691.43,EOD,-0.302,LOSS,2020-04-29,0,
PriorDayLevels,2020-04-30 12:00:00,LONG,1697.46,1692.37,1716.77,STOP,-1.366,LOSS,2020-04-30,0,
PriorDayLevels,2020-05-05 07:00:00,LONG,1694.68,1689.59,1711.16,TARGET,3.109,WIN,2020-05-05,0,
PriorDayLevels,2020-05-06 13:00:00,LONG,1691.2,1686.12,1711.34,STOP,-1.366,LOSS,2020-05-06,0,
PriorDayLevels,2020-05-07 15:00:00,SHORT,1707.82,1712.94,1681.89,STOP,-1.368,LOSS,2020-05-07,0,
PriorDayLevels,2020-05-11 13:00:00,SHORT,1707.45,1712.58,1701.27,TARGET,1.073,WIN,2020-05-11,0,
PriorDayLevels,2020-05-13 12:00:00,SHORT,1710.52,1715.65,1693.3,STOP,-1.368,LOSS,2020-05-13,0,
PriorDayLevels,2020-05-18 13:00:00,LONG,1743.22,1737.99,1759.78,STOP,-1.366,LOSS,2020-05-18,0,
PriorDayLevels,2020-05-26 10:00:00,LONG,1720.97,1715.8,1732.46,STOP,-1.366,LOSS,2020-05-26,0,
PriorDayLevels,2020-05-29 10:00:00,SHORT,1727.01,1732.2,1708.77,STOP,-1.368,LOSS,2020-05-29,0,
PriorDayLevels,2020-06-01 11:00:00,LONG,1731.39,1726.2,1740.01,TARGET,1.525,WIN,2020-06-01,0,
PriorDayLevels,2020-06-01 16:00:00,SHORT,1740.01,1745.23,1731.39,EOD,-0.653,LOSS,2020-06-01,0,
PriorDayLevels,2020-06-02 13:00:00,SHORT,1744.32,1749.56,1726.74,TARGET,3.227,WIN,2020-06-02,0,
PriorDayLevels,2020-06-02 17:00:00,LONG,1726.74,1721.56,1744.32,EOD,-0.396,LOSS,2020-06-02,0,
PriorDayLevels,2020-06-05 12:00:00,LONG,1696.55,1691.46,1721.22,STOP,-1.366,LOSS,2020-06-05,0,
PriorDayLevels,2020-06-10 18:00:00,SHORT,1720.67,1725.83,1691.91,STOP,-1.368,LOSS,2020-06-10,0,
PriorDayLevels,2020-06-11 14:00:00,SHORT,1739.59,1744.8,1707.82,EOD,2.129,WIN,2020-06-11,0,
PriorDayLevels,2020-06-17 09:00:00,LONG,1716.46,1711.31,1732.61,EOD,1.773,WIN,2020-06-17,0,
PriorDayLevels,2020-06-19 13:00:00,SHORT,1736.91,1742.12,1717.38,STOP,-1.368,LOSS,2020-06-19,0,
PriorDayLevels,2020-06-22 07:00:00,LONG,1743.86,1738.63,1749.97,TARGET,1.033,WIN,2020-06-22,0,
PriorDayLevels,2020-06-23 13:00:00,SHORT,1762.99,1768.28,1742.33,STOP,-1.368,LOSS,2020-06-23,0,
PriorDayLevels,2020-06-26 13:00:00,LONG,1755.36,1750.1,1768.81,STOP,-1.366,LOSS,2020-06-26,0,
PriorDayLevels,2020-06-26 16:00:00,SHORT,1768.81,1774.11,1755.36,EOD,-0.833,LOSS,2020-06-26,0,
PriorDayLevels,2020-06-30 11:00:00,LONG,1765.61,1760.31,1774.75,TARGET,1.593,WIN,2020-06-30,0,
PriorDayLevels,2020-06-30 15:00:00,SHORT,1774.75,1780.08,1765.61,STOP,-1.368,LOSS,2020-06-30,0,
PriorDayLevels,2020-07-01 13:00:00,LONG,1764.12,1758.83,1785.73,EOD,0.408,WIN,2020-07-01,0,
PriorDayLevels,2020-07-02 13:00:00,LONG,1759.14,1753.86,1789.09,EOD,2.758,WIN,2020-07-02,0,
PriorDayLevels,2020-07-07 14:00:00,SHORT,1786.93,1792.29,1769.86,STOP,-1.368,LOSS,2020-07-07,0,
PriorDayLevels,2020-07-10 16:00:00,LONG,1795.29,1789.9,1815.79,EOD,0.251,WIN,2020-07-10,0,
PriorDayLevels,2020-07-24 13:00:00,SHORT,1898.19,1903.88,1863.53,STOP,-1.368,LOSS,2020-07-24,0,
PriorDayLevels,2020-07-28 07:00:00,LONG,1912.3,1906.56,1966.21,EOD,7.257,WIN,2020-07-28,0,
PriorDayLevels,2020-07-30 14:00:00,LONG,1941.31,1935.49,1980.6,EOD,2.309,WIN,2020-07-30,0,
PriorDayLevels,2020-08-04 14:00:00,SHORT,1982.13,1988.08,1960.42,STOP,-1.368,LOSS,2020-08-04,0,
PriorDayLevels,2020-08-06 11:00:00,SHORT,2055.4,2061.57,2009.13,STOP,-1.368,LOSS,2020-08-06,0,
PriorDayLevels,2020-08-07 14:00:00,LONG,2034.34,2028.23,2073.68,STOP,-1.366,LOSS,2020-08-07,0,
PriorDayLevels,2020-08-13 14:00:00,SHORT,1949.17,1955.02,1863.59,STOP,-1.368,LOSS,2020-08-13,0,
PriorDayLevels,2020-08-19 14:00:00,LONG,1975.96,1970.03,2015.39,STOP,-1.366,LOSS,2020-08-19,0,
PriorDayLevels,2020-08-20 10:00:00,LONG,1924.64,1918.86,2005.87,EOD,4.49,WIN,2020-08-20,0,
PriorDayLevels,2020-08-21 11:00:00,LONG,1924.08,1918.31,1955.08,STOP,-1.366,LOSS,2020-08-21,0,
PriorDayLevels,2020-08-24 14:00:00,LONG,1929.82,1924.03,1938.26,TARGET,1.325,WIN,2020-08-24,0,
PriorDayLevels,2020-08-25 09:00:00,LONG,1923.67,1917.9,1961.71,STOP,-1.366,LOSS,2020-08-25,0,
PriorDayLevels,2020-08-26 14:00:00,SHORT,1937.33,1943.14,1914.21,STOP,-1.368,LOSS,2020-08-26,0,
PriorDayLevels,2020-08-27 13:00:00,SHORT,1954.68,1960.54,1902.61,STOP,-1.368,LOSS,2020-08-27,0,
PriorDayLevels,2020-09-04 13:00:00,LONG,1921.82,1916.06,1950.74,EOD,1.66,WIN,2020-09-04,0,
PriorDayLevels,2020-09-08 08:00:00,LONG,1924.11,1918.34,1941.12,STOP,-1.366,LOSS,2020-09-08,0,
PriorDayLevels,2020-09-09 13:00:00,SHORT,1940.72,1946.54,1906.37,STOP,-1.368,LOSS,2020-09-09,0,
PriorDayLevels,2020-09-11 17:00:00,LONG,1941.21,1935.39,1966.49,EOD,-0.585,LOSS,2020-09-11,0,
PriorDayLevels,2020-09-16 13:00:00,SHORT,1972.1,1978.02,1948.1,EOD,1.741,WIN,2020-09-16,0,
PriorDayLevels,2020-09-18 17:00:00,SHORT,1959.86,1965.74,1932.83,EOD,1.309,WIN,2020-09-18,0,
PriorDayLevels,2020-09-28 12:00:00,SHORT,1865.86,1871.46,1860.89,STOP,-1.368,LOSS,2020-09-28,0,
PriorDayLevels,2020-09-30 12:00:00,SHORT,1899.26,1904.96,1875.17,EOD,1.676,WIN,2020-09-30,0,
PriorDayLevels,2020-10-01 11:00:00,SHORT,1902.17,1907.88,1881.33,STOP,-1.368,LOSS,2020-10-01,0,
PriorDayLevels,2020-10-05 12:00:00,SHORT,1904.29,1910.0,1898.04,STOP,-1.368,LOSS,2020-10-05,0,
PriorDayLevels,2020-10-06 12:00:00,SHORT,1918.62,1924.38,1886.93,TARGET,5.373,WIN,2020-10-06,0,
PriorDayLevels,2020-10-06 20:00:00,LONG,1886.93,1881.27,1918.62,STOP,-1.366,LOSS,2020-10-06,0,
PriorDayLevels,2020-10-08 12:00:00,SHORT,1897.9,1903.59,1872.69,EOD,0.112,WIN,2020-10-08,0,
PriorDayLevels,2020-10-22 12:00:00,LONG,1910.05,1904.32,1931.28,STOP,-1.366,LOSS,2020-10-22,0,
PriorDayLevels,2020-10-27 15:00:00,SHORT,1908.48,1914.2,1894.84,EOD,0.209,WIN,2020-10-27,0,
PriorDayLevels,2020-10-28 10:00:00,LONG,1897.78,1892.09,1911.27,STOP,-1.366,LOSS,2020-10-28,0,
PriorDayLevels,2020-10-29 12:00:00,LONG,1869.26,1863.65,1910.77,STOP,-1.366,LOSS,2020-10-29,0,
PriorDayLevels,2020-10-30 12:00:00,SHORT,1884.87,1890.53,1859.82,EOD,0.698,WIN,2020-10-30,0,
PriorDayLevels,2020-11-05 08:00:00,SHORT,1916.31,1922.06,1881.43,STOP,-1.368,LOSS,2020-11-05,0,
PriorDayLevels,2020-11-06 11:00:00,SHORT,1952.65,1958.51,1902.4,STOP,-1.368,LOSS,2020-11-06,0,
MaynePlaybook,2020-11-10 04:00:00,LONG,1883.5,1880.88,1933.18,STOP,-1.789,LOSS,2020-11-10,0,
PriorDayLevels,2020-11-11 13:00:00,LONG,1867.35,1861.75,1890.32,STOP,-1.366,LOSS,2020-11-11,0,
PriorDayLevels,2020-11-13 12:00:00,SHORT,1883.73,1889.39,1862.65,STOP,-1.368,LOSS,2020-11-13,0,
PriorDayLevels,2020-11-16 11:00:00,LONG,1887.78,1882.11,1891.54,STOP,-1.366,LOSS,2020-11-16,0,
PriorDayLevels,2020-11-16 16:00:00,SHORT,1891.54,1897.21,1887.78,TARGET,0.529,WIN,2020-11-16,0,
PriorDayLevels,2020-11-20 14:00:00,SHORT,1872.74,1878.36,1852.55,STOP,-1.368,LOSS,2020-11-20,0,
PriorDayLevels,2020-11-26 07:00:00,SHORT,1817.62,1823.08,1801.59,EOD,1.184,WIN,2020-11-26,0,
PriorDayLevels,2020-12-07 08:00:00,LONG,1832.95,1827.46,1837.98,STOP,-1.366,LOSS,2020-12-07,0,
PriorDayLevels,2020-12-07 13:00:00,SHORT,1837.98,1843.5,1832.95,TARGET,0.779,WIN,2020-12-07,0,
PriorDayLevels,2020-12-08 13:00:00,SHORT,1868.39,1873.99,1822.53,STOP,-1.368,LOSS,2020-12-08,0,
PriorDayLevels,2020-12-11 11:00:00,LONG,1828.6,1823.11,1849.95,EOD,1.628,WIN,2020-12-11,0,
PriorDayLevels,2020-12-14 14:00:00,SHORT,1837.99,1843.51,1835.84,TARGET,0.257,WIN,2020-12-14,0,
PriorDayLevels,2020-12-21 09:00:00,LONG,1882.44,1876.8,1884.94,TARGET,0.307,WIN,2020-12-21,0,
PriorDayLevels,2020-12-23 12:00:00,LONG,1858.88,1853.31,1884.2,EOD,2.076,WIN,2020-12-23,0,
PriorDayLevels,2020-12-28 14:00:00,SHORT,1889.77,1895.44,1885.72,STOP,-1.368,LOSS,2020-12-28,0,
PriorDayLevels,2020-12-30 14:00:00,SHORT,1886.31,1891.97,1871.64,STOP,-1.368,LOSS,2020-12-30,0,
PriorDayLevels,2021-01-06 08:00:00,SHORT,1953.14,1959.0,1934.27,STOP,-1.368,LOSS,2021-01-06,0,
PriorDayLevels,2021-01-06 12:00:00,LONG,1934.27,1928.46,1953.14,STOP,-1.366,LOSS,2021-01-06,0,
PriorDayLevels,2021-01-11 12:00:00,LONG,1841.55,1836.03,1855.54,STOP,-1.366,LOSS,2021-01-11,0,
PriorDayLevels,2021-01-12 19:00:00,SHORT,1855.47,1861.04,1816.94,EOD,-0.955,LOSS,2021-01-12,0,
PriorDayLevels,2021-01-15 15:00:00,LONG,1830.11,1824.62,1857.46,STOP,-1.366,LOSS,2021-01-15,0,
PriorDayLevels,2021-01-20 13:00:00,LONG,1833.0,1827.5,1845.43,TARGET,2.126,WIN,2021-01-20,0,
PriorDayLevels,2021-01-25 10:00:00,SHORT,1859.4,1864.98,1856.57,TARGET,0.375,WIN,2021-01-25,0,
PriorDayLevels,2021-01-25 14:00:00,LONG,1856.57,1851.0,1859.4,TARGET,0.375,WIN,2021-01-25,0,
PriorDayLevels,2021-01-28 13:00:00,SHORT,1853.04,1858.6,1831.21,STOP,-1.368,LOSS,2021-01-28,0,
PriorDayLevels,2021-01-29 12:00:00,SHORT,1864.04,1869.63,1833.97,STOP,-1.368,LOSS,2021-01-29,0,
PriorDayLevels,2021-02-02 07:00:00,LONG,1849.04,1843.5,1871.72,STOP,-1.366,LOSS,2021-02-02,0,
PriorDayLevels,2021-02-08 11:00:00,SHORT,1818.71,1824.17,1815.76,TARGET,0.407,WIN,2021-02-08,0,
PriorDayLevels,2021-02-10 13:00:00,SHORT,1848.47,1854.02,1829.92,STOP,-1.368,LOSS,2021-02-10,0,
PriorDayLevels,2021-02-11 16:00:00,LONG,1834.0,1828.49,1855.3,STOP,-1.366,LOSS,2021-02-11,0,
PriorDayLevels,2021-02-16 11:00:00,LONG,1816.01,1810.56,1826.93,STOP,-1.366,LOSS,2021-02-16,0,
PriorDayLevels,2021-02-18 15:00:00,LONG,1769.41,1764.1,1795.09,EOD,0.057,WIN,2021-02-18,0,
PriorDayLevels,2021-02-19 14:00:00,SHORT,1789.56,1794.93,1768.34,EOD,0.661,WIN,2021-02-19,0,
PriorDayLevels,2021-02-24 13:00:00,LONG,1795.61,1790.22,1815.91,STOP,-1.366,LOSS,2021-02-24,0,
PriorDayLevels,2021-02-25 11:00:00,LONG,1783.47,1778.12,1813.72,STOP,-1.366,LOSS,2021-02-25,0,
PriorDayLevels,2021-03-01 13:00:00,LONG,1735.29,1730.08,1739.94,TARGET,0.76,WIN,2021-03-01,0,
PriorDayLevels,2021-03-03 15:00:00,LONG,1707.04,1701.92,1740.46,STOP,-1.366,LOSS,2021-03-03,0,
PriorDayLevels,2021-03-04 17:00:00,LONG,1701.61,1696.51,1737.48,STOP,-1.366,LOSS,2021-03-04,0,
PriorDayLevels,2021-03-05 13:00:00,LONG,1690.44,1685.37,1723.1,EOD,1.681,WIN,2021-03-05,0,
PriorDayLevels,2021-03-09 13:00:00,SHORT,1714.25,1719.4,1676.63,STOP,-1.368,LOSS,2021-03-09,0,
PriorDayLevels,2021-03-10 13:00:00,SHORT,1720.57,1725.73,1680.18,STOP,-1.368,LOSS,2021-03-10,0,
PriorDayLevels,2021-03-15 14:00:00,LONG,1724.24,1719.07,1728.35,TARGET,0.66,WIN,2021-03-15,0,
PriorDayLevels,2021-03-17 14:00:00,LONG,1725.85,1720.67,1741.08,TARGET,2.808,WIN,2021-03-17,0,
PriorDayLevels,2021-03-17 19:00:00,SHORT,1741.08,1746.3,1725.85,STOP,-1.368,LOSS,2021-03-17,0,
PriorDayLevels,2021-03-18 13:00:00,LONG,1723.86,1718.68,1751.55,EOD,1.824,WIN,2021-03-18,0,
PriorDayLevels,2021-03-23 13:00:00,LONG,1727.13,1721.94,1743.05,EOD,-0.375,LOSS,2021-03-23,0,
PriorDayLevels,2021-03-25 13:00:00,SHORT,1738.36,1743.58,1723.55,STOP,-1.368,LOSS,2021-03-25,0,
PriorDayLevels,2021-03-25 17:00:00,LONG,1723.55,1718.38,1738.36,EOD,0.357,WIN,2021-03-25,0,
PriorDayLevels,2021-03-26 11:00:00,LONG,1721.5,1716.33,1745.4,EOD,1.729,WIN,2021-03-26,0,
PriorDayLevels,2021-03-31 17:00:00,SHORT,1714.34,1719.49,1678.39,EOD,0.984,WIN,2021-03-31,0,
PriorDayLevels,2021-04-05 15:00:00,SHORT,1729.92,1735.11,1726.91,TARGET,0.447,WIN,2021-04-05,0,
MaynePlaybook,2021-04-06 12:00:00,SHORT,1735.81,1738.98,1716.75,STOP,-1.602,LOSS,2021-04-06,0,
PriorDayLevels,2021-04-09 13:00:00,LONG,1733.13,1727.93,1758.64,EOD,1.691,WIN,2021-04-09,0,
PriorDayLevels,2021-04-12 11:00:00,SHORT,1743.48,1748.71,1740.49,TARGET,0.437,WIN,2021-04-12,0,
PriorDayLevels,2021-04-13 13:00:00,SHORT,1744.93,1750.17,1727.32,EOD,-0.682,LOSS,2021-04-13,0,
PriorDayLevels,2021-04-16 09:00:00,SHORT,1769.58,1774.89,1734.3,STOP,-1.368,LOSS,2021-04-16,0,
PriorDayLevels,2021-04-19 12:00:00,LONG,1774.76,1769.44,1778.05,TARGET,0.485,WIN,2021-04-19,0,
PriorDayLevels,2021-04-20 12:00:00,LONG,1766.53,1761.23,1789.99,EOD,1.558,WIN,2021-04-20,0,
PriorDayLevels,2021-04-23 14:00:00,LONG,1777.33,1772.0,1797.76,STOP,-1.366,LOSS,2021-04-23,0,
PriorDayLevels,2021-04-26 12:00:00,LONG,1773.86,1768.54,1775.98,TARGET,0.265,WIN,2021-04-26,0,
PriorDayLevels,2021-04-29 13:00:00,LONG,1762.46,1757.17,1783.9,STOP,-1.366,LOSS,2021-04-29,0,
PriorDayLevels,2021-05-04 14:00:00,SHORT,1797.83,1803.22,1767.31,EOD,3.196,WIN,2021-05-04,0,
PriorDayLevels,2021-05-05 12:00:00,LONG,1770.57,1765.26,1798.95,EOD,2.389,WIN,2021-05-05,0,
PriorDayLevels,2021-05-11 12:00:00,LONG,1829.95,1824.46,1845.32,STOP,-1.366,LOSS,2021-05-11,0,
PriorDayLevels,2021-05-12 13:00:00,SHORT,1841.71,1847.23,1817.8,TARGET,4.196,WIN,2021-05-12,0,
PriorDayLevels,2021-05-12 22:00:00,LONG,1817.8,1812.34,1841.71,EOD,-0.423,LOSS,2021-05-12,0,
PriorDayLevels,2021-05-13 08:00:00,LONG,1813.23,1807.79,1843.46,EOD,1.8,WIN,2021-05-13,0,
PriorDayLevels,2021-05-19 08:00:00,LONG,1863.16,1857.57,1874.88,STOP,-1.366,LOSS,2021-05-19,0,
PriorDayLevels,2021-05-19 13:00:00,SHORT,1874.88,1880.5,1863.16,STOP,-1.368,LOSS,2021-05-19,0,
PriorDayLevels,2021-05-19 18:00:00,LONG,1863.16,1857.57,1874.88,TARGET,1.961,WIN,2021-05-19,0,
PriorDayLevels,2021-05-21 12:00:00,SHORT,1883.77,1889.42,1863.8,EOD,0.007,BE,2021-05-21,0,
PriorDayLevels,2021-05-27 12:00:00,LONG,1890.66,1884.98,1912.62,EOD,0.922,WIN,2021-05-27,0,
PriorDayLevels,2021-05-28 12:00:00,LONG,1888.11,1882.45,1903.53,STOP,-1.366,LOSS,2021-05-28,0,
PriorDayLevels,2021-05-28 19:00:00,SHORT,1903.53,1909.24,1888.11,EOD,-0.398,LOSS,2021-05-28,0,
PriorDayLevels,2021-06-01 14:00:00,LONG,1902.06,1896.36,1910.54,STOP,-1.366,LOSS,2021-06-01,0,
PriorDayLevels,2021-06-07 13:00:00,SHORT,1890.63,1896.3,1888.65,TARGET,0.217,WIN,2021-06-07,0,
PriorDayLevels,2021-06-08 12:00:00,SHORT,1900.03,1905.73,1881.46,EOD,0.81,WIN,2021-06-08,0,
PriorDayLevels,2021-06-10 19:00:00,SHORT,1898.91,1904.61,1887.25,EOD,-0.262,LOSS,2021-06-10,0,
PriorDayLevels,2021-06-16 18:00:00,LONG,1851.53,1845.97,1869.05,STOP,-1.366,LOSS,2021-06-16,0,
PriorDayLevels,2021-06-17 08:00:00,LONG,1803.26,1797.85,1863.51,STOP,-1.366,LOSS,2021-06-17,0,
PriorDayLevels,2021-06-18 19:00:00,LONG,1766.98,1761.68,1825.19,STOP,-1.366,LOSS,2021-06-18,0,
PriorDayLevels,2021-06-23 13:00:00,SHORT,1790.05,1795.42,1772.26,EOD,2.006,WIN,2021-06-23,0,
PriorDayLevels,2021-06-25 12:00:00,SHORT,1787.96,1793.32,1772.83,EOD,0.864,WIN,2021-06-25,0,
PriorDayLevels,2021-06-28 13:00:00,SHORT,1782.75,1788.1,1780.54,TARGET,0.28,WIN,2021-06-28,0,
PriorDayLevels,2021-07-02 08:00:00,SHORT,1782.76,1788.11,1765.63,STOP,-1.368,LOSS,2021-07-02,0,
PriorDayLevels,2021-07-08 07:00:00,SHORT,1809.67,1815.1,1793.87,STOP,-1.368,LOSS,2021-07-08,0,
PriorDayLevels,2021-07-15 17:00:00,SHORT,1829.71,1835.2,1804.46,EOD,-0.32,LOSS,2021-07-15,0,
PriorDayLevels,2021-07-22 08:00:00,LONG,1794.42,1789.04,1813.64,EOD,1.983,WIN,2021-07-22,0,
PriorDayLevels,2021-07-23 11:00:00,LONG,1792.69,1787.31,1808.43,EOD,1.386,WIN,2021-07-23,0,
PriorDayLevels,2021-07-26 13:00:00,LONG,1800.05,1794.65,1802.71,TARGET,0.359,WIN,2021-07-26,0,
PriorDayLevels,2021-07-27 14:00:00,LONG,1796.28,1790.89,1811.45,EOD,0.3,WIN,2021-07-27,0,
PriorDayLevels,2021-07-28 18:00:00,LONG,1793.33,1787.95,1805.17,TARGET,2.067,WIN,2021-07-28,0,
PriorDayLevels,2021-07-28 20:00:00,SHORT,1805.17,1810.59,1793.33,EOD,-1.131,LOSS,2021-07-28,0,
PriorDayLevels,2021-08-02 14:00:00,SHORT,1814.96,1820.4,1812.01,TARGET,0.408,WIN,2021-08-02,0,
PriorDayLevels,2021-08-04 15:00:00,LONG,1807.0,1801.58,1814.92,EOD,0.484,WIN,2021-08-04,0,
PriorDayLevels,2021-08-05 13:00:00,LONG,1806.31,1800.89,1831.66,STOP,-1.366,LOSS,2021-08-05,0,
PriorDayLevels,2021-08-11 10:00:00,SHORT,1738.24,1743.45,1717.7,STOP,-1.368,LOSS,2021-08-11,0,
PriorDayLevels,2021-08-16 12:00:00,SHORT,1779.98,1785.32,1778.41,TARGET,0.16,WIN,2021-08-16,0,
PriorDayLevels,2021-08-18 14:00:00,LONG,1780.5,1775.15,1795.52,EOD,0.921,WIN,2021-08-18,0,
PriorDayLevels,2021-08-19 19:00:00,LONG,1777.12,1771.79,1793.68,EOD,-0.02,BE,2021-08-19,0,
PriorDayLevels,2021-08-24 12:00:00,SHORT,1806.23,1811.65,1776.41,EOD,0.469,WIN,2021-08-24,0,
PriorDayLevels,2021-08-26 12:00:00,LONG,1782.31,1776.96,1802.59,EOD,1.715,WIN,2021-08-26,0,
PriorDayLevels,2021-08-31 13:00:00,LONG,1807.65,1802.23,1823.16,STOP,-1.366,LOSS,2021-08-31,0,
PriorDayLevels,2021-09-01 12:00:00,SHORT,1819.05,1824.5,1801.54,EOD,0.739,WIN,2021-09-01,0,
PriorDayLevels,2021-09-02 14:00:00,LONG,1808.59,1803.16,1819.91,EOD,-0.224,LOSS,2021-09-02,0,
PriorDayLevels,2021-09-03 12:00:00,SHORT,1817.01,1822.46,1804.63,STOP,-1.368,LOSS,2021-09-03,0,
PriorDayLevels,2021-09-08 13:00:00,LONG,1792.28,1786.9,1827.18,STOP,-1.366,LOSS,2021-09-08,0,
PriorDayLevels,2021-09-14 11:00:00,LONG,1783.3,1777.95,1798.31,TARGET,2.672,WIN,2021-09-14,0,
PriorDayLevels,2021-09-14 13:00:00,SHORT,1798.31,1803.71,1783.3,STOP,-1.368,LOSS,2021-09-14,0,
PriorDayLevels,2021-09-21 09:00:00,SHORT,1766.92,1772.22,1741.68,STOP,-1.368,LOSS,2021-09-21,0,
PriorDayLevels,2021-09-22 18:00:00,SHORT,1781.61,1786.96,1757.87,STOP,-1.368,LOSS,2021-09-22,0,
PriorDayLevels,2021-09-23 12:00:00,LONG,1764.58,1759.29,1787.16,STOP,-1.366,LOSS,2021-09-23,0,
PriorDayLevels,2021-09-27 09:00:00,LONG,1748.21,1742.97,1750.77,TARGET,0.355,WIN,2021-09-27,0,
PriorDayLevels,2021-09-29 14:00:00,LONG,1728.07,1722.88,1754.41,STOP,-1.366,LOSS,2021-09-29,0,
PriorDayLevels,2021-09-30 14:00:00,SHORT,1745.47,1750.71,1721.57,STOP,-1.368,LOSS,2021-09-30,0,
PriorDayLevels,2021-10-01 14:00:00,SHORT,1764.08,1769.37,1722.21,EOD,0.317,WIN,2021-10-01,0,
PriorDayLevels,2021-10-04 14:00:00,SHORT,1765.2,1770.49,1760.95,TARGET,0.668,WIN,2021-10-04,0,
PriorDayLevels,2021-10-08 12:00:00,SHORT,1766.89,1772.19,1751.94,STOP,-1.368,LOSS,2021-10-08,0,
PriorDayLevels,2021-10-13 10:00:00,SHORT,1769.3,1774.61,1750.57,STOP,-1.368,LOSS,2021-10-13,0,
PriorDayLevels,2021-10-15 07:00:00,LONG,1786.62,1781.27,1800.41,STOP,-1.366,LOSS,2021-10-15,0,
PriorDayLevels,2021-10-20 12:00:00,SHORT,1785.06,1790.42,1763.27,EOD,0.316,WIN,2021-10-20,0,
PriorDayLevels,2021-10-26 13:00:00,LONG,1792.18,1786.81,1809.91,STOP,-1.366,LOSS,2021-10-26,0,
PriorDayLevels,2021-11-04 12:00:00,SHORT,1787.58,1792.94,1758.53,STOP,-1.368,LOSS,2021-11-04,0,
PriorDayLevels,2021-11-05 13:00:00,SHORT,1798.89,1804.29,1770.71,STOP,-1.368,LOSS,2021-11-05,0,
PriorDayLevels,2021-11-10 13:00:00,SHORT,1832.62,1838.12,1819.07,STOP,-1.368,LOSS,2021-11-10,0,
PriorDayLevels,2021-11-12 15:00:00,SHORT,1865.92,1871.51,1842.86,EOD,-0.089,LOSS,2021-11-12,0,
PriorDayLevels,2021-11-15 13:00:00,SHORT,1867.78,1873.39,1865.24,TARGET,0.321,WIN,2021-11-15,0,
PriorDayLevels,2021-11-15 19:00:00,SHORT,1867.78,1873.39,1865.24,TARGET,0.321,WIN,2021-11-15,0,
PriorDayLevels,2021-11-16 08:00:00,SHORT,1870.27,1875.88,1856.31,STOP,-1.368,LOSS,2021-11-16,0,
PriorDayLevels,2021-11-16 16:00:00,LONG,1856.31,1850.74,1870.27,STOP,-1.366,LOSS,2021-11-16,0,
PriorDayLevels,2021-11-19 14:00:00,LONG,1855.02,1849.46,1870.88,STOP,-1.366,LOSS,2021-11-19,0,
PriorDayLevels,2021-11-24 13:00:00,LONG,1781.91,1776.57,1812.37,EOD,1.088,WIN,2021-11-24,0,
PriorDayLevels,2021-11-26 16:00:00,LONG,1787.85,1782.49,1795.03,STOP,-1.366,LOSS,2021-11-26,0,
PriorDayLevels,2021-11-30 14:00:00,SHORT,1799.36,1804.76,1781.12,STOP,-1.368,LOSS,2021-11-30,0,
PriorDayLevels,2021-11-30 16:00:00,LONG,1781.12,1775.78,1799.36,STOP,-1.366,LOSS,2021-11-30,0,
PriorDayLevels,2021-12-02 14:00:00,LONG,1772.6,1767.28,1794.27,STOP,-1.366,LOSS,2021-12-02,0,
PriorDayLevels,2021-12-03 17:00:00,SHORT,1781.97,1787.32,1761.84,EOD,-0.637,LOSS,2021-12-03,0,
PriorDayLevels,2021-12-06 16:00:00,SHORT,1784.09,1789.45,1780.69,TARGET,0.503,WIN,2021-12-06,0,
PriorDayLevels,2021-12-07 13:00:00,LONG,1775.56,1770.23,1787.68,TARGET,2.143,WIN,2021-12-07,0,
PriorDayLevels,2021-12-09 11:00:00,LONG,1779.58,1774.24,1793.06,STOP,-1.366,LOSS,2021-12-09,0,
PriorDayLevels,2021-12-10 14:00:00,SHORT,1787.55,1792.92,1773.42,EOD,0.52,WIN,2021-12-10,0,
PriorDayLevels,2021-12-13 13:00:00,LONG,1782.71,1777.36,1784.39,TARGET,0.181,WIN,2021-12-13,0,
PriorDayLevels,2021-12-14 13:00:00,LONG,1781.78,1776.43,1791.58,STOP,-1.366,LOSS,2021-12-14,0,
PriorDayLevels,2021-12-21 15:00:00,LONG,1788.29,1782.92,1804.09,EOD,0.034,BE,2021-12-21,0,
PriorDayLevels,2021-12-22 18:00:00,SHORT,1800.29,1805.69,1784.75,EOD,-0.979,LOSS,2021-12-22,0,
PriorDayLevels,2021-12-30 14:00:00,SHORT,1807.63,1813.05,1789.21,STOP,-1.368,LOSS,2021-12-30,0,
PriorDayLevels,2022-01-07 13:00:00,LONG,1786.33,1780.97,1811.48,EOD,1.603,WIN,2022-01-07,0,
PriorDayLevels,2022-01-10 12:00:00,LONG,1794.5,1789.12,1796.07,TARGET,0.157,WIN,2022-01-10,0,
PriorDayLevels,2022-01-12 13:00:00,SHORT,1823.25,1828.72,1801.2,EOD,-0.738,LOSS,2022-01-12,0,
PriorDayLevels,2022-01-13 15:00:00,LONG,1814.46,1809.02,1828.06,EOD,0.799,WIN,2022-01-13,0,
PriorDayLevels,2022-01-19 13:00:00,SHORT,1822.73,1828.19,1805.73,STOP,-1.368,LOSS,2022-01-19,0,
PriorDayLevels,2022-01-20 13:00:00,SHORT,1843.33,1848.86,1810.04,EOD,0.436,WIN,2022-01-20,0,
PriorDayLevels,2022-01-21 08:00:00,LONG,1835.73,1830.22,1847.8,STOP,-1.366,LOSS,2022-01-21,0,
PriorDayLevels,2022-01-21 15:00:00,LONG,1835.73,1830.22,1847.8,STOP,-1.366,LOSS,2022-01-21,0,
PriorDayLevels,2022-01-24 14:00:00,LONG,1833.12,1827.62,1837.09,TARGET,0.588,WIN,2022-01-24,0,
PriorDayLevels,2022-01-25 14:00:00,SHORT,1844.12,1849.66,1829.49,STOP,-1.368,LOSS,2022-01-25,0,
PriorDayLevels,2022-01-26 14:00:00,LONG,1834.67,1829.16,1853.78,STOP,-1.366,LOSS,2022-01-26,0,
PriorDayLevels,2022-01-28 09:00:00,LONG,1791.76,1786.38,1821.95,STOP,-1.366,LOSS,2022-01-28,0,
PriorDayLevels,2022-02-02 15:00:00,SHORT,1808.52,1813.95,1795.72,EOD,-0.239,LOSS,2022-02-02,0,
PriorDayLevels,2022-02-03 14:00:00,LONG,1794.22,1788.84,1810.74,STOP,-1.366,LOSS,2022-02-03,0,
PriorDayLevels,2022-02-08 13:00:00,SHORT,1823.5,1828.97,1808.63,EOD,-0.848,LOSS,2022-02-08,0,
PriorDayLevels,2022-02-10 13:00:00,LONG,1824.34,1818.87,1835.78,TARGET,1.956,WIN,2022-02-10,0,
PriorDayLevels,2022-02-11 18:00:00,SHORT,1841.88,1847.4,1821.48,STOP,-1.368,LOSS,2022-02-11,0,
PriorDayLevels,2022-02-14 13:00:00,SHORT,1861.55,1867.13,1855.39,TARGET,0.97,WIN,2022-02-14,0,
PriorDayLevels,2022-02-15 11:00:00,LONG,1850.56,1845.01,1874.1,STOP,-1.366,LOSS,2022-02-15,0,
PriorDayLevels,2022-02-21 23:00:00,SHORT,1906.41,1912.13,1900.35,STOP,-1.368,LOSS,2022-02-21,0,
PriorDayLevels,2022-02-24 19:00:00,LONG,1889.37,1883.7,1911.52,STOP,-1.366,LOSS,2022-02-24,0,
PriorDayLevels,2022-02-24 23:00:00,SHORT,1911.52,1917.26,1889.37,EOD,0.51,WIN,2022-02-24,0,
PriorDayLevels,2022-03-01 10:00:00,SHORT,1919.18,1924.94,1890.83,STOP,-1.368,LOSS,2022-03-01,0,
PriorDayLevels,2022-03-07 07:00:00,SHORT,1991.35,1997.32,1981.27,TARGET,1.554,WIN,2022-03-07,0,
PriorDayLevels,2022-03-07 13:00:00,LONG,1981.27,1975.33,1991.35,STOP,-1.366,LOSS,2022-03-07,0,
PriorDayLevels,2022-03-07 15:00:00,SHORT,1991.35,1997.32,1981.27,TARGET,1.554,WIN,2022-03-07,0,
PriorDayLevels,2022-03-07 18:00:00,SHORT,1991.35,1997.32,1981.27,STOP,-1.368,LOSS,2022-03-07,0,
PriorDayLevels,2022-03-09 14:00:00,LONG,1980.86,1974.91,2070.29,EOD,1.148,WIN,2022-03-09,0,
PriorDayLevels,2022-03-10 07:00:00,LONG,1975.87,1969.94,2059.01,EOD,2.924,WIN,2022-03-10,0,
PriorDayLevels,2022-03-11 11:00:00,LONG,1970.41,1964.5,2009.1,STOP,-1.366,LOSS,2022-03-11,0,
PriorDayLevels,2022-03-16 14:00:00,LONG,1906.92,1901.2,1952.21,STOP,-1.366,LOSS,2022-03-16,0,
PriorDayLevels,2022-03-18 13:00:00,LONG,1925.56,1919.78,1949.69,STOP,-1.366,LOSS,2022-03-18,0,
PriorDayLevels,2022-03-21 13:00:00,LONG,1918.26,1912.51,1926.33,TARGET,1.269,WIN,2022-03-21,0,
PriorDayLevels,2022-03-22 14:00:00,LONG,1917.66,1911.91,1941.1,STOP,-1.366,LOSS,2022-03-22,0,
PriorDayLevels,2022-03-23 18:00:00,SHORT,1938.33,1944.15,1910.38,STOP,-1.368,LOSS,2022-03-23,0,
PriorDayLevels,2022-03-24 11:00:00,SHORT,1948.28,1954.13,1915.58,STOP,-1.368,LOSS,2022-03-24,0,
PriorDayLevels,2022-03-29 08:00:00,LONG,1916.9,1911.15,1958.4,STOP,-1.366,LOSS,2022-03-29,0,
PriorDayLevels,2022-03-30 12:00:00,SHORT,1929.27,1935.06,1890.11,STOP,-1.368,LOSS,2022-03-30,0,
PriorDayLevels,2022-03-31 13:00:00,SHORT,1938.49,1944.3,1915.9,STOP,-1.368,LOSS,2022-03-31,0,
PriorDayLevels,2022-04-01 14:00:00,LONG,1918.82,1913.06,1949.76,EOD,0.619,WIN,2022-04-01,0,
PriorDayLevels,2022-04-05 13:00:00,SHORT,1936.81,1942.62,1915.19,STOP,-1.368,LOSS,2022-04-05,0,
PriorDayLevels,2022-04-06 18:00:00,LONG,1917.77,1912.01,1944.56,EOD,0.682,WIN,2022-04-06,0,
PriorDayLevels,2022-04-07 12:00:00,SHORT,1933.48,1939.28,1914.74,EOD,-0.273,LOSS,2022-04-07,0,
PriorDayLevels,2022-04-08 12:00:00,SHORT,1937.65,1943.47,1920.5,STOP,-1.368,LOSS,2022-04-08,0,
PriorDayLevels,2022-04-11 08:00:00,SHORT,1950.0,1955.85,1943.18,STOP,-1.368,LOSS,2022-04-11,0,
PriorDayLevels,2022-04-11 16:00:00,LONG,1943.18,1937.35,1950.0,TARGET,1.036,WIN,2022-04-11,0,
PriorDayLevels,2022-04-12 12:00:00,SHORT,1969.58,1975.49,1939.92,STOP,-1.368,LOSS,2022-04-12,0,
PriorDayLevels,2022-04-13 09:00:00,SHORT,1978.25,1984.19,1949.6,EOD,-0.169,LOSS,2022-04-13,0,
PriorDayLevels,2022-04-14 13:00:00,LONG,1962.74,1956.86,1981.53,EOD,1.392,WIN,2022-04-14,0,
PriorDayLevels,2022-04-21 11:00:00,LONG,1939.09,1933.27,1958.33,EOD,1.663,WIN,2022-04-21,0,
PriorDayLevels,2022-04-22 10:00:00,LONG,1936.48,1930.67,1957.4,STOP,-1.366,LOSS,2022-04-22,0,
PriorDayLevels,2022-05-04 18:00:00,SHORT,1877.89,1883.53,1850.19,STOP,-1.368,LOSS,2022-05-04,0,
PriorDayLevels,2022-05-10 14:00:00,LONG,1851.68,1846.12,1882.07,STOP,-1.366,LOSS,2022-05-10,0,
PriorDayLevels,2022-05-12 16:00:00,LONG,1831.97,1826.48,1857.97,STOP,-1.366,LOSS,2022-05-12,0,
PriorDayLevels,2022-05-13 12:00:00,LONG,1810.52,1805.09,1858.74,STOP,-1.366,LOSS,2022-05-13,0,
PriorDayLevels,2022-05-16 14:00:00,SHORT,1814.56,1820.0,1809.72,TARGET,0.756,WIN,2022-05-16,0,
PriorDayLevels,2022-05-19 09:00:00,SHORT,1824.67,1830.15,1807.23,STOP,-1.368,LOSS,2022-05-19,0,
PriorDayLevels,2022-05-24 13:00:00,SHORT,1865.37,1870.97,1845.76,EOD,-0.717,LOSS,2022-05-24,0,
PriorDayLevels,2022-05-25 13:00:00,LONG,1849.3,1843.76,1869.66,STOP,-1.366,LOSS,2022-05-25,0,
PriorDayLevels,2022-05-26 11:00:00,LONG,1841.3,1835.78,1868.0,EOD,1.71,WIN,2022-05-26,0,
PriorDayLevels,2022-05-31 10:00:00,LONG,1848.66,1843.12,1863.95,STOP,-1.366,LOSS,2022-05-31,0,
PriorDayLevels,2022-06-08 13:00:00,SHORT,1855.48,1861.05,1836.94,EOD,0.135,WIN,2022-06-08,0,
PriorDayLevels,2022-06-09 12:00:00,LONG,1844.49,1838.95,1859.61,EOD,0.072,WIN,2022-06-09,0,
PriorDayLevels,2022-06-10 11:00:00,LONG,1840.01,1834.49,1855.26,STOP,-1.366,LOSS,2022-06-10,0,
PriorDayLevels,2022-06-10 14:00:00,SHORT,1855.26,1860.82,1840.01,TARGET,2.607,WIN,2022-06-10,0,
PriorDayLevels,2022-06-14 18:00:00,LONG,1809.14,1803.71,1877.35,EOD,-0.042,BE,2022-06-14,0,
PriorDayLevels,2022-06-15 11:00:00,SHORT,1831.57,1837.06,1805.06,STOP,-1.368,LOSS,2022-06-15,0,
PriorDayLevels,2022-06-16 15:00:00,SHORT,1841.83,1847.35,1808.64,STOP,-1.368,LOSS,2022-06-16,0,
PriorDayLevels,2022-06-22 12:00:00,SHORT,1843.58,1849.11,1828.53,EOD,0.903,WIN,2022-06-22,0,
PriorDayLevels,2022-06-23 18:00:00,LONG,1823.29,1817.82,1847.82,EOD,-0.131,LOSS,2022-06-23,0,
LiquidityRun,2022-06-26 23:15:00,SHORT,1831.24,1834.98,1820.02,STOP,-1.539,LOSS,2022-06-26,0,
StructureSweep,2022-06-27 06:00:00,LONG,1834.64,1832.49,1836.84,TARGET,0.51,WIN,2022-06-27,0,
LiquidityRun,2022-06-27 07:45:00,SHORT,1834.94,1838.81,1823.32,STOP,-1.522,LOSS,2022-06-27,0,
LiquidityRun,2022-06-27 11:15:00,SHORT,1835.04,1839.17,1822.65,TARGET,2.734,WIN,2022-06-27,0,
PriorDayLevels,2022-06-27 12:00:00,LONG,1829.99,1824.5,1836.3,STOP,-1.366,LOSS,2022-06-27,1,LiquidityRun
LiquidityRun,2022-06-27 16:00:00,LONG,1825.45,1821.6,1837.01,STOP,-1.52,LOSS,2022-06-27,1,PriorDayLevels
StructureSweep,2022-06-28 03:00:00,SHORT,1825.4,1827.42,1821.63,STOP,-1.999,LOSS,2022-06-28,0,
StructureSweep,2022-06-28 09:30:00,LONG,1826.11,1823.72,1829.13,STOP,-1.841,LOSS,2022-06-28,1,PriorDayLevels
PriorDayLevels,2022-06-28 11:00:00,LONG,1820.73,1815.27,1840.82,EOD,-0.797,LOSS,2022-06-28,2,"LiquidityRun,StructureSweep"
LiquidityRun,2022-06-28 14:15:00,LONG,1823.69,1820.56,1833.09,STOP,-1.64,LOSS,2022-06-28,1,PriorDayLevels
LiquidityRun,2022-06-28 16:15:00,LONG,1821.61,1819.29,1828.57,STOP,-1.863,LOSS,2022-06-28,0,
LiquidityRun,2022-06-29 00:15:00,LONG,1819.56,1816.75,1828.0,STOP,-1.711,LOSS,2022-06-29,0,
LiquidityRun,2022-06-29 10:15:00,LONG,1818.68,1814.76,1830.42,TARGET,2.721,WIN,2022-06-29,1,PriorDayLevels
VolProfileReject,2022-06-29 10:30:00,LONG,1825.06,1813.8,1836.02,STOP,-1.178,LOSS,2022-06-29,0,
PriorDayLevels,2022-06-29 12:00:00,SHORT,1829.45,1834.94,1818.26,TARGET,1.907,WIN,2022-06-29,0,
LiquidityRun,2022-06-29 12:45:00,LONG,1831.23,1826.43,1845.64,STOP,-1.419,LOSS,2022-06-29,0,
LiquidityRun,2022-06-29 13:45:00,SHORT,1816.72,1830.54,1775.26,TARGET,2.922,WIN,2022-06-29,0,
PriorDayLevels,2022-06-29 14:00:00,LONG,1818.26,1812.8,1829.45,EOD,-0.252,LOSS,2022-06-29,1,LiquidityRun
StructureSweep,2022-06-30 03:45:00,LONG,1817.32,1815.35,1821.91,STOP,-2.015,LOSS,2022-06-30,0,
LiquiditySweep,2022-06-30 09:45:00,LONG,1812.97,1808.31,1817.79,STOP,-1.427,LOSS,2022-06-30,0,
LiquiditySweep,2022-06-30 12:30:00,LONG,1820.28,1800.02,1820.6,TARGET,-0.038,BE,2022-06-30,0,
LiquiditySweep,2022-07-01 04:45:00,LONG,1802.83,1798.73,1807.22,STOP,-1.484,LOSS,2022-07-01,0,
StructureSweep,2022-07-04 14:15:00,SHORT,1809.29,1811.74,1803.95,STOP,-1.812,LOSS,2022-07-04,0,
PriorDayLevels,2022-07-05 08:00:00,LONG,1803.95,1798.54,1814.09,STOP,-1.366,LOSS,2022-07-05,1,Inducement+FVG
Inducement+FVG,2022-07-05 11:15:00,LONG,1798.59,1793.03,1812.08,STOP,-1.355,LOSS,2022-07-05,1,PriorDayLevels
LiquidityRun,2022-07-05 16:00:00,LONG,1768.19,1765.83,1775.29,STOP,-1.821,LOSS,2022-07-05,0,
LiquidityRun,2022-07-05 18:30:00,LONG,1768.56,1765.2,1778.64,STOP,-1.578,LOSS,2022-07-05,0,
StructureSweep,2022-07-06 04:00:00,LONG,1768.69,1766.02,1772.78,STOP,-1.727,LOSS,2022-07-06,1,LiquiditySweep
LiquiditySweep,2022-07-06 05:30:00,LONG,1764.64,1760.73,1769.02,TARGET,0.85,WIN,2022-07-06,1,StructureSweep
LiquiditySweep,2022-07-06 11:30:00,LONG,1763.08,1757.77,1769.02,STOP,-1.364,LOSS,2022-07-06,0,
LiquidityRun,2022-07-06 17:15:00,LONG,1738.04,1734.76,1747.87,STOP,-1.583,LOSS,2022-07-06,0,
LiquidityRun,2022-07-06 18:45:00,LONG,1738.91,1735.11,1750.33,STOP,-1.502,LOSS,2022-07-06,0,
StructureSweep,2022-07-07 14:15:00,SHORT,1743.98,1748.13,1737.94,TARGET,1.207,WIN,2022-07-07,0,
Inducement+FVG,2022-07-08 03:15:00,LONG,1741.89,1737.99,1749.0,STOP,-1.49,LOSS,2022-07-08,0,
PriorDayLevels,2022-07-08 07:00:00,LONG,1736.48,1731.27,1749.0,TARGET,2.269,WIN,2022-07-08,0,
LiquidityRun,2022-07-08 10:30:00,LONG,1742.22,1736.66,1758.93,STOP,-1.343,LOSS,2022-07-08,0,
LiquidityRun,2022-07-08 15:15:00,SHORT,1745.01,1748.14,1735.64,TARGET,2.665,WIN,2022-07-08,0,
StructureSweep,2022-07-11 13:30:00,SHORT,1737.29,1740.89,1733.6,STOP,-1.532,LOSS,2022-07-11,0,
LiquiditySweep,2022-07-11 20:00:00,LONG,1733.37,1729.4,1736.74,STOP,-1.48,LOSS,2022-07-11,1,LiquidityRun
LiquidityRun,2022-07-11 20:15:00,LONG,1733.5,1730.5,1742.48,STOP,-1.636,LOSS,2022-07-11,1,LiquiditySweep
LiquiditySweep,2022-07-12 01:30:00,LONG,1732.99,1727.54,1736.74,TARGET,0.497,WIN,2022-07-12,1,LiquidityRun
LiquidityRun,2022-07-12 01:45:00,LONG,1734.65,1729.33,1750.61,STOP,-1.358,LOSS,2022-07-12,1,LiquiditySweep
LiquidityRun,2022-07-12 20:45:00,LONG,1726.18,1723.84,1733.2,STOP,-1.81,LOSS,2022-07-12,1,LiquiditySweep
LiquiditySweep,2022-07-13 00:45:00,LONG,1724.81,1720.03,1726.39,TARGET,0.115,WIN,2022-07-13,1,LiquidityRun
LiquidityRun,2022-07-13 01:15:00,LONG,1727.25,1723.59,1738.23,STOP,-1.518,LOSS,2022-07-13,1,LiquiditySweep
LiquiditySweep,2022-07-13 06:15:00,LONG,1723.52,1719.91,1726.39,TARGET,0.508,WIN,2022-07-13,0,
LiquidityRun,2022-07-13 11:45:00,SHORT,1729.4,1731.66,1722.61,TARGET,2.542,WIN,2022-07-13,0,
PriorDayLevels,2022-07-13 12:00:00,LONG,1723.04,1717.87,1743.94,STOP,-1.366,LOSS,2022-07-13,1,LiquiditySweep
LiquidityRun,2022-07-13 12:45:00,SHORT,1712.7,1729.95,1660.95,STOP,-1.11,LOSS,2022-07-13,0,
LiquiditySweep,2022-07-13 13:30:00,LONG,1724.37,1714.74,1726.39,TARGET,0.102,WIN,2022-07-13,1,PriorDayLevels
LiquidityRun,2022-07-13 14:45:00,LONG,1742.19,1725.72,1791.61,STOP,-1.116,LOSS,2022-07-13,0,
PriorDayLevels,2022-07-13 15:00:00,SHORT,1743.94,1749.17,1723.04,EOD,1.919,WIN,2022-07-13,0,
StructureSweep,2022-07-13 18:00:00,LONG,1736.34,1733.14,1745.32,STOP,-1.598,LOSS,2022-07-13,0,
PriorDayLevels,2022-07-14 13:00:00,LONG,1707.07,1701.95,1745.32,STOP,-1.366,LOSS,2022-07-14,1,LiquidityRun
LiquidityRun,2022-07-14 15:45:00,LONG,1711.47,1705.54,1729.26,STOP,-1.317,LOSS,2022-07-14,1,PriorDayLevels
LiquidityRun,2022-07-14 17:30:00,LONG,1709.72,1705.73,1721.7,STOP,-1.471,LOSS,2022-07-14,0,
StructureSweep,2022-07-15 03:30:00,LONG,1709.45,1706.81,1716.56,STOP,-1.711,LOSS,2022-07-15,0,
StructureSweep,2022-07-15 10:15:00,LONG,1702.05,1699.65,1716.56,STOP,-1.78,LOSS,2022-07-15,0,
LiquidityRun,2022-07-18 04:30:00,SHORT,1714.53,1717.69,1705.06,STOP,-1.598,LOSS,2022-07-18,0,
LiquidityRun,2022-07-18 06:30:00,SHORT,1713.57,1715.94,1706.47,STOP,-1.796,LOSS,2022-07-18,0,
StructureSweep,2022-07-18 06:45:00,LONG,1714.41,1711.66,1717.68,TARGET,0.817,WIN,2022-07-18,0,
LiquidityRun,2022-07-18 10:15:00,SHORT,1720.09,1723.76,1709.07,TARGET,2.72,WIN,2022-07-18,0,
LiquidityRun,2022-07-18 20:15:00,LONG,1708.56,1706.12,1715.87,STOP,-1.77,LOSS,2022-07-18,0,
LiquidityRun,2022-07-19 03:45:00,LONG,1709.43,1706.29,1718.82,STOP,-1.6,LOSS,2022-07-19,0,
StructureSweep,2022-07-19 05:45:00,SHORT,1710.09,1712.32,1705.3,STOP,-1.844,LOSS,2022-07-19,0,
LiquidityRun,2022-07-20 07:15:00,LONG,1707.77,1705.66,1714.09,TARGET,2.513,WIN,2022-07-20,0,
StructureSweep,2022-07-20 09:00:00,SHORT,1708.57,1711.15,1705.94,STOP,-1.73,LOSS,2022-07-20,0,
StructureSweep,2022-07-20 15:30:00,LONG,1707.52,1704.57,1714.48,STOP,-1.635,LOSS,2022-07-20,0,
LiquidityRun,2022-07-20 18:30:00,LONG,1701.7,1699.44,1708.45,STOP,-1.83,LOSS,2022-07-20,0,
LiquidityRun,2022-07-20 20:45:00,LONG,1696.71,1694.01,1704.8,STOP,-1.691,LOSS,2022-07-20,0,
LiquiditySweep,2022-07-21 06:30:00,LONG,1690.29,1686.07,1693.88,STOP,-1.44,LOSS,2022-07-21,1,LiquidityRun
LiquiditySweep,2022-07-21 07:15:00,LONG,1690.69,1684.33,1693.88,STOP,-1.292,LOSS,2022-07-21,1,LiquidityRun
LiquidityRun,2022-07-21 07:30:00,LONG,1690.87,1688.67,1697.45,STOP,-1.847,LOSS,2022-07-21,1,LiquiditySweep
LiquidityRun,2022-07-21 12:00:00,LONG,1684.86,1681.96,1693.59,TARGET,2.652,WIN,2022-07-21,0,
LiquidityRun,2022-07-21 12:30:00,LONG,1699.14,1683.27,1746.74,TARGET,2.935,WIN,2022-07-21,0,
PriorDayLevels,2022-07-21 15:00:00,SHORT,1714.48,1719.62,1692.19,STOP,-1.368,LOSS,2022-07-21,0,
StructureSweep,2022-07-22 00:30:00,LONG,1717.04,1715.27,1720.27,STOP,-2.066,LOSS,2022-07-22,0,
LiquiditySweep,2022-07-22 07:30:00,SHORT,1715.55,1723.01,1712.81,STOP,-1.254,LOSS,2022-07-22,1,StructureSweep
StructureSweep,2022-07-22 08:30:00,SHORT,1717.23,1721.4,1712.81,STOP,-1.454,LOSS,2022-07-22,1,LiquiditySweep
StructureSweep,2022-07-22 18:00:00,LONG,1722.15,1720.25,1739.23,STOP,-1.997,LOSS,2022-07-22,0,
StructureSweep,2022-07-25 03:00:00,SHORT,1726.81,1729.48,1719.87,STOP,-1.712,LOSS,2022-07-25,0,
PriorDayLevels,2022-07-25 12:00:00,LONG,1724.28,1719.11,1727.09,TARGET,0.409,WIN,2022-07-25,0,
PriorDayLevels,2022-07-26 12:00:00,LONG,1714.72,1709.58,1736.01,EOD,0.256,WIN,2022-07-26,0,
StructureSweep,2022-07-27 06:00:00,SHORT,1719.74,1721.9,1713.65,STOP,-1.876,LOSS,2022-07-27,0,
PriorDayLevels,2022-07-27 13:00:00,LONG,1713.6,1708.46,1728.14,TARGET,2.694,WIN,2022-07-27,1,LiquiditySweep
LiquiditySweep,2022-07-27 13:45:00,LONG,1714.68,1708.79,1719.79,TARGET,0.693,WIN,2022-07-27,2,"PriorDayLevels,VolProfileReject"
VolProfileReject,2022-07-27 15:30:00,LONG,1718.84,1709.65,1726.49,TARGET,0.72,WIN,2022-07-27,1,LiquiditySweep
PriorDayLevels,2022-07-27 19:00:00,SHORT,1728.14,1733.33,1713.6,STOP,-1.368,LOSS,2022-07-27,0,
LiquiditySweep,2022-07-28 01:30:00,SHORT,1739.7,1744.28,1723.74,STOP,-1.419,LOSS,2022-07-28,0,
LiquiditySweep,2022-07-28 07:30:00,SHORT,1740.08,1744.31,1735.35,STOP,-1.453,LOSS,2022-07-28,0,
LiquidityRun,2022-07-28 08:45:00,SHORT,1745.66,1748.19,1738.08,TARGET,2.586,WIN,2022-07-28,0,
LiquidityRun,2022-07-28 16:00:00,SHORT,1751.99,1755.41,1741.75,STOP,-1.565,LOSS,2022-07-28,0,
LiquidityRun,2022-07-28 22:00:00,SHORT,1754.99,1758.14,1745.55,STOP,-1.614,LOSS,2022-07-28,0,
StructureSweep,2022-07-29 00:15:00,LONG,1754.47,1752.1,1757.04,TARGET,0.639,WIN,2022-07-29,0,
LiquidityRun,2022-07-29 04:30:00,SHORT,1761.48,1763.77,1754.62,STOP,-1.848,LOSS,2022-07-29,0,
LiquidityRun,2022-07-29 09:30:00,SHORT,1759.06,1764.01,1744.2,STOP,-1.391,LOSS,2022-07-29,0,
StructureSweep,2022-07-29 16:15:00,SHORT,1762.88,1767.24,1752.12,STOP,-1.446,LOSS,2022-07-29,0,
LiquidityRun,2022-08-01 00:15:00,LONG,1763.49,1760.57,1772.25,STOP,-1.664,LOSS,2022-08-01,0,
Inducement+FVG,2022-08-01 04:30:00,LONG,1759.8,1756.71,1767.9,TARGET,2.279,WIN,2022-08-01,1,LiquidityRun
LiquidityRun,2022-08-01 06:15:00,LONG,1762.71,1758.73,1774.64,TARGET,2.734,WIN,2022-08-01,1,Inducement+FVG
StructureSweep,2022-08-01 07:30:00,SHORT,1765.04,1768.28,1758.22,STOP,-1.6,LOSS,2022-08-01,0,
LiquidityRun,2022-08-01 12:45:00,SHORT,1769.36,1773.38,1757.29,STOP,-1.485,LOSS,2022-08-01,0,
LiquiditySweep,2022-08-02 00:15:00,SHORT,1774.56,1778.28,1766.48,STOP,-1.526,LOSS,2022-08-02,1,LiquidityRun
LiquidityRun,2022-08-02 02:45:00,SHORT,1775.6,1778.25,1767.64,STOP,-1.737,LOSS,2022-08-02,1,LiquiditySweep
StructureSweep,2022-08-02 05:00:00,LONG,1773.16,1770.62,1780.4,STOP,-1.766,LOSS,2022-08-02,1,Inducement+FVG
Inducement+FVG,2022-08-02 07:30:00,LONG,1771.64,1767.46,1780.4,TARGET,1.846,WIN,2022-08-02,1,StructureSweep
StructureSweep,2022-08-02 10:00:00,SHORT,1774.18,1777.87,1768.67,STOP,-1.53,LOSS,2022-08-02,0,
LiquidityRun,2022-08-02 14:45:00,SHORT,1776.8,1784.9,1752.48,STOP,-1.242,LOSS,2022-08-02,0,
Inducement+FVG,2022-08-02 17:15:00,LONG,1773.74,1770.02,1780.4,STOP,-1.523,LOSS,2022-08-02,0,
PriorDayLevels,2022-08-02 22:00:00,LONG,1758.22,1752.95,1775.3,EOD,-0.659,LOSS,2022-08-02,0,
StructureSweep,2022-08-03 05:30:00,SHORT,1769.48,1771.81,1754.78,STOP,-1.834,LOSS,2022-08-03,0,
Inducement+FVG,2022-08-03 14:00:00,LONG,1758.41,1755.68,1787.97,STOP,-1.707,LOSS,2022-08-03,1,PriorDayLevels
PriorDayLevels,2022-08-03 14:00:00,LONG,1754.78,1749.52,1787.97,EOD,1.304,WIN,2022-08-03,1,Inducement+FVG
LiquiditySweep,2022-08-04 12:00:00,SHORT,1787.93,1790.98,1774.52,TARGET,4.055,WIN,2022-08-04,0,
LiquidityRun,2022-08-04 13:00:00,SHORT,1777.53,1783.84,1758.6,STOP,-1.311,LOSS,2022-08-04,0,
LiquiditySweep,2022-08-04 15:15:00,SHORT,1786.83,1792.83,1774.52,STOP,-1.328,LOSS,2022-08-04,0,
LiquidityRun,2022-08-04 20:30:00,SHORT,1791.53,1794.46,1782.76,STOP,-1.674,LOSS,2022-08-04,0,
StructureSweep,2022-08-05 01:45:00,LONG,1790.07,1786.98,1794.88,STOP,-1.638,LOSS,2022-08-05,1,LiquidityRun
LiquidityRun,2022-08-05 03:00:00,LONG,1792.02,1788.56,1802.39,STOP,-1.57,LOSS,2022-08-05,1,StructureSweep
LiquidityRun,2022-08-05 07:00:00,LONG,1790.79,1788.01,1799.14,STOP,-1.707,LOSS,2022-08-05,0,
LiquidityRun,2022-08-05 11:30:00,LONG,1787.81,1784.4,1798.02,STOP,-1.577,LOSS,2022-08-05,0,
LiquidityRun,2022-08-05 16:45:00,LONG,1774.23,1771.38,1782.79,STOP,-1.684,LOSS,2022-08-05,0,
LiquidityRun,2022-08-08 00:45:00,LONG,1774.2,1771.11,1783.47,TARGET,2.655,WIN,2022-08-08,0,
StructureSweep,2022-08-08 05:45:00,SHORT,1775.07,1778.08,1771.12,STOP,-1.649,LOSS,2022-08-08,0,
LiquidityRun,2022-08-08 16:00:00,SHORT,1787.3,1790.27,1778.39,STOP,-1.663,LOSS,2022-08-08,0,
LiquidityRun,2022-08-09 01:15:00,SHORT,1786.36,1790.66,1773.44,STOP,-1.457,LOSS,2022-08-09,0,
LiquidityRun,2022-08-09 12:00:00,SHORT,1790.02,1792.92,1781.3,STOP,-1.679,LOSS,2022-08-09,1,LiquiditySweep
LiquiditySweep,2022-08-09 14:45:00,SHORT,1790.99,1798.44,1789.69,TARGET,0.029,BE,2022-08-09,1,LiquidityRun
LiquidityRun,2022-08-09 15:00:00,SHORT,1792.56,1795.0,1785.23,STOP,-1.808,LOSS,2022-08-09,1,LiquiditySweep
LiquidityRun,2022-08-10 02:00:00,LONG,1794.0,1790.74,1803.79,STOP,-1.604,LOSS,2022-08-10,1,Inducement+FVG
Inducement+FVG,2022-08-10 04:15:00,LONG,1790.84,1785.64,1800.41,TARGET,1.631,WIN,2022-08-10,1,LiquidityRun
LiquidityRun,2022-08-10 07:00:00,LONG,1789.6,1787.05,1797.24,TARGET,2.578,WIN,2022-08-10,1,Inducement+FVG
PriorDayLevels,2022-08-10 12:00:00,SHORT,1800.41,1805.81,1783.18,STOP,-1.368,LOSS,2022-08-10,1,LiquiditySweep
LiquiditySweep,2022-08-10 12:45:00,SHORT,1797.32,1809.17,1793.28,TARGET,0.25,WIN,2022-08-10,1,PriorDayLevels
LiquidityRun,2022-08-10 17:00:00,SHORT,1797.52,1800.36,1789.01,TARGET,2.621,WIN,2022-08-10,0,
Inducement+FVG,2022-08-11 02:00:00,LONG,1786.95,1783.62,1807.83,STOP,-1.589,LOSS,2022-08-11,1,LiquidityRun
LiquidityRun,2022-08-11 03:15:00,LONG,1786.94,1783.69,1796.69,STOP,-1.604,LOSS,2022-08-11,1,Inducement+FVG
LiquidityRun,2022-08-11 05:45:00,LONG,1786.4,1783.23,1795.91,TARGET,2.661,WIN,2022-08-11,1,Inducement+FVG
StructureSweep,2022-08-11 07:15:00,SHORT,1787.05,1790.09,1783.47,STOP,-1.646,LOSS,2022-08-11,0,
LiquidityRun,2022-08-11 13:15:00,SHORT,1793.98,1797.08,1784.66,STOP,-1.636,LOSS,2022-08-11,0,
LiquidityRun,2022-08-11 14:45:00,SHORT,1792.48,1796.21,1781.29,STOP,-1.529,LOSS,2022-08-11,0,
PriorDayLevels,2022-08-11 15:00:00,LONG,1787.57,1782.21,1807.83,EOD,-0.11,LOSS,2022-08-11,0,
StructureSweep,2022-08-12 12:30:00,LONG,1790.74,1787.89,1794.1,TARGET,0.801,WIN,2022-08-12,0,
LiquidityRun,2022-08-12 14:15:00,SHORT,1791.85,1797.11,1776.08,STOP,-1.376,LOSS,2022-08-12,0,
PriorDayLevels,2022-08-12 17:00:00,SHORT,1799.22,1804.61,1783.47,EOD,-0.862,LOSS,2022-08-12,1,LiquidityRun
LiquidityRun,2022-08-12 20:15:00,SHORT,1800.37,1803.13,1792.08,TARGET,2.61,WIN,2022-08-12,1,PriorDayLevels
LiquiditySweep,2022-08-15 08:45:00,LONG,1783.52,1778.8,1787.78,STOP,-1.415,LOSS,2022-08-15,1,LiquidityRun
LiquidityRun,2022-08-15 11:00:00,LONG,1777.24,1774.85,1784.41,STOP,-1.817,LOSS,2022-08-15,0,
LiquiditySweep,2022-08-15 12:15:00,LONG,1783.53,1770.33,1787.78,STOP,-1.148,LOSS,2022-08-15,1,LiquidityRun
LiquidityRun,2022-08-15 12:30:00,LONG,1780.32,1773.8,1799.89,STOP,-1.3,LOSS,2022-08-15,1,LiquiditySweep
PriorDayLevels,2022-08-16 12:00:00,LONG,1772.95,1767.63,1801.69,EOD,0.123,WIN,2022-08-16,0,
StructureSweep,2022-08-16 14:45:00,SHORT,1775.86,1780.33,1771.2,STOP,-1.438,LOSS,2022-08-16,0,
LiquidityRun,2022-08-16 16:30:00,LONG,1776.86,1772.75,1789.22,STOP,-1.474,LOSS,2022-08-16,0,
StructureSweep,2022-08-17 07:15:00,LONG,1775.29,1771.83,1782.16,STOP,-1.563,LOSS,2022-08-17,2,"LiquidityRun,PriorDayLevels"
LiquidityRun,2022-08-17 08:30:00,LONG,1776.82,1771.74,1792.04,STOP,-1.384,LOSS,2022-08-17,1,StructureSweep
PriorDayLevels,2022-08-17 10:00:00,LONG,1771.2,1765.88,1783.07,STOP,-1.366,LOSS,2022-08-17,3,"LiquidityRun,LiquiditySweep,StructureSweep"
LiquiditySweep,2022-08-17 12:30:00,LONG,1771.48,1761.97,1775.98,STOP,-1.204,LOSS,2022-08-17,2,"LiquidityRun,PriorDayLevels"
LiquidityRun,2022-08-17 12:45:00,LONG,1771.54,1767.48,1783.7,STOP,-1.48,LOSS,2022-08-17,2,"LiquiditySweep,PriorDayLevels"
LiquidityRun,2022-08-17 16:45:00,LONG,1762.46,1759.7,1770.76,TARGET,2.617,WIN,2022-08-17,0,
LiquidityRun,2022-08-18 12:45:00,SHORT,1767.26,1770.21,1758.42,TARGET,2.641,WIN,2022-08-18,0,
PriorDayLevels,2022-08-18 15:00:00,LONG,1759.7,1754.42,1782.16,EOD,-0.615,LOSS,2022-08-18,2,"LiquidityRun,LiquiditySweep"
LiquiditySweep,2022-08-18 15:45:00,LONG,1759.72,1755.0,1765.38,STOP,-1.41,LOSS,2022-08-18,2,"LiquidityRun,PriorDayLevels"
LiquidityRun,2022-08-18 17:45:00,LONG,1758.41,1756.07,1765.44,STOP,-1.825,LOSS,2022-08-18,2,"LiquiditySweep,PriorDayLevels"
LiquidityRun,2022-08-19 02:15:00,LONG,1756.24,1753.28,1765.13,STOP,-1.651,LOSS,2022-08-19,1,LiquiditySweep
LiquiditySweep,2022-08-19 03:45:00,LONG,1754.14,1750.8,1759.15,STOP,-1.578,LOSS,2022-08-19,1,LiquidityRun
LiquidityRun,2022-08-19 05:45:00,LONG,1755.69,1751.9,1767.05,STOP,-1.509,LOSS,2022-08-19,1,LiquiditySweep
LiquidityRun,2022-08-19 11:45:00,LONG,1752.97,1749.33,1763.87,STOP,-1.53,LOSS,2022-08-19,2,"LiquiditySweep,StructureSweep"
LiquiditySweep,2022-08-19 14:15:00,LONG,1750.13,1747.16,1754.55,STOP,-1.647,LOSS,2022-08-19,2,"LiquidityRun,StructureSweep"
LiquiditySweep,2022-08-19 15:30:00,LONG,1749.93,1745.84,1754.55,STOP,-1.47,LOSS,2022-08-19,2,"LiquidityRun,StructureSweep"
StructureSweep,2022-08-19 15:30:00,LONG,1749.93,1746.71,1758.05,STOP,-1.599,LOSS,2022-08-19,2,"LiquidityRun,LiquiditySweep"
LiquiditySweep,2022-08-21 22:00:00,LONG,1746.27,1742.35,1750.88,STOP,-1.489,LOSS,2022-08-21,1,LiquidityRun
LiquidityRun,2022-08-21 22:30:00,LONG,1747.92,1744.68,1757.65,STOP,-1.592,LOSS,2022-08-21,1,LiquiditySweep
StructureSweep,2022-08-22 02:15:00,SHORT,1747.86,1749.95,1744.88,TARGET,0.928,WIN,2022-08-22,0,
LiquidityRun,2022-08-22 10:00:00,LONG,1736.09,1731.87,1748.75,STOP,-1.452,LOSS,2022-08-22,0,
LiquidityRun,2022-08-22 13:15:00,LONG,1735.29,1728.9,1754.47,TARGET,2.837,WIN,2022-08-22,0,
StructureSweep,2022-08-22 13:30:00,SHORT,1737.36,1740.27,1731.67,STOP,-1.658,LOSS,2022-08-22,0,
StructureSweep,2022-08-23 10:15:00,LONG,1736.04,1732.66,1743.81,STOP,-1.565,LOSS,2022-08-23,1,Inducement+FVG
Inducement+FVG,2022-08-23 12:15:00,LONG,1734.09,1728.9,1740.47,TARGET,1.03,WIN,2022-08-23,1,StructureSweep
PriorDayLevels,2022-08-23 13:00:00,SHORT,1748.99,1754.24,1727.75,EOD,0.21,WIN,2022-08-23,0,
StructureSweep,2022-08-23 13:15:00,SHORT,1738.58,1740.92,1734.4,STOP,-1.816,LOSS,2022-08-23,0,
StructureSweep,2022-08-24 10:45:00,LONG,1744.49,1741.58,1753.6,TARGET,2.775,WIN,2022-08-24,0,
PriorDayLevels,2022-08-24 15:00:00,SHORT,1754.06,1759.32,1730.79,EOD,0.219,WIN,2022-08-24,1,LiquidityRun
LiquidityRun,2022-08-24 15:45:00,SHORT,1751.18,1754.33,1741.73,STOP,-1.612,LOSS,2022-08-24,1,PriorDayLevels
LiquiditySweep,2022-08-25 01:45:00,SHORT,1755.24,1759.24,1750.58,STOP,-1.484,LOSS,2022-08-25,0,
LiquidityRun,2022-08-25 12:00:00,SHORT,1760.18,1765.1,1745.42,TARGET,2.786,WIN,2022-08-25,0,
Inducement+FVG,2022-08-26 01:45:00,LONG,1752.62,1750.65,1765.44,STOP,-1.976,LOSS,2022-08-26,0,
StructureSweep,2022-08-26 06:00:00,SHORT,1756.83,1759.36,1752.25,TARGET,1.389,WIN,2022-08-26,0,
Inducement+FVG,2022-08-26 08:30:00,LONG,1752.28,1749.67,1765.44,STOP,-1.735,LOSS,2022-08-26,1,PriorDayLevels
PriorDayLevels,2022-08-26 09:00:00,LONG,1749.92,1744.67,1765.44,STOP,-1.366,LOSS,2022-08-26,2,"Inducement+FVG,LiquidityRun"
Inducement+FVG,2022-08-26 10:15:00,LONG,1747.56,1745.21,1765.44,STOP,-1.818,LOSS,2022-08-26,2,"LiquidityRun,PriorDayLevels"
LiquidityRun,2022-08-26 12:15:00,LONG,1746.73,1743.43,1756.63,STOP,-1.581,LOSS,2022-08-26,2,"Inducement+FVG,PriorDayLevels"
LiquidityRun,2022-08-26 17:30:00,LONG,1738.4,1734.6,1749.81,STOP,-1.502,LOSS,2022-08-26,0,
LiquiditySweep,2022-08-28 23:15:00,LONG,1735.38,1730.53,1738.78,STOP,-1.393,LOSS,2022-08-28,0,
LiquidityRun,2022-08-29 02:30:00,LONG,1727.31,1723.55,1738.58,STOP,-1.505,LOSS,2022-08-29,0,
LiquidityRun,2022-08-29 06:45:00,LONG,1724.14,1721.73,1731.36,STOP,-1.787,LOSS,2022-08-29,1,LiquiditySweep
LiquiditySweep,2022-08-29 07:45:00,LONG,1721.56,1717.88,1738.78,TARGET,4.403,WIN,2022-08-29,1,LiquidityRun
LiquidityRun,2022-08-29 09:15:00,LONG,1722.64,1720.85,1728.0,TARGET,2.421,WIN,2022-08-29,1,LiquiditySweep
PriorDayLevels,2022-08-29 13:00:00,SHORT,1738.52,1743.74,1733.12,STOP,-1.368,LOSS,2022-08-29,1,LiquidityRun
LiquidityRun,2022-08-29 14:45:00,SHORT,1738.07,1742.2,1725.67,TARGET,2.748,WIN,2022-08-29,1,PriorDayLevels
StructureSweep,2022-08-30 01:30:00,LONG,1736.6,1734.58,1740.47,STOP,-1.947,LOSS,2022-08-30,0,
StructureSweep,2022-08-30 08:15:00,SHORT,1736.52,1738.86,1733.87,TARGET,0.693,WIN,2022-08-30,0,
LiquidityRun,2022-08-30 15:15:00,LONG,1725.76,1722.3,1736.11,STOP,-1.549,LOSS,2022-08-30,0,
LiquidityRun,2022-08-31 04:15:00,LONG,1724.8,1722.47,1731.81,STOP,-1.811,LOSS,2022-08-31,1,LiquiditySweep
LiquidityRun,2022-08-31 06:30:00,SHORT,1721.51,1724.77,1711.75,TARGET,2.683,WIN,2022-08-31,0,
LiquiditySweep,2022-08-31 07:15:00,LONG,1721.13,1716.81,1724.43,STOP,-1.438,LOSS,2022-08-31,1,LiquidityRun
LiquidityRun,2022-08-31 11:30:00,LONG,1715.55,1711.31,1728.29,STOP,-1.444,LOSS,2022-08-31,0,
StructureSweep,2022-08-31 13:45:00,SHORT,1716.09,1719.79,1709.56,STOP,-1.511,LOSS,2022-08-31,0,
LiquidityRun,2022-08-31 13:45:00,LONG,1716.09,1711.13,1731.0,STOP,-1.379,LOSS,2022-08-31,0,
StructureSweep,2022-08-31 19:30:00,LONG,1710.38,1708.0,1723.46,STOP,-1.792,LOSS,2022-08-31,2,"LiquidityRun,LiquiditySweep"
LiquiditySweep,2022-08-31 20:00:00,LONG,1710.91,1706.96,1716.34,STOP,-1.475,LOSS,2022-08-31,2,"LiquidityRun,StructureSweep"
StructureSweep,2022-08-31 22:30:00,LONG,1710.85,1708.03,1723.46,STOP,-1.667,LOSS,2022-08-31,2,"LiquidityRun,LiquiditySweep"
LiquidityRun,2022-08-31 22:45:00,LONG,1711.19,1708.33,1719.75,STOP,-1.658,LOSS,2022-08-31,2,"LiquiditySweep,StructureSweep"
LiquidityRun,2022-09-01 02:30:00,LONG,1704.9,1701.82,1714.14,STOP,-1.608,LOSS,2022-09-01,0,
LiquiditySweep,2022-09-01 08:15:00,LONG,1703.49,1698.41,1706.23,TARGET,0.338,WIN,2022-09-01,2,"LiquidityRun,StructureSweep"
StructureSweep,2022-09-01 08:15:00,LONG,1703.49,1699.26,1708.49,TARGET,0.94,WIN,2022-09-01,2,"LiquidityRun,LiquiditySweep"
LiquidityRun,2022-09-01 09:15:00,LONG,1704.94,1701.43,1715.46,STOP,-1.534,LOSS,2022-09-01,2,"LiquiditySweep,StructureSweep"
LiquiditySweep,2022-09-01 10:30:00,LONG,1700.88,1697.4,1706.23,STOP,-1.538,LOSS,2022-09-01,2,"LiquidityRun,StructureSweep"
LiquiditySweep,2022-09-01 12:45:00,LONG,1701.0,1692.36,1706.23,STOP,-1.216,LOSS,2022-09-01,1,LiquidityRun
LiquidityRun,2022-09-01 15:15:00,LONG,1694.21,1690.89,1704.19,TARGET,2.694,WIN,2022-09-01,0,
LiquidityRun,2022-09-02 10:30:00,SHORT,1705.82,1708.2,1698.71,STOP,-1.792,LOSS,2022-09-02,1,PriorDayLevels
PriorDayLevels,2022-09-02 12:00:00,SHORT,1708.92,1714.05,1688.72,STOP,-1.368,LOSS,2022-09-02,1,LiquidityRun
LiquidityRun,2022-09-02 15:30:00,SHORT,1713.5,1717.2,1702.39,STOP,-1.51,LOSS,2022-09-02,1,PriorDayLevels
Inducement+FVG,2022-09-05 06:15:00,LONG,1710.34,1708.55,1717.93,STOP,-2.048,LOSS,2022-09-05,1,StructureSweep
StructureSweep,2022-09-05 07:15:00,LONG,1708.62,1706.45,1714.02,TARGET,2.017,WIN,2022-09-05,1,Inducement+FVG
Inducement+FVG,2022-09-05 12:15:00,LONG,1712.88,1709.11,1717.93,TARGET,1.068,WIN,2022-09-05,1,StructureSweep
StructureSweep,2022-09-05 14:00:00,LONG,1711.58,1708.68,1715.7,TARGET,1.069,WIN,2022-09-05,1,Inducement+FVG
LiquidityRun,2022-09-06 01:15:00,SHORT,1718.47,1723.2,1704.28,TARGET,2.783,WIN,2022-09-06,0,
StructureSweep,2022-09-06 06:45:00,SHORT,1720.15,1722.42,1714.99,TARGET,1.81,WIN,2022-09-06,0,
Inducement+FVG,2022-09-06 07:15:00,LONG,1713.72,1711.56,1726.34,STOP,-1.873,LOSS,2022-09-06,0,
PriorDayLevels,2022-09-06 12:00:00,LONG,1707.72,1702.6,1715.7,STOP,-1.366,LOSS,2022-09-06,0,
LiquidityRun,2022-09-06 20:45:00,LONG,1701.7,1699.45,1708.44,STOP,-1.832,LOSS,2022-09-06,0,
StructureSweep,2022-09-06 22:00:00,SHORT,1702.02,1704.08,1699.75,TARGET,0.611,WIN,2022-09-06,0,
LiquiditySweep,2022-09-07 03:15:00,LONG,1693.49,1689.88,1697.71,TARGET,0.89,WIN,2022-09-07,1,LiquidityRun
LiquidityRun,2022-09-07 05:15:00,LONG,1695.5,1692.57,1704.29,TARGET,2.652,WIN,2022-09-07,1,LiquiditySweep
LiquidityRun,2022-09-07 10:45:00,SHORT,1702.71,1705.97,1692.92,STOP,-1.575,LOSS,2022-09-07,0,
PriorDayLevels,2022-09-07 12:00:00,LONG,1699.75,1694.65,1726.34,EOD,2.925,WIN,2022-09-07,0,
LiquidityRun,2022-09-07 18:15:00,SHORT,1715.35,1718.04,1707.28,STOP,-1.702,LOSS,2022-09-07,0,
LiquidityRun,2022-09-07 22:30:00,SHORT,1717.7,1719.91,1711.1,STOP,-1.859,LOSS,2022-09-07,0,
StructureSweep,2022-09-08 02:30:00,LONG,1714.49,1711.78,1719.43,TARGET,1.439,WIN,2022-09-08,0,
LiquidityRun,2022-09-08 07:30:00,SHORT,1719.04,1721.26,1712.38,STOP,-1.852,LOSS,2022-09-08,0,
StructureSweep,2022-09-08 12:30:00,LONG,1716.18,1713.79,1722.78,STOP,-1.788,LOSS,2022-09-08,1,Inducement+FVG
LiquidityRun,2022-09-08 12:30:00,SHORT,1716.18,1724.3,1691.85,STOP,-1.233,LOSS,2022-09-08,0,
Inducement+FVG,2022-09-08 12:45:00,LONG,1715.73,1713.05,1719.43,STOP,-1.704,LOSS,2022-09-08,1,StructureSweep
Inducement+FVG,2022-09-08 13:15:00,LONG,1712.76,1709.76,1719.43,STOP,-1.627,LOSS,2022-09-08,1,StructureSweep
PriorDayLevels,2022-09-09 07:00:00,SHORT,1728.14,1733.32,1703.86,EOD,1.748,WIN,2022-09-09,1,LiquiditySweep
LiquiditySweep,2022-09-09 07:15:00,SHORT,1727.92,1731.83,1716.86,TARGET,2.568,WIN,2022-09-09,1,PriorDayLevels
LiquidityRun,2022-09-09 12:00:00,SHORT,1721.61,1726.65,1706.49,STOP,-1.376,LOSS,2022-09-09,0,
Inducement+FVG,2022-09-12 02:45:00,LONG,1713.88,1710.07,1729.34,TARGET,3.784,WIN,2022-09-12,0,
LiquidityRun,2022-09-12 10:00:00,SHORT,1724.35,1727.84,1713.87,STOP,-1.544,LOSS,2022-09-12,1,LiquiditySweep
LiquiditySweep,2022-09-12 11:30:00,SHORT,1729.05,1732.09,1725.23,STOP,-1.626,LOSS,2022-09-12,1,LiquidityRun
LiquiditySweep,2022-09-12 12:30:00,SHORT,1728.56,1734.17,1725.23,TARGET,0.409,WIN,2022-09-12,1,LiquidityRun
LiquidityRun,2022-09-12 13:45:00,SHORT,1725.83,1729.01,1716.32,STOP,-1.599,LOSS,2022-09-12,1,LiquiditySweep
LiquidityRun,2022-09-12 16:30:00,SHORT,1730.86,1734.91,1718.7,TARGET,2.744,WIN,2022-09-12,1,LiquiditySweep
PriorDayLevels,2022-09-13 12:00:00,LONG,1711.95,1706.81,1735.08,STOP,-1.366,LOSS,2022-09-13,0,
LiquiditySweep,2022-09-13 13:30:00,LONG,1706.28,1698.48,1711.57,STOP,-1.24,LOSS,2022-09-13,1,LiquidityRun
LiquidityRun,2022-09-13 13:45:00,LONG,1706.56,1700.87,1723.63,STOP,-1.329,LOSS,2022-09-13,1,LiquiditySweep
LiquidityRun,2022-09-14 02:15:00,LONG,1703.43,1698.87,1717.1,STOP,-1.41,LOSS,2022-09-14,0,
StructureSweep,2022-09-14 07:15:00,LONG,1699.23,1697.27,1705.07,TARGET,2.453,WIN,2022-09-14,0,
StructureSweep,2022-09-14 13:45:00,SHORT,1703.55,1707.78,1698.99,TARGET,0.836,WIN,2022-09-14,1,LiquidityRun
LiquidityRun,2022-09-14 15:30:00,SHORT,1703.69,1706.44,1695.45,TARGET,2.628,WIN,2022-09-14,1,StructureSweep
PriorDayLevels,2022-09-14 18:00:00,LONG,1696.99,1691.9,1731.77,EOD,-0.265,LOSS,2022-09-14,2,"LiquidityRun,LiquiditySweep"
LiquiditySweep,2022-09-14 18:30:00,LONG,1697.14,1694.15,1703.15,STOP,-1.624,LOSS,2022-09-14,2,"LiquidityRun,PriorDayLevels"
LiquidityRun,2022-09-14 20:00:00,LONG,1695.8,1693.2,1703.58,STOP,-1.718,LOSS,2022-09-14,2,"LiquiditySweep,PriorDayLevels"
LiquiditySweep,2022-09-14 20:15:00,LONG,1697.17,1693.25,1703.15,STOP,-1.475,LOSS,2022-09-14,2,"LiquidityRun,PriorDayLevels"
LiquidityRun,2022-09-15 03:45:00,LONG,1692.7,1690.57,1699.09,STOP,-1.874,LOSS,2022-09-15,0,
LiquidityRun,2022-09-15 05:30:00,LONG,1689.24,1686.74,1696.75,STOP,-1.742,LOSS,2022-09-15,0,
LiquidityRun,2022-09-15 07:45:00,LONG,1689.79,1686.04,1701.05,STOP,-1.495,LOSS,2022-09-15,2,"LiquiditySweep,StructureSweep"
StructureSweep,2022-09-15 09:30:00,SHORT,1689.31,1691.76,1685.34,TARGET,1.214,WIN,2022-09-15,0,
LiquiditySweep,2022-09-15 11:15:00,LONG,1685.84,1682.21,1689.95,TARGET,0.852,WIN,2022-09-15,2,"LiquidityRun,StructureSweep"
StructureSweep,2022-09-15 11:30:00,LONG,1686.74,1683.04,1691.2,STOP,-1.501,LOSS,2022-09-15,2,"LiquidityRun,LiquiditySweep"
LiquidityRun,2022-09-15 12:45:00,LONG,1687.53,1685.25,1694.37,STOP,-1.813,LOSS,2022-09-15,2,"LiquiditySweep,StructureSweep"
LiquiditySweep,2022-09-15 13:00:00,LONG,1686.25,1682.48,1689.95,STOP,-1.491,LOSS,2022-09-15,2,"LiquidityRun,StructureSweep"
StructureSweep,2022-09-15 13:00:00,LONG,1686.25,1683.32,1691.2,STOP,-1.632,LOSS,2022-09-15,2,"LiquidityRun,LiquiditySweep"
LiquidityRun,2022-09-15 13:30:00,SHORT,1683.86,1686.69,1675.36,STOP,-1.655,LOSS,2022-09-15,0,
LiquiditySweep,2022-09-15 13:45:00,LONG,1690.1,1681.2,1691.2,STOP,-1.208,LOSS,2022-09-15,2,"LiquidityRun,StructureSweep"
LiquidityRun,2022-09-15 14:00:00,LONG,1686.57,1682.47,1698.87,STOP,-1.452,LOSS,2022-09-15,2,"LiquiditySweep,StructureSweep"
StructureSweep,2022-09-15 14:00:00,LONG,1686.57,1684.01,1692.13,STOP,-1.724,LOSS,2022-09-15,2,"LiquidityRun,LiquiditySweep"
LiquidityRun,2022-09-15 14:45:00,SHORT,1668.24,1685.82,1615.48,STOP,-1.105,LOSS,2022-09-15,0,
LiquiditySweep,2022-09-16 06:15:00,LONG,1660.32,1657.64,1665.38,STOP,-1.681,LOSS,2022-09-16,0,
LiquiditySweep,2022-09-16 09:00:00,LONG,1661.22,1656.49,1665.38,TARGET,0.667,WIN,2022-09-16,1,PriorDayLevels
StructureSweep,2022-09-16 09:15:00,SHORT,1664.29,1667.83,1654.1,STOP,-1.519,LOSS,2022-09-16,0,
PriorDayLevels,2022-09-16 12:00:00,LONG,1660.18,1655.2,1697.78,EOD,2.663,WIN,2022-09-16,1,LiquiditySweep
StructureSweep,2022-09-19 01:15:00,LONG,1673.12,1671.05,1679.96,STOP,-1.89,LOSS,2022-09-19,0,
StructureSweep,2022-09-19 12:15:00,SHORT,1666.42,1669.27,1659.46,STOP,-1.645,LOSS,2022-09-19,0,
StructureSweep,2022-09-20 02:00:00,LONG,1675.0,1672.72,1679.43,STOP,-1.806,LOSS,2022-09-20,0,
StructureSweep,2022-09-21 17:00:00,LONG,1665.81,1663.19,1677.34,STOP,-1.7,LOSS,2022-09-21,0,
PriorDayLevels,2022-09-21 18:00:00,SHORT,1679.43,1684.47,1659.91,STOP,-1.368,LOSS,2022-09-21,1,LiquiditySweep
LiquiditySweep,2022-09-21 18:00:00,LONG,1659.21,1651.29,1666.24,TARGET,0.763,WIN,2022-09-21,0,
LiquiditySweep,2022-09-21 19:15:00,SHORT,1679.3,1689.48,1674.85,TARGET,0.338,WIN,2022-09-21,1,PriorDayLevels
LiquidityRun,2022-09-21 19:45:00,SHORT,1672.45,1679.77,1650.48,STOP,-1.252,LOSS,2022-09-21,0,
LiquidityRun,2022-09-22 13:15:00,SHORT,1678.03,1683.07,1662.89,TARGET,2.801,WIN,2022-09-22,0,
StructureSweep,2022-09-23 02:45:00,LONG,1670.52,1667.96,1675.93,STOP,-1.719,LOSS,2022-09-23,0,
PriorDayLevels,2022-09-23 09:00:00,LONG,1655.37,1650.4,1684.83,STOP,-1.366,LOSS,2022-09-23,1,LiquiditySweep
LiquiditySweep,2022-09-23 09:45:00,LONG,1657.19,1649.89,1663.66,STOP,-1.249,LOSS,2022-09-23,2,"LiquidityRun,PriorDayLevels"
LiquidityRun,2022-09-23 13:15:00,LONG,1652.57,1645.15,1674.83,STOP,-1.244,LOSS,2022-09-23,1,LiquiditySweep
LiquiditySweep,2022-09-23 19:00:00,LONG,1642.19,1637.75,1648.44,STOP,-1.406,LOSS,2022-09-23,0,
LiquiditySweep,2022-09-26 01:00:00,LONG,1640.22,1624.82,1645.67,TARGET,0.29,WIN,2022-09-26,0,
PriorDayLevels,2022-09-26 07:00:00,SHORT,1645.67,1650.61,1640.36,TARGET,0.944,WIN,2022-09-26,1,LiquidityRun
LiquidityRun,2022-09-26 09:45:00,SHORT,1641.89,1645.85,1630.02,STOP,-1.457,LOSS,2022-09-26,1,PriorDayLevels
PriorDayLevels,2022-09-26 12:00:00,SHORT,1645.67,1650.61,1640.36,TARGET,0.944,WIN,2022-09-26,1,LiquidityRun
LiquidityRun,2022-09-26 19:00:00,LONG,1627.97,1623.39,1641.7,STOP,-1.39,LOSS,2022-09-26,0,
LiquidityRun,2022-09-26 22:00:00,LONG,1624.86,1620.78,1637.08,TARGET,2.76,WIN,2022-09-26,0,
StructureSweep,2022-09-27 01:15:00,SHORT,1630.38,1634.02,1621.05,STOP,-1.493,LOSS,2022-09-27,0,
LiquidityRun,2022-09-27 08:00:00,SHORT,1634.92,1639.32,1621.7,STOP,-1.409,LOSS,2022-09-27,0,
LiquidityRun,2022-09-27 12:00:00,SHORT,1637.1,1640.5,1626.88,TARGET,2.712,WIN,2022-09-27,0,
LiquidityRun,2022-09-27 18:00:00,LONG,1630.14,1627.71,1637.43,STOP,-1.737,LOSS,2022-09-27,0,
LiquiditySweep,2022-09-28 06:15:00,LONG,1622.35,1617.4,1626.3,STOP,-1.36,LOSS,2022-09-28,1,LiquidityRun
LiquiditySweep,2022-09-28 07:45:00,LONG,1621.86,1616.12,1626.3,STOP,-1.31,LOSS,2022-09-28,1,LiquidityRun
LiquidityRun,2022-09-28 08:00:00,LONG,1621.36,1617.52,1632.87,STOP,-1.464,LOSS,2022-09-28,1,LiquiditySweep
LiquidityRun,2022-09-28 10:15:00,LONG,1627.66,1617.21,1659.02,TARGET,2.906,WIN,2022-09-28,0,
PriorDayLevels,2022-09-28 13:00:00,SHORT,1642.38,1647.31,1626.65,STOP,-1.368,LOSS,2022-09-28,0,
LiquidityRun,2022-09-28 16:30:00,SHORT,1657.3,1660.06,1649.0,STOP,-1.66,LOSS,2022-09-28,0,
LiquidityRun,2022-09-28 20:15:00,SHORT,1658.86,1661.63,1650.56,TARGET,2.641,WIN,2022-09-28,0,
Inducement+FVG,2022-09-29 14:15:00,LONG,1648.75,1643.12,1662.66,TARGET,2.291,WIN,2022-09-29,0,
PriorDayLevels,2022-09-29 16:00:00,SHORT,1662.66,1667.65,1614.43,EOD,-0.749,LOSS,2022-09-29,2,"LiquidityRun,LiquiditySweep"
LiquiditySweep,2022-09-29 16:15:00,SHORT,1660.41,1667.3,1658.75,TARGET,0.095,WIN,2022-09-29,2,"LiquidityRun,PriorDayLevels"
LiquidityRun,2022-09-29 17:45:00,SHORT,1658.17,1661.1,1649.39,STOP,-1.624,LOSS,2022-09-29,2,"LiquiditySweep,PriorDayLevels"
LiquiditySweep,2022-09-29 23:45:00,SHORT,1664.57,1667.67,1658.75,STOP,-1.591,LOSS,2022-09-29,0,
LiquidityRun,2022-09-30 06:30:00,SHORT,1665.13,1668.37,1655.43,STOP,-1.567,LOSS,2022-09-30,1,LiquiditySweep
LiquiditySweep,2022-09-30 06:30:00,SHORT,1665.13,1668.93,1661.17,STOP,-1.483,LOSS,2022-09-30,1,LiquidityRun
LiquidityRun,2022-09-30 16:00:00,SHORT,1668.37,1673.46,1653.12,STOP,-1.362,LOSS,2022-09-30,0,
StructureSweep,2022-09-30 17:30:00,LONG,1662.16,1660.07,1675.42,STOP,-1.874,LOSS,2022-09-30,1,Inducement+FVG
Inducement+FVG,2022-09-30 17:45:00,LONG,1662.93,1659.79,1674.18,STOP,-1.581,LOSS,2022-09-30,1,StructureSweep
StructureSweep,2022-10-03 02:30:00,SHORT,1665.18,1667.85,1660.06,STOP,-1.687,LOSS,2022-10-03,0,
StructureSweep,2022-10-03 07:00:00,LONG,1663.87,1660.01,1669.45,STOP,-1.474,LOSS,2022-10-03,0,
StructureSweep,2022-10-03 12:30:00,SHORT,1668.25,1671.67,1659.58,STOP,-1.538,LOSS,2022-10-03,0,
StructureSweep,2022-10-04 00:15:00,LONG,1698.18,1695.81,1701.43,STOP,-1.786,LOSS,2022-10-04,0,
LiquidityRun,2022-10-04 00:15:00,SHORT,1698.18,1702.13,1686.34,STOP,-1.474,LOSS,2022-10-04,0,
LiquiditySweep,2022-10-04 06:00:00,SHORT,1702.26,1706.3,1698.17,STOP,-1.465,LOSS,2022-10-04,0,
LiquidityRun,2022-10-04 11:00:00,SHORT,1702.05,1711.34,1674.17,STOP,-1.202,LOSS,2022-10-04,0,
StructureSweep,2022-10-04 11:45:00,LONG,1705.83,1701.24,1712.43,TARGET,1.214,WIN,2022-10-04,0,
LiquiditySweep,2022-10-04 12:45:00,SHORT,1711.88,1715.71,1705.52,STOP,-1.492,LOSS,2022-10-04,0,
LiquidityRun,2022-10-04 13:30:00,SHORT,1706.72,1712.24,1690.17,STOP,-1.341,LOSS,2022-10-04,0,
LiquiditySweep,2022-10-04 14:15:00,SHORT,1712.29,1716.89,1705.52,STOP,-1.41,LOSS,2022-10-04,0,
LiquidityRun,2022-10-04 17:00:00,SHORT,1720.16,1728.46,1695.27,TARGET,2.876,WIN,2022-10-04,0,
Inducement+FVG,2022-10-05 02:45:00,LONG,1719.74,1712.6,1729.47,STOP,-1.264,LOSS,2022-10-05,0,
Inducement+FVG,2022-10-05 08:30:00,LONG,1714.78,1709.32,1729.47,STOP,-1.345,LOSS,2022-10-05,0,
StructureSweep,2022-10-05 12:30:00,SHORT,1710.34,1714.94,1703.12,TARGET,1.347,WIN,2022-10-05,0,
Inducement+FVG,2022-10-05 14:00:00,LONG,1705.36,1698.32,1729.47,STOP,-1.266,LOSS,2022-10-05,0,
StructureSweep,2022-10-06 08:30:00,LONG,1714.95,1712.72,1725.0,STOP,-1.843,LOSS,2022-10-06,0,
PriorDayLevels,2022-10-07 10:00:00,LONG,1706.89,1701.77,1725.49,STOP,-1.366,LOSS,2022-10-07,1,LiquiditySweep
LiquiditySweep,2022-10-07 13:00:00,LONG,1703.73,1693.49,1710.49,STOP,-1.182,LOSS,2022-10-07,2,"LiquidityRun,PriorDayLevels"
LiquidityRun,2022-10-07 15:00:00,LONG,1702.29,1698.38,1714.02,STOP,-1.478,LOSS,2022-10-07,1,LiquiditySweep
LiquidityRun,2022-10-11 01:45:00,SHORT,1668.19,1672.9,1654.05,STOP,-1.39,LOSS,2022-10-11,0,
LiquiditySweep,2022-10-11 03:15:00,LONG,1666.0,1662.66,1671.59,STOP,-1.548,LOSS,2022-10-11,0,
StructureSweep,2022-10-11 09:15:00,LONG,1664.24,1661.87,1669.78,STOP,-1.769,LOSS,2022-10-11,2,"LiquiditySweep,VolProfileReject"
LiquiditySweep,2022-10-11 10:00:00,LONG,1661.19,1658.49,1669.53,TARGET,2.717,WIN,2022-10-11,1,StructureSweep
VolProfileReject,2022-10-11 11:00:00,LONG,1668.6,1659.32,1713.78,STOP,-1.197,LOSS,2022-10-11,1,StructureSweep
LiquidityRun,2022-10-11 17:15:00,SHORT,1678.36,1681.99,1667.45,TARGET,2.724,WIN,2022-10-11,0,
PriorDayLevels,2022-10-11 19:00:00,LONG,1665.62,1660.62,1697.23,EOD,-0.683,LOSS,2022-10-11,0,
LiquidityRun,2022-10-11 19:00:00,SHORT,1665.8,1677.55,1630.56,STOP,-1.157,LOSS,2022-10-11,0,
StructureSweep,2022-10-12 00:30:00,LONG,1665.35,1661.66,1683.88,STOP,-1.495,LOSS,2022-10-12,0,
Inducement+FVG,2022-10-12 10:30:00,LONG,1669.88,1664.0,1683.88,STOP,-1.311,LOSS,2022-10-12,0,
LiquidityRun,2022-10-12 18:45:00,SHORT,1672.72,1676.65,1660.9,STOP,-1.468,LOSS,2022-10-12,0,
PriorDayLevels,2022-10-13 11:00:00,SHORT,1678.3,1683.33,1661.38,TARGET,3.228,WIN,2022-10-13,1,LiquidityRun
LiquidityRun,2022-10-13 12:15:00,SHORT,1674.58,1679.88,1658.67,TARGET,2.811,WIN,2022-10-13,1,PriorDayLevels
LiquidityRun,2022-10-13 12:45:00,SHORT,1654.56,1675.48,1591.79,STOP,-1.088,LOSS,2022-10-13,0,
PriorDayLevels,2022-10-13 13:00:00,LONG,1661.38,1656.39,1678.3,STOP,-1.366,LOSS,2022-10-13,0,
StructureSweep,2022-10-13 17:00:00,SHORT,1667.45,1670.74,1642.34,STOP,-1.558,LOSS,2022-10-13,0,
StructureSweep,2022-10-13 18:15:00,SHORT,1667.14,1670.96,1642.34,STOP,-1.48,LOSS,2022-10-13,0,
StructureSweep,2022-10-14 07:45:00,LONG,1667.01,1663.2,1671.69,STOP,-1.48,LOSS,2022-10-14,0,
Inducement+FVG,2022-10-14 09:00:00,LONG,1658.23,1653.41,1682.36,STOP,-1.378,LOSS,2022-10-14,0,
PriorDayLevels,2022-10-14 16:00:00,LONG,1642.34,1637.41,1682.36,EOD,0.025,BE,2022-10-14,1,LiquiditySweep
LiquiditySweep,2022-10-14 19:15:00,LONG,1642.08,1637.66,1663.96,TARGET,4.725,WIN,2022-10-14,1,PriorDayLevels
StructureSweep,2022-10-16 23:30:00,SHORT,1646.67,1648.91,1640.12,STOP,-1.809,LOSS,2022-10-16,0,
StructureSweep,2022-10-18 00:00:00,SHORT,1651.27,1653.28,1646.58,STOP,-1.905,LOSS,2022-10-18,0,
StructureSweep,2022-10-18 01:45:00,SHORT,1651.17,1654.11,1646.58,STOP,-1.618,LOSS,2022-10-18,0,
PriorDayLevels,2022-10-18 15:00:00,LONG,1646.36,1641.42,1668.39,EOD,0.836,WIN,2022-10-18,0,
LiquiditySweep,2022-10-19 06:45:00,LONG,1640.89,1637.05,1647.16,STOP,-1.47,LOSS,2022-10-19,0,
LiquiditySweep,2022-10-19 23:00:00,LONG,1627.88,1625.21,1629.85,STOP,-1.669,LOSS,2022-10-19,0,
StructureSweep,2022-10-20 04:30:00,SHORT,1629.26,1631.21,1622.4,STOP,-1.917,LOSS,2022-10-20,0,
StructureSweep,2022-10-20 17:45:00,LONG,1630.84,1627.93,1645.57,STOP,-1.614,LOSS,2022-10-20,1,PriorDayLevels
PriorDayLevels,2022-10-20 19:00:00,LONG,1626.46,1621.58,1653.37,EOD,-0.261,LOSS,2022-10-20,1,StructureSweep
LiquiditySweep,2022-10-21 05:30:00,LONG,1622.66,1618.37,1628.27,STOP,-1.415,LOSS,2022-10-21,0,
PriorDayLevels,2022-10-21 15:00:00,SHORT,1645.57,1650.51,1622.4,STOP,-1.368,LOSS,2022-10-21,0,
StructureSweep,2022-10-24 00:45:00,LONG,1656.95,1654.78,1662.47,STOP,-1.84,LOSS,2022-10-24,0,
StructureSweep,2022-10-24 11:45:00,SHORT,1650.03,1653.95,1644.18,STOP,-1.464,LOSS,2022-10-24,0,
StructureSweep,2022-10-25 02:45:00,LONG,1649.24,1646.97,1654.86,STOP,-1.795,LOSS,2022-10-25,0,
PriorDayLevels,2022-10-25 08:00:00,LONG,1643.9,1638.97,1663.31,STOP,-1.366,LOSS,2022-10-25,0,
StructureSweep,2022-10-26 03:30:00,SHORT,1656.52,1659.07,1649.73,STOP,-1.717,LOSS,2022-10-26,0,
StructureSweep,2022-10-26 15:15:00,SHORT,1671.46,1674.28,1660.56,TARGET,3.507,WIN,2022-10-26,0,
Inducement+FVG,2022-10-27 06:30:00,LONG,1662.0,1658.62,1674.83,STOP,-1.54,LOSS,2022-10-27,0,
StructureSweep,2022-10-27 14:15:00,SHORT,1664.09,1666.98,1654.8,STOP,-1.634,LOSS,2022-10-27,0,
LiquiditySweep,2022-10-28 15:15:00,LONG,1640.84,1635.35,1645.66,TARGET,0.699,WIN,2022-10-28,0,
StructureSweep,2022-10-28 20:00:00,SHORT,1644.17,1646.76,1637.81,TARGET,2.075,WIN,2022-10-28,0,
LiquiditySweep,2022-10-31 09:30:00,LONG,1638.92,1635.18,1644.53,STOP,-1.481,LOSS,2022-10-31,0,
LiquiditySweep,2022-10-31 13:30:00,LONG,1637.77,1630.9,1642.02,TARGET,0.476,WIN,2022-10-31,0,
StructureSweep,2022-10-31 14:45:00,SHORT,1640.94,1643.68,1633.35,TARGET,2.407,WIN,2022-10-31,0,
LiquiditySweep,2022-10-31 19:15:00,LONG,1634.12,1630.07,1642.02,TARGET,1.711,WIN,2022-10-31,0,
StructureSweep,2022-11-01 14:00:00,LONG,1644.68,1640.38,1656.97,TARGET,2.631,WIN,2022-11-01,0,
PriorDayLevels,2022-11-02 12:00:00,SHORT,1656.97,1661.94,1630.69,STOP,-1.368,LOSS,2022-11-02,1,LiquiditySweep
LiquiditySweep,2022-11-02 12:00:00,SHORT,1656.59,1661.18,1649.56,TARGET,1.315,WIN,2022-11-02,1,PriorDayLevels
Inducement+FVG,2022-11-02 14:15:00,LONG,1649.85,1647.07,1656.97,STOP,-1.654,LOSS,2022-11-02,0,
Inducement+FVG,2022-11-02 15:30:00,LONG,1646.0,1643.51,1656.97,TARGET,4.007,WIN,2022-11-02,0,
LiquiditySweep,2022-11-02 18:30:00,SHORT,1656.46,1671.93,1649.56,TARGET,0.382,WIN,2022-11-02,0,
Inducement+FVG,2022-11-02 18:45:00,LONG,1649.51,1643.18,1656.97,STOP,-1.286,LOSS,2022-11-02,0,
VolProfileReject,2022-11-02 19:15:00,SHORT,1639.64,1671.1,1632.72,TARGET,0.189,WIN,2022-11-02,0,
StructureSweep,2022-11-03 14:00:00,SHORT,1623.68,1626.64,1616.62,STOP,-1.603,LOSS,2022-11-03,0,
LiquidityRun,2022-11-06 23:00:00,SHORT,1678.39,1682.11,1667.25,TARGET,2.73,WIN,2022-11-06,0,
Inducement+FVG,2022-11-07 07:00:00,LONG,1669.14,1666.24,1681.66,TARGET,3.968,WIN,2022-11-07,1,LiquidityRun
LiquidityRun,2022-11-07 08:15:00,LONG,1673.48,1667.65,1690.98,STOP,-1.315,LOSS,2022-11-07,1,Inducement+FVG
StructureSweep,2022-11-07 08:30:00,SHORT,1673.49,1676.89,1666.85,STOP,-1.542,LOSS,2022-11-07,0,
PriorDayLevels,2022-11-07 09:00:00,SHORT,1680.31,1685.35,1672.28,EOD,0.872,WIN,2022-11-07,0,
LiquiditySweep,2022-11-07 14:45:00,SHORT,1679.74,1684.39,1673.47,TARGET,1.135,WIN,2022-11-07,0,
Inducement+FVG,2022-11-08 00:00:00,LONG,1673.74,1669.41,1681.86,STOP,-1.424,LOSS,2022-11-08,0,
LiquidityRun,2022-11-08 09:30:00,LONG,1671.06,1665.25,1688.49,TARGET,2.827,WIN,2022-11-08,0,
StructureSweep,2022-11-08 10:15:00,SHORT,1670.81,1673.63,1664.66,STOP,-1.653,LOSS,2022-11-08,0,
PriorDayLevels,2022-11-08 15:00:00,SHORT,1681.86,1686.91,1666.85,STOP,-1.368,LOSS,2022-11-08,0,
LiquidityRun,2022-11-08 17:15:00,SHORT,1712.51,1716.46,1700.67,STOP,-1.478,LOSS,2022-11-08,0,
StructureSweep,2022-11-08 19:30:00,LONG,1710.93,1706.56,1716.9,STOP,-1.43,LOSS,2022-11-08,0,
LiquidityRun,2022-11-09 03:15:00,LONG,1709.85,1707.37,1717.3,STOP,-1.757,LOSS,2022-11-09,0,
StructureSweep,2022-11-09 10:30:00,LONG,1708.36,1702.88,1715.77,TARGET,1.164,WIN,2022-11-09,1,LiquidityRun
LiquidityRun,2022-11-09 10:45:00,LONG,1708.73,1703.95,1723.05,STOP,-1.393,LOSS,2022-11-09,1,StructureSweep
PriorDayLevels,2022-11-09 15:00:00,SHORT,1716.9,1722.05,1664.66,STOP,-1.368,LOSS,2022-11-09,1,LiquiditySweep
LiquiditySweep,2022-11-09 15:00:00,SHORT,1716.27,1724.87,1710.17,TARGET,0.589,WIN,2022-11-09,1,PriorDayLevels
LiquidityRun,2022-11-09 20:15:00,LONG,1706.66,1702.82,1718.17,TARGET,2.733,WIN,2022-11-09,0,
StructureSweep,2022-11-10 09:15:00,LONG,1706.69,1702.86,1712.53,TARGET,1.256,WIN,2022-11-10,0,
PriorDayLevels,2022-11-10 13:00:00,SHORT,1722.29,1727.46,1702.12,STOP,-1.368,LOSS,2022-11-10,0,
LiquidityRun,2022-11-10 16:15:00,SHORT,1747.76,1750.95,1738.17,STOP,-1.602,LOSS,2022-11-10,0,
LiquidityRun,2022-11-10 23:00:00,SHORT,1753.06,1756.02,1744.17,STOP,-1.652,LOSS,2022-11-10,0,
LiquidityRun,2022-11-11 06:30:00,SHORT,1755.78,1760.64,1741.2,STOP,-1.398,LOSS,2022-11-11,0,
LiquidityRun,2022-11-11 08:15:00,SHORT,1759.84,1761.8,1753.96,STOP,-1.989,LOSS,2022-11-11,0,
StructureSweep,2022-11-11 11:00:00,LONG,1757.27,1753.27,1764.31,TARGET,1.494,WIN,2022-11-11,0,
LiquidityRun,2022-11-11 11:00:00,SHORT,1757.27,1764.88,1734.45,STOP,-1.255,LOSS,2022-11-11,0,
LiquiditySweep,2022-11-11 18:00:00,SHORT,1765.03,1769.87,1759.62,STOP,-1.401,LOSS,2022-11-11,0,
LiquidityRun,2022-11-13 23:00:00,SHORT,1762.55,1768.7,1744.12,STOP,-1.316,LOSS,2022-11-13,0,
StructureSweep,2022-11-13 23:45:00,LONG,1763.44,1761.27,1772.82,STOP,-1.893,LOSS,2022-11-13,0,
StructureSweep,2022-11-14 03:15:00,SHORT,1765.68,1768.04,1761.42,TARGET,1.358,WIN,2022-11-14,0,
StructureSweep,2022-11-14 07:30:00,SHORT,1762.14,1765.47,1757.9,STOP,-1.583,LOSS,2022-11-14,0,
Inducement+FVG,2022-11-14 09:45:00,LONG,1757.12,1752.91,1772.82,TARGET,3.48,WIN,2022-11-14,0,
PriorDayLevels,2022-11-14 14:00:00,SHORT,1764.89,1770.19,1761.42,STOP,-1.368,LOSS,2022-11-14,1,LiquidityRun
LiquidityRun,2022-11-14 16:15:00,SHORT,1768.07,1771.06,1759.09,STOP,-1.651,LOSS,2022-11-14,1,PriorDayLevels
StructureSweep,2022-11-15 06:45:00,LONG,1770.01,1766.9,1773.68,TARGET,0.843,WIN,2022-11-15,0,
LiquidityRun,2022-11-15 09:30:00,SHORT,1774.06,1778.2,1761.64,STOP,-1.472,LOSS,2022-11-15,0,
Inducement+FVG,2022-11-15 14:30:00,LONG,1771.34,1768.64,1784.21,STOP,-1.72,LOSS,2022-11-15,1,LiquidityRun
LiquidityRun,2022-11-15 17:45:00,LONG,1772.38,1769.13,1782.12,STOP,-1.6,LOSS,2022-11-15,1,Inducement+FVG
LiquidityRun,2022-11-15 18:45:00,LONG,1777.82,1772.29,1794.39,STOP,-1.353,LOSS,2022-11-15,0,
StructureSweep,2022-11-15 19:00:00,SHORT,1774.68,1780.68,1767.95,STOP,-1.326,LOSS,2022-11-15,0,
StructureSweep,2022-11-16 00:00:00,SHORT,1778.97,1783.18,1767.95,STOP,-1.466,LOSS,2022-11-16,0,
Inducement+FVG,2022-11-16 12:45:00,LONG,1780.83,1775.94,1786.47,STOP,-1.4,LOSS,2022-11-16,1,TridentKillzone
TridentKillzone,2022-11-16 13:30:00,LONG,1779.12,1777.45,1812.58,STOP,-2.579,LOSS,2022-11-16,1,Inducement+FVG
LiquidityRun,2022-11-16 14:45:00,SHORT,1775.21,1778.64,1764.94,STOP,-1.571,LOSS,2022-11-16,0,
LiquidityRun,2022-11-16 20:30:00,LONG,1775.6,1772.91,1783.69,STOP,-1.724,LOSS,2022-11-16,0,
LiquidityRun,2022-11-17 05:30:00,LONG,1763.46,1760.81,1771.43,STOP,-1.729,LOSS,2022-11-17,0,
LiquidityRun,2022-11-17 14:30:00,LONG,1759.82,1755.73,1772.1,STOP,-1.472,LOSS,2022-11-17,0,
LiquidityRun,2022-11-18 04:45:00,SHORT,1762.57,1765.33,1754.3,STOP,-1.704,LOSS,2022-11-18,0,
StructureSweep,2022-11-18 05:15:00,LONG,1761.49,1759.4,1765.63,TARGET,1.471,WIN,2022-11-18,0,
LiquidityRun,2022-11-18 08:15:00,SHORT,1763.22,1767.14,1751.48,STOP,-1.496,LOSS,2022-11-18,0,
LiquidityRun,2022-11-18 10:00:00,SHORT,1764.04,1766.98,1755.2,TARGET,2.641,WIN,2022-11-18,0,
PriorDayLevels,2022-11-18 14:00:00,LONG,1754.44,1749.18,1774.76,STOP,-1.366,LOSS,2022-11-18,2,"LiquidityRun,LiquiditySweep"
LiquiditySweep,2022-11-18 15:15:00,LONG,1756.08,1750.59,1762.3,STOP,-1.351,LOSS,2022-11-18,2,"LiquidityRun,PriorDayLevels"
LiquidityRun,2022-11-18 15:30:00,LONG,1754.88,1752.49,1762.02,STOP,-1.81,LOSS,2022-11-18,2,"LiquiditySweep,PriorDayLevels"
LiquidityRun,2022-11-18 21:30:00,LONG,1749.7,1747.32,1756.83,STOP,-1.81,LOSS,2022-11-18,0,
LiquidityRun,2022-11-21 03:15:00,LONG,1746.47,1742.84,1757.37,STOP,-1.528,LOSS,2022-11-21,0,
LiquidityRun,2022-11-21 10:15:00,LONG,1740.17,1737.73,1747.48,STOP,-1.784,LOSS,2022-11-21,0,
LiquiditySweep,2022-11-21 15:30:00,LONG,1738.37,1733.48,1742.18,STOP,-1.39,LOSS,2022-11-21,1,LiquidityRun
LiquidityRun,2022-11-21 17:15:00,LONG,1735.56,1732.6,1744.45,TARGET,2.648,WIN,2022-11-21,1,LiquiditySweep
LiquiditySweep,2022-11-21 18:00:00,LONG,1739.24,1733.45,1742.18,TARGET,0.328,WIN,2022-11-21,1,LiquidityRun
LiquidityRun,2022-11-22 05:30:00,SHORT,1741.84,1745.81,1729.94,STOP,-1.484,LOSS,2022-11-22,0,
StructureSweep,2022-11-22 05:30:00,LONG,1741.84,1739.94,1744.99,TARGET,1.097,WIN,2022-11-22,0,
LiquidityRun,2022-11-22 12:45:00,SHORT,1746.36,1748.98,1738.51,TARGET,2.601,WIN,2022-11-22,0,
LiquidityRun,2022-11-22 20:30:00,LONG,1739.42,1736.77,1747.36,STOP,-1.722,LOSS,2022-11-22,0,
StructureSweep,2022-11-22 23:30:00,SHORT,1740.55,1742.97,1737.01,TARGET,1.03,WIN,2022-11-22,0,
Inducement+FVG,2022-11-23 04:00:00,LONG,1734.96,1732.6,1749.61,STOP,-1.806,LOSS,2022-11-23,1,LiquidityRun
LiquidityRun,2022-11-23 06:00:00,LONG,1736.83,1734.54,1743.7,TARGET,2.544,WIN,2022-11-23,1,Inducement+FVG
StructureSweep,2022-11-23 07:15:00,SHORT,1741.14,1743.83,1732.66,STOP,-1.713,LOSS,2022-11-23,1,LiquidityRun
LiquidityRun,2022-11-23 07:45:00,LONG,1744.2,1740.35,1755.75,STOP,-1.498,LOSS,2022-11-23,0,
StructureSweep,2022-11-23 08:30:00,SHORT,1740.32,1744.48,1732.66,TARGET,1.589,WIN,2022-11-23,1,LiquidityRun
LiquidityRun,2022-11-23 08:45:00,SHORT,1739.36,1743.21,1727.83,TARGET,2.729,WIN,2022-11-23,1,StructureSweep
LiquiditySweep,2022-11-23 13:30:00,LONG,1734.12,1723.76,1739.28,TARGET,0.398,WIN,2022-11-23,0,
VolProfileReject,2022-11-23 14:45:00,LONG,1742.65,1724.62,1747.34,TARGET,0.202,WIN,2022-11-23,1,LiquidityRun
LiquidityRun,2022-11-23 15:00:00,LONG,1739.75,1735.55,1752.36,TARGET,2.751,WIN,2022-11-23,1,VolProfileReject
PriorDayLevels,2022-11-23 19:00:00,SHORT,1749.61,1754.86,1737.01,EOD,-0.874,LOSS,2022-11-23,0,
LiquidityRun,2022-11-24 05:15:00,SHORT,1754.48,1757.06,1746.75,STOP,-1.75,LOSS,2022-11-24,1,LiquiditySweep
LiquidityRun,2022-11-24 08:00:00,SHORT,1754.12,1756.99,1745.49,STOP,-1.672,LOSS,2022-11-24,1,LiquiditySweep
LiquiditySweep,2022-11-24 09:15:00,SHORT,1757.24,1760.78,1752.58,TARGET,1.018,WIN,2022-11-24,1,LiquidityRun
LiquidityRun,2022-11-24 09:45:00,SHORT,1756.23,1758.58,1749.17,STOP,-1.822,LOSS,2022-11-24,1,LiquiditySweep
LiquiditySweep,2022-11-25 02:15:00,SHORT,1757.85,1761.58,1755.11,TARGET,0.453,WIN,2022-11-25,1,LiquidityRun
Inducement+FVG,2022-11-25 06:00:00,LONG,1755.06,1752.82,1758.56,STOP,-1.861,LOSS,2022-11-25,0,
LiquidityRun,2022-11-25 06:00:00,SHORT,1755.06,1759.27,1742.4,STOP,-1.458,LOSS,2022-11-25,1,LiquiditySweep
StructureSweep,2022-11-27 23:00:00,SHORT,1752.13,1755.97,1745.95,STOP,-1.502,LOSS,2022-11-27,0,
LiquiditySweep,2022-11-28 09:00:00,SHORT,1760.83,1765.24,1755.11,TARGET,1.055,WIN,2022-11-28,1,LiquidityRun
LiquidityRun,2022-11-28 11:00:00,SHORT,1761.37,1763.88,1753.83,TARGET,2.58,WIN,2022-11-28,1,LiquiditySweep
LiquidityRun,2022-11-28 13:15:00,SHORT,1753.57,1755.86,1746.7,STOP,-1.843,LOSS,2022-11-28,0,
PriorDayLevels,2022-11-28 14:00:00,LONG,1749.92,1744.67,1754.22,STOP,-1.366,LOSS,2022-11-28,2,"LiquidityRun,StructureSweep"
StructureSweep,2022-11-28 15:00:00,LONG,1748.72,1744.96,1763.7,STOP,-1.51,LOSS,2022-11-28,2,"LiquidityRun,PriorDayLevels"
LiquidityRun,2022-11-28 16:45:00,LONG,1745.08,1742.16,1753.85,STOP,-1.656,LOSS,2022-11-28,2,"PriorDayLevels,StructureSweep"
LiquidityRun,2022-11-28 20:30:00,LONG,1741.35,1738.87,1748.78,TARGET,2.578,WIN,2022-11-28,0,
StructureSweep,2022-11-29 13:00:00,LONG,1752.72,1750.38,1758.93,STOP,-1.82,LOSS,2022-11-29,0,
LiquidityRun,2022-11-29 16:00:00,SHORT,1752.82,1757.27,1739.47,STOP,-1.434,LOSS,2022-11-29,0,
StructureSweep,2022-11-29 18:15:00,LONG,1750.09,1747.81,1757.98,STOP,-1.844,LOSS,2022-11-29,0,
PriorDayLevels,2022-11-30 08:00:00,SHORT,1758.93,1764.21,1740.23,STOP,-1.368,LOSS,2022-11-30,1,LiquidityRun
LiquidityRun,2022-11-30 10:30:00,SHORT,1759.07,1763.09,1747.01,STOP,-1.482,LOSS,2022-11-30,2,"LiquiditySweep,PriorDayLevels"
LiquiditySweep,2022-11-30 13:15:00,SHORT,1763.68,1767.11,1758.3,TARGET,1.26,WIN,2022-11-30,1,LiquidityRun
LiquidityRun,2022-11-30 13:45:00,SHORT,1755.06,1761.08,1737.02,STOP,-1.322,LOSS,2022-11-30,1,VolProfileReject
StructureSweep,2022-11-30 14:15:00,LONG,1758.53,1755.95,1763.1,TARGET,1.364,WIN,2022-11-30,0,
VolProfileReject,2022-11-30 15:00:00,SHORT,1751.98,1766.22,1741.41,STOP,-1.136,LOSS,2022-11-30,1,LiquidityRun
LiquidityRun,2022-11-30 15:00:00,SHORT,1751.98,1759.53,1729.34,STOP,-1.256,LOSS,2022-11-30,1,VolProfileReject
PriorDayLevels,2022-11-30 18:00:00,SHORT,1758.93,1764.21,1740.23,STOP,-1.368,LOSS,2022-11-30,0,
LiquidityRun,2022-12-01 02:00:00,SHORT,1773.84,1777.94,1761.53,STOP,-1.476,LOSS,2022-12-01,0,
LiquidityRun,2022-12-01 07:45:00,SHORT,1775.37,1780.79,1759.11,STOP,-1.361,LOSS,2022-12-01,0,
LiquidityRun,2022-12-01 15:30:00,SHORT,1796.19,1800.83,1782.27,STOP,-1.427,LOSS,2022-12-01,0,
LiquiditySweep,2022-12-01 23:00:00,SHORT,1803.97,1806.97,1794.14,TARGET,2.917,WIN,2022-12-01,1,LiquidityRun
LiquidityRun,2022-12-01 23:45:00,SHORT,1802.25,1804.92,1794.26,TARGET,2.595,WIN,2022-12-01,1,LiquiditySweep
Inducement+FVG,2022-12-02 11:00:00,LONG,1799.87,1795.86,1804.44,STOP,-1.493,LOSS,2022-12-02,0,
LiquidityRun,2022-12-02 16:15:00,LONG,1790.52,1785.23,1806.37,TARGET,2.796,WIN,2022-12-02,0,
LiquidityRun,2022-12-05 06:00:00,SHORT,1805.91,1809.68,1794.59,TARGET,2.713,WIN,2022-12-05,0,
PriorDayLevels,2022-12-05 10:00:00,LONG,1794.4,1789.01,1799.34,STOP,-1.366,LOSS,2022-12-05,2,"LiquidityRun,StructureSweep"
StructureSweep,2022-12-05 10:15:00,LONG,1794.46,1792.12,1809.87,STOP,-1.842,LOSS,2022-12-05,2,"LiquidityRun,PriorDayLevels"
LiquidityRun,2022-12-05 13:00:00,LONG,1796.16,1793.08,1805.4,STOP,-1.641,LOSS,2022-12-05,2,"PriorDayLevels,StructureSweep"
LiquidityRun,2022-12-05 15:45:00,LONG,1777.89,1774.32,1788.61,STOP,-1.547,LOSS,2022-12-05,0,
LiquidityRun,2022-12-05 20:00:00,LONG,1768.69,1765.13,1779.36,TARGET,2.701,WIN,2022-12-05,0,
StructureSweep,2022-12-06 00:00:00,SHORT,1768.77,1771.16,1765.76,STOP,-1.813,LOSS,2022-12-06,0,
StructureSweep,2022-12-06 07:45:00,LONG,1771.54,1768.79,1776.25,TARGET,1.326,WIN,2022-12-06,0,
LiquidityRun,2022-12-06 15:00:00,SHORT,1771.87,1776.27,1758.66,STOP,-1.443,LOSS,2022-12-06,0,
StructureSweep,2022-12-06 17:00:00,LONG,1771.54,1768.48,1780.84,STOP,-1.636,LOSS,2022-12-06,0,
LiquidityRun,2022-12-06 17:00:00,SHORT,1771.54,1776.43,1756.89,STOP,-1.4,LOSS,2022-12-06,0,
Inducement+FVG,2022-12-07 01:00:00,LONG,1769.12,1766.95,1780.84,TARGET,4.921,WIN,2022-12-07,0,
StructureSweep,2022-12-07 06:00:00,LONG,1770.42,1767.84,1775.17,TARGET,1.43,WIN,2022-12-07,0,
StructureSweep,2022-12-07 09:00:00,SHORT,1773.6,1777.29,1769.61,STOP,-1.529,LOSS,2022-12-07,0,
PriorDayLevels,2022-12-07 14:00:00,SHORT,1780.84,1786.18,1767.2,STOP,-1.368,LOSS,2022-12-07,1,LiquidityRun
LiquidityRun,2022-12-07 16:15:00,SHORT,1778.05,1780.24,1771.46,STOP,-1.892,LOSS,2022-12-07,1,PriorDayLevels
LiquidityRun,2022-12-07 20:30:00,SHORT,1786.83,1790.88,1774.67,STOP,-1.486,LOSS,2022-12-07,0,
StructureSweep,2022-12-08 00:15:00,LONG,1785.52,1783.6,1790.49,STOP,-2.022,LOSS,2022-12-08,0,
PriorDayLevels,2022-12-08 13:00:00,SHORT,1790.49,1795.86,1768.68,EOD,-0.128,LOSS,2022-12-08,1,LiquidityRun
LiquidityRun,2022-12-08 16:00:00,SHORT,1787.94,1792.95,1772.92,STOP,-1.393,LOSS,2022-12-08,1,PriorDayLevels
StructureSweep,2022-12-08 18:00:00,LONG,1788.08,1784.78,1794.81,TARGET,1.718,WIN,2022-12-08,0,
LiquidityRun,2022-12-09 02:15:00,SHORT,1792.73,1795.55,1784.24,STOP,-1.698,LOSS,2022-12-09,1,LiquiditySweep
LiquiditySweep,2022-12-09 05:45:00,SHORT,1795.15,1800.08,1788.47,STOP,-1.402,LOSS,2022-12-09,1,LiquidityRun
LiquidityRun,2022-12-09 07:30:00,SHORT,1792.82,1796.8,1780.88,STOP,-1.496,LOSS,2022-12-09,1,LiquiditySweep
Inducement+FVG,2022-12-09 09:30:00,LONG,1789.23,1787.43,1794.81,TARGET,2.508,WIN,2022-12-09,0,
LiquiditySweep,2022-12-09 13:30:00,SHORT,1795.24,1808.26,1788.9,TARGET,0.404,WIN,2022-12-09,1,LiquidityRun
LiquidityRun,2022-12-09 13:45:00,SHORT,1797.95,1802.05,1785.66,STOP,-1.483,LOSS,2022-12-09,1,LiquiditySweep
StructureSweep,2022-12-09 15:15:00,LONG,1791.69,1788.35,1805.55,TARGET,3.821,WIN,2022-12-09,0,
LiquidityRun,2022-12-09 17:15:00,SHORT,1800.36,1805.87,1783.8,TARGET,2.805,WIN,2022-12-09,1,LiquiditySweep
Inducement+FVG,2022-12-12 00:30:00,LONG,1792.99,1789.85,1797.67,STOP,-1.629,LOSS,2022-12-12,0,
Inducement+FVG,2022-12-12 02:00:00,LONG,1789.88,1787.43,1797.67,STOP,-1.803,LOSS,2022-12-12,0,
StructureSweep,2022-12-12 09:15:00,SHORT,1790.34,1793.73,1785.44,STOP,-1.581,LOSS,2022-12-12,0,
StructureSweep,2022-12-12 13:00:00,LONG,1789.93,1786.72,1795.45,STOP,-1.611,LOSS,2022-12-12,1,Inducement+FVG
Inducement+FVG,2022-12-12 13:45:00,LONG,1787.56,1785.75,1806.04,STOP,-2.088,LOSS,2022-12-12,2,"LiquidityRun,StructureSweep"
LiquidityRun,2022-12-12 17:00:00,LONG,1784.3,1781.46,1792.81,STOP,-1.691,LOSS,2022-12-12,1,Inducement+FVG
LiquidityRun,2022-12-12 20:00:00,LONG,1780.31,1777.86,1787.68,TARGET,2.564,WIN,2022-12-12,0,
StructureSweep,2022-12-12 23:15:00,SHORT,1781.51,1783.67,1777.54,STOP,-1.908,LOSS,2022-12-12,0,
LiquidityRun,2022-12-13 09:15:00,SHORT,1784.27,1786.97,1776.19,STOP,-1.729,LOSS,2022-12-13,0,
PriorDayLevels,2022-12-13 13:00:00,SHORT,1795.45,1800.83,1777.54,STOP,-1.368,LOSS,2022-12-13,0,
LiquidityRun,2022-12-13 15:30:00,SHORT,1812.94,1818.15,1797.31,TARGET,2.792,WIN,2022-12-13,0,
StructureSweep,2022-12-14 04:15:00,LONG,1809.66,1807.5,1812.62,TARGET,0.869,WIN,2022-12-14,0,
StructureSweep,2022-12-14 15:00:00,SHORT,1809.88,1812.46,1804.27,STOP,-1.771,LOSS,2022-12-14,0,
Inducement+FVG,2022-12-14 18:15:00,LONG,1807.34,1804.31,1813.2,STOP,-1.656,LOSS,2022-12-14,0,
LiquidityRun,2022-12-14 23:30:00,LONG,1808.01,1805.81,1814.62,STOP,-1.903,LOSS,2022-12-14,0,
Inducement+FVG,2022-12-15 04:30:00,LONG,1791.04,1787.7,1813.2,STOP,-1.589,LOSS,2022-12-15,1,LiquidityRun
LiquidityRun,2022-12-15 06:00:00,LONG,1793.04,1790.62,1800.28,STOP,-1.816,LOSS,2022-12-15,1,Inducement+FVG
LiquidityRun,2022-12-15 09:30:00,LONG,1778.47,1775.96,1785.98,STOP,-1.78,LOSS,2022-12-15,0,
LiquidityRun,2022-12-15 10:45:00,LONG,1777.4,1775.6,1782.77,STOP,-2.09,LOSS,2022-12-15,0,
StructureSweep,2022-12-15 13:30:00,SHORT,1780.67,1783.25,1773.43,STOP,-1.757,LOSS,2022-12-15,0,
LiquidityRun,2022-12-16 07:30:00,SHORT,1778.54,1784.97,1759.28,STOP,-1.305,LOSS,2022-12-16,0,
StructureSweep,2022-12-16 08:45:00,LONG,1777.86,1774.98,1784.89,STOP,-1.677,LOSS,2022-12-16,0,
LiquidityRun,2022-12-16 14:15:00,SHORT,1784.07,1786.49,1776.82,STOP,-1.813,LOSS,2022-12-16,0,
LiquidityRun,2022-12-16 15:45:00,SHORT,1787.85,1791.0,1778.42,STOP,-1.626,LOSS,2022-12-16,0,
LiquidityRun,2022-12-19 03:45:00,SHORT,1793.8,1796.05,1787.06,STOP,-1.878,LOSS,2022-12-19,0,
StructureSweep,2022-12-19 05:30:00,LONG,1791.18,1789.01,1796.87,TARGET,2.124,WIN,2022-12-19,0,
LiquidityRun,2022-12-19 11:45:00,SHORT,1794.85,1797.52,1786.83,TARGET,2.598,WIN,2022-12-19,0,
PriorDayLevels,2022-12-19 13:00:00,LONG,1790.95,1785.58,1793.01,TARGET,0.249,WIN,2022-12-19,2,"Inducement+FVG,LiquidityRun"
Inducement+FVG,2022-12-19 16:00:00,LONG,1785.87,1782.32,1798.71,TARGET,3.309,WIN,2022-12-19,2,"LiquidityRun,PriorDayLevels"
LiquidityRun,2022-12-19 16:30:00,LONG,1788.19,1784.8,1798.33,STOP,-1.581,LOSS,2022-12-19,2,"Inducement+FVG,PriorDayLevels"
LiquidityRun,2022-12-20 03:00:00,LONG,1794.2,1784.84,1822.3,TARGET,2.884,WIN,2022-12-20,0,
PriorDayLevels,2022-12-20 08:00:00,SHORT,1798.71,1804.11,1783.78,STOP,-1.368,LOSS,2022-12-20,0,
StructureSweep,2022-12-20 12:30:00,LONG,1804.66,1802.43,1807.77,STOP,-1.887,LOSS,2022-12-20,0,
StructureSweep,2022-12-20 13:45:00,LONG,1805.59,1802.0,1809.38,TARGET,0.754,WIN,2022-12-20,0,
StructureSweep,2022-12-21 04:00:00,LONG,1814.48,1811.8,1819.79,TARGET,1.573,WIN,2022-12-21,1,Inducement+FVG
Inducement+FVG,2022-12-21 07:00:00,LONG,1812.81,1806.98,1821.02,TARGET,1.22,WIN,2022-12-21,1,StructureSweep
PriorDayLevels,2022-12-21 15:00:00,SHORT,1821.02,1826.48,1784.56,EOD,0.756,WIN,2022-12-21,2,"LiquidityRun,LiquiditySweep"
LiquiditySweep,2022-12-21 15:45:00,SHORT,1817.78,1825.08,1814.14,TARGET,0.35,WIN,2022-12-21,2,"LiquidityRun,PriorDayLevels"
LiquidityRun,2022-12-21 16:00:00,SHORT,1816.44,1821.18,1802.22,TARGET,2.771,WIN,2022-12-21,2,"LiquiditySweep,PriorDayLevels"
PriorDayLevels,2022-12-22 13:00:00,LONG,1811.85,1806.42,1823.76,STOP,-1.366,LOSS,2022-12-22,1,Inducement+FVG
Inducement+FVG,2022-12-22 13:30:00,LONG,1812.65,1806.98,1823.76,STOP,-1.351,LOSS,2022-12-22,1,PriorDayLevels
LiquidityRun,2022-12-22 20:00:00,LONG,1788.94,1785.61,1798.94,TARGET,2.677,WIN,2022-12-22,0,
LiquidityRun,2022-12-23 11:30:00,SHORT,1797.2,1800.4,1787.6,STOP,-1.619,LOSS,2022-12-23,0,
LiquidityRun,2022-12-23 17:00:00,SHORT,1800.95,1803.27,1794.0,TARGET,2.534,WIN,2022-12-23,0,
LiquidityRun,2022-12-27 03:15:00,SHORT,1804.88,1807.37,1797.4,STOP,-1.797,LOSS,2022-12-27,0,
LiquidityRun,2022-12-27 10:00:00,SHORT,1808.38,1810.43,1802.22,STOP,-1.97,LOSS,2022-12-27,0,
LiquidityRun,2022-12-27 14:15:00,SHORT,1804.32,1808.2,1792.68,STOP,-1.512,LOSS,2022-12-27,0,
StructureSweep,2022-12-27 14:15:00,LONG,1804.32,1800.49,1811.41,TARGET,1.569,WIN,2022-12-27,1,LiquidityRun
LiquidityRun,2022-12-27 14:45:00,LONG,1808.05,1802.99,1823.25,TARGET,2.785,WIN,2022-12-27,1,StructureSweep
LiquidityRun,2022-12-27 16:30:00,SHORT,1821.13,1824.9,1809.82,TARGET,2.711,WIN,2022-12-27,0,
LiquidityRun,2022-12-28 01:15:00,LONG,1814.32,1809.89,1827.6,STOP,-1.45,LOSS,2022-12-28,0,
StructureSweep,2022-12-28 01:30:00,SHORT,1813.17,1816.38,1809.55,TARGET,0.787,WIN,2022-12-28,0,
Inducement+FVG,2022-12-28 07:00:00,LONG,1807.95,1802.99,1833.27,STOP,-1.4,LOSS,2022-12-28,1,LiquidityRun
PriorDayLevels,2022-12-28 09:00:00,LONG,1800.24,1794.84,1833.27,EOD,0.656,WIN,2022-12-28,2,"Inducement+FVG,LiquidityRun"
Inducement+FVG,2022-12-28 10:00:00,LONG,1804.36,1796.19,1833.27,TARGET,3.406,WIN,2022-12-28,2,"LiquidityRun,PriorDayLevels"
LiquidityRun,2022-12-28 10:15:00,LONG,1805.05,1799.21,1822.6,STOP,-1.339,LOSS,2022-12-28,2,"Inducement+FVG,PriorDayLevels"
StructureSweep,2022-12-28 12:30:00,SHORT,1804.9,1807.86,1799.24,STOP,-1.672,LOSS,2022-12-28,0,
StructureSweep,2022-12-28 15:00:00,SHORT,1805.05,1807.26,1799.24,TARGET,2.139,WIN,2022-12-28,0,
LiquidityRun,2022-12-28 16:30:00,LONG,1802.03,1798.49,1812.65,TARGET,2.694,WIN,2022-12-28,0,
PriorDayLevels,2022-12-29 14:00:00,SHORT,1814.57,1820.01,1796.95,STOP,-1.368,LOSS,2022-12-29,0,
LiquidityRun,2022-12-29 18:45:00,SHORT,1816.57,1820.39,1805.14,STOP,-1.525,LOSS,2022-12-29,0,
StructureSweep,2022-12-30 05:45:00,SHORT,1818.85,1820.98,1813.71,STOP,-1.942,LOSS,2022-12-30,1,LiquidityRun
LiquidityRun,2022-12-30 07:30:00,SHORT,1816.45,1821.87,1800.2,STOP,-1.37,LOSS,2022-12-30,1,StructureSweep
StructureSweep,2022-12-30 15:15:00,LONG,1818.61,1813.47,1825.19,TARGET,1.069,WIN,2022-12-30,1,TridentKillzone
TridentKillzone,2022-12-30 15:30:00,LONG,1818.41,1814.27,1901.27,BAIL,-1.28,LOSS,2022-12-30,1,StructureSweep
LiquidityRun,2022-12-30 18:30:00,SHORT,1819.38,1824.49,1804.06,STOP,-1.393,LOSS,2022-12-30,0,
LiquidityRun,2023-01-03 08:15:00,SHORT,1840.54,1846.49,1822.67,STOP,-1.341,LOSS,2023-01-03,0,
StructureSweep,2023-01-03 09:15:00,LONG,1841.32,1835.73,1849.9,STOP,-1.362,LOSS,2023-01-03,0,
LiquidityRun,2023-01-03 17:00:00,LONG,1835.94,1829.7,1854.65,TARGET,2.823,WIN,2023-01-03,0,
LiquidityRun,2023-01-04 10:30:00,SHORT,1858.35,1862.06,1847.23,STOP,-1.552,LOSS,2023-01-04,0,
LiquidityRun,2023-01-04 12:30:00,SHORT,1853.73,1860.07,1834.74,STOP,-1.323,LOSS,2023-01-04,0,
Inducement+FVG,2023-01-04 15:00:00,LONG,1850.1,1846.31,1865.09,STOP,-1.536,LOSS,2023-01-04,0,
LiquidityRun,2023-01-04 21:00:00,LONG,1856.3,1852.56,1867.52,STOP,-1.545,LOSS,2023-01-04,0,
StructureSweep,2023-01-05 01:00:00,SHORT,1855.91,1858.92,1847.03,STOP,-1.679,LOSS,2023-01-05,0,
StructureSweep,2023-01-05 02:00:00,SHORT,1855.17,1860.69,1847.03,TARGET,1.272,WIN,2023-01-05,0,
Inducement+FVG,2023-01-05 08:15:00,LONG,1847.97,1843.58,1865.09,STOP,-1.462,LOSS,2023-01-05,1,LiquidityRun
LiquidityRun,2023-01-05 09:15:00,LONG,1848.96,1845.13,1860.44,STOP,-1.531,LOSS,2023-01-05,1,Inducement+FVG
PriorDayLevels,2023-01-05 13:00:00,LONG,1836.18,1830.68,1865.09,STOP,-1.366,LOSS,2023-01-05,0,
LiquidityRun,2023-01-05 17:30:00,LONG,1833.82,1830.63,1843.39,TARGET,2.654,WIN,2023-01-05,0,
PriorDayLevels,2023-01-06 15:00:00,SHORT,1858.97,1864.55,1825.04,STOP,-1.368,LOSS,2023-01-06,0,
LiquidityRun,2023-01-06 20:45:00,SHORT,1866.83,1869.69,1858.23,STOP,-1.718,LOSS,2023-01-06,0,
LiquidityRun,2023-01-09 03:15:00,SHORT,1877.39,1879.79,1870.19,STOP,-1.862,LOSS,2023-01-09,0,
StructureSweep,2023-01-09 07:30:00,LONG,1875.2,1872.23,1879.49,STOP,-1.695,LOSS,2023-01-09,0,
LiquidityRun,2023-01-09 07:45:00,SHORT,1875.03,1880.2,1859.52,STOP,-1.4,LOSS,2023-01-09,0,
LiquiditySweep,2023-01-09 14:45:00,SHORT,1877.02,1884.25,1874.63,TARGET,0.175,WIN,2023-01-09,0,
LiquidityRun,2023-01-09 19:15:00,LONG,1872.52,1869.46,1881.7,STOP,-1.672,LOSS,2023-01-09,0,
LiquidityRun,2023-01-10 01:00:00,LONG,1870.4,1867.77,1878.32,TARGET,2.574,WIN,2023-01-10,0,
StructureSweep,2023-01-10 01:45:00,SHORT,1874.38,1877.8,1867.79,STOP,-1.603,LOSS,2023-01-10,0,
StructureSweep,2023-01-10 14:30:00,SHORT,1876.46,1881.85,1870.41,STOP,-1.383,LOSS,2023-01-10,1,LiquidityRun
LiquidityRun,2023-01-10 15:45:00,SHORT,1875.67,1879.26,1864.88,STOP,-1.574,LOSS,2023-01-10,1,StructureSweep
LiquiditySweep,2023-01-11 06:45:00,SHORT,1880.62,1885.83,1874.63,STOP,-1.397,LOSS,2023-01-11,0,
LiquidityRun,2023-01-11 11:45:00,SHORT,1883.01,1886.27,1873.22,TARGET,2.654,WIN,2023-01-11,0,
PriorDayLevels,2023-01-11 16:00:00,LONG,1867.79,1862.19,1880.72,EOD,1.265,WIN,2023-01-11,1,LiquidityRun
LiquidityRun,2023-01-11 16:45:00,LONG,1873.02,1868.34,1887.07,TARGET,2.759,WIN,2023-01-11,2,"PriorDayLevels,VolProfileReject"
VolProfileReject,2023-01-11 18:00:00,LONG,1877.15,1865.23,1878.59,TARGET,0.027,BE,2023-01-11,1,LiquidityRun
StructureSweep,2023-01-12 01:00:00,SHORT,1877.9,1880.64,1874.47,STOP,-1.756,LOSS,2023-01-12,0,
LiquidityRun,2023-01-12 13:45:00,LONG,1899.6,1889.13,1931.03,STOP,-1.199,LOSS,2023-01-12,0,
LiquiditySweep,2023-01-12 14:30:00,SHORT,1885.26,1897.44,1882.48,TARGET,0.136,WIN,2023-01-12,1,LiquidityRun
LiquidityRun,2023-01-12 14:45:00,SHORT,1882.41,1889.67,1860.63,STOP,-1.286,LOSS,2023-01-12,1,LiquiditySweep
LiquiditySweep,2023-01-12 15:00:00,SHORT,1886.18,1892.25,1882.48,STOP,-1.343,LOSS,2023-01-12,1,LiquidityRun
LiquidityRun,2023-01-12 16:15:00,LONG,1892.34,1888.64,1903.43,TARGET,2.692,WIN,2023-01-12,0,
StructureSweep,2023-01-13 07:45:00,SHORT,1899.52,1901.76,1892.28,STOP,-1.934,LOSS,2023-01-13,2,"LiquidityRun,PriorDayLevels"
PriorDayLevels,2023-01-13 08:00:00,SHORT,1901.59,1907.3,1873.26,STOP,-1.368,LOSS,2023-01-13,2,"LiquidityRun,StructureSweep"
LiquidityRun,2023-01-13 09:30:00,SHORT,1904.06,1907.74,1893.02,STOP,-1.57,LOSS,2023-01-13,2,"PriorDayLevels,StructureSweep"
LiquidityRun,2023-01-13 16:15:00,SHORT,1912.51,1914.97,1905.11,STOP,-1.854,LOSS,2023-01-13,0,
LiquidityRun,2023-01-15 23:45:00,SHORT,1916.89,1920.9,1904.87,STOP,-1.527,LOSS,2023-01-15,0,
StructureSweep,2023-01-16 01:00:00,LONG,1919.0,1916.35,1921.85,TARGET,0.641,WIN,2023-01-16,0,
LiquidityRun,2023-01-16 04:15:00,SHORT,1925.14,1927.41,1918.32,TARGET,2.492,WIN,2023-01-16,0,
LiquidityRun,2023-01-16 06:30:00,SHORT,1914.74,1921.08,1895.71,STOP,-1.333,LOSS,2023-01-16,0,
Inducement+FVG,2023-01-16 06:30:00,LONG,1914.74,1911.35,1921.85,STOP,-1.621,LOSS,2023-01-16,0,
Inducement+FVG,2023-01-16 09:00:00,LONG,1913.86,1910.8,1921.85,STOP,-1.685,LOSS,2023-01-16,0,
StructureSweep,2023-01-16 11:15:00,SHORT,1917.63,1919.79,1910.81,TARGET,2.629,WIN,2023-01-16,0,
Inducement+FVG,2023-01-17 09:30:00,LONG,1906.92,1901.18,1928.75,STOP,-1.364,LOSS,2023-01-17,0,
StructureSweep,2023-01-17 12:30:00,SHORT,1909.8,1914.67,1904.21,STOP,-1.432,LOSS,2023-01-17,0,
StructureSweep,2023-01-18 02:15:00,SHORT,1908.28,1912.08,1903.63,TARGET,0.92,WIN,2023-01-18,0,
PriorDayLevels,2023-01-18 13:00:00,SHORT,1919.0,1924.75,1903.63,STOP,-1.368,LOSS,2023-01-18,1,LiquidityRun
LiquidityRun,2023-01-18 15:15:00,SHORT,1917.97,1920.56,1910.19,TARGET,2.557,WIN,2023-01-18,1,PriorDayLevels
LiquidityRun,2023-01-18 16:30:00,SHORT,1906.45,1912.65,1887.85,STOP,-1.339,LOSS,2023-01-18,0,
PriorDayLevels,2023-01-18 17:00:00,LONG,1903.63,1897.92,1919.0,EOD,0.191,WIN,2023-01-18,0,
StructureSweep,2023-01-19 01:30:00,LONG,1903.18,1900.07,1925.86,TARGET,6.942,WIN,2023-01-19,0,
Inducement+FVG,2023-01-19 07:15:00,LONG,1908.84,1903.88,1925.86,TARGET,3.198,WIN,2023-01-19,0,
LiquidityRun,2023-01-19 09:15:00,SHORT,1910.22,1914.26,1898.11,STOP,-1.521,LOSS,2023-01-19,0,
PriorDayLevels,2023-01-19 19:00:00,SHORT,1925.86,1931.64,1896.56,STOP,-1.368,LOSS,2023-01-19,0,
LiquidityRun,2023-01-20 00:00:00,SHORT,1931.8,1934.84,1922.67,STOP,-1.699,LOSS,2023-01-20,0,
PriorDayLevels,2023-01-20 08:00:00,SHORT,1935.13,1940.93,1900.95,EOD,1.227,WIN,2023-01-20,1,LiquiditySweep
LiquiditySweep,2023-01-20 08:15:00,SHORT,1933.08,1939.05,1923.16,TARGET,1.47,WIN,2023-01-20,2,"LiquidityRun,PriorDayLevels"
LiquidityRun,2023-01-20 08:45:00,SHORT,1928.51,1934.2,1911.42,STOP,-1.373,LOSS,2023-01-20,1,LiquiditySweep
StructureSweep,2023-01-20 13:30:00,LONG,1927.59,1923.55,1937.38,STOP,-1.524,LOSS,2023-01-20,1,Inducement+FVG
Inducement+FVG,2023-01-20 13:30:00,LONG,1927.59,1922.7,1935.13,STOP,-1.433,LOSS,2023-01-20,1,StructureSweep
LiquidityRun,2023-01-23 02:45:00,SHORT,1931.8,1936.05,1919.08,TARGET,2.727,WIN,2023-01-23,0,
PriorDayLevels,2023-01-23 08:00:00,SHORT,1927.33,1933.11,1924.19,TARGET,0.409,WIN,2023-01-23,0,
Inducement+FVG,2023-01-23 08:00:00,LONG,1919.56,1915.92,1937.38,STOP,-1.581,LOSS,2023-01-23,0,
LiquidityRun,2023-01-23 08:30:00,LONG,1926.49,1918.55,1950.32,STOP,-1.266,LOSS,2023-01-23,1,StructureSweep
StructureSweep,2023-01-23 08:30:00,LONG,1926.49,1919.66,1935.47,STOP,-1.309,LOSS,2023-01-23,1,LiquidityRun
LiquidityRun,2023-01-23 15:30:00,LONG,1919.73,1914.77,1934.63,TARGET,2.767,WIN,2023-01-23,0,
LiquidityRun,2023-01-24 04:00:00,SHORT,1932.1,1936.21,1919.78,STOP,-1.518,LOSS,2023-01-24,0,
LiquiditySweep,2023-01-24 09:00:00,SHORT,1937.29,1941.72,1931.8,TARGET,0.976,WIN,2023-01-24,1,LiquidityRun
LiquidityRun,2023-01-24 09:15:00,SHORT,1935.96,1939.7,1924.75,TARGET,2.69,WIN,2023-01-24,1,LiquiditySweep
LiquidityRun,2023-01-24 15:45:00,LONG,1934.97,1929.24,1952.16,STOP,-1.371,LOSS,2023-01-24,0,
StructureSweep,2023-01-24 19:15:00,SHORT,1936.02,1938.7,1916.96,STOP,-1.796,LOSS,2023-01-24,0,
LiquidityRun,2023-01-25 12:45:00,LONG,1926.43,1923.5,1935.22,STOP,-1.722,LOSS,2023-01-25,1,Inducement+FVG
Inducement+FVG,2023-01-25 13:45:00,LONG,1922.26,1918.6,1942.4,TARGET,5.175,WIN,2023-01-25,1,LiquidityRun
LiquidityRun,2023-01-25 14:15:00,LONG,1927.86,1923.06,1942.28,TARGET,2.759,WIN,2023-01-25,1,Inducement+FVG
StructureSweep,2023-01-25 15:00:00,SHORT,1932.95,1940.64,1919.8,STOP,-1.277,LOSS,2023-01-25,0,
PriorDayLevels,2023-01-25 19:00:00,SHORT,1942.4,1948.22,1916.96,STOP,-1.368,LOSS,2023-01-25,1,LiquiditySweep
LiquiditySweep,2023-01-25 19:45:00,SHORT,1942.32,1946.08,1934.95,STOP,-1.569,LOSS,2023-01-25,1,PriorDayLevels
LiquidityRun,2023-01-26 00:30:00,SHORT,1947.17,1949.85,1939.14,TARGET,2.564,WIN,2023-01-26,0,
StructureSweep,2023-01-26 07:45:00,LONG,1942.77,1939.04,1948.92,STOP,-1.572,LOSS,2023-01-26,1,LiquidityRun
LiquidityRun,2023-01-26 08:30:00,LONG,1944.75,1941.17,1955.49,STOP,-1.596,LOSS,2023-01-26,1,StructureSweep
Inducement+FVG,2023-01-26 09:15:00,LONG,1936.08,1933.24,1949.12,STOP,-1.749,LOSS,2023-01-26,0,
Inducement+FVG,2023-01-26 14:45:00,LONG,1932.77,1927.1,1949.12,STOP,-1.374,LOSS,2023-01-26,0,
PriorDayLevels,2023-01-26 16:00:00,LONG,1919.8,1914.04,1948.74,EOD,1.527,WIN,2023-01-26,0,
LiquidityRun,2023-01-26 17:15:00,LONG,1926.88,1924.36,1934.46,TARGET,2.542,WIN,2023-01-26,0,
StructureSweep,2023-01-26 18:45:00,SHORT,1929.71,1935.02,1918.41,STOP,-1.401,LOSS,2023-01-26,0,
LiquidityRun,2023-01-27 01:30:00,SHORT,1930.67,1934.23,1919.98,TARGET,2.675,WIN,2023-01-27,0,
LiquidityRun,2023-01-27 05:15:00,LONG,1924.08,1919.95,1936.5,STOP,-1.511,LOSS,2023-01-27,0,
PriorDayLevels,2023-01-27 15:00:00,LONG,1918.41,1912.65,1949.12,EOD,1.344,WIN,2023-01-27,1,LiquiditySweep
LiquiditySweep,2023-01-27 15:45:00,LONG,1924.02,1913.78,1925.71,TARGET,0.051,WIN,2023-01-27,2,"PriorDayLevels,StructureSweep"
StructureSweep,2023-01-27 16:00:00,LONG,1927.95,1921.89,1935.02,STOP,-1.349,LOSS,2023-01-27,2,"LiquiditySweep,VolProfileReject"
VolProfileReject,2023-01-27 16:30:00,LONG,1931.27,1914.74,1946.3,STOP,-1.128,LOSS,2023-01-27,1,StructureSweep
LiquidityRun,2023-01-30 04:00:00,LONG,1930.31,1923.6,1950.46,STOP,-1.315,LOSS,2023-01-30,0,
LiquidityRun,2023-01-30 09:30:00,LONG,1924.16,1921.53,1932.07,STOP,-1.802,LOSS,2023-01-30,0,
PriorDayLevels,2023-01-30 10:00:00,SHORT,1928.92,1934.7,1926.41,TARGET,0.301,WIN,2023-01-30,0,
LiquidityRun,2023-01-30 19:30:00,LONG,1924.17,1920.89,1934.02,STOP,-1.644,LOSS,2023-01-30,0,
StructureSweep,2023-01-31 03:30:00,LONG,1921.38,1918.83,1927.36,STOP,-1.829,LOSS,2023-01-31,0,
LiquidityRun,2023-01-31 12:45:00,LONG,1907.14,1901.31,1924.64,TARGET,2.803,WIN,2023-01-31,0,
LiquidityRun,2023-01-31 20:00:00,SHORT,1927.68,1931.44,1916.42,STOP,-1.566,LOSS,2023-01-31,0,
StructureSweep,2023-01-31 23:00:00,LONG,1927.31,1925.14,1931.09,STOP,-1.975,LOSS,2023-01-31,0,
PriorDayLevels,2023-02-01 12:00:00,SHORT,1931.09,1936.88,1900.74,STOP,-1.368,LOSS,2023-02-01,1,LiquidityRun
LiquidityRun,2023-02-01 14:45:00,SHORT,1927.8,1931.73,1916.01,STOP,-1.54,LOSS,2023-02-01,1,PriorDayLevels
LiquidityRun,2023-02-01 16:45:00,SHORT,1925.06,1930.02,1910.2,STOP,-1.428,LOSS,2023-02-01,0,
LiquidityRun,2023-02-02 01:45:00,SHORT,1952.73,1956.28,1942.09,STOP,-1.606,LOSS,2023-02-02,0,
LiquiditySweep,2023-02-02 07:15:00,SHORT,1957.01,1962.58,1951.51,TARGET,0.777,WIN,2023-02-02,1,LiquidityRun
LiquidityRun,2023-02-02 10:30:00,SHORT,1955.87,1957.99,1949.49,TARGET,2.449,WIN,2023-02-02,1,LiquiditySweep
StructureSweep,2023-02-02 11:15:00,LONG,1955.13,1951.07,1959.64,STOP,-1.53,LOSS,2023-02-02,0,
Inducement+FVG,2023-02-02 15:00:00,LONG,1920.71,1915.05,1933.18,STOP,-1.372,LOSS,2023-02-02,2,"LiquidityRun,PriorDayLevels"
PriorDayLevels,2023-02-02 15:00:00,LONG,1920.49,1914.73,1955.95,STOP,-1.366,LOSS,2023-02-02,2,"Inducement+FVG,LiquidityRun"
LiquidityRun,2023-02-02 18:30:00,LONG,1916.63,1912.08,1930.27,STOP,-1.463,LOSS,2023-02-02,2,"Inducement+FVG,PriorDayLevels"
LiquidityRun,2023-02-02 23:45:00,LONG,1915.0,1911.3,1926.1,STOP,-1.569,LOSS,2023-02-02,0,
LiquidityRun,2023-02-03 12:00:00,LONG,1915.24,1911.78,1925.64,STOP,-1.607,LOSS,2023-02-03,0,
StructureSweep,2023-02-03 12:15:00,SHORT,1915.38,1918.32,1909.98,TARGET,1.443,WIN,2023-02-03,0,
LiquidityRun,2023-02-05 23:15:00,LONG,1867.99,1864.42,1878.68,STOP,-1.576,LOSS,2023-02-05,0,
PriorDayLevels,2023-02-06 15:00:00,LONG,1863.72,1858.13,1869.89,TARGET,0.971,WIN,2023-02-06,1,StructureSweep
StructureSweep,2023-02-06 16:15:00,LONG,1869.12,1864.75,1875.74,STOP,-1.47,LOSS,2023-02-06,2,"LiquidityRun,PriorDayLevels"
LiquidityRun,2023-02-06 19:15:00,LONG,1869.63,1866.41,1879.29,STOP,-1.638,LOSS,2023-02-06,1,StructureSweep
LiquidityRun,2023-02-07 09:15:00,LONG,1876.17,1872.68,1886.62,STOP,-1.592,LOSS,2023-02-07,0,
LiquidityRun,2023-02-07 11:00:00,SHORT,1870.31,1874.04,1859.13,STOP,-1.553,LOSS,2023-02-07,0,
LiquidityRun,2023-02-07 17:00:00,SHORT,1874.96,1877.61,1867.03,STOP,-1.781,LOSS,2023-02-07,0,
PriorDayLevels,2023-02-07 17:00:00,SHORT,1881.3,1886.94,1862.98,EOD,1.123,WIN,2023-02-07,0,
LiquidityRun,2023-02-07 18:15:00,SHORT,1872.12,1878.18,1853.95,STOP,-1.341,LOSS,2023-02-07,0,
StructureSweep,2023-02-07 18:45:00,LONG,1869.25,1863.11,1880.1,TARGET,1.584,WIN,2023-02-07,0,
LiquidityRun,2023-02-08 07:00:00,SHORT,1874.9,1879.16,1862.14,STOP,-1.485,LOSS,2023-02-08,0,
PriorDayLevels,2023-02-08 07:00:00,SHORT,1884.43,1890.08,1864.97,EOD,1.304,WIN,2023-02-08,1,LiquidityRun
LiquidityRun,2023-02-08 10:15:00,SHORT,1880.75,1886.04,1864.88,STOP,-1.392,LOSS,2023-02-08,1,PriorDayLevels
Inducement+FVG,2023-02-08 14:45:00,LONG,1873.43,1870.36,1886.34,STOP,-1.669,LOSS,2023-02-08,0,
StructureSweep,2023-02-08 18:15:00,SHORT,1878.21,1881.25,1868.98,STOP,-1.68,LOSS,2023-02-08,0,
LiquidityRun,2023-02-09 11:15:00,SHORT,1881.7,1886.18,1868.25,STOP,-1.463,LOSS,2023-02-09,2,"LiquiditySweep,PriorDayLevels"
PriorDayLevels,2023-02-09 13:00:00,SHORT,1886.34,1892.0,1868.98,TARGET,2.936,WIN,2023-02-09,2,"LiquidityRun,LiquiditySweep"
LiquiditySweep,2023-02-09 14:00:00,SHORT,1886.23,1893.01,1880.52,TARGET,0.676,WIN,2023-02-09,2,"LiquidityRun,PriorDayLevels"
Inducement+FVG,2023-02-09 14:45:00,LONG,1879.36,1875.01,1886.34,STOP,-1.475,LOSS,2023-02-09,0,
LiquidityRun,2023-02-09 14:45:00,SHORT,1879.36,1887.74,1854.24,TARGET,2.866,WIN,2023-02-09,0,
VolProfileReject,2023-02-09 15:30:00,SHORT,1873.1,1892.06,1868.9,TARGET,0.162,WIN,2023-02-09,0,
PriorDayLevels,2023-02-09 17:00:00,LONG,1868.98,1863.37,1886.34,STOP,-1.366,LOSS,2023-02-09,1,LiquiditySweep
LiquiditySweep,2023-02-09 17:45:00,LONG,1868.41,1860.02,1871.25,STOP,-1.244,LOSS,2023-02-09,1,PriorDayLevels
LiquidityRun,2023-02-10 05:45:00,LONG,1860.08,1852.21,1883.67,STOP,-1.259,LOSS,2023-02-10,1,LiquiditySweep
LiquiditySweep,2023-02-10 05:45:00,LONG,1860.08,1852.91,1863.12,TARGET,0.268,WIN,2023-02-10,1,LiquidityRun
StructureSweep,2023-02-10 14:45:00,LONG,1861.55,1858.29,1872.16,STOP,-1.627,LOSS,2023-02-10,1,PriorDayLevels
PriorDayLevels,2023-02-10 16:00:00,LONG,1858.84,1853.27,1890.17,EOD,0.793,WIN,2023-02-10,1,StructureSweep
StructureSweep,2023-02-13 06:45:00,SHORT,1862.83,1866.98,1856.99,TARGET,1.136,WIN,2023-02-13,0,
LiquiditySweep,2023-02-13 16:00:00,LONG,1852.81,1849.44,1862.96,TARGET,2.681,WIN,2023-02-13,1,LiquidityRun
LiquidityRun,2023-02-13 18:30:00,LONG,1855.01,1849.74,1870.81,STOP,-1.387,LOSS,2023-02-13,1,LiquiditySweep
PriorDayLevels,2023-02-14 13:00:00,SHORT,1866.53,1872.13,1850.42,TARGET,2.745,WIN,2023-02-14,1,StructureSweep
LiquiditySweep,2023-02-14 13:30:00,LONG,1861.64,1847.04,1862.96,TARGET,0.014,BE,2023-02-14,2,"LiquidityRun,VolProfileReject"
StructureSweep,2023-02-14 13:45:00,SHORT,1862.52,1868.39,1853.69,TARGET,1.316,WIN,2023-02-14,1,PriorDayLevels
VolProfileReject,2023-02-14 13:45:00,LONG,1862.52,1847.97,1864.73,TARGET,0.075,WIN,2023-02-14,2,"LiquidityRun,LiquiditySweep"
PriorDayLevels,2023-02-14 14:00:00,LONG,1850.42,1844.87,1866.53,STOP,-1.366,LOSS,2023-02-14,1,LiquiditySweep
LiquiditySweep,2023-02-14 14:45:00,LONG,1856.26,1844.92,1856.63,TARGET,-0.065,LOSS,2023-02-14,1,LiquidityRun
LiquidityRun,2023-02-14 15:00:00,LONG,1864.64,1850.09,1908.29,STOP,-1.14,LOSS,2023-02-14,2,"LiquiditySweep,VolProfileReject"
VolProfileReject,2023-02-14 15:00:00,LONG,1864.64,1841.35,1865.03,TARGET,-0.031,BE,2023-02-14,2,"LiquidityRun,LiquiditySweep"
LiquiditySweep,2023-02-14 15:45:00,LONG,1852.26,1847.07,1854.53,TARGET,0.221,WIN,2023-02-14,2,"LiquidityRun,PriorDayLevels"
LiquidityRun,2023-02-14 16:00:00,SHORT,1849.85,1856.84,1828.87,STOP,-1.292,LOSS,2023-02-14,0,
LiquidityRun,2023-02-14 18:30:00,LONG,1854.86,1852.64,1861.54,STOP,-1.916,LOSS,2023-02-14,1,LiquiditySweep
LiquidityRun,2023-02-15 02:30:00,SHORT,1853.65,1859.36,1836.54,TARGET,2.806,WIN,2023-02-15,0,
LiquiditySweep,2023-02-15 06:45:00,LONG,1843.51,1839.46,1854.53,STOP,-1.5,LOSS,2023-02-15,0,
LiquiditySweep,2023-02-15 13:30:00,LONG,1835.9,1828.98,1836.99,TARGET,-0.002,BE,2023-02-15,1,LiquidityRun
LiquiditySweep,2023-02-15 15:45:00,LONG,1834.09,1827.64,1836.99,TARGET,0.279,WIN,2023-02-15,1,LiquidityRun
LiquidityRun,2023-02-15 16:45:00,LONG,1836.69,1832.86,1848.16,STOP,-1.528,LOSS,2023-02-15,1,LiquiditySweep
StructureSweep,2023-02-15 20:45:00,SHORT,1837.51,1840.03,1830.26,STOP,-1.802,LOSS,2023-02-15,0,
LiquidityRun,2023-02-16 03:15:00,SHORT,1840.94,1843.49,1833.27,STOP,-1.793,LOSS,2023-02-16,0,
PriorDayLevels,2023-02-16 13:00:00,LONG,1830.26,1824.77,1860.07,EOD,0.363,WIN,2023-02-16,1,LiquiditySweep
LiquiditySweep,2023-02-16 13:30:00,LONG,1835.05,1826.56,1836.99,TARGET,0.098,WIN,2023-02-16,2,"LiquidityRun,PriorDayLevels"
LiquiditySweep,2023-02-16 14:30:00,LONG,1831.04,1826.86,1836.99,TARGET,1.163,WIN,2023-02-16,1,PriorDayLevels
LiquidityRun,2023-02-16 16:30:00,LONG,1837.69,1834.14,1848.35,STOP,-1.568,LOSS,2023-02-16,1,LiquiditySweep
StructureSweep,2023-02-16 17:00:00,SHORT,1839.42,1843.29,1827.57,STOP,-1.525,LOSS,2023-02-16,0,
LiquiditySweep,2023-02-17 02:00:00,LONG,1829.29,1822.91,1836.99,STOP,-1.314,LOSS,2023-02-17,0,
LiquiditySweep,2023-02-17 07:30:00,LONG,1826.43,1819.12,1827.58,STOP,-1.274,LOSS,2023-02-17,1,LiquidityRun
LiquiditySweep,2023-02-17 09:30:00,LONG,1824.34,1818.32,1827.26,TARGET,0.302,WIN,2023-02-17,1,LiquidityRun
LiquidityRun,2023-02-17 09:45:00,LONG,1825.8,1821.05,1840.04,TARGET,2.769,WIN,2023-02-17,1,LiquiditySweep
StructureSweep,2023-02-17 09:45:00,SHORT,1825.8,1829.84,1818.86,STOP,-1.497,LOSS,2023-02-17,0,
LiquidityRun,2023-02-19 23:15:00,SHORT,1839.85,1843.35,1829.34,STOP,-1.579,LOSS,2023-02-19,0,
LiquidityRun,2023-02-20 05:00:00,SHORT,1842.29,1845.27,1833.38,STOP,-1.683,LOSS,2023-02-20,0,
LiquidityRun,2023-02-20 08:45:00,SHORT,1843.58,1846.07,1836.1,STOP,-1.814,LOSS,2023-02-20,0,
StructureSweep,2023-02-20 14:30:00,SHORT,1845.83,1848.17,1842.5,TARGET,0.949,WIN,2023-02-20,0,
Inducement+FVG,2023-02-20 17:15:00,LONG,1841.18,1838.54,1847.39,STOP,-1.768,LOSS,2023-02-20,0,
LiquidityRun,2023-02-20 23:00:00,LONG,1842.02,1839.37,1849.99,STOP,-1.762,LOSS,2023-02-20,0,
LiquidityRun,2023-02-21 09:45:00,LONG,1835.47,1832.79,1843.53,STOP,-1.751,LOSS,2023-02-21,0,
LiquidityRun,2023-02-21 11:30:00,LONG,1834.17,1832.14,1840.26,STOP,-1.994,LOSS,2023-02-21,0,
LiquidityRun,2023-02-21 13:00:00,LONG,1834.04,1830.49,1844.7,TARGET,2.69,WIN,2023-02-21,0,
StructureSweep,2023-02-21 13:30:00,SHORT,1835.88,1838.91,1831.05,STOP,-1.666,LOSS,2023-02-21,0,
StructureSweep,2023-02-21 17:15:00,LONG,1834.33,1831.08,1843.8,TARGET,2.578,WIN,2023-02-21,0,
PriorDayLevels,2023-02-22 12:00:00,SHORT,1843.8,1849.33,1830.2,TARGET,2.325,WIN,2023-02-22,0,
LiquidityRun,2023-02-22 13:15:00,SHORT,1836.54,1841.84,1820.62,TARGET,2.793,WIN,2023-02-22,0,
PriorDayLevels,2023-02-22 19:00:00,LONG,1830.2,1824.71,1843.8,STOP,-1.366,LOSS,2023-02-22,0,
Inducement+FVG,2023-02-23 10:15:00,LONG,1825.63,1822.9,1845.97,STOP,-1.735,LOSS,2023-02-23,2,"LiquiditySweep,PriorDayLevels"
StructureSweep,2023-02-23 12:30:00,SHORT,1827.18,1830.32,1823.94,TARGET,0.679,WIN,2023-02-23,0,
PriorDayLevels,2023-02-23 13:00:00,LONG,1823.47,1818.0,1845.97,STOP,-1.366,LOSS,2023-02-23,2,"Inducement+FVG,LiquiditySweep"
LiquiditySweep,2023-02-23 13:45:00,LONG,1825.43,1815.6,1827.93,TARGET,0.143,WIN,2023-02-23,2,"Inducement+FVG,PriorDayLevels"
LiquiditySweep,2023-02-23 14:45:00,LONG,1828.1,1820.02,1828.49,STOP,-1.248,LOSS,2023-02-23,1,PriorDayLevels
LiquidityRun,2023-02-24 02:45:00,SHORT,1824.86,1828.28,1814.57,TARGET,2.681,WIN,2023-02-24,0,
StructureSweep,2023-02-24 08:15:00,LONG,1822.73,1817.95,1827.76,STOP,-1.418,LOSS,2023-02-24,1,LiquiditySweep
LiquiditySweep,2023-02-24 12:00:00,LONG,1817.33,1813.31,1824.11,STOP,-1.497,LOSS,2023-02-24,2,"PriorDayLevels,StructureSweep"
PriorDayLevels,2023-02-24 12:00:00,LONG,1817.22,1811.77,1833.72,STOP,-1.366,LOSS,2023-02-24,1,LiquiditySweep
LiquidityRun,2023-02-24 16:30:00,LONG,1812.95,1809.91,1822.06,STOP,-1.656,LOSS,2023-02-24,0,
LiquidityRun,2023-02-27 03:00:00,SHORT,1810.46,1814.16,1799.34,STOP,-1.538,LOSS,2023-02-27,0,
StructureSweep,2023-02-27 03:00:00,LONG,1810.46,1808.31,1814.15,STOP,-1.925,LOSS,2023-02-27,1,LiquiditySweep
LiquiditySweep,2023-02-27 03:30:00,LONG,1809.03,1803.47,1813.4,TARGET,0.589,WIN,2023-02-27,1,StructureSweep
StructureSweep,2023-02-27 07:45:00,SHORT,1810.64,1814.14,1806.18,STOP,-1.569,LOSS,2023-02-27,0,
LiquidityRun,2023-02-27 15:45:00,SHORT,1815.38,1819.44,1803.19,STOP,-1.492,LOSS,2023-02-27,0,
LiquidityRun,2023-02-28 06:45:00,LONG,1815.72,1812.95,1824.0,STOP,-1.722,LOSS,2023-02-28,1,VolProfileReject
PriorDayLevels,2023-02-28 08:00:00,LONG,1806.18,1800.76,1820.09,TARGET,2.433,WIN,2023-02-28,2,"LiquidityRun,LiquiditySweep"
LiquiditySweep,2023-02-28 08:15:00,LONG,1810.05,1801.69,1811.5,TARGET,0.043,BE,2023-02-28,3,"LiquidityRun,PriorDayLevels,VolProfileReject"
VolProfileReject,2023-02-28 09:00:00,LONG,1812.48,1802.59,1825.78,TARGET,1.233,WIN,2023-02-28,2,"LiquidityRun,LiquiditySweep"
LiquidityRun,2023-02-28 09:00:00,LONG,1812.48,1808.27,1825.13,STOP,-1.472,LOSS,2023-02-28,2,"LiquiditySweep,VolProfileReject"
LiquidityRun,2023-02-28 11:15:00,LONG,1810.31,1807.64,1818.33,STOP,-1.744,LOSS,2023-02-28,3,"LiquiditySweep,PriorDayLevels,VolProfileReject"
PriorDayLevels,2023-02-28 16:00:00,SHORT,1820.09,1825.55,1806.18,STOP,-1.368,LOSS,2023-02-28,0,
LiquiditySweep,2023-02-28 17:30:00,SHORT,1829.55,1833.85,1823.94,TARGET,1.048,WIN,2023-02-28,1,LiquidityRun
LiquidityRun,2023-02-28 20:15:00,SHORT,1827.46,1830.67,1817.83,STOP,-1.627,LOSS,2023-02-28,1,LiquiditySweep
StructureSweep,2023-03-01 01:30:00,LONG,1826.3,1823.04,1831.1,TARGET,1.139,WIN,2023-03-01,0,
LiquiditySweep,2023-03-01 03:30:00,SHORT,1830.2,1833.87,1826.17,STOP,-1.549,LOSS,2023-03-01,0,
StructureSweep,2023-03-01 09:15:00,LONG,1831.89,1828.54,1836.72,TARGET,1.114,WIN,2023-03-01,0,
LiquiditySweep,2023-03-01 11:30:00,SHORT,1836.57,1841.24,1831.31,STOP,-1.433,LOSS,2023-03-01,0,
LiquiditySweep,2023-03-01 13:15:00,SHORT,1836.96,1841.07,1831.31,STOP,-1.493,LOSS,2023-03-01,0,
StructureSweep,2023-03-01 15:00:00,LONG,1835.39,1831.57,1841.6,TARGET,1.335,WIN,2023-03-01,0,
LiquidityRun,2023-03-01 17:30:00,SHORT,1838.33,1841.36,1829.23,STOP,-1.668,LOSS,2023-03-01,0,
Inducement+FVG,2023-03-02 07:15:00,LONG,1832.97,1828.86,1844.57,TARGET,2.557,WIN,2023-03-02,0,
StructureSweep,2023-03-02 08:30:00,SHORT,1833.44,1835.69,1830.97,TARGET,0.609,WIN,2023-03-02,0,
StructureSweep,2023-03-02 13:45:00,LONG,1832.22,1828.22,1837.52,TARGET,1.053,WIN,2023-03-02,0,
LiquidityRun,2023-03-03 03:45:00,SHORT,1838.74,1841.05,1831.83,STOP,-1.879,LOSS,2023-03-03,0,
LiquidityRun,2023-03-03 12:45:00,SHORT,1845.72,1847.59,1840.09,STOP,-2.083,LOSS,2023-03-03,1,StructureSweep
LiquidityRun,2023-03-03 14:30:00,SHORT,1843.83,1848.52,1829.76,STOP,-1.433,LOSS,2023-03-03,1,StructureSweep
StructureSweep,2023-03-03 16:45:00,SHORT,1847.73,1850.1,1838.95,STOP,-1.86,LOSS,2023-03-03,1,LiquidityRun
LiquidityRun,2023-03-03 21:00:00,SHORT,1854.38,1857.11,1846.18,STOP,-1.747,LOSS,2023-03-03,0,
LiquiditySweep,2023-03-06 07:15:00,SHORT,1856.0,1859.33,1850.73,TARGET,1.251,WIN,2023-03-06,1,LiquidityRun
LiquidityRun,2023-03-06 08:30:00,SHORT,1853.16,1857.29,1840.79,TARGET,2.731,WIN,2023-03-06,1,LiquiditySweep
Inducement+FVG,2023-03-06 09:15:00,LONG,1851.78,1849.01,1856.28,STOP,-1.735,LOSS,2023-03-06,0,
Inducement+FVG,2023-03-06 18:45:00,LONG,1847.05,1844.29,1858.12,STOP,-1.736,LOSS,2023-03-06,0,
Inducement+FVG,2023-03-07 10:15:00,LONG,1844.0,1840.57,1858.12,STOP,-1.592,LOSS,2023-03-07,0,
LiquiditySweep,2023-03-07 14:30:00,LONG,1830.68,1827.18,1835.16,STOP,-1.575,LOSS,2023-03-07,0,
LiquidityRun,2023-03-07 20:15:00,LONG,1814.66,1812.24,1821.93,STOP,-1.824,LOSS,2023-03-07,0,
LiquiditySweep,2023-03-08 02:30:00,LONG,1811.42,1808.44,1815.96,TARGET,1.161,WIN,2023-03-08,2,"LiquidityRun,MaynePlaybook"
MaynePlaybook,2023-03-08 04:00:00,LONG,1811.49,1809.83,1847.8,TARGET,21.188,WIN,2023-03-08,2,"LiquidityRun,LiquiditySweep"
LiquidityRun,2023-03-08 05:00:00,LONG,1811.08,1809.14,1816.91,TARGET,2.44,WIN,2023-03-08,2,"LiquiditySweep,MaynePlaybook"
StructureSweep,2023-03-08 07:00:00,SHORT,1813.8,1816.17,1809.37,STOP,-1.841,LOSS,2023-03-08,0,
LiquidityRun,2023-03-08 16:45:00,SHORT,1817.66,1821.52,1806.07,STOP,-1.518,LOSS,2023-03-08,0,
StructureSweep,2023-03-08 20:45:00,LONG,1813.32,1811.02,1824.24,TARGET,4.274,WIN,2023-03-08,0,
PriorDayLevels,2023-03-09 13:00:00,SHORT,1824.24,1829.71,1809.37,STOP,-1.368,LOSS,2023-03-09,1,LiquidityRun
LiquidityRun,2023-03-09 16:00:00,SHORT,1827.76,1832.16,1814.57,STOP,-1.458,LOSS,2023-03-09,1,PriorDayLevels
LiquidityRun,2023-03-10 10:00:00,SHORT,1833.24,1835.69,1825.88,STOP,-1.823,LOSS,2023-03-10,0,
LiquidityRun,2023-03-10 12:00:00,SHORT,1834.96,1837.37,1827.73,STOP,-1.838,LOSS,2023-03-10,0,
LiquidityRun,2023-03-10 16:15:00,SHORT,1856.09,1864.48,1830.93,STOP,-1.244,LOSS,2023-03-10,0,
LiquidityRun,2023-03-10 18:15:00,SHORT,1862.76,1865.84,1853.52,STOP,-1.666,LOSS,2023-03-10,1,LiquiditySweep
LiquiditySweep,2023-03-10 21:30:00,SHORT,1866.85,1870.94,1860.95,STOP,-1.502,LOSS,2023-03-10,1,LiquidityRun
LiquidityRun,2023-03-12 23:30:00,SHORT,1881.25,1885.64,1868.09,STOP,-1.473,LOSS,2023-03-12,0,
StructureSweep,2023-03-13 01:30:00,LONG,1875.98,1872.83,1894.37,STOP,-1.655,LOSS,2023-03-13,0,
StructureSweep,2023-03-13 02:00:00,LONG,1875.74,1870.56,1894.37,TARGET,3.379,WIN,2023-03-13,0,
LiquidityRun,2023-03-13 08:15:00,LONG,1878.63,1875.85,1886.98,TARGET,2.594,WIN,2023-03-13,0,
LiquidityRun,2023-03-13 09:30:00,LONG,1892.3,1884.95,1914.36,STOP,-1.282,LOSS,2023-03-13,0,
PriorDayLevels,2023-03-13 12:00:00,SHORT,1894.37,1900.05,1875.75,STOP,-1.368,LOSS,2023-03-13,0,
LiquidityRun,2023-03-13 15:45:00,SHORT,1904.81,1909.65,1890.28,STOP,-1.433,LOSS,2023-03-13,0,
LiquidityRun,2023-03-13 22:15:00,SHORT,1910.98,1915.21,1898.3,TARGET,2.729,WIN,2023-03-13,0,
TridentKillzone,2023-03-14 13:00:00,LONG,1907.82,1898.61,2091.86,BAIL,-0.867,LOSS,2023-03-14,1,LiquidityRun
LiquidityRun,2023-03-14 15:00:00,LONG,1907.6,1904.02,1918.35,STOP,-1.585,LOSS,2023-03-14,1,TridentKillzone
StructureSweep,2023-03-14 16:45:00,SHORT,1908.65,1910.99,1895.23,TARGET,5.239,WIN,2023-03-14,0,
LiquidityRun,2023-03-15 01:15:00,LONG,1903.44,1900.22,1913.13,STOP,-1.648,LOSS,2023-03-15,0,
LiquidityRun,2023-03-15 09:45:00,LONG,1896.31,1887.28,1923.4,TARGET,2.873,WIN,2023-03-15,0,
PriorDayLevels,2023-03-15 11:00:00,SHORT,1914.11,1919.86,1895.23,STOP,-1.368,LOSS,2023-03-15,0,
LiquidityRun,2023-03-15 12:15:00,LONG,1919.25,1916.19,1928.45,TARGET,2.624,WIN,2023-03-15,0,
LiquidityRun,2023-03-15 17:15:00,SHORT,1926.07,1935.05,1899.11,STOP,-1.237,LOSS,2023-03-15,0,
StructureSweep,2023-03-15 18:15:00,LONG,1920.23,1914.46,1937.29,STOP,-1.365,LOSS,2023-03-15,0,
StructureSweep,2023-03-15 19:00:00,LONG,1919.78,1912.97,1937.29,STOP,-1.309,LOSS,2023-03-15,0,
StructureSweep,2023-03-17 08:00:00,LONG,1928.27,1925.73,1934.28,TARGET,1.917,WIN,2023-03-17,0,
LiquidityRun,2023-03-17 19:30:00,SHORT,1973.98,1983.32,1945.94,STOP,-1.233,LOSS,2023-03-17,0,
LiquidityRun,2023-03-19 22:45:00,SHORT,1977.27,1984.51,1955.56,STOP,-1.301,LOSS,2023-03-19,0,
StructureSweep,2023-03-20 04:45:00,SHORT,1974.84,1977.44,1968.11,STOP,-1.836,LOSS,2023-03-20,0,
LiquiditySweep,2023-03-20 05:45:00,SHORT,1988.07,1991.59,1975.04,STOP,-1.622,LOSS,2023-03-20,0,
LiquidityRun,2023-03-20 09:00:00,SHORT,1998.55,2001.55,1989.56,TARGET,2.6,WIN,2023-03-20,0,
PriorDayLevels,2023-03-20 10:00:00,LONG,1975.04,1969.11,1988.13,TARGET,2.076,WIN,2023-03-20,2,"Inducement+FVG,StructureSweep"
LiquidityRun,2023-03-20 10:00:00,SHORT,1986.54,1991.55,1971.51,TARGET,2.763,WIN,2023-03-20,0,
PriorDayLevels,2023-03-20 12:00:00,LONG,1975.04,1969.11,1988.13,STOP,-1.366,LOSS,2023-03-20,3,"Inducement+FVG,LiquidityRun,StructureSweep"
StructureSweep,2023-03-20 12:45:00,LONG,1974.49,1970.48,2009.67,STOP,-1.541,LOSS,2023-03-20,3,"Inducement+FVG,LiquidityRun,PriorDayLevels"
Inducement+FVG,2023-03-20 12:45:00,LONG,1974.49,1971.42,1988.31,STOP,-1.708,LOSS,2023-03-20,3,"LiquidityRun,PriorDayLevels,StructureSweep"
LiquidityRun,2023-03-20 16:00:00,LONG,1978.56,1970.0,2004.22,STOP,-1.254,LOSS,2023-03-20,3,"Inducement+FVG,PriorDayLevels,StructureSweep"
StructureSweep,2023-03-20 19:00:00,SHORT,1980.82,1986.33,1965.63,TARGET,2.538,WIN,2023-03-20,0,
PriorDayLevels,2023-03-21 08:00:00,LONG,1965.63,1959.73,2009.67,STOP,-1.366,LOSS,2023-03-21,0,
Inducement+FVG,2023-03-21 12:15:00,LONG,1963.6,1958.55,1985.12,STOP,-1.428,LOSS,2023-03-21,0,
Inducement+FVG,2023-03-21 15:30:00,LONG,1947.32,1939.19,1985.12,STOP,-1.263,LOSS,2023-03-21,0,
LiquidityRun,2023-03-21 19:15:00,LONG,1938.43,1935.4,1947.52,STOP,-1.703,LOSS,2023-03-21,0,
LiquidityRun,2023-03-22 08:00:00,LONG,1943.48,1937.17,1962.4,STOP,-1.338,LOSS,2023-03-22,0,
StructureSweep,2023-03-22 08:30:00,SHORT,1941.2,1947.2,1934.06,STOP,-1.356,LOSS,2023-03-22,0,
LiquidityRun,2023-03-22 17:15:00,SHORT,1946.18,1950.28,1933.88,STOP,-1.523,LOSS,2023-03-22,0,
LiquidityRun,2023-03-22 20:30:00,SHORT,1967.65,1971.68,1955.58,STOP,-1.539,LOSS,2023-03-22,0,
LiquidityRun,2023-03-23 13:15:00,LONG,1978.6,1970.89,2001.73,TARGET,2.845,WIN,2023-03-23,0,
StructureSweep,2023-03-23 14:45:00,SHORT,1979.03,1985.48,1966.51,STOP,-1.339,LOSS,2023-03-23,0,
LiquiditySweep,2023-03-23 15:15:00,SHORT,1985.8,1989.67,1979.01,STOP,-1.566,LOSS,2023-03-23,0,
LiquidityRun,2023-03-23 20:30:00,SHORT,1993.28,1998.86,1976.54,STOP,-1.394,LOSS,2023-03-23,0,
StructureSweep,2023-03-24 00:00:00,LONG,1990.41,1987.72,2003.28,STOP,-1.814,LOSS,2023-03-24,0,
Inducement+FVG,2023-03-24 06:15:00,LONG,1987.03,1983.71,2003.28,STOP,-1.657,LOSS,2023-03-24,0,
Inducement+FVG,2023-03-24 08:45:00,LONG,1985.42,1980.23,2003.28,STOP,-1.42,LOSS,2023-03-24,0,
StructureSweep,2023-03-24 09:30:00,SHORT,1990.83,1994.98,1985.27,STOP,-1.529,LOSS,2023-03-24,1,LiquidityRun
StructureSweep,2023-03-24 11:00:00,SHORT,1992.43,1996.94,1981.22,STOP,-1.486,LOSS,2023-03-24,1,LiquidityRun
LiquidityRun,2023-03-24 11:00:00,SHORT,1992.43,1997.34,1977.67,STOP,-1.446,LOSS,2023-03-24,1,StructureSweep
StructureSweep,2023-03-24 16:00:00,LONG,1988.12,1981.57,2002.99,STOP,-1.333,LOSS,2023-03-24,0,
LiquidityRun,2023-03-24 16:00:00,SHORT,1988.12,1991.59,1977.7,TARGET,2.657,WIN,2023-03-24,0,
Inducement+FVG,2023-03-24 20:15:00,LONG,1975.44,1972.75,2003.28,STOP,-1.808,LOSS,2023-03-24,0,
StructureSweep,2023-03-27 01:15:00,SHORT,1975.68,1980.67,1969.15,TARGET,1.073,WIN,2023-03-27,0,
LiquidityRun,2023-03-27 07:45:00,LONG,1970.89,1968.14,1979.12,STOP,-1.79,LOSS,2023-03-27,0,
LiquidityRun,2023-03-27 14:30:00,LONG,1956.19,1948.03,1980.69,TARGET,2.856,WIN,2023-03-27,0,
StructureSweep,2023-03-27 15:00:00,SHORT,1957.97,1960.65,1943.94,STOP,-1.803,LOSS,2023-03-27,0,
StructureSweep,2023-03-28 06:15:00,LONG,1955.72,1953.03,1963.96,STOP,-1.799,LOSS,2023-03-28,0,
Inducement+FVG,2023-03-29 05:30:00,LONG,1964.79,1961.84,1975.26,STOP,-1.73,LOSS,2023-03-29,0,
StructureSweep,2023-03-29 11:15:00,SHORT,1964.46,1970.07,1958.55,STOP,-1.386,LOSS,2023-03-29,0,
StructureSweep,2023-03-29 15:45:00,LONG,1961.81,1958.61,1969.12,TARGET,1.914,WIN,2023-03-29,0,
Inducement+FVG,2023-03-30 01:00:00,LONG,1958.59,1955.98,1975.26,STOP,-1.825,LOSS,2023-03-30,0,
StructureSweep,2023-03-30 05:30:00,SHORT,1963.86,1967.13,1955.2,STOP,-1.662,LOSS,2023-03-30,0,
PriorDayLevels,2023-03-30 12:00:00,SHORT,1972.85,1978.77,1958.55,STOP,-1.368,LOSS,2023-03-30,1,LiquiditySweep
LiquiditySweep,2023-03-30 12:30:00,SHORT,1968.55,1978.25,1966.91,TARGET,0.047,BE,2023-03-30,2,"PriorDayLevels,VolProfileReject"
VolProfileReject,2023-03-30 13:15:00,SHORT,1965.92,1977.27,1958.06,STOP,-1.191,LOSS,2023-03-30,1,LiquiditySweep
StructureSweep,2023-03-30 14:15:00,LONG,1968.9,1963.7,1975.29,TARGET,0.999,WIN,2023-03-30,0,
LiquidityRun,2023-03-30 17:15:00,SHORT,1979.7,1983.61,1967.96,STOP,-1.557,LOSS,2023-03-30,0,
LiquiditySweep,2023-03-31 06:45:00,SHORT,1984.18,1987.99,1977.63,TARGET,1.406,WIN,2023-03-31,0,
Inducement+FVG,2023-03-31 07:15:00,LONG,1977.69,1973.19,1984.25,STOP,-1.482,LOSS,2023-03-31,1,StructureSweep
LiquidityRun,2023-03-31 07:30:00,SHORT,1976.45,1984.06,1953.64,STOP,-1.287,LOSS,2023-03-31,0,
Inducement+FVG,2023-03-31 08:45:00,LONG,1975.16,1972.69,1984.25,TARGET,3.211,WIN,2023-03-31,1,StructureSweep
StructureSweep,2023-03-31 09:15:00,LONG,1979.43,1975.38,1985.02,TARGET,1.085,WIN,2023-03-31,1,Inducement+FVG
PriorDayLevels,2023-03-31 12:00:00,SHORT,1984.25,1990.2,1955.2,EOD,2.134,WIN,2023-03-31,1,LiquiditySweep
LiquiditySweep,2023-03-31 12:30:00,SHORT,1981.91,1990.53,1978.09,TARGET,0.306,WIN,2023-03-31,1,PriorDayLevels
LiquidityRun,2023-03-31 18:45:00,LONG,1971.22,1967.18,1983.37,STOP,-1.535,LOSS,2023-03-31,0,
LiquidityRun,2023-04-03 00:15:00,LONG,1962.55,1956.72,1980.03,STOP,-1.37,LOSS,2023-04-03,0,
LiquidityRun,2023-04-03 07:15:00,LONG,1959.44,1954.58,1974.02,TARGET,2.758,WIN,2023-04-03,0,
PriorDayLevels,2023-04-03 10:00:00,SHORT,1967.41,1973.31,1956.96,STOP,-1.368,LOSS,2023-04-03,0,
LiquiditySweep,2023-04-03 14:30:00,SHORT,1985.62,1992.8,1978.09,TARGET,0.883,WIN,2023-04-03,1,LiquidityRun
LiquidityRun,2023-04-03 16:45:00,SHORT,1986.99,1991.19,1974.38,STOP,-1.521,LOSS,2023-04-03,1,LiquiditySweep
StructureSweep,2023-04-04 08:30:00,SHORT,1980.82,1984.38,1976.81,STOP,-1.613,LOSS,2023-04-04,0,
PriorDayLevels,2023-04-04 13:00:00,SHORT,1990.48,1996.45,1949.54,STOP,-1.368,LOSS,2023-04-04,0,
LiquiditySweep,2023-04-05 02:45:00,SHORT,2023.94,2028.27,2019.71,STOP,-1.515,LOSS,2023-04-05,1,LiquidityRun
LiquidityRun,2023-04-05 03:15:00,SHORT,2022.26,2025.74,2011.81,STOP,-1.639,LOSS,2023-04-05,1,LiquiditySweep
LiquiditySweep,2023-04-05 08:45:00,SHORT,2023.97,2029.24,2022.86,TARGET,-0.018,BE,2023-04-05,1,LiquidityRun
LiquidityRun,2023-04-05 09:00:00,SHORT,2022.78,2026.51,2011.59,STOP,-1.597,LOSS,2023-04-05,1,LiquiditySweep
StructureSweep,2023-04-05 09:30:00,LONG,2022.87,2020.01,2028.36,TARGET,1.491,WIN,2023-04-05,0,
LiquidityRun,2023-04-05 13:30:00,SHORT,2025.7,2032.08,2006.56,TARGET,2.81,WIN,2023-04-05,1,VolProfileReject
VolProfileReject,2023-04-05 14:15:00,SHORT,2020.59,2034.0,1977.67,STOP,-1.166,LOSS,2023-04-05,1,LiquidityRun
StructureSweep,2023-04-06 12:45:00,LONG,2012.9,2009.18,2020.91,STOP,-1.594,LOSS,2023-04-06,2,"LiquidityRun,PriorDayLevels"
PriorDayLevels,2023-04-06 13:00:00,LONG,2009.92,2003.89,2032.05,STOP,-1.366,LOSS,2023-04-06,2,"LiquidityRun,StructureSweep"
LiquidityRun,2023-04-06 14:45:00,LONG,2011.81,2006.36,2028.16,STOP,-1.405,LOSS,2023-04-06,2,"PriorDayLevels,StructureSweep"
LiquidityRun,2023-04-09 22:45:00,LONG,2005.51,2001.8,2016.66,STOP,-1.593,LOSS,2023-04-09,0,
LiquidityRun,2023-04-10 04:30:00,LONG,1992.7,1988.9,2004.13,STOP,-1.575,LOSS,2023-04-10,0,
PriorDayLevels,2023-04-10 12:00:00,LONG,1995.82,1989.83,2006.5,STOP,-1.366,LOSS,2023-04-10,0,
LiquidityRun,2023-04-10 15:15:00,LONG,1989.12,1985.68,1999.46,TARGET,2.653,WIN,2023-04-10,0,
StructureSweep,2023-04-10 19:15:00,SHORT,1990.84,1993.09,1981.44,STOP,-1.971,LOSS,2023-04-10,0,
StructureSweep,2023-04-11 01:45:00,LONG,1991.16,1987.81,1995.38,TARGET,0.906,WIN,2023-04-11,0,
PriorDayLevels,2023-04-11 08:00:00,SHORT,2005.86,2011.88,1981.44,EOD,-0.17,LOSS,2023-04-11,1,LiquidityRun
LiquidityRun,2023-04-11 09:15:00,SHORT,2003.49,2006.46,1994.57,STOP,-1.742,LOSS,2023-04-11,1,PriorDayLevels
StructureSweep,2023-04-11 13:30:00,LONG,1998.96,1995.34,2007.41,TARGET,2.001,WIN,2023-04-11,0,
LiquidityRun,2023-04-11 19:45:00,SHORT,2004.05,2006.8,1995.8,STOP,-1.802,LOSS,2023-04-11,0,
LiquiditySweep,2023-04-12 04:45:00,SHORT,2020.34,2024.1,2018.69,TARGET,0.118,WIN,2023-04-12,1,LiquidityRun
LiquidityRun,2023-04-12 05:15:00,SHORT,2019.06,2021.57,2011.52,TARGET,2.518,WIN,2023-04-12,1,LiquiditySweep
LiquiditySweep,2023-04-12 13:00:00,SHORT,2020.86,2026.83,2011.79,TARGET,1.318,WIN,2023-04-12,0,
StructureSweep,2023-04-12 13:30:00,LONG,2008.56,2003.86,2021.07,STOP,-1.47,LOSS,2023-04-12,1,Inducement+FVG
LiquidityRun,2023-04-12 13:45:00,SHORT,2007.76,2019.57,1972.36,STOP,-1.188,LOSS,2023-04-12,0,
Inducement+FVG,2023-04-12 13:45:00,LONG,2007.76,2001.86,2021.07,TARGET,2.048,WIN,2023-04-12,1,StructureSweep
StructureSweep,2023-04-12 14:00:00,LONG,2010.18,2002.73,2028.18,TARGET,2.254,WIN,2023-04-12,1,Inducement+FVG
LiquidityRun,2023-04-13 06:15:00,LONG,2020.63,2014.5,2038.99,TARGET,2.801,WIN,2023-04-13,0,
PriorDayLevels,2023-04-13 08:00:00,SHORT,2028.18,2034.27,2000.99,STOP,-1.368,LOSS,2023-04-13,1,LiquiditySweep
LiquiditySweep,2023-04-13 12:00:00,SHORT,2027.93,2032.64,2024.95,STOP,-1.474,LOSS,2023-04-13,1,PriorDayLevels
LiquidityRun,2023-04-13 14:30:00,SHORT,2036.5,2046.1,2007.68,STOP,-1.234,LOSS,2023-04-13,0,
LiquidityRun,2023-04-14 04:45:00,SHORT,2043.22,2046.47,2033.46,TARGET,2.624,WIN,2023-04-14,0,
Inducement+FVG,2023-04-14 05:15:00,LONG,2041.77,2038.12,2048.6,STOP,-1.614,LOSS,2023-04-14,0,
Inducement+FVG,2023-04-14 07:30:00,LONG,2037.28,2028.07,2048.6,STOP,-1.243,LOSS,2023-04-14,1,LiquidityRun
LiquidityRun,2023-04-14 09:45:00,LONG,2038.59,2033.97,2052.45,STOP,-1.485,LOSS,2023-04-14,1,Inducement+FVG
PriorDayLevels,2023-04-14 14:00:00,LONG,2015.28,2009.23,2048.6,STOP,-1.366,LOSS,2023-04-14,0,
LiquidityRun,2023-04-14 17:00:00,LONG,2002.44,1994.2,2027.13,STOP,-1.267,LOSS,2023-04-14,0,
StructureSweep,2023-04-17 11:00:00,LONG,2008.43,2002.87,2015.0,STOP,-1.396,LOSS,2023-04-17,0,
PriorDayLevels,2023-04-17 12:00:00,LONG,1999.65,1993.65,2005.01,TARGET,0.759,WIN,2023-04-17,1,LiquiditySweep
LiquiditySweep,2023-04-17 13:45:00,LONG,1995.82,1988.89,2006.27,STOP,-1.316,LOSS,2023-04-17,2,"LiquidityRun,PriorDayLevels"
LiquidityRun,2023-04-17 15:15:00,LONG,1991.78,1985.33,2011.13,TARGET,2.814,WIN,2023-04-17,1,LiquiditySweep
StructureSweep,2023-04-18 13:45:00,LONG,1999.06,1992.47,2005.78,TARGET,0.837,WIN,2023-04-18,0,
LiquidityRun,2023-04-18 16:15:00,SHORT,2006.28,2009.77,1995.79,TARGET,2.656,WIN,2023-04-18,0,
StructureSweep,2023-04-19 02:15:00,LONG,2004.65,2001.49,2008.08,STOP,-1.697,LOSS,2023-04-19,0,
LiquidityRun,2023-04-19 12:15:00,LONG,1977.08,1968.88,2001.69,TARGET,2.855,WIN,2023-04-19,0,
StructureSweep,2023-04-19 23:30:00,LONG,1993.82,1991.12,1996.8,TARGET,0.659,WIN,2023-04-19,0,
StructureSweep,2023-04-20 05:45:00,SHORT,1994.23,1997.21,1990.48,STOP,-1.737,LOSS,2023-04-20,0,
PriorDayLevels,2023-04-20 12:00:00,SHORT,2008.08,2014.1,1969.18,EOD,0.092,WIN,2023-04-20,2,"LiquidityRun,VolProfileReject"
LiquidityRun,2023-04-20 12:15:00,SHORT,1999.11,2002.97,1987.53,STOP,-1.571,LOSS,2023-04-20,1,VolProfileReject
LiquidityRun,2023-04-20 13:15:00,SHORT,2003.22,2007.52,1990.31,STOP,-1.513,LOSS,2023-04-20,2,"PriorDayLevels,VolProfileReject"
VolProfileReject,2023-04-20 14:45:00,SHORT,2003.57,2014.36,1991.57,TARGET,1.002,WIN,2023-04-20,2,"LiquidityRun,PriorDayLevels"
LiquidityRun,2023-04-20 15:00:00,SHORT,2000.21,2006.92,1980.1,STOP,-1.329,LOSS,2023-04-20,1,VolProfileReject
Inducement+FVG,2023-04-21 05:00:00,LONG,1999.6,1996.61,2012.35,STOP,-1.737,LOSS,2023-04-21,0,
LiquidityRun,2023-04-21 10:15:00,LONG,1988.45,1984.54,2000.18,STOP,-1.559,LOSS,2023-04-21,0,
StructureSweep,2023-04-21 10:45:00,SHORT,1988.06,1993.18,1981.86,STOP,-1.429,LOSS,2023-04-21,0,
LiquidityRun,2023-04-21 14:00:00,SHORT,1978.07,1992.29,1935.4,STOP,-1.154,LOSS,2023-04-21,0,
StructureSweep,2023-04-24 09:00:00,SHORT,1985.24,1987.66,1976.36,TARGET,3.177,WIN,2023-04-24,0,
TridentKillzone,2023-04-24 12:30:00,LONG,1983.79,1980.99,2039.73,STOP,-1.936,LOSS,2023-04-24,0,
StructureSweep,2023-04-24 15:45:00,SHORT,1984.77,1987.41,1974.03,STOP,-1.828,LOSS,2023-04-24,0,
LiquidityRun,2023-04-24 23:15:00,SHORT,1992.09,1994.45,1985.0,STOP,-1.928,LOSS,2023-04-24,0,
LiquidityRun,2023-04-25 01:45:00,SHORT,1997.15,2000.57,1986.9,TARGET,2.65,WIN,2023-04-25,0,
PriorDayLevels,2023-04-25 17:00:00,SHORT,1996.42,2002.41,1974.03,STOP,-1.368,LOSS,2023-04-25,1,LiquidityRun
LiquidityRun,2023-04-25 18:45:00,SHORT,1995.73,2000.6,1981.14,STOP,-1.452,LOSS,2023-04-25,1,PriorDayLevels
Inducement+FVG,2023-04-26 03:30:00,LONG,1995.33,1989.49,2003.83,TARGET,1.249,WIN,2023-04-26,0,
StructureSweep,2023-04-26 12:30:00,LONG,1996.78,1991.89,2001.71,TARGET,0.761,WIN,2023-04-26,1,Inducement+FVG
PriorDayLevels,2023-04-26 13:00:00,SHORT,2003.83,2009.84,1976.07,EOD,1.662,WIN,2023-04-26,1,LiquiditySweep
LiquidityRun,2023-04-26 13:15:00,LONG,2008.14,1996.22,2043.87,STOP,-1.185,LOSS,2023-04-26,0,
LiquiditySweep,2023-04-26 13:30:00,SHORT,2003.17,2011.53,1995.69,TARGET,0.75,WIN,2023-04-26,1,PriorDayLevels
Inducement+FVG,2023-04-26 15:00:00,LONG,1994.94,1992.91,2003.83,STOP,-2.079,LOSS,2023-04-26,1,StructureSweep
LiquidityRun,2023-04-26 15:15:00,SHORT,1995.29,1999.51,1982.64,STOP,-1.521,LOSS,2023-04-26,0,
Inducement+FVG,2023-04-26 17:30:00,LONG,1985.83,1977.29,2003.83,STOP,-1.255,LOSS,2023-04-26,0,
StructureSweep,2023-04-26 23:15:00,SHORT,1991.24,1993.61,1983.35,STOP,-1.923,LOSS,2023-04-26,0,
LiquidityRun,2023-04-27 08:00:00,SHORT,1999.22,2002.06,1990.72,STOP,-1.777,LOSS,2023-04-27,0,
StructureSweep,2023-04-27 09:15:00,LONG,1997.28,1995.13,2003.18,STOP,-2.021,LOSS,2023-04-27,0,
PriorDayLevels,2023-04-27 12:00:00,LONG,1983.35,1977.4,2009.32,STOP,-1.366,LOSS,2023-04-27,2,"Inducement+FVG,LiquidityRun"
LiquiditySweep,2023-04-27 13:30:00,LONG,1977.02,1971.05,1984.97,TARGET,1.132,WIN,2023-04-27,1,Inducement+FVG
Inducement+FVG,2023-04-27 13:45:00,LONG,1981.85,1977.29,2009.32,STOP,-1.477,LOSS,2023-04-27,3,"LiquidityRun,LiquiditySweep,PriorDayLevels"
LiquidityRun,2023-04-27 15:00:00,LONG,1984.75,1980.26,1998.2,STOP,-1.486,LOSS,2023-04-27,2,"Inducement+FVG,PriorDayLevels"
LiquidityRun,2023-04-28 13:15:00,LONG,1988.48,1982.58,2006.15,STOP,-1.371,LOSS,2023-04-28,0,
StructureSweep,2023-04-28 13:15:00,SHORT,1988.48,1991.64,1979.66,STOP,-1.692,LOSS,2023-04-28,0,
LiquidityRun,2023-04-28 14:45:00,LONG,1992.36,1983.43,2019.14,STOP,-1.245,LOSS,2023-04-28,0,
LiquidityRun,2023-05-01 04:00:00,LONG,1985.27,1980.36,1999.97,STOP,-1.445,LOSS,2023-05-01,0,
LiquidityRun,2023-05-01 09:15:00,LONG,1981.9,1976.59,1997.83,TARGET,2.775,WIN,2023-05-01,0,
PriorDayLevels,2023-05-01 12:00:00,SHORT,1991.88,1997.85,1986.62,STOP,-1.368,LOSS,2023-05-01,1,LiquidityRun
LiquidityRun,2023-05-01 14:00:00,SHORT,1986.43,2000.99,1942.73,STOP,-1.151,LOSS,2023-05-01,1,PriorDayLevels
PriorDayLevels,2023-05-01 14:00:00,LONG,1986.62,1980.66,1991.88,TARGET,0.749,WIN,2023-05-01,0,
Inducement+FVG,2023-05-01 19:45:00,LONG,1979.72,1976.59,2005.93,TARGET,8.005,WIN,2023-05-01,1,StructureSweep
StructureSweep,2023-05-01 20:00:00,LONG,1980.02,1977.62,2005.93,TARGET,10.306,WIN,2023-05-01,1,Inducement+FVG
PriorDayLevels,2023-05-02 14:00:00,SHORT,2005.93,2011.95,1977.05,STOP,-1.368,LOSS,2023-05-02,0,
LiquidityRun,2023-05-02 17:30:00,SHORT,2013.36,2016.46,2004.07,STOP,-1.716,LOSS,2023-05-02,0,
StructureSweep,2023-05-03 02:30:00,SHORT,2017.84,2020.74,2014.17,TARGET,0.849,WIN,2023-05-03,2,"LiquidityRun,LiquiditySweep"
LiquiditySweep,2023-05-03 04:00:00,SHORT,2018.51,2022.46,2015.49,TARGET,0.459,WIN,2023-05-03,2,"LiquidityRun,StructureSweep"
LiquidityRun,2023-05-03 04:30:00,SHORT,2017.05,2020.16,2007.73,TARGET,2.611,WIN,2023-05-03,2,"LiquiditySweep,StructureSweep"
StructureSweep,2023-05-03 07:45:00,LONG,2014.82,2011.58,2019.43,STOP,-1.683,LOSS,2023-05-03,0,
LiquidityRun,2023-05-03 13:15:00,LONG,2018.73,2011.95,2039.06,STOP,-1.327,LOSS,2023-05-03,0,
LiquiditySweep,2023-05-03 13:30:00,SHORT,2017.9,2023.12,2015.49,TARGET,0.231,WIN,2023-05-03,1,StructureSweep
StructureSweep,2023-05-03 14:00:00,SHORT,2015.35,2019.69,2007.66,STOP,-1.511,LOSS,2023-05-03,1,LiquiditySweep
LiquiditySweep,2023-05-03 14:30:00,SHORT,2018.75,2022.67,2015.49,STOP,-1.567,LOSS,2023-05-03,1,StructureSweep
LiquidityRun,2023-05-03 14:45:00,LONG,2021.2,2013.94,2043.0,TARGET,2.832,WIN,2023-05-03,0,
LiquidityRun,2023-05-04 01:15:00,SHORT,2049.26,2056.4,2027.81,STOP,-1.316,LOSS,2023-05-04,0,
Inducement+FVG,2023-05-04 07:30:00,LONG,2033.17,2024.18,2079.82,STOP,-1.248,LOSS,2023-05-04,0,
StructureSweep,2023-05-04 13:45:00,SHORT,2044.32,2047.46,2030.33,STOP,-1.718,LOSS,2023-05-04,1,LiquidityRun
LiquidityRun,2023-05-04 15:15:00,SHORT,2048.15,2053.49,2032.12,STOP,-1.422,LOSS,2023-05-04,1,StructureSweep
LiquidityRun,2023-05-05 02:15:00,SHORT,2045.85,2052.99,2024.41,TARGET,2.829,WIN,2023-05-05,0,
PriorDayLevels,2023-05-05 12:00:00,LONG,2030.33,2024.24,2059.54,STOP,-1.366,LOSS,2023-05-05,0,
LiquidityRun,2023-05-05 14:30:00,LONG,2008.45,2003.4,2023.59,TARGET,2.761,WIN,2023-05-05,0,
LiquidityRun,2023-05-08 05:15:00,SHORT,2022.47,2025.52,2013.33,STOP,-1.731,LOSS,2023-05-08,0,
LiquidityRun,2023-05-08 13:15:00,SHORT,2021.72,2027.56,2004.19,STOP,-1.381,LOSS,2023-05-08,0,
LiquidityRun,2023-05-08 17:30:00,SHORT,2024.05,2028.67,2010.19,STOP,-1.483,LOSS,2023-05-08,0,
Inducement+FVG,2023-05-09 07:15:00,LONG,2022.76,2018.43,2029.32,TARGET,1.238,WIN,2023-05-09,0,
LiquidityRun,2023-05-09 12:30:00,SHORT,2027.6,2032.79,2012.04,STOP,-1.431,LOSS,2023-05-09,0,
LiquidityRun,2023-05-09 19:00:00,SHORT,2034.59,2038.16,2023.89,STOP,-1.628,LOSS,2023-05-09,0,
LiquidityRun,2023-05-10 01:30:00,SHORT,2033.92,2037.61,2022.87,STOP,-1.608,LOSS,2023-05-10,0,
Inducement+FVG,2023-05-10 04:45:00,LONG,2030.64,2025.53,2037.56,STOP,-1.437,LOSS,2023-05-10,0,
PriorDayLevels,2023-05-10 12:00:00,SHORT,2037.56,2043.67,2019.48,STOP,-1.368,LOSS,2023-05-10,2,"LiquidityRun,LiquiditySweep"
LiquiditySweep,2023-05-10 13:00:00,SHORT,2038.18,2049.7,2034.06,TARGET,0.251,WIN,2023-05-10,2,"LiquidityRun,PriorDayLevels"
LiquidityRun,2023-05-10 13:15:00,SHORT,2033.82,2044.79,2000.9,TARGET,2.889,WIN,2023-05-10,2,"LiquiditySweep,PriorDayLevels"
LiquiditySweep,2023-05-10 13:45:00,SHORT,2038.04,2044.0,2034.06,TARGET,0.464,WIN,2023-05-10,2,"LiquidityRun,PriorDayLevels"
Inducement+FVG,2023-05-10 15:00:00,LONG,2022.84,2019.94,2029.32,TARGET,1.817,WIN,2023-05-10,0,
StructureSweep,2023-05-11 05:00:00,LONG,2031.36,2027.99,2036.35,STOP,-1.661,LOSS,2023-05-11,0,
PriorDayLevels,2023-05-11 13:00:00,LONG,2021.36,2015.29,2048.14,STOP,-1.366,LOSS,2023-05-11,1,LiquiditySweep
StructureSweep,2023-05-11 13:00:00,SHORT,2032.77,2040.06,2021.61,TARGET,1.364,WIN,2023-05-11,0,
LiquiditySweep,2023-05-11 14:30:00,LONG,2021.48,2013.25,2022.4,STOP,-1.27,LOSS,2023-05-11,1,PriorDayLevels
LiquiditySweep,2023-05-12 01:30:00,LONG,2013.0,2007.46,2016.39,STOP,-1.399,LOSS,2023-05-12,0,
LiquiditySweep,2023-05-12 06:30:00,LONG,2009.65,2004.64,2012.21,TARGET,0.27,WIN,2023-05-12,1,LiquidityRun
StructureSweep,2023-05-12 07:15:00,SHORT,2011.99,2014.58,2008.49,TARGET,0.888,WIN,2023-05-12,0,
LiquiditySweep,2023-05-12 08:45:00,LONG,2006.6,2002.54,2012.21,STOP,-1.543,LOSS,2023-05-12,1,LiquidityRun
LiquidityRun,2023-05-12 10:15:00,LONG,2004.45,2001.66,2012.82,TARGET,2.568,WIN,2023-05-12,1,LiquiditySweep
LiquiditySweep,2023-05-12 10:30:00,LONG,2006.54,2001.11,2012.21,TARGET,0.822,WIN,2023-05-12,1,LiquidityRun
LiquidityRun,2023-05-12 12:45:00,LONG,2014.1,2007.01,2035.36,STOP,-1.312,LOSS,2023-05-12,0,
StructureSweep,2023-05-15 11:00:00,LONG,2014.46,2010.27,2020.84,TARGET,1.236,WIN,2023-05-15,1,Inducement+FVG
Inducement+FVG,2023-05-15 11:30:00,LONG,2012.89,2008.09,2022.46,STOP,-1.461,LOSS,2023-05-15,1,StructureSweep
Inducement+FVG,2023-05-16 06:30:00,LONG,2005.79,2003.37,2022.46,STOP,-1.91,LOSS,2023-05-16,0,
LiquidityRun,2023-05-16 12:45:00,LONG,2011.98,2004.35,2034.85,STOP,-1.29,LOSS,2023-05-16,0,
StructureSweep,2023-05-16 13:15:00,SHORT,2008.2,2013.75,2002.4,TARGET,0.826,WIN,2023-05-16,0,
LiquiditySweep,2023-05-16 15:15:00,LONG,2001.24,1995.75,2007.68,STOP,-1.4,LOSS,2023-05-16,0,
LiquidityRun,2023-05-16 18:15:00,LONG,1990.18,1986.16,2002.23,STOP,-1.544,LOSS,2023-05-16,0,
StructureSweep,2023-05-17 06:00:00,LONG,1988.1,1985.55,1992.98,STOP,-1.857,LOSS,2023-05-17,1,LiquiditySweep
LiquiditySweep,2023-05-17 09:00:00,LONG,1985.82,1981.13,1990.54,STOP,-1.465,LOSS,2023-05-17,2,"LiquidityRun,StructureSweep"
LiquidityRun,2023-05-17 10:15:00,LONG,1987.38,1983.08,2000.28,STOP,-1.508,LOSS,2023-05-17,1,LiquiditySweep
LiquiditySweep,2023-05-17 14:15:00,LONG,1983.79,1976.67,1988.83,STOP,-1.305,LOSS,2023-05-17,1,LiquidityRun
LiquidityRun,2023-05-17 14:30:00,LONG,1984.63,1979.16,2001.02,STOP,-1.399,LOSS,2023-05-17,1,LiquiditySweep
StructureSweep,2023-05-18 03:30:00,LONG,1982.26,1979.68,1985.97,STOP,-1.844,LOSS,2023-05-18,1,LiquidityRun
LiquidityRun,2023-05-18 06:30:00,LONG,1979.86,1976.58,1989.69,STOP,-1.663,LOSS,2023-05-18,1,StructureSweep
LiquidityRun,2023-05-18 09:45:00,LONG,1977.32,1974.43,1986.0,STOP,-1.752,LOSS,2023-05-18,0,
StructureSweep,2023-05-18 17:30:00,SHORT,1957.76,1960.12,1951.94,STOP,-1.912,LOSS,2023-05-18,0,
LiquidityRun,2023-05-18 17:30:00,LONG,1957.76,1954.15,1968.58,STOP,-1.596,LOSS,2023-05-18,0,
LiquidityRun,2023-05-19 04:45:00,SHORT,1962.55,1964.89,1955.53,STOP,-1.924,LOSS,2023-05-19,0,
LiquidityRun,2023-05-19 09:00:00,SHORT,1964.43,1968.09,1953.44,STOP,-1.591,LOSS,2023-05-19,0,
LiquidityRun,2023-05-19 10:15:00,SHORT,1964.0,1968.83,1949.5,STOP,-1.448,LOSS,2023-05-19,0,
LiquidityRun,2023-05-19 18:45:00,SHORT,1976.92,1983.23,1957.98,TARGET,2.813,WIN,2023-05-19,0,
StructureSweep,2023-05-22 02:15:00,LONG,1978.5,1975.04,1982.32,STOP,-1.629,LOSS,2023-05-22,1,Inducement+FVG
Inducement+FVG,2023-05-22 05:30:00,LONG,1973.12,1965.84,1984.19,STOP,-1.297,LOSS,2023-05-22,1,StructureSweep
StructureSweep,2023-05-22 08:30:00,SHORT,1978.37,1980.55,1971.21,STOP,-1.998,LOSS,2023-05-22,1,PriorDayLevels
PriorDayLevels,2023-05-22 09:00:00,SHORT,1981.48,1987.42,1978.0,TARGET,0.451,WIN,2023-05-22,1,StructureSweep
Inducement+FVG,2023-05-23 01:15:00,LONG,1965.78,1957.36,1982.53,STOP,-1.256,LOSS,2023-05-23,0,
LiquidityRun,2023-05-23 08:30:00,LONG,1959.33,1955.22,1971.66,STOP,-1.524,LOSS,2023-05-23,0,
LiquidityRun,2023-05-23 11:00:00,LONG,1957.44,1955.02,1964.71,TARGET,2.515,WIN,2023-05-23,0,
LiquidityRun,2023-05-23 23:30:00,SHORT,1975.44,1978.37,1966.63,STOP,-1.741,LOSS,2023-05-23,0,
LiquidityRun,2023-05-24 06:15:00,SHORT,1976.1,1979.51,1965.87,STOP,-1.638,LOSS,2023-05-24,1,StructureSweep
StructureSweep,2023-05-24 06:15:00,SHORT,1976.1,1979.25,1972.74,TARGET,0.692,WIN,2023-05-24,1,LiquidityRun
StructureSweep,2023-05-24 11:00:00,SHORT,1977.27,1980.62,1970.66,STOP,-1.649,LOSS,2023-05-24,2,"LiquidityRun,LiquiditySweep"
LiquiditySweep,2023-05-24 12:15:00,SHORT,1983.03,1988.08,1978.37,TARGET,0.688,WIN,2023-05-24,1,StructureSweep
StructureSweep,2023-05-24 13:00:00,SHORT,1977.38,1982.78,1970.66,TARGET,1.025,WIN,2023-05-24,2,"LiquidityRun,LiquiditySweep"
LiquidityRun,2023-05-24 13:15:00,SHORT,1975.61,1980.45,1961.1,TARGET,2.756,WIN,2023-05-24,1,StructureSweep
LiquidityRun,2023-05-24 17:15:00,LONG,1963.05,1958.35,1977.14,STOP,-1.459,LOSS,2023-05-24,1,Inducement+FVG
Inducement+FVG,2023-05-24 20:45:00,LONG,1957.21,1955.02,1985.1,STOP,-1.98,LOSS,2023-05-24,1,LiquidityRun
LiquidityRun,2023-05-25 06:45:00,LONG,1958.99,1955.19,1970.37,STOP,-1.567,LOSS,2023-05-25,0,
PriorDayLevels,2023-05-25 12:00:00,LONG,1956.68,1950.81,1985.1,STOP,-1.366,LOSS,2023-05-25,0,
LiquidityRun,2023-05-25 13:15:00,LONG,1950.32,1942.1,1974.97,STOP,-1.26,LOSS,2023-05-25,0,
LiquidityRun,2023-05-25 22:15:00,LONG,1942.44,1938.74,1953.57,STOP,-1.575,LOSS,2023-05-25,1,LiquiditySweep
LiquiditySweep,2023-05-26 00:30:00,LONG,1938.9,1935.9,1943.16,TARGET,1.031,WIN,2023-05-26,1,LiquidityRun
StructureSweep,2023-05-26 01:00:00,SHORT,1942.9,1945.24,1938.81,STOP,-1.914,LOSS,2023-05-26,1,LiquidityRun
LiquidityRun,2023-05-26 03:00:00,SHORT,1945.36,1948.94,1934.63,STOP,-1.599,LOSS,2023-05-26,1,StructureSweep
LiquidityRun,2023-05-26 08:15:00,SHORT,1953.11,1956.49,1942.98,TARGET,2.653,WIN,2023-05-26,0,
StructureSweep,2023-05-26 11:45:00,LONG,1951.44,1949.04,1957.22,STOP,-1.892,LOSS,2023-05-26,0,
PriorDayLevels,2023-05-26 15:00:00,LONG,1938.81,1933.0,1964.71,EOD,1.011,WIN,2023-05-26,0,
LiquidityRun,2023-05-26 16:15:00,LONG,1945.61,1941.74,1957.23,STOP,-1.552,LOSS,2023-05-26,0,
StructureSweep,2023-05-26 18:30:00,SHORT,1945.18,1948.88,1938.74,STOP,-1.579,LOSS,2023-05-26,0,
LiquidityRun,2023-05-29 06:45:00,SHORT,1946.59,1949.47,1937.96,STOP,-1.745,LOSS,2023-05-29,0,
LiquidityRun,2023-05-29 13:45:00,SHORT,1946.61,1949.15,1939.0,TARGET,2.54,WIN,2023-05-29,0,
Inducement+FVG,2023-05-29 16:15:00,LONG,1944.85,1942.28,1948.87,STOP,-1.83,LOSS,2023-05-29,0,
LiquiditySweep,2023-05-30 05:00:00,LONG,1937.4,1933.33,1943.16,STOP,-1.523,LOSS,2023-05-30,1,LiquidityRun
LiquiditySweep,2023-05-30 06:45:00,LONG,1936.89,1932.76,1943.16,TARGET,1.236,WIN,2023-05-30,0,
LiquidityRun,2023-05-30 08:00:00,LONG,1943.12,1934.98,1967.55,TARGET,2.856,WIN,2023-05-30,1,LiquiditySweep
StructureSweep,2023-05-30 08:45:00,SHORT,1945.0,1948.82,1932.04,STOP,-1.56,LOSS,2023-05-30,1,PriorDayLevels
PriorDayLevels,2023-05-30 09:00:00,SHORT,1949.72,1955.57,1940.27,STOP,-1.368,LOSS,2023-05-30,1,StructureSweep
StructureSweep,2023-05-31 05:00:00,SHORT,1959.2,1962.45,1953.62,STOP,-1.663,LOSS,2023-05-31,1,LiquiditySweep
LiquiditySweep,2023-05-31 06:00:00,SHORT,1962.53,1967.9,1957.99,TARGET,0.627,WIN,2023-05-31,1,StructureSweep
StructureSweep,2023-05-31 07:00:00,LONG,1958.34,1955.66,1965.19,STOP,-1.803,LOSS,2023-05-31,0,
StructureSweep,2023-05-31 08:15:00,LONG,1958.82,1955.82,1965.19,STOP,-1.718,LOSS,2023-05-31,0,
StructureSweep,2023-05-31 09:15:00,LONG,1958.29,1954.03,1965.19,TARGET,1.339,WIN,2023-05-31,0,
PriorDayLevels,2023-05-31 13:00:00,SHORT,1963.48,1969.37,1932.04,STOP,-1.368,LOSS,2023-05-31,2,"LiquidityRun,LiquiditySweep"
LiquiditySweep,2023-05-31 14:00:00,SHORT,1961.77,1972.88,1958.03,STOP,-1.195,LOSS,2023-05-31,2,"LiquidityRun,PriorDayLevels"
LiquidityRun,2023-05-31 16:00:00,SHORT,1966.54,1973.53,1945.57,STOP,-1.31,LOSS,2023-05-31,2,"LiquiditySweep,PriorDayLevels"
Inducement+FVG,2023-06-01 06:30:00,LONG,1961.86,1958.81,1974.68,STOP,-1.708,LOSS,2023-06-01,0,
PriorDayLevels,2023-06-01 08:00:00,LONG,1953.62,1947.76,1974.68,TARGET,3.458,WIN,2023-06-01,0,
StructureSweep,2023-06-01 10:30:00,SHORT,1965.51,1968.33,1953.34,STOP,-1.766,LOSS,2023-06-01,0,
StructureSweep,2023-06-01 12:30:00,SHORT,1964.62,1969.07,1953.34,STOP,-1.486,LOSS,2023-06-01,0,
PriorDayLevels,2023-06-01 15:00:00,SHORT,1974.68,1980.6,1953.62,STOP,-1.368,LOSS,2023-06-01,1,LiquidityRun
LiquidityRun,2023-06-01 16:30:00,SHORT,1979.15,1983.02,1967.53,STOP,-1.563,LOSS,2023-06-01,1,PriorDayLevels
StructureSweep,2023-06-01 19:00:00,LONG,1976.92,1974.09,1983.05,STOP,-1.767,LOSS,2023-06-01,0,
Inducement+FVG,2023-06-02 07:30:00,LONG,1976.91,1974.06,1983.05,STOP,-1.764,LOSS,2023-06-02,0,
Inducement+FVG,2023-06-02 12:45:00,LONG,1970.88,1966.67,1983.33,STOP,-1.514,LOSS,2023-06-02,1,LiquidityRun
LiquidityRun,2023-06-02 14:45:00,LONG,1965.02,1962.39,1972.88,STOP,-1.824,LOSS,2023-06-02,1,Inducement+FVG
PriorDayLevels,2023-06-02 16:00:00,LONG,1953.34,1947.48,1983.05,EOD,-1.272,LOSS,2023-06-02,1,LiquiditySweep
LiquiditySweep,2023-06-02 18:15:00,LONG,1951.02,1947.13,1960.09,STOP,-1.552,LOSS,2023-06-02,1,PriorDayLevels
LiquidityRun,2023-06-04 22:15:00,LONG,1949.47,1946.54,1958.26,STOP,-1.731,LOSS,2023-06-04,1,LiquiditySweep
LiquiditySweep,2023-06-05 02:15:00,LONG,1945.78,1941.67,1950.1,STOP,-1.521,LOSS,2023-06-05,1,LiquidityRun
LiquidityRun,2023-06-05 03:45:00,LONG,1947.09,1943.92,1956.57,STOP,-1.677,LOSS,2023-06-05,1,LiquiditySweep
LiquidityRun,2023-06-05 05:45:00,LONG,1944.92,1942.54,1952.05,STOP,-1.899,LOSS,2023-06-05,1,LiquiditySweep
LiquidityRun,2023-06-05 08:15:00,LONG,1941.9,1938.5,1952.11,STOP,-1.627,LOSS,2023-06-05,0,
LiquidityRun,2023-06-05 13:00:00,LONG,1945.02,1938.17,1965.57,TARGET,2.829,WIN,2023-06-05,0,
StructureSweep,2023-06-05 13:30:00,SHORT,1945.27,1948.57,1938.48,STOP,-1.649,LOSS,2023-06-05,1,PriorDayLevels
PriorDayLevels,2023-06-05 14:00:00,SHORT,1950.1,1955.95,1947.3,STOP,-1.368,LOSS,2023-06-05,1,StructureSweep
StructureSweep,2023-06-05 18:15:00,SHORT,1961.02,1964.54,1938.05,STOP,-1.613,LOSS,2023-06-05,0,
Inducement+FVG,2023-06-06 13:45:00,LONG,1957.12,1946.88,1983.33,STOP,-1.21,LOSS,2023-06-06,0,
LiquidityRun,2023-06-06 13:45:00,SHORT,1957.12,1964.29,1935.6,STOP,-1.301,LOSS,2023-06-06,0,
LiquidityRun,2023-06-07 08:15:00,LONG,1959.23,1955.26,1971.13,STOP,-1.542,LOSS,2023-06-07,0,
PriorDayLevels,2023-06-07 10:00:00,SHORT,1966.38,1972.28,1954.34,TARGET,1.907,WIN,2023-06-07,1,StructureSweep
StructureSweep,2023-06-07 10:15:00,SHORT,1964.33,1967.29,1954.75,STOP,-1.732,LOSS,2023-06-07,1,PriorDayLevels
StructureSweep,2023-06-07 14:30:00,LONG,1958.51,1954.59,1966.38,STOP,-1.548,LOSS,2023-06-07,1,PriorDayLevels
PriorDayLevels,2023-06-07 16:00:00,LONG,1954.34,1948.48,1966.38,STOP,-1.366,LOSS,2023-06-07,1,StructureSweep
LiquidityRun,2023-06-07 17:30:00,LONG,1945.8,1940.46,1961.82,STOP,-1.4,LOSS,2023-06-07,0,
LiquidityRun,2023-06-07 22:15:00,LONG,1943.24,1938.69,1956.88,TARGET,2.743,WIN,2023-06-07,0,
StructureSweep,2023-06-08 01:00:00,SHORT,1945.72,1948.58,1939.84,STOP,-1.749,LOSS,2023-06-08,0,
StructureSweep,2023-06-08 11:00:00,LONG,1945.83,1943.26,1949.05,TARGET,0.799,WIN,2023-06-08,0,
PriorDayLevels,2023-06-08 14:00:00,SHORT,1970.12,1976.03,1939.84,EOD,0.448,WIN,2023-06-08,0,
Inducement+FVG,2023-06-08 17:00:00,LONG,1964.12,1958.78,1970.12,TARGET,0.903,WIN,2023-06-08,0,
LiquidityRun,2023-06-08 17:00:00,SHORT,1964.12,1969.12,1949.12,STOP,-1.433,LOSS,2023-06-08,0,
PriorDayLevels,2023-06-09 12:00:00,SHORT,1970.51,1976.42,1942.76,EOD,1.304,WIN,2023-06-09,1,LiquiditySweep
LiquiditySweep,2023-06-09 12:30:00,SHORT,1965.41,1975.73,1963.18,TARGET,0.102,WIN,2023-06-09,3,"LiquidityRun,PriorDayLevels,VolProfileReject"
VolProfileReject,2023-06-09 12:45:00,SHORT,1962.89,1974.74,1945.21,TARGET,1.393,WIN,2023-06-09,2,"LiquidityRun,LiquiditySweep"
LiquidityRun,2023-06-09 13:00:00,SHORT,1963.42,1966.84,1953.17,STOP,-1.633,LOSS,2023-06-09,2,"LiquiditySweep,VolProfileReject"
StructureSweep,2023-06-09 14:00:00,LONG,1963.62,1958.24,1972.77,STOP,-1.401,LOSS,2023-06-09,0,
LiquidityRun,2023-06-12 03:45:00,LONG,1958.44,1954.53,1970.17,STOP,-1.55,LOSS,2023-06-12,0,
StructureSweep,2023-06-12 05:30:00,SHORT,1960.36,1963.41,1954.23,STOP,-1.707,LOSS,2023-06-12,0,
PriorDayLevels,2023-06-12 13:00:00,LONG,1958.01,1952.14,1960.5,STOP,-1.366,LOSS,2023-06-12,1,LiquidityRun
Inducement+FVG,2023-06-12 13:45:00,LONG,1951.99,1947.49,1972.77,STOP,-1.476,LOSS,2023-06-12,1,LiquidityRun
LiquidityRun,2023-06-12 15:00:00,LONG,1956.39,1949.56,1976.89,STOP,-1.314,LOSS,2023-06-12,2,"Inducement+FVG,PriorDayLevels"
PriorDayLevels,2023-06-12 23:00:00,SHORT,1960.5,1966.38,1958.01,EOD,-0.272,LOSS,2023-06-12,0,
PriorDayLevels,2023-06-13 12:00:00,LONG,1949.17,1943.32,1966.89,TARGET,2.897,WIN,2023-06-13,1,LiquiditySweep
LiquidityRun,2023-06-13 14:00:00,SHORT,1951.89,1956.62,1937.69,STOP,-1.454,LOSS,2023-06-13,0,
PriorDayLevels,2023-06-13 15:00:00,LONG,1949.17,1943.32,1966.89,STOP,-1.366,LOSS,2023-06-13,1,LiquiditySweep
LiquiditySweep,2023-06-13 15:15:00,LONG,1945.3,1941.45,1949.05,STOP,-1.556,LOSS,2023-06-13,1,PriorDayLevels
StructureSweep,2023-06-14 07:30:00,SHORT,1949.46,1953.01,1939.98,STOP,-1.606,LOSS,2023-06-14,0,
Inducement+FVG,2023-06-14 17:00:00,LONG,1955.53,1947.14,1970.6,STOP,-1.256,LOSS,2023-06-14,0,
PriorDayLevels,2023-06-14 18:00:00,LONG,1939.98,1934.16,1970.6,EOD,0.528,WIN,2023-06-14,1,LiquiditySweep
LiquiditySweep,2023-06-14 18:00:00,LONG,1946.27,1937.02,1949.5,TARGET,0.224,WIN,2023-06-14,0,
LiquiditySweep,2023-06-14 20:45:00,LONG,1941.2,1936.76,1949.5,STOP,-1.481,LOSS,2023-06-14,2,"LiquidityRun,PriorDayLevels"
LiquidityRun,2023-06-14 22:15:00,LONG,1944.63,1939.66,1959.56,STOP,-1.429,LOSS,2023-06-14,1,LiquiditySweep
LiquidityRun,2023-06-15 05:30:00,LONG,1936.52,1932.5,1948.58,STOP,-1.529,LOSS,2023-06-15,1,LiquiditySweep
StructureSweep,2023-06-15 06:15:00,SHORT,1934.94,1938.82,1930.45,TARGET,0.856,WIN,2023-06-15,0,
LiquiditySweep,2023-06-15 07:15:00,LONG,1933.45,1926.81,1936.47,TARGET,0.28,WIN,2023-06-15,1,LiquidityRun
LiquidityRun,2023-06-15 09:30:00,LONG,1934.88,1930.82,1947.05,STOP,-1.524,LOSS,2023-06-15,1,LiquiditySweep
LiquiditySweep,2023-06-15 11:30:00,LONG,1929.21,1925.7,1936.47,STOP,-1.603,LOSS,2023-06-15,1,LiquidityRun
StructureSweep,2023-06-15 13:00:00,SHORT,1936.48,1939.97,1928.87,STOP,-1.611,LOSS,2023-06-15,0,
LiquidityRun,2023-06-15 13:15:00,LONG,1941.34,1931.83,1969.84,STOP,-1.224,LOSS,2023-06-15,0,
PriorDayLevels,2023-06-15 16:00:00,SHORT,1960.06,1965.94,1939.67,EOD,-0.054,LOSS,2023-06-15,0,
StructureSweep,2023-06-19 02:45:00,LONG,1955.36,1952.77,1958.66,STOP,-1.831,LOSS,2023-06-19,0,
StructureSweep,2023-06-19 08:30:00,SHORT,1957.31,1960.55,1953.98,TARGET,0.668,WIN,2023-06-19,0,
Inducement+FVG,2023-06-19 09:45:00,LONG,1950.31,1944.76,1967.85,STOP,-1.386,LOSS,2023-06-19,0,
StructureSweep,2023-06-20 04:30:00,SHORT,1950.52,1953.24,1944.89,STOP,-1.789,LOSS,2023-06-20,0,
PriorDayLevels,2023-06-20 12:00:00,LONG,1947.73,1941.89,1958.71,STOP,-1.366,LOSS,2023-06-20,0,
LiquidityRun,2023-06-20 16:15:00,LONG,1936.69,1934.13,1944.4,STOP,-1.829,LOSS,2023-06-20,0,
LiquidityRun,2023-06-21 07:15:00,LONG,1935.91,1933.06,1944.45,STOP,-1.747,LOSS,2023-06-21,0,
PriorDayLevels,2023-06-21 12:00:00,LONG,1929.73,1923.94,1956.73,STOP,-1.366,LOSS,2023-06-21,2,"LiquidityRun,LiquiditySweep"
LiquiditySweep,2023-06-21 12:45:00,LONG,1929.82,1925.83,1937.34,STOP,-1.531,LOSS,2023-06-21,2,"LiquidityRun,PriorDayLevels"
LiquiditySweep,2023-06-21 14:15:00,LONG,1930.73,1923.59,1937.34,TARGET,0.763,WIN,2023-06-21,2,"LiquidityRun,PriorDayLevels"
LiquidityRun,2023-06-21 14:30:00,LONG,1932.52,1927.33,1948.08,STOP,-1.409,LOSS,2023-06-21,2,"LiquiditySweep,PriorDayLevels"
StructureSweep,2023-06-21 17:00:00,SHORT,1933.91,1936.9,1918.9,STOP,-1.711,LOSS,2023-06-21,0,
StructureSweep,2023-06-21 19:00:00,SHORT,1934.37,1937.92,1918.9,TARGET,4.032,WIN,2023-06-21,0,
PriorDayLevels,2023-06-22 14:00:00,LONG,1918.9,1913.14,1939.44,STOP,-1.366,LOSS,2023-06-22,0,
LiquidityRun,2023-06-22 23:30:00,LONG,1914.59,1912.06,1922.2,STOP,-1.83,LOSS,2023-06-22,0,
LiquiditySweep,2023-06-23 03:45:00,LONG,1912.36,1908.64,1916.03,TARGET,0.679,WIN,2023-06-23,1,LiquidityRun
LiquidityRun,2023-06-23 04:00:00,LONG,1912.81,1910.08,1920.97,TARGET,2.578,WIN,2023-06-23,1,LiquiditySweep
StructureSweep,2023-06-23 05:30:00,SHORT,1915.66,1918.88,1910.09,STOP,-1.656,LOSS,2023-06-23,0,
PriorDayLevels,2023-06-23 13:00:00,SHORT,1934.2,1940.0,1912.36,EOD,1.877,WIN,2023-06-23,1,LiquidityRun
LiquidityRun,2023-06-23 14:15:00,SHORT,1928.92,1934.05,1913.55,TARGET,2.775,WIN,2023-06-23,1,PriorDayLevels
TridentKillzone,2023-06-26 12:30:00,LONG,1931.47,1929.76,1965.67,STOP,-3.504,LOSS,2023-06-26,0,
PriorDayLevels,2023-06-26 13:00:00,LONG,1922.68,1916.91,1925.4,TARGET,0.338,WIN,2023-06-26,0,
Inducement+FVG,2023-06-26 19:00:00,LONG,1923.26,1917.98,1933.28,STOP,-1.4,LOSS,2023-06-26,0,
StructureSweep,2023-06-27 07:00:00,SHORT,1928.38,1931.58,1920.9,TARGET,1.975,WIN,2023-06-27,0,
PriorDayLevels,2023-06-27 11:00:00,LONG,1920.9,1915.14,1933.28,STOP,-1.366,LOSS,2023-06-27,0,
LiquidityRun,2023-06-27 16:30:00,LONG,1914.08,1911.9,1920.61,STOP,-1.966,LOSS,2023-06-27,0,
LiquidityRun,2023-06-27 18:30:00,LONG,1914.0,1910.27,1925.2,STOP,-1.563,LOSS,2023-06-27,0,
LiquiditySweep,2023-06-28 06:45:00,LONG,1910.82,1906.85,1915.69,STOP,-1.53,LOSS,2023-06-28,0,
LiquiditySweep,2023-06-28 13:45:00,LONG,1909.9,1899.89,1911.9,TARGET,0.085,WIN,2023-06-28,1,LiquidityRun
LiquidityRun,2023-06-28 15:30:00,LONG,1912.23,1907.65,1925.97,STOP,-1.459,LOSS,2023-06-28,1,LiquiditySweep
StructureSweep,2023-06-28 15:45:00,SHORT,1910.82,1914.53,1902.74,TARGET,1.872,WIN,2023-06-28,0,
LiquiditySweep,2023-06-29 06:15:00,LONG,1903.33,1899.72,1905.91,TARGET,0.398,WIN,2023-06-29,0,
PriorDayLevels,2023-06-29 12:00:00,LONG,1902.74,1897.03,1917.17,STOP,-1.366,LOSS,2023-06-29,0,
LiquidityRun,2023-06-29 14:00:00,LONG,1909.53,1895.2,1952.51,TARGET,2.919,WIN,2023-06-29,1,LiquiditySweep
LiquiditySweep,2023-06-29 14:00:00,LONG,1909.53,1896.45,1910.71,TARGET,0.003,BE,2023-06-29,1,LiquidityRun
PriorDayLevels,2023-06-30 12:00:00,SHORT,1913.05,1918.79,1892.9,STOP,-1.368,LOSS,2023-06-30,0,
StructureSweep,2023-06-30 12:15:00,SHORT,1906.61,1909.71,1900.5,STOP,-1.678,LOSS,2023-06-30,0,
Inducement+FVG,2023-07-03 02:30:00,LONG,1915.52,1912.53,1922.69,STOP,-1.705,LOSS,2023-07-03,0,
StructureSweep,2023-07-03 06:45:00,LONG,1915.09,1911.79,1920.58,STOP,-1.638,LOSS,2023-07-03,0,
StructureSweep,2023-07-03 10:45:00,SHORT,1913.84,1916.2,1910.0,STOP,-1.892,LOSS,2023-07-03,1,PriorDayLevels
PriorDayLevels,2023-07-03 12:00:00,SHORT,1919.58,1925.34,1917.46,TARGET,0.235,WIN,2023-07-03,1,StructureSweep
Inducement+FVG,2023-07-04 16:00:00,LONG,1925.85,1923.14,1930.63,STOP,-1.78,LOSS,2023-07-04,0,
StructureSweep,2023-07-05 08:15:00,SHORT,1926.21,1929.05,1920.81,STOP,-1.747,LOSS,2023-07-05,0,
PriorDayLevels,2023-07-05 13:00:00,SHORT,1930.64,1936.44,1920.02,TARGET,1.701,WIN,2023-07-05,2,"LiquiditySweep,VolProfileReject"
LiquiditySweep,2023-07-05 13:00:00,SHORT,1930.16,1934.1,1926.1,STOP,-1.541,LOSS,2023-07-05,2,"PriorDayLevels,VolProfileReject"
LiquiditySweep,2023-07-05 13:30:00,SHORT,1925.61,1935.04,1924.84,TARGET,-0.041,BE,2023-07-05,2,"PriorDayLevels,VolProfileReject"
VolProfileReject,2023-07-05 13:30:00,SHORT,1925.61,1933.13,1912.58,TARGET,1.58,WIN,2023-07-05,2,"LiquiditySweep,PriorDayLevels"
Inducement+FVG,2023-07-05 13:45:00,LONG,1925.17,1921.65,1930.64,STOP,-1.6,LOSS,2023-07-05,1,PriorDayLevels
PriorDayLevels,2023-07-05 17:00:00,LONG,1920.02,1914.26,1930.64,EOD,-0.931,LOSS,2023-07-05,1,Inducement+FVG
StructureSweep,2023-07-06 08:15:00,LONG,1917.93,1914.78,1921.44,TARGET,0.748,WIN,2023-07-06,1,PriorDayLevels
PriorDayLevels,2023-07-06 12:00:00,LONG,1914.76,1909.02,1934.77,STOP,-1.366,LOSS,2023-07-06,2,"LiquiditySweep,StructureSweep"
LiquiditySweep,2023-07-06 12:15:00,LONG,1910.45,1904.39,1914.15,STOP,-1.346,LOSS,2023-07-06,1,PriorDayLevels
LiquiditySweep,2023-07-06 13:15:00,LONG,1911.48,1902.27,1914.15,TARGET,0.165,WIN,2023-07-06,1,PriorDayLevels
LiquiditySweep,2023-07-06 13:45:00,LONG,1910.8,1906.33,1914.15,STOP,-1.469,LOSS,2023-07-06,1,PriorDayLevels
PriorDayLevels,2023-07-07 12:00:00,SHORT,1927.55,1933.33,1902.57,STOP,-1.368,LOSS,2023-07-07,0,
StructureSweep,2023-07-10 09:15:00,SHORT,1924.74,1928.11,1919.32,TARGET,1.265,WIN,2023-07-10,0,
StructureSweep,2023-07-10 16:30:00,SHORT,1924.91,1927.13,1912.3,STOP,-1.955,LOSS,2023-07-10,0,
LiquiditySweep,2023-07-12 01:45:00,SHORT,1937.51,1941.74,1930.49,STOP,-1.505,LOSS,2023-07-12,0,
LiquidityRun,2023-07-12 15:15:00,SHORT,1954.89,1958.46,1944.17,STOP,-1.602,LOSS,2023-07-12,0,
LiquidityRun,2023-07-12 17:15:00,SHORT,1955.98,1960.36,1942.84,STOP,-1.492,LOSS,2023-07-12,0,
LiquiditySweep,2023-07-13 01:30:00,SHORT,1959.26,1962.56,1956.89,TARGET,0.364,WIN,2023-07-13,1,LiquidityRun
LiquidityRun,2023-07-13 05:00:00,SHORT,1957.13,1962.41,1941.29,STOP,-1.408,LOSS,2023-07-13,1,LiquiditySweep
LiquiditySweep,2023-07-13 07:15:00,SHORT,1960.13,1965.81,1956.89,TARGET,0.364,WIN,2023-07-13,1,LiquidityRun
LiquidityRun,2023-07-13 07:30:00,SHORT,1960.96,1964.02,1951.77,TARGET,2.616,WIN,2023-07-13,1,LiquiditySweep
LiquiditySweep,2023-07-14 02:00:00,SHORT,1962.85,1966.62,1956.89,TARGET,1.273,WIN,2023-07-14,0,
StructureSweep,2023-07-14 05:30:00,LONG,1959.02,1956.0,1963.67,STOP,-1.714,LOSS,2023-07-14,0,
Inducement+FVG,2023-07-14 14:00:00,LONG,1952.76,1949.28,1963.67,STOP,-1.616,LOSS,2023-07-14,1,PriorDayLevels
PriorDayLevels,2023-07-14 14:00:00,LONG,1952.29,1946.44,1963.3,EOD,0.133,WIN,2023-07-14,1,Inducement+FVG
LiquidityRun,2023-07-14 14:45:00,LONG,1960.22,1953.2,1981.26,STOP,-1.307,LOSS,2023-07-14,0,
LiquidityRun,2023-07-17 04:45:00,LONG,1953.56,1950.36,1963.15,STOP,-1.671,LOSS,2023-07-17,0,
StructureSweep,2023-07-17 05:30:00,SHORT,1955.36,1958.76,1950.88,TARGET,0.976,WIN,2023-07-17,0,
PriorDayLevels,2023-07-17 12:00:00,LONG,1951.35,1945.5,1954.98,TARGET,0.485,WIN,2023-07-17,2,"Inducement+FVG,LiquidityRun"
Inducement+FVG,2023-07-17 13:00:00,LONG,1948.81,1943.49,1963.67,TARGET,2.574,WIN,2023-07-17,2,"LiquidityRun,PriorDayLevels"
LiquidityRun,2023-07-17 14:15:00,LONG,1951.74,1948.68,1960.93,TARGET,2.617,WIN,2023-07-17,2,"Inducement+FVG,PriorDayLevels"
StructureSweep,2023-07-17 18:00:00,SHORT,1955.38,1957.77,1945.75,STOP,-1.899,LOSS,2023-07-17,0,
LiquidityRun,2023-07-18 04:45:00,SHORT,1959.99,1962.52,1952.39,STOP,-1.852,LOSS,2023-07-18,1,LiquiditySweep
LiquiditySweep,2023-07-18 07:30:00,SHORT,1961.36,1966.97,1958.32,STOP,-1.386,LOSS,2023-07-18,1,LiquidityRun
LiquiditySweep,2023-07-18 11:30:00,SHORT,1962.39,1968.69,1960.52,STOP,-1.343,LOSS,2023-07-18,0,
LiquidityRun,2023-07-18 15:45:00,SHORT,1978.08,1983.11,1963.01,STOP,-1.434,LOSS,2023-07-18,0,
StructureSweep,2023-07-19 07:45:00,SHORT,1977.93,1981.16,1972.97,TARGET,1.166,WIN,2023-07-19,0,
StructureSweep,2023-07-19 12:15:00,SHORT,1977.85,1981.5,1972.97,TARGET,1.011,WIN,2023-07-19,0,
StructureSweep,2023-07-19 22:00:00,SHORT,1977.5,1980.86,1969.74,STOP,-1.65,LOSS,2023-07-19,0,
LiquidityRun,2023-07-20 03:45:00,SHORT,1985.17,1988.25,1975.94,TARGET,2.614,WIN,2023-07-20,0,
Inducement+FVG,2023-07-20 12:15:00,LONG,1978.19,1975.76,1987.42,STOP,-1.894,LOSS,2023-07-20,1,LiquidityRun
LiquidityRun,2023-07-20 13:15:00,LONG,1979.2,1972.96,1997.94,STOP,-1.348,LOSS,2023-07-20,1,Inducement+FVG
PriorDayLevels,2023-07-20 14:00:00,LONG,1969.74,1963.83,1980.86,EOD,0.048,BE,2023-07-20,2,"Inducement+FVG,LiquidityRun"
Inducement+FVG,2023-07-20 14:00:00,LONG,1971.22,1968.14,1987.42,STOP,-1.704,LOSS,2023-07-20,2,"LiquidityRun,PriorDayLevels"
LiquidityRun,2023-07-20 17:45:00,LONG,1970.54,1967.19,1980.57,STOP,-1.647,LOSS,2023-07-20,2,"Inducement+FVG,PriorDayLevels"
StructureSweep,2023-07-21 04:45:00,LONG,1969.91,1966.89,1973.74,STOP,-1.717,LOSS,2023-07-21,0,
LiquidityRun,2023-07-21 11:45:00,LONG,1965.74,1961.63,1978.08,STOP,-1.525,LOSS,2023-07-21,1,LiquiditySweep
LiquiditySweep,2023-07-21 13:45:00,LONG,1961.5,1956.12,1964.02,TARGET,0.249,WIN,2023-07-21,1,LiquidityRun
LiquiditySweep,2023-07-21 15:00:00,LONG,1960.76,1953.67,1968.07,STOP,-1.304,LOSS,2023-07-21,1,LiquidityRun
LiquidityRun,2023-07-21 16:30:00,LONG,1962.33,1959.26,1971.54,STOP,-1.703,LOSS,2023-07-21,1,LiquiditySweep
LiquidityRun,2023-07-24 04:45:00,LONG,1960.58,1957.79,1968.96,STOP,-1.772,LOSS,2023-07-24,0,
PriorDayLevels,2023-07-24 13:00:00,LONG,1960.35,1954.47,1962.88,TARGET,0.297,WIN,2023-07-24,1,StructureSweep
StructureSweep,2023-07-24 13:45:00,LONG,1959.37,1957.11,1967.8,STOP,-1.953,LOSS,2023-07-24,1,PriorDayLevels
StructureSweep,2023-07-24 14:45:00,LONG,1961.35,1957.3,1967.8,STOP,-1.532,LOSS,2023-07-24,1,PriorDayLevels
LiquidityRun,2023-07-25 01:15:00,LONG,1959.45,1953.63,1976.92,STOP,-1.369,LOSS,2023-07-25,0,
PriorDayLevels,2023-07-25 11:00:00,LONG,1953.17,1947.31,1967.8,EOD,1.698,WIN,2023-07-25,1,LiquiditySweep
LiquiditySweep,2023-07-25 11:15:00,LONG,1953.89,1950.16,1955.41,TARGET,0.095,WIN,2023-07-25,1,PriorDayLevels
LiquidityRun,2023-07-25 11:45:00,LONG,1960.74,1953.47,1982.55,STOP,-1.296,LOSS,2023-07-25,2,"LiquiditySweep,VolProfileReject"
LiquiditySweep,2023-07-25 14:00:00,LONG,1959.77,1949.06,1961.41,TARGET,0.043,BE,2023-07-25,2,"LiquidityRun,VolProfileReject"
StructureSweep,2023-07-25 15:00:00,SHORT,1961.98,1967.33,1953.09,STOP,-1.404,LOSS,2023-07-25,1,LiquidityRun
VolProfileReject,2023-07-25 15:00:00,LONG,1961.98,1950.04,1964.27,TARGET,0.093,WIN,2023-07-25,2,"LiquidityRun,LiquiditySweep"
LiquidityRun,2023-07-25 17:00:00,SHORT,1962.1,1964.88,1953.74,STOP,-1.775,LOSS,2023-07-25,1,StructureSweep
LiquidityRun,2023-07-26 01:30:00,SHORT,1962.56,1966.22,1951.61,STOP,-1.592,LOSS,2023-07-26,0,
LiquiditySweep,2023-07-26 09:00:00,SHORT,1971.41,1975.37,1969.85,TARGET,0.095,WIN,2023-07-26,1,LiquidityRun
TridentKillzone,2023-07-26 09:30:00,LONG,1971.44,1970.98,1980.54,STOP,-9.251,LOSS,2023-07-26,1,StructureSweep
LiquidityRun,2023-07-26 10:30:00,SHORT,1970.43,1972.82,1963.23,STOP,-1.905,LOSS,2023-07-26,1,LiquiditySweep
LiquiditySweep,2023-07-26 11:45:00,SHORT,1971.91,1975.46,1968.07,TARGET,0.748,WIN,2023-07-26,1,LiquidityRun
StructureSweep,2023-07-26 13:00:00,LONG,1969.8,1967.62,1974.15,STOP,-1.993,LOSS,2023-07-26,1,TridentKillzone
LiquidityRun,2023-07-26 13:15:00,SHORT,1967.78,1973.91,1949.37,STOP,-1.354,LOSS,2023-07-26,1,LiquiditySweep
LiquiditySweep,2023-07-26 15:15:00,SHORT,1972.9,1977.92,1969.59,TARGET,0.422,WIN,2023-07-26,1,LiquidityRun
LiquiditySweep,2023-07-26 19:00:00,SHORT,1973.82,1980.41,1969.59,STOP,-1.33,LOSS,2023-07-26,1,LiquidityRun
LiquidityRun,2023-07-26 20:15:00,SHORT,1972.68,1976.13,1962.33,STOP,-1.63,LOSS,2023-07-26,1,LiquiditySweep
LiquidityRun,2023-07-27 03:00:00,SHORT,1979.43,1982.14,1971.32,TARGET,2.561,WIN,2023-07-27,0,
PriorDayLevels,2023-07-27 12:00:00,LONG,1961.96,1956.08,1978.24,TARGET,2.632,WIN,2023-07-27,0,
Inducement+FVG,2023-07-27 12:15:00,LONG,1973.78,1968.73,1982.13,STOP,-1.429,LOSS,2023-07-27,0,
LiquidityRun,2023-07-27 15:45:00,LONG,1946.88,1943.38,1957.39,STOP,-1.61,LOSS,2023-07-27,0,
LiquidityRun,2023-07-27 17:15:00,LONG,1946.53,1942.55,1958.46,TARGET,2.706,WIN,2023-07-27,0,
LiquidityRun,2023-07-28 17:45:00,SHORT,1959.56,1963.11,1948.92,STOP,-1.608,LOSS,2023-07-28,0,
StructureSweep,2023-07-30 23:00:00,LONG,1958.79,1955.42,1963.46,STOP,-1.638,LOSS,2023-07-30,0,
Inducement+FVG,2023-07-31 08:45:00,LONG,1953.53,1950.68,1963.46,TARGET,3.071,WIN,2023-07-31,0,
StructureSweep,2023-07-31 10:30:00,SHORT,1956.85,1959.33,1950.72,STOP,-1.87,LOSS,2023-07-31,1,PriorDayLevels
PriorDayLevels,2023-07-31 11:00:00,SHORT,1960.47,1966.35,1957.37,STOP,-1.368,LOSS,2023-07-31,1,StructureSweep
LiquidityRun,2023-07-31 18:15:00,SHORT,1968.56,1972.52,1956.68,TARGET,2.702,WIN,2023-07-31,0,
Inducement+FVG,2023-08-01 00:15:00,LONG,1963.59,1960.35,1972.33,STOP,-1.664,LOSS,2023-08-01,0,
Inducement+FVG,2023-08-01 07:00:00,LONG,1956.1,1953.63,1963.46,STOP,-1.872,LOSS,2023-08-01,0,
PriorDayLevels,2023-08-01 12:00:00,LONG,1950.72,1944.87,1972.33,STOP,-1.366,LOSS,2023-08-01,1,Inducement+FVG
Inducement+FVG,2023-08-01 12:00:00,LONG,1953.12,1950.68,1972.33,STOP,-1.88,LOSS,2023-08-01,1,PriorDayLevels
LiquiditySweep,2023-08-01 15:15:00,LONG,1943.23,1938.36,1947.57,TARGET,0.652,WIN,2023-08-01,1,LiquidityRun
LiquidityRun,2023-08-01 18:00:00,LONG,1943.74,1940.47,1953.53,TARGET,2.642,WIN,2023-08-01,1,LiquiditySweep
StructureSweep,2023-08-02 06:15:00,SHORT,1948.78,1951.59,1945.23,STOP,-1.762,LOSS,2023-08-02,0,
LiquidityRun,2023-08-02 11:45:00,SHORT,1950.62,1953.77,1941.18,TARGET,2.629,WIN,2023-08-02,0,
StructureSweep,2023-08-02 12:15:00,LONG,1948.38,1943.25,1954.75,STOP,-1.417,LOSS,2023-08-02,1,Inducement+FVG
Inducement+FVG,2023-08-02 12:30:00,LONG,1945.58,1941.0,1972.33,STOP,-1.466,LOSS,2023-08-02,2,"PriorDayLevels,StructureSweep"
PriorDayLevels,2023-08-02 14:00:00,LONG,1941.21,1935.39,1964.63,STOP,-1.366,LOSS,2023-08-02,2,"Inducement+FVG,LiquidityRun"
LiquidityRun,2023-08-02 17:15:00,LONG,1938.48,1934.11,1951.56,STOP,-1.488,LOSS,2023-08-02,1,PriorDayLevels
LiquiditySweep,2023-08-03 06:45:00,LONG,1933.44,1929.82,1937.9,TARGET,0.91,WIN,2023-08-03,1,LiquidityRun
LiquidityRun,2023-08-03 07:30:00,LONG,1935.6,1931.54,1947.77,STOP,-1.524,LOSS,2023-08-03,1,LiquiditySweep
StructureSweep,2023-08-03 08:15:00,SHORT,1936.04,1939.52,1930.64,TARGET,1.216,WIN,2023-08-03,0,
LiquiditySweep,2023-08-03 12:15:00,LONG,1931.36,1926.6,1936.06,TARGET,0.743,WIN,2023-08-03,1,VolProfileReject
VolProfileReject,2023-08-03 12:30:00,LONG,1936.69,1927.57,1956.14,STOP,-1.233,LOSS,2023-08-03,1,LiquiditySweep
LiquiditySweep,2023-08-03 13:00:00,LONG,1930.92,1927.45,1936.06,TARGET,1.148,WIN,2023-08-03,1,VolProfileReject
StructureSweep,2023-08-03 14:30:00,SHORT,1936.46,1940.54,1929.5,STOP,-1.523,LOSS,2023-08-03,1,LiquidityRun
LiquidityRun,2023-08-03 15:45:00,SHORT,1933.02,1938.02,1918.03,STOP,-1.426,LOSS,2023-08-03,1,StructureSweep
PriorDayLevels,2023-08-04 12:00:00,SHORT,1938.82,1944.64,1929.5,TARGET,1.47,WIN,2023-08-04,1,LiquidityRun
LiquiditySweep,2023-08-04 12:30:00,LONG,1939.67,1922.33,1945.5,TARGET,0.269,WIN,2023-08-04,0,
LiquidityRun,2023-08-04 15:00:00,SHORT,1939.66,1942.64,1930.72,STOP,-1.717,LOSS,2023-08-04,1,PriorDayLevels
LiquidityRun,2023-08-04 17:00:00,SHORT,1941.54,1944.19,1933.56,STOP,-1.805,LOSS,2023-08-04,0,
LiquidityRun,2023-08-07 08:45:00,LONG,1936.15,1933.8,1943.19,STOP,-1.907,LOSS,2023-08-07,0,
LiquidityRun,2023-08-07 11:45:00,LONG,1936.18,1933.08,1945.47,STOP,-1.687,LOSS,2023-08-07,1,StructureSweep
StructureSweep,2023-08-07 14:45:00,LONG,1934.13,1931.18,1941.65,STOP,-1.719,LOSS,2023-08-07,1,LiquidityRun
LiquidityRun,2023-08-07 16:30:00,LONG,1934.44,1931.73,1942.56,STOP,-1.785,LOSS,2023-08-07,1,StructureSweep
LiquidityRun,2023-08-08 02:30:00,LONG,1934.49,1930.65,1946.0,STOP,-1.554,LOSS,2023-08-08,0,
StructureSweep,2023-08-08 09:00:00,SHORT,1934.05,1937.54,1930.16,TARGET,0.783,WIN,2023-08-08,0,
LiquidityRun,2023-08-08 09:00:00,LONG,1934.05,1931.85,1940.65,STOP,-1.966,LOSS,2023-08-08,0,
LiquidityRun,2023-08-08 14:30:00,LONG,1931.21,1925.45,1948.5,STOP,-1.368,LOSS,2023-08-08,0,
LiquidityRun,2023-08-08 16:30:00,LONG,1927.22,1923.99,1936.9,STOP,-1.656,LOSS,2023-08-08,0,
LiquidityRun,2023-08-09 06:15:00,SHORT,1929.69,1932.72,1920.6,TARGET,2.619,WIN,2023-08-09,0,
LiquiditySweep,2023-08-09 12:00:00,LONG,1923.55,1919.62,1926.56,TARGET,0.472,WIN,2023-08-09,1,PriorDayLevels
PriorDayLevels,2023-08-09 12:00:00,LONG,1922.71,1916.94,1937.3,STOP,-1.366,LOSS,2023-08-09,1,LiquiditySweep
LiquiditySweep,2023-08-09 22:00:00,LONG,1915.75,1911.75,1916.88,TARGET,-0.005,BE,2023-08-09,1,LiquidityRun
LiquidityRun,2023-08-09 22:15:00,LONG,1915.9,1912.99,1924.62,TARGET,2.604,WIN,2023-08-09,1,LiquiditySweep
StructureSweep,2023-08-09 23:15:00,SHORT,1916.7,1918.81,1914.03,STOP,-1.999,LOSS,2023-08-09,0,
PriorDayLevels,2023-08-10 14:00:00,LONG,1914.03,1908.28,1932.2,EOD,-0.657,LOSS,2023-08-10,1,LiquiditySweep
LiquidityRun,2023-08-10 14:15:00,SHORT,1917.03,1922.8,1899.72,TARGET,2.801,WIN,2023-08-10,0,
LiquiditySweep,2023-08-10 14:45:00,LONG,1915.01,1910.59,1916.88,TARGET,0.162,WIN,2023-08-10,1,PriorDayLevels
LiquiditySweep,2023-08-10 18:00:00,LONG,1913.87,1909.97,1916.88,TARGET,0.478,WIN,2023-08-10,1,PriorDayLevels
LiquiditySweep,2023-08-14 01:00:00,LONG,1911.62,1907.63,1915.18,TARGET,0.607,WIN,2023-08-14,0,
StructureSweep,2023-08-14 03:45:00,SHORT,1912.7,1914.85,1910.06,STOP,-1.977,LOSS,2023-08-14,0,
LiquiditySweep,2023-08-14 12:45:00,LONG,1910.32,1905.04,1912.71,STOP,-1.398,LOSS,2023-08-14,0,
StructureSweep,2023-08-14 20:45:00,LONG,1907.42,1904.97,1913.16,STOP,-1.858,LOSS,2023-08-14,0,
StructureSweep,2023-08-14 23:15:00,LONG,1907.21,1905.2,1913.16,STOP,-2.04,LOSS,2023-08-14,0,
LiquiditySweep,2023-08-15 11:15:00,LONG,1903.42,1899.1,1907.46,STOP,-1.484,LOSS,2023-08-15,1,LiquidityRun
LiquiditySweep,2023-08-15 12:45:00,LONG,1903.4,1899.35,1907.46,TARGET,0.719,WIN,2023-08-15,1,LiquidityRun
LiquidityRun,2023-08-15 14:30:00,LONG,1907.13,1904.09,1916.24,STOP,-1.69,LOSS,2023-08-15,1,LiquiditySweep
StructureSweep,2023-08-15 14:30:00,SHORT,1907.13,1911.9,1896.21,TARGET,2.048,WIN,2023-08-15,1,LiquidityRun
LiquidityRun,2023-08-15 16:45:00,SHORT,1903.6,1906.93,1893.6,STOP,-1.629,LOSS,2023-08-15,1,StructureSweep
PriorDayLevels,2023-08-15 19:00:00,LONG,1902.46,1896.76,1916.16,EOD,-0.55,LOSS,2023-08-15,0,
LiquidityRun,2023-08-16 13:30:00,LONG,1904.96,1900.41,1918.6,STOP,-1.46,LOSS,2023-08-16,0,
PriorDayLevels,2023-08-16 18:00:00,LONG,1896.21,1890.52,1911.56,EOD,-0.878,LOSS,2023-08-16,0,
LiquidityRun,2023-08-16 22:15:00,LONG,1894.47,1891.21,1904.25,STOP,-1.639,LOSS,2023-08-16,0,
LiquidityRun,2023-08-17 09:00:00,SHORT,1894.01,1897.09,1884.78,STOP,-1.678,LOSS,2023-08-17,0,
LiquidityRun,2023-08-17 13:45:00,SHORT,1895.91,1903.08,1874.42,STOP,-1.292,LOSS,2023-08-17,0,
PriorDayLevels,2023-08-17 15:00:00,LONG,1891.67,1885.99,1907.15,STOP,-1.366,LOSS,2023-08-17,2,"LiquiditySweep,StructureSweep"
StructureSweep,2023-08-17 15:15:00,LONG,1893.68,1891.45,1903.41,STOP,-1.935,LOSS,2023-08-17,2,"LiquiditySweep,PriorDayLevels"
LiquiditySweep,2023-08-17 15:45:00,LONG,1889.43,1886.26,1893.91,STOP,-1.655,LOSS,2023-08-17,2,"PriorDayLevels,StructureSweep"
StructureSweep,2023-08-17 22:15:00,SHORT,1889.59,1892.04,1885.0,STOP,-1.848,LOSS,2023-08-17,0,
LiquiditySweep,2023-08-21 01:30:00,LONG,1886.46,1882.11,1890.08,TARGET,0.573,WIN,2023-08-21,0,
VolProfileReject,2023-08-21 03:00:00,LONG,1893.17,1883.05,1894.93,TARGET,0.062,WIN,2023-08-21,0,
PriorDayLevels,2023-08-21 13:00:00,LONG,1888.8,1883.13,1890.82,TARGET,0.224,WIN,2023-08-21,0,
StructureSweep,2023-08-21 23:45:00,SHORT,1894.66,1897.39,1885.23,STOP,-1.764,LOSS,2023-08-21,0,
Inducement+FVG,2023-08-22 00:00:00,LONG,1894.06,1891.69,1898.65,TARGET,1.449,WIN,2023-08-22,0,
LiquiditySweep,2023-08-22 09:45:00,SHORT,1902.75,1906.52,1894.18,TARGET,1.973,WIN,2023-08-22,0,
LiquidityRun,2023-08-22 12:30:00,SHORT,1896.93,1903.68,1876.68,STOP,-1.31,LOSS,2023-08-22,0,
Inducement+FVG,2023-08-22 13:15:00,LONG,1894.59,1891.69,1898.65,STOP,-1.717,LOSS,2023-08-22,0,
LiquiditySweep,2023-08-23 06:30:00,SHORT,1904.34,1907.52,1900.11,STOP,-1.66,LOSS,2023-08-23,1,LiquidityRun
LiquidityRun,2023-08-23 10:00:00,SHORT,1902.4,1904.88,1894.97,STOP,-1.846,LOSS,2023-08-23,1,LiquiditySweep
LiquiditySweep,2023-08-23 12:45:00,SHORT,1903.62,1911.17,1901.64,STOP,-1.278,LOSS,2023-08-23,1,LiquidityRun
LiquidityRun,2023-08-23 18:15:00,SHORT,1917.34,1919.83,1909.87,STOP,-1.847,LOSS,2023-08-23,0,
LiquiditySweep,2023-08-24 02:30:00,SHORT,1919.99,1923.66,1914.44,TARGET,1.198,WIN,2023-08-24,0,
LiquidityRun,2023-08-24 11:30:00,SHORT,1917.78,1920.53,1909.54,STOP,-1.768,LOSS,2023-08-24,1,LiquiditySweep
Inducement+FVG,2023-08-24 11:45:00,LONG,1916.57,1913.74,1920.29,STOP,-1.745,LOSS,2023-08-24,0,
Inducement+FVG,2023-08-24 12:45:00,LONG,1915.1,1910.22,1920.29,TARGET,0.829,WIN,2023-08-24,0,
LiquiditySweep,2023-08-24 14:45:00,SHORT,1921.37,1926.03,1919.94,TARGET,0.059,WIN,2023-08-24,1,LiquidityRun
LiquidityRun,2023-08-24 16:15:00,SHORT,1919.31,1922.35,1910.2,TARGET,2.621,WIN,2023-08-24,1,LiquiditySweep
Inducement+FVG,2023-08-25 13:00:00,LONG,1915.85,1913.48,1923.15,STOP,-1.89,LOSS,2023-08-25,1,PriorDayLevels
PriorDayLevels,2023-08-25 14:00:00,LONG,1911.75,1906.02,1923.15,STOP,-1.366,LOSS,2023-08-25,2,"Inducement+FVG,LiquidityRun"
LiquidityRun,2023-08-25 15:45:00,LONG,1907.75,1905.31,1915.04,TARGET,2.529,WIN,2023-08-25,1,PriorDayLevels
StructureSweep,2023-08-25 20:45:00,SHORT,1914.32,1916.83,1903.54,STOP,-1.839,LOSS,2023-08-25,0,
LiquidityRun,2023-08-28 06:45:00,SHORT,1915.89,1918.77,1907.26,STOP,-1.733,LOSS,2023-08-28,0,
LiquiditySweep,2023-08-28 16:15:00,SHORT,1923.12,1928.08,1919.94,TARGET,0.409,WIN,2023-08-28,1,LiquidityRun
LiquidityRun,2023-08-28 16:30:00,SHORT,1922.77,1926.36,1911.99,STOP,-1.589,LOSS,2023-08-28,1,LiquiditySweep
Inducement+FVG,2023-08-29 07:00:00,LONG,1922.12,1920.16,1925.99,STOP,-2.075,LOSS,2023-08-29,0,
PriorDayLevels,2023-08-29 14:00:00,SHORT,1925.99,1931.77,1912.69,STOP,-1.368,LOSS,2023-08-29,0,
LiquidityRun,2023-08-29 16:15:00,SHORT,1934.92,1938.2,1925.06,STOP,-1.649,LOSS,2023-08-29,0,
LiquiditySweep,2023-08-30 09:30:00,SHORT,1937.65,1941.34,1935.92,STOP,-1.578,LOSS,2023-08-30,1,LiquidityRun
LiquidityRun,2023-08-30 10:15:00,SHORT,1936.76,1939.46,1928.66,STOP,-1.79,LOSS,2023-08-30,1,LiquiditySweep
LiquidityRun,2023-08-30 17:45:00,SHORT,1943.65,1946.71,1934.47,STOP,-1.7,LOSS,2023-08-30,0,
StructureSweep,2023-08-31 00:30:00,SHORT,1945.14,1947.41,1942.07,STOP,-1.944,LOSS,2023-08-31,0,
StructureSweep,2023-08-31 05:15:00,LONG,1944.96,1942.72,1947.66,TARGET,0.685,WIN,2023-08-31,1,Inducement+FVG
Inducement+FVG,2023-08-31 06:30:00,LONG,1943.66,1941.19,1949.01,STOP,-1.865,LOSS,2023-08-31,1,StructureSweep
Inducement+FVG,2023-08-31 13:45:00,LONG,1943.68,1939.95,1949.01,STOP,-1.573,LOSS,2023-08-31,1,LiquidityRun
Inducement+FVG,2023-08-31 15:45:00,LONG,1940.59,1938.24,1949.01,STOP,-1.906,LOSS,2023-08-31,1,LiquidityRun
LiquidityRun,2023-08-31 16:15:00,LONG,1941.99,1938.96,1951.1,STOP,-1.703,LOSS,2023-08-31,1,Inducement+FVG
LiquidityRun,2023-09-01 01:15:00,LONG,1942.77,1937.43,1958.78,STOP,-1.4,LOSS,2023-09-01,0,
StructureSweep,2023-09-01 02:15:00,SHORT,1941.89,1944.39,1938.64,TARGET,0.832,WIN,2023-09-01,0,
PriorDayLevels,2023-09-01 12:00:00,SHORT,1947.72,1953.56,1939.03,TARGET,1.354,WIN,2023-09-01,2,"LiquiditySweep,VolProfileReject"
LiquiditySweep,2023-09-01 12:30:00,SHORT,1948.17,1955.73,1944.7,TARGET,0.304,WIN,2023-09-01,2,"PriorDayLevels,VolProfileReject"
VolProfileReject,2023-09-01 13:45:00,SHORT,1943.81,1954.75,1935.99,TARGET,0.608,WIN,2023-09-01,2,"LiquiditySweep,PriorDayLevels"
StructureSweep,2023-09-01 14:00:00,LONG,1941.22,1935.53,1952.8,STOP,-1.374,LOSS,2023-09-01,2,"LiquidityRun,PriorDayLevels"
StructureSweep,2023-09-01 14:45:00,LONG,1940.06,1935.12,1952.8,STOP,-1.432,LOSS,2023-09-01,2,"LiquidityRun,PriorDayLevels"
PriorDayLevels,2023-09-01 15:00:00,LONG,1939.03,1933.22,1947.72,EOD,-0.251,LOSS,2023-09-01,2,"LiquidityRun,StructureSweep"
LiquidityRun,2023-09-01 15:00:00,LONG,1939.13,1936.68,1946.48,STOP,-1.87,LOSS,2023-09-01,2,"PriorDayLevels,StructureSweep"
PriorDayLevels,2023-09-04 13:00:00,LONG,1939.41,1933.59,1941.0,EOD,-0.667,LOSS,2023-09-04,0,
LiquidityRun,2023-09-05 04:30:00,LONG,1938.5,1935.27,1948.2,STOP,-1.659,LOSS,2023-09-05,1,LiquiditySweep
StructureSweep,2023-09-05 04:45:00,SHORT,1938.55,1940.83,1934.72,TARGET,1.172,WIN,2023-09-05,0,
LiquiditySweep,2023-09-05 08:00:00,LONG,1934.95,1931.38,1938.62,STOP,-1.595,LOSS,2023-09-05,1,LiquidityRun
LiquidityRun,2023-09-05 12:45:00,LONG,1933.74,1929.15,1947.52,STOP,-1.462,LOSS,2023-09-05,0,
LiquidityRun,2023-09-05 19:30:00,LONG,1926.31,1924.14,1932.82,STOP,-1.976,LOSS,2023-09-05,0,
LiquiditySweep,2023-09-06 01:00:00,LONG,1925.3,1921.67,1927.44,TARGET,0.268,WIN,2023-09-06,0,
LiquiditySweep,2023-09-06 08:45:00,LONG,1924.68,1920.7,1926.88,TARGET,0.262,WIN,2023-09-06,2,"LiquidityRun,VolProfileReject"
LiquidityRun,2023-09-06 09:00:00,LONG,1924.66,1921.8,1933.26,STOP,-1.739,LOSS,2023-09-06,2,"LiquiditySweep,VolProfileReject"
VolProfileReject,2023-09-06 10:00:00,LONG,1927.39,1920.62,1945.03,STOP,-1.312,LOSS,2023-09-06,2,"LiquidityRun,LiquiditySweep"
LiquiditySweep,2023-09-06 13:30:00,LONG,1923.87,1918.22,1926.88,TARGET,0.328,WIN,2023-09-06,2,"LiquidityRun,VolProfileReject"
LiquidityRun,2023-09-06 13:45:00,LONG,1928.12,1920.49,1950.99,STOP,-1.277,LOSS,2023-09-06,2,"LiquiditySweep,VolProfileReject"
LiquidityRun,2023-09-06 14:15:00,SHORT,1918.89,1925.86,1897.96,STOP,-1.303,LOSS,2023-09-06,0,
StructureSweep,2023-09-07 07:30:00,LONG,1917.53,1915.32,1920.66,TARGET,0.894,WIN,2023-09-07,0,
LiquidityRun,2023-09-08 03:30:00,SHORT,1925.14,1927.79,1917.22,STOP,-1.803,LOSS,2023-09-08,0,
StructureSweep,2023-09-08 08:15:00,LONG,1924.42,1921.63,1927.24,STOP,-1.757,LOSS,2023-09-08,0,
LiquidityRun,2023-09-08 15:00:00,SHORT,1921.83,1928.33,1902.32,STOP,-1.326,LOSS,2023-09-08,0,
Inducement+FVG,2023-09-08 16:15:00,LONG,1918.23,1916.31,1923.52,TARGET,2.155,WIN,2023-09-08,0,
StructureSweep,2023-09-11 00:15:00,SHORT,1919.4,1921.62,1916.58,STOP,-1.953,LOSS,2023-09-11,0,
LiquiditySweep,2023-09-11 07:15:00,SHORT,1928.23,1933.37,1924.24,TARGET,0.553,WIN,2023-09-11,1,LiquidityRun
LiquidityRun,2023-09-11 07:45:00,SHORT,1926.42,1929.98,1915.76,STOP,-1.597,LOSS,2023-09-11,1,LiquiditySweep
StructureSweep,2023-09-11 10:00:00,LONG,1925.4,1923.19,1930.47,STOP,-1.957,LOSS,2023-09-11,0,
Inducement+FVG,2023-09-11 14:30:00,LONG,1923.17,1919.04,1929.64,STOP,-1.511,LOSS,2023-09-11,0,
LiquidityRun,2023-09-12 03:30:00,LONG,1923.8,1921.13,1931.79,STOP,-1.794,LOSS,2023-09-12,0,
LiquidityRun,2023-09-12 05:15:00,SHORT,1921.22,1924.12,1912.5,TARGET,2.604,WIN,2023-09-12,0,
LiquidityRun,2023-09-12 14:30:00,LONG,1913.46,1908.82,1927.38,STOP,-1.453,LOSS,2023-09-12,0,
StructureSweep,2023-09-12 16:15:00,SHORT,1913.95,1916.92,1907.35,TARGET,1.831,WIN,2023-09-12,0,
PriorDayLevels,2023-09-13 12:00:00,LONG,1907.35,1901.63,1924.45,EOD,-0.048,BE,2023-09-13,2,"LiquiditySweep,VolProfileReject"
LiquiditySweep,2023-09-13 12:30:00,LONG,1910.54,1902.61,1912.52,TARGET,0.106,WIN,2023-09-13,2,"PriorDayLevels,VolProfileReject"
VolProfileReject,2023-09-13 12:45:00,LONG,1912.24,1903.56,1927.58,STOP,-1.242,LOSS,2023-09-13,2,"LiquiditySweep,PriorDayLevels"
LiquidityRun,2023-09-13 15:45:00,SHORT,1910.38,1913.87,1899.88,STOP,-1.602,LOSS,2023-09-13,0,
StructureSweep,2023-09-13 23:00:00,LONG,1908.8,1905.52,1915.7,STOP,-1.641,LOSS,2023-09-13,0,
LiquiditySweep,2023-09-14 07:30:00,LONG,1905.7,1902.54,1909.78,TARGET,0.932,WIN,2023-09-14,0,
LiquiditySweep,2023-09-14 13:00:00,LONG,1907.15,1901.06,1909.08,STOP,-1.344,LOSS,2023-09-14,0,
LiquidityRun,2023-09-15 10:00:00,SHORT,1917.83,1920.24,1910.58,STOP,-1.874,LOSS,2023-09-15,0,
StructureSweep,2023-09-15 17:00:00,LONG,1925.2,1922.73,1930.37,STOP,-1.858,LOSS,2023-09-15,0,
LiquidityRun,2023-09-15 17:30:00,SHORT,1923.85,1926.58,1915.65,STOP,-1.775,LOSS,2023-09-15,0,
LiquiditySweep,2023-09-18 05:45:00,SHORT,1929.83,1933.47,1924.67,TARGET,1.1,WIN,2023-09-18,1,LiquidityRun
LiquidityRun,2023-09-18 07:45:00,SHORT,1926.44,1929.98,1915.82,STOP,-1.599,LOSS,2023-09-18,1,LiquiditySweep
LiquidityRun,2023-09-18 18:15:00,SHORT,1931.42,1933.98,1923.77,STOP,-1.834,LOSS,2023-09-18,1,LiquiditySweep
LiquiditySweep,2023-09-18 19:45:00,SHORT,1933.28,1936.43,1927.61,STOP,-1.675,LOSS,2023-09-18,1,LiquidityRun
LiquidityRun,2023-09-19 00:30:00,SHORT,1932.98,1935.72,1924.77,STOP,-1.778,LOSS,2023-09-19,0,
LiquiditySweep,2023-09-19 12:15:00,SHORT,1935.97,1940.25,1931.68,TARGET,0.729,WIN,2023-09-19,1,LiquidityRun
TridentKillzone,2023-09-19 13:30:00,LONG,1934.72,1933.02,1968.78,STOP,-3.416,LOSS,2023-09-19,2,"Inducement+FVG,StructureSweep"
LiquidityRun,2023-09-19 14:15:00,SHORT,1931.42,1936.47,1916.25,STOP,-1.421,LOSS,2023-09-19,1,LiquiditySweep
Inducement+FVG,2023-09-19 16:30:00,LONG,1931.27,1928.65,1934.53,STOP,-1.81,LOSS,2023-09-19,2,"StructureSweep,TridentKillzone"
StructureSweep,2023-09-19 17:00:00,LONG,1931.03,1928.69,1937.34,STOP,-1.904,LOSS,2023-09-19,2,"Inducement+FVG,TridentKillzone"
Inducement+FVG,2023-09-20 01:15:00,LONG,1929.46,1927.45,1937.34,TARGET,3.35,WIN,2023-09-20,0,
StructureSweep,2023-09-20 05:45:00,SHORT,1931.14,1933.62,1928.27,TARGET,0.687,WIN,2023-09-20,0,
PriorDayLevels,2023-09-20 13:00:00,SHORT,1937.34,1943.16,1929.72,STOP,-1.368,LOSS,2023-09-20,1,LiquidityRun
LiquidityRun,2023-09-20 15:45:00,SHORT,1941.82,1946.14,1928.87,STOP,-1.496,LOSS,2023-09-20,1,PriorDayLevels
LiquidityRun,2023-09-20 18:15:00,SHORT,1942.92,1947.9,1927.99,TARGET,2.766,WIN,2023-09-20,0,
PriorDayLevels,2023-09-20 20:00:00,LONG,1929.72,1923.93,1937.34,EOD,-0.418,LOSS,2023-09-20,1,StructureSweep
StructureSweep,2023-09-20 20:00:00,LONG,1931.53,1928.42,1947.36,STOP,-1.683,LOSS,2023-09-20,1,PriorDayLevels
LiquidityRun,2023-09-21 01:45:00,LONG,1926.8,1924.39,1934.0,STOP,-1.882,LOSS,2023-09-21,0,
StructureSweep,2023-09-21 05:15:00,SHORT,1928.35,1930.59,1924.19,TARGET,1.338,WIN,2023-09-21,0,
LiquiditySweep,2023-09-21 09:30:00,LONG,1924.13,1919.73,1928.13,STOP,-1.48,LOSS,2023-09-21,1,LiquidityRun
LiquidityRun,2023-09-21 09:45:00,LONG,1924.64,1921.23,1934.87,STOP,-1.62,LOSS,2023-09-21,1,LiquiditySweep
LiquidityRun,2023-09-21 14:15:00,LONG,1921.63,1916.93,1935.72,STOP,-1.449,LOSS,2023-09-21,0,
LiquidityRun,2023-09-22 03:00:00,SHORT,1924.45,1926.5,1918.31,STOP,-2.035,LOSS,2023-09-22,0,
LiquidityRun,2023-09-22 08:15:00,SHORT,1926.43,1929.04,1918.61,STOP,-1.814,LOSS,2023-09-22,0,
StructureSweep,2023-09-22 12:30:00,LONG,1925.3,1922.18,1928.68,TARGET,0.714,WIN,2023-09-22,0,
LiquidityRun,2023-09-22 16:30:00,SHORT,1926.48,1929.4,1917.71,TARGET,2.605,WIN,2023-09-22,0,
StructureSweep,2023-09-22 18:45:00,LONG,1924.91,1922.32,1929.05,STOP,-1.815,LOSS,2023-09-22,0,
Inducement+FVG,2023-09-25 01:30:00,LONG,1922.95,1919.84,1929.05,STOP,-1.68,LOSS,2023-09-25,0,
StructureSweep,2023-09-25 07:30:00,SHORT,1924.0,1926.55,1920.83,STOP,-1.829,LOSS,2023-09-25,0,
LiquiditySweep,2023-09-26 02:15:00,LONG,1914.08,1910.87,1916.74,STOP,-1.655,LOSS,2023-09-26,1,LiquidityRun
LiquidityRun,2023-09-26 04:30:00,LONG,1913.96,1911.7,1920.73,STOP,-1.931,LOSS,2023-09-26,1,LiquiditySweep
LiquiditySweep,2023-09-26 07:30:00,LONG,1912.97,1908.65,1915.13,TARGET,0.236,WIN,2023-09-26,1,LiquidityRun
LiquidityRun,2023-09-26 08:00:00,LONG,1914.55,1911.2,1924.58,STOP,-1.629,LOSS,2023-09-26,1,LiquiditySweep
LiquidityRun,2023-09-26 22:00:00,LONG,1901.22,1898.66,1908.92,STOP,-1.815,LOSS,2023-09-26,0,
StructureSweep,2023-09-27 03:45:00,LONG,1899.87,1897.4,1903.71,STOP,-1.845,LOSS,2023-09-27,0,
LiquidityRun,2023-09-27 18:45:00,LONG,1875.97,1872.17,1887.39,STOP,-1.541,LOSS,2023-09-27,0,
StructureSweep,2023-09-28 08:30:00,LONG,1874.92,1871.76,1878.17,TARGET,0.675,WIN,2023-09-28,0,
LiquiditySweep,2023-09-28 13:00:00,LONG,1873.73,1869.48,1877.12,STOP,-1.484,LOSS,2023-09-28,1,VolProfileReject
VolProfileReject,2023-09-28 14:00:00,LONG,1875.26,1869.39,1914.79,STOP,-1.351,LOSS,2023-09-28,1,LiquiditySweep
LiquidityRun,2023-09-28 15:45:00,LONG,1864.72,1860.05,1878.73,TARGET,2.76,WIN,2023-09-28,0,
PriorDayLevels,2023-09-29 13:00:00,SHORT,1879.49,1885.13,1857.64,TARGET,3.742,WIN,2023-09-29,0,
LiquidityRun,2023-09-29 13:45:00,SHORT,1870.58,1876.54,1852.7,TARGET,2.812,WIN,2023-09-29,0,
PriorDayLevels,2023-09-29 16:00:00,LONG,1857.64,1852.07,1879.49,STOP,-1.366,LOSS,2023-09-29,0,
LiquidityRun,2023-09-29 19:00:00,LONG,1849.13,1845.73,1859.34,STOP,-1.597,LOSS,2023-09-29,0,
LiquidityRun,2023-10-02 00:00:00,LONG,1848.27,1845.18,1857.53,STOP,-1.658,LOSS,2023-10-02,1,LiquiditySweep
LiquiditySweep,2023-10-02 01:00:00,LONG,1846.81,1842.64,1850.23,STOP,-1.487,LOSS,2023-10-02,1,LiquidityRun
LiquidityRun,2023-10-02 03:00:00,LONG,1843.89,1841.6,1850.77,STOP,-1.884,LOSS,2023-10-02,1,LiquiditySweep
LiquidityRun,2023-10-02 06:30:00,LONG,1844.72,1840.65,1856.93,STOP,-1.498,LOSS,2023-10-02,0,
StructureSweep,2023-10-02 07:00:00,SHORT,1844.73,1847.81,1839.26,TARGET,1.417,WIN,2023-10-02,0,
LiquidityRun,2023-10-02 08:15:00,LONG,1842.38,1839.32,1851.59,STOP,-1.66,LOSS,2023-10-02,0,
LiquidityRun,2023-10-02 11:45:00,LONG,1837.26,1833.96,1847.18,STOP,-1.611,LOSS,2023-10-02,0,
LiquidityRun,2023-10-02 15:15:00,LONG,1833.1,1828.29,1847.55,STOP,-1.418,LOSS,2023-10-02,0,
LiquidityRun,2023-10-02 23:45:00,LONG,1824.94,1821.28,1835.92,STOP,-1.548,LOSS,2023-10-02,0,
LiquidityRun,2023-10-03 03:45:00,LONG,1820.49,1816.63,1832.07,TARGET,2.716,WIN,2023-10-03,0,
StructureSweep,2023-10-03 13:15:00,LONG,1823.63,1821.63,1829.09,TARGET,2.184,WIN,2023-10-03,1,PriorDayLevels
PriorDayLevels,2023-10-03 14:00:00,LONG,1820.4,1814.94,1848.88,EOD,0.164,WIN,2023-10-03,1,StructureSweep
LiquidityRun,2023-10-03 17:00:00,SHORT,1823.98,1827.09,1814.64,STOP,-1.645,LOSS,2023-10-03,0,
StructureSweep,2023-10-04 09:00:00,SHORT,1823.1,1826.3,1816.67,STOP,-1.626,LOSS,2023-10-04,0,
LiquidityRun,2023-10-04 13:30:00,SHORT,1822.8,1827.47,1808.78,STOP,-1.43,LOSS,2023-10-04,0,
StructureSweep,2023-10-04 15:00:00,LONG,1822.84,1815.49,1830.54,STOP,-1.272,LOSS,2023-10-04,0,
PriorDayLevels,2023-10-05 12:00:00,LONG,1816.56,1811.11,1830.54,EOD,0.498,WIN,2023-10-05,2,"LiquidityRun,LiquiditySweep"
LiquiditySweep,2023-10-05 12:45:00,LONG,1815.64,1811.29,1821.72,TARGET,1.146,WIN,2023-10-05,1,PriorDayLevels
LiquidityRun,2023-10-05 13:30:00,LONG,1821.21,1814.74,1840.61,STOP,-1.309,LOSS,2023-10-05,1,PriorDayLevels
LiquidityRun,2023-10-06 04:45:00,SHORT,1822.73,1825.83,1813.42,TARGET,2.648,WIN,2023-10-06,0,
StructureSweep,2023-10-06 07:00:00,LONG,1819.95,1817.01,1824.51,TARGET,1.181,WIN,2023-10-06,0,
PriorDayLevels,2023-10-06 12:00:00,LONG,1812.99,1807.56,1829.17,TARGET,2.841,WIN,2023-10-06,1,LiquiditySweep
LiquiditySweep,2023-10-06 12:45:00,LONG,1815.05,1807.69,1821.84,TARGET,0.775,WIN,2023-10-06,1,PriorDayLevels
VolProfileReject,2023-10-06 13:15:00,LONG,1823.84,1808.59,1824.18,TARGET,-0.05,BE,2023-10-06,1,LiquidityRun
LiquidityRun,2023-10-06 13:15:00,LONG,1823.84,1814.15,1852.89,TARGET,2.886,WIN,2023-10-06,1,VolProfileReject
PriorDayLevels,2023-10-06 15:00:00,SHORT,1829.17,1834.66,1812.99,STOP,-1.368,LOSS,2023-10-06,0,
LiquidityRun,2023-10-08 22:30:00,SHORT,1847.62,1851.6,1835.71,STOP,-1.512,LOSS,2023-10-08,0,
LiquidityRun,2023-10-09 04:45:00,SHORT,1850.46,1853.96,1839.97,STOP,-1.583,LOSS,2023-10-09,0,
PriorDayLevels,2023-10-09 12:00:00,LONG,1845.52,1839.99,1854.64,TARGET,1.513,WIN,2023-10-09,0,
LiquidityRun,2023-10-09 14:30:00,LONG,1851.39,1845.94,1867.72,TARGET,2.795,WIN,2023-10-09,0,
StructureSweep,2023-10-09 14:30:00,SHORT,1851.39,1854.27,1844.16,STOP,-1.708,LOSS,2023-10-09,2,"LiquiditySweep,PriorDayLevels"
LiquiditySweep,2023-10-09 17:45:00,SHORT,1854.44,1858.17,1848.73,STOP,-1.546,LOSS,2023-10-09,2,"PriorDayLevels,StructureSweep"
PriorDayLevels,2023-10-09 18:00:00,SHORT,1854.64,1860.21,1845.52,STOP,-1.368,LOSS,2023-10-09,2,"LiquiditySweep,StructureSweep"
StructureSweep,2023-10-10 05:00:00,LONG,1860.82,1857.97,1865.28,STOP,-1.718,LOSS,2023-10-10,1,Inducement+FVG
Inducement+FVG,2023-10-10 06:30:00,LONG,1855.6,1853.57,1865.28,STOP,-2.007,LOSS,2023-10-10,1,StructureSweep
Inducement+FVG,2023-10-10 13:00:00,LONG,1856.18,1849.88,1865.28,TARGET,1.266,WIN,2023-10-10,0,
StructureSweep,2023-10-10 15:30:00,SHORT,1859.4,1862.45,1852.97,STOP,-1.671,LOSS,2023-10-10,0,
LiquidityRun,2023-10-11 11:30:00,SHORT,1871.7,1875.3,1860.89,STOP,-1.572,LOSS,2023-10-11,0,
LiquiditySweep,2023-10-11 16:45:00,SHORT,1874.29,1878.61,1867.35,STOP,-1.478,LOSS,2023-10-11,1,LiquidityRun
LiquidityRun,2023-10-11 17:15:00,SHORT,1873.35,1876.0,1865.41,STOP,-1.78,LOSS,2023-10-11,1,LiquiditySweep
LiquiditySweep,2023-10-12 02:00:00,SHORT,1876.58,1880.78,1873.3,STOP,-1.492,LOSS,2023-10-12,1,LiquidityRun
LiquidityRun,2023-10-12 02:15:00,SHORT,1875.6,1879.16,1864.92,STOP,-1.58,LOSS,2023-10-12,1,LiquiditySweep
LiquidityRun,2023-10-12 12:45:00,SHORT,1878.98,1884.44,1862.59,STOP,-1.379,LOSS,2023-10-12,0,
StructureSweep,2023-10-12 12:45:00,LONG,1878.98,1875.37,1882.59,STOP,-1.572,LOSS,2023-10-12,0,
PriorDayLevels,2023-10-13 09:00:00,SHORT,1884.92,1890.57,1867.88,STOP,-1.368,LOSS,2023-10-13,0,
LiquidityRun,2023-10-13 13:15:00,SHORT,1907.37,1912.1,1893.17,STOP,-1.444,LOSS,2023-10-13,0,
LiquidityRun,2023-10-15 22:00:00,SHORT,1922.14,1930.02,1898.51,STOP,-1.269,LOSS,2023-10-15,0,
StructureSweep,2023-10-16 12:30:00,SHORT,1918.19,1925.1,1908.14,STOP,-1.306,LOSS,2023-10-16,0,
Inducement+FVG,2023-10-17 01:30:00,LONG,1914.49,1911.05,1932.59,TARGET,4.915,WIN,2023-10-17,0,
PriorDayLevels,2023-10-17 10:00:00,SHORT,1925.93,1931.7,1908.14,EOD,-0.152,LOSS,2023-10-17,0,
LiquidityRun,2023-10-17 14:45:00,SHORT,1924.0,1927.93,1912.21,STOP,-1.539,LOSS,2023-10-17,0,
LiquidityRun,2023-10-18 02:45:00,SHORT,1937.22,1941.95,1923.03,STOP,-1.451,LOSS,2023-10-18,0,
LiquidityRun,2023-10-18 14:30:00,SHORT,1950.56,1956.28,1933.38,STOP,-1.375,LOSS,2023-10-18,0,
Inducement+FVG,2023-10-18 20:30:00,LONG,1948.7,1944.63,1962.56,TARGET,3.116,WIN,2023-10-18,0,
StructureSweep,2023-10-18 23:45:00,SHORT,1950.84,1953.59,1947.07,TARGET,0.947,WIN,2023-10-18,0,
LiquidityRun,2023-10-19 07:00:00,LONG,1949.45,1945.28,1961.96,TARGET,2.719,WIN,2023-10-19,1,TridentKillzone
TridentKillzone,2023-10-19 09:00:00,LONG,1948.07,1947.96,1950.19,TARGET,5.29,WIN,2023-10-19,1,LiquidityRun
PriorDayLevels,2023-10-19 17:00:00,SHORT,1962.56,1968.45,1923.76,STOP,-1.368,LOSS,2023-10-19,0,
LiquidityRun,2023-10-19 20:00:00,SHORT,1973.88,1977.92,1961.74,STOP,-1.537,LOSS,2023-10-19,0,
StructureSweep,2023-10-20 01:00:00,LONG,1973.18,1970.0,1982.4,TARGET,2.524,WIN,2023-10-20,0,
Inducement+FVG,2023-10-20 06:30:00,LONG,1976.07,1972.99,1982.4,TARGET,1.67,WIN,2023-10-20,0,
LiquiditySweep,2023-10-20 08:30:00,SHORT,1981.68,1986.47,1975.85,TARGET,0.969,WIN,2023-10-20,2,"LiquidityRun,StructureSweep"
StructureSweep,2023-10-20 08:30:00,SHORT,1981.68,1985.48,1974.06,STOP,-1.575,LOSS,2023-10-20,2,"LiquidityRun,LiquiditySweep"
LiquidityRun,2023-10-20 09:45:00,SHORT,1982.56,1985.93,1972.45,STOP,-1.648,LOSS,2023-10-20,2,"LiquiditySweep,StructureSweep"
Inducement+FVG,2023-10-20 11:45:00,LONG,1977.23,1974.92,1982.4,STOP,-1.94,LOSS,2023-10-20,0,
LiquidityRun,2023-10-20 16:00:00,SHORT,1988.3,1994.86,1968.61,TARGET,2.819,WIN,2023-10-20,0,
StructureSweep,2023-10-22 22:00:00,LONG,1975.64,1970.76,1997.12,STOP,-1.444,LOSS,2023-10-22,0,
LiquidityRun,2023-10-23 02:15:00,LONG,1971.16,1965.73,1987.44,STOP,-1.399,LOSS,2023-10-23,0,
StructureSweep,2023-10-23 16:30:00,SHORT,1977.24,1981.28,1970.08,TARGET,1.478,WIN,2023-10-23,0,
PriorDayLevels,2023-10-24 10:00:00,LONG,1964.31,1958.42,1982.75,STOP,-1.366,LOSS,2023-10-24,1,LiquidityRun
LiquidityRun,2023-10-24 11:45:00,LONG,1963.72,1959.79,1975.52,STOP,-1.548,LOSS,2023-10-24,1,PriorDayLevels
StructureSweep,2023-10-25 07:45:00,LONG,1971.15,1967.95,1975.92,TARGET,1.119,WIN,2023-10-25,1,LiquidityRun
LiquidityRun,2023-10-25 08:30:00,LONG,1973.85,1969.62,1986.55,STOP,-1.512,LOSS,2023-10-25,1,StructureSweep
LiquidityRun,2023-10-25 10:15:00,LONG,1973.05,1968.97,1985.28,TARGET,2.709,WIN,2023-10-25,1,StructureSweep
PriorDayLevels,2023-10-25 13:00:00,SHORT,1980.84,1986.78,1953.44,STOP,-1.368,LOSS,2023-10-25,1,LiquidityRun
LiquidityRun,2023-10-25 14:15:00,SHORT,1976.5,1980.95,1963.15,TARGET,2.734,WIN,2023-10-25,1,PriorDayLevels
StructureSweep,2023-10-25 15:15:00,LONG,1975.28,1970.34,1987.21,TARGET,2.173,WIN,2023-10-25,0,
LiquiditySweep,2023-10-26 03:30:00,SHORT,1987.2,1990.26,1977.66,STOP,-1.715,LOSS,2023-10-26,1,LiquidityRun
LiquidityRun,2023-10-26 05:30:00,SHORT,1986.85,1990.18,1976.87,STOP,-1.657,LOSS,2023-10-26,1,LiquiditySweep
LiquidityRun,2023-10-26 10:30:00,SHORT,1986.02,1992.25,1967.33,STOP,-1.351,LOSS,2023-10-26,0,
StructureSweep,2023-10-26 11:30:00,LONG,1984.07,1980.47,1993.39,STOP,-1.606,LOSS,2023-10-26,0,
Inducement+FVG,2023-10-26 14:15:00,LONG,1973.36,1969.05,1987.21,TARGET,2.935,WIN,2023-10-26,0,
PriorDayLevels,2023-10-26 17:00:00,SHORT,1987.21,1993.17,1963.0,EOD,0.108,WIN,2023-10-26,0,
Inducement+FVG,2023-10-26 23:45:00,LONG,1984.38,1981.31,1993.39,STOP,-1.71,LOSS,2023-10-26,0,
StructureSweep,2023-10-27 09:45:00,LONG,1985.84,1983.23,1989.92,STOP,-1.836,LOSS,2023-10-27,1,Inducement+FVG
Inducement+FVG,2023-10-27 12:45:00,LONG,1980.38,1973.78,1989.92,TARGET,1.263,WIN,2023-10-27,1,StructureSweep
PriorDayLevels,2023-10-27 17:00:00,SHORT,1993.39,1999.37,1971.74,STOP,-1.368,LOSS,2023-10-27,0,
LiquidityRun,2023-10-27 20:15:00,SHORT,2005.65,2008.74,1996.36,TARGET,2.612,WIN,2023-10-27,0,
Inducement+FVG,2023-10-30 07:45:00,LONG,1993.61,1986.51,2009.33,STOP,-1.308,LOSS,2023-10-30,1,LiquidityRun
LiquidityRun,2023-10-30 10:00:00,LONG,1995.99,1993.48,2003.52,STOP,-1.874,LOSS,2023-10-30,1,Inducement+FVG
StructureSweep,2023-10-30 14:30:00,LONG,1995.69,1990.02,2002.48,TARGET,0.987,WIN,2023-10-30,0,
LiquidityRun,2023-10-31 05:15:00,LONG,1994.49,1991.09,2004.7,TARGET,2.648,WIN,2023-10-31,0,
PriorDayLevels,2023-10-31 14:00:00,SHORT,2006.73,2012.75,1990.98,TARGET,2.484,WIN,2023-10-31,0,
LiquidityRun,2023-10-31 14:45:00,SHORT,1999.12,2005.86,1978.91,TARGET,2.823,WIN,2023-10-31,0,
StructureSweep,2023-10-31 15:00:00,LONG,1995.74,1990.39,2001.49,STOP,-1.409,LOSS,2023-10-31,1,PriorDayLevels
PriorDayLevels,2023-10-31 17:00:00,LONG,1990.98,1985.0,2006.73,STOP,-1.366,LOSS,2023-10-31,2,"LiquidityRun,StructureSweep"
LiquidityRun,2023-10-31 19:00:00,LONG,1986.28,1981.38,2001.01,STOP,-1.444,LOSS,2023-10-31,1,PriorDayLevels
LiquiditySweep,2023-11-01 04:30:00,LONG,1977.8,1973.13,1985.63,TARGET,1.423,WIN,2023-11-01,1,LiquidityRun
LiquidityRun,2023-11-01 04:45:00,LONG,1977.65,1974.94,1985.79,TARGET,2.562,WIN,2023-11-01,1,LiquiditySweep
LiquidityRun,2023-11-01 13:30:00,SHORT,1983.51,1986.2,1975.44,STOP,-1.812,LOSS,2023-11-01,0,
PriorDayLevels,2023-11-01 15:00:00,LONG,1978.81,1972.87,2007.85,STOP,-1.366,LOSS,2023-11-01,1,LiquiditySweep
LiquidityRun,2023-11-01 15:00:00,SHORT,1985.06,1990.27,1969.42,STOP,-1.42,LOSS,2023-11-01,0,
LiquiditySweep,2023-11-01 16:45:00,LONG,1977.75,1971.96,1980.97,TARGET,0.35,WIN,2023-11-01,1,PriorDayLevels
LiquiditySweep,2023-11-01 18:45:00,LONG,1974.9,1966.88,1980.97,TARGET,0.607,WIN,2023-11-01,1,PriorDayLevels
LiquidityRun,2023-11-02 11:30:00,SHORT,1988.44,1990.65,1981.8,STOP,-1.99,LOSS,2023-11-02,0,
LiquidityRun,2023-11-02 13:30:00,SHORT,1985.2,1990.54,1969.17,STOP,-1.409,LOSS,2023-11-02,0,
StructureSweep,2023-11-03 03:15:00,SHORT,1986.16,1988.59,1983.22,STOP,-1.9,LOSS,2023-11-03,0,
LiquidityRun,2023-11-03 16:00:00,SHORT,1991.02,1995.18,1978.51,TARGET,2.714,WIN,2023-11-03,0,
Inducement+FVG,2023-11-05 23:15:00,LONG,1988.72,1986.0,2004.0,STOP,-1.802,LOSS,2023-11-05,0,
StructureSweep,2023-11-06 15:30:00,LONG,1983.74,1980.7,1989.02,STOP,-1.718,LOSS,2023-11-06,0,
StructureSweep,2023-11-06 16:45:00,LONG,1983.42,1980.02,1989.02,STOP,-1.642,LOSS,2023-11-06,0,
LiquidityRun,2023-11-07 05:45:00,LONG,1973.64,1970.11,1984.21,STOP,-1.615,LOSS,2023-11-07,0,
LiquidityRun,2023-11-07 13:45:00,LONG,1966.45,1957.89,1992.14,STOP,-1.252,LOSS,2023-11-07,0,
StructureSweep,2023-11-08 13:30:00,SHORT,1964.3,1967.09,1959.42,TARGET,1.329,WIN,2023-11-08,0,
PriorDayLevels,2023-11-08 15:00:00,LONG,1956.66,1950.79,1977.0,STOP,-1.366,LOSS,2023-11-08,0,
LiquidityRun,2023-11-08 20:30:00,LONG,1949.23,1946.84,1956.42,STOP,-1.894,LOSS,2023-11-08,0,
StructureSweep,2023-11-09 03:30:00,LONG,1948.93,1945.82,1954.53,STOP,-1.687,LOSS,2023-11-09,0,
LiquiditySweep,2023-11-09 08:30:00,LONG,1949.21,1943.05,1951.75,TARGET,0.222,WIN,2023-11-09,2,"LiquidityRun,StructureSweep"
StructureSweep,2023-11-09 08:30:00,LONG,1949.21,1944.02,1954.53,TARGET,0.799,WIN,2023-11-09,2,"LiquidityRun,LiquiditySweep"
LiquidityRun,2023-11-09 08:45:00,LONG,1948.39,1945.04,1958.41,STOP,-1.641,LOSS,2023-11-09,2,"LiquiditySweep,StructureSweep"
LiquidityRun,2023-11-09 19:15:00,SHORT,1959.0,1964.71,1941.86,TARGET,2.795,WIN,2023-11-09,0,
StructureSweep,2023-11-09 19:45:00,LONG,1958.35,1955.49,1965.72,STOP,-1.753,LOSS,2023-11-09,0,
Inducement+FVG,2023-11-10 06:00:00,LONG,1957.07,1950.09,1965.72,STOP,-1.308,LOSS,2023-11-10,0,
PriorDayLevels,2023-11-10 12:00:00,LONG,1944.5,1938.66,1965.72,STOP,-1.366,LOSS,2023-11-10,1,LiquiditySweep
LiquiditySweep,2023-11-10 12:30:00,LONG,1944.84,1940.45,1949.22,STOP,-1.486,LOSS,2023-11-10,1,PriorDayLevels
LiquidityRun,2023-11-10 21:15:00,LONG,1937.25,1934.09,1946.75,STOP,-1.672,LOSS,2023-11-10,0,
LiquiditySweep,2023-11-12 23:30:00,LONG,1939.65,1918.49,1949.22,TARGET,0.397,WIN,2023-11-12,0,
StructureSweep,2023-11-13 07:30:00,SHORT,1939.58,1943.14,1934.06,TARGET,1.223,WIN,2023-11-13,0,
PriorDayLevels,2023-11-13 16:00:00,SHORT,1941.3,1947.12,1921.37,STOP,-1.368,LOSS,2023-11-13,0,
LiquidityRun,2023-11-13 16:00:00,LONG,1940.29,1933.83,1959.69,TARGET,2.819,WIN,2023-11-13,0,
StructureSweep,2023-11-14 02:45:00,LONG,1945.76,1943.58,1948.32,STOP,-1.979,LOSS,2023-11-14,0,
LiquiditySweep,2023-11-14 15:45:00,SHORT,1964.31,1969.72,1958.34,STOP,-1.4,LOSS,2023-11-14,1,LiquidityRun
LiquidityRun,2023-11-14 16:00:00,SHORT,1965.63,1968.01,1958.47,STOP,-1.907,LOSS,2023-11-14,1,LiquiditySweep
StructureSweep,2023-11-15 02:45:00,SHORT,1964.37,1966.5,1961.53,STOP,-2.013,LOSS,2023-11-15,0,
LiquiditySweep,2023-11-15 10:00:00,SHORT,1972.22,1975.58,1965.88,TARGET,1.538,WIN,2023-11-15,0,
LiquidityRun,2023-11-15 13:45:00,SHORT,1965.58,1972.42,1945.06,STOP,-1.317,LOSS,2023-11-15,0,
StructureSweep,2023-11-15 20:45:00,LONG,1959.42,1956.96,1975.29,STOP,-1.876,LOSS,2023-11-15,0,
Inducement+FVG,2023-11-16 01:00:00,LONG,1958.28,1955.43,1975.29,TARGET,5.543,WIN,2023-11-16,0,
StructureSweep,2023-11-16 03:15:00,SHORT,1960.73,1963.87,1956.42,STOP,-1.688,LOSS,2023-11-16,0,
StructureSweep,2023-11-16 10:30:00,LONG,1965.42,1962.64,1968.54,STOP,-1.775,LOSS,2023-11-16,0,
PriorDayLevels,2023-11-16 14:00:00,SHORT,1975.29,1981.22,1955.43,STOP,-1.368,LOSS,2023-11-16,0,
LiquidityRun,2023-11-16 16:45:00,SHORT,1981.95,1985.14,1972.41,STOP,-1.686,LOSS,2023-11-16,0,
LiquiditySweep,2023-11-17 08:30:00,SHORT,1986.73,1991.57,1982.68,STOP,-1.452,LOSS,2023-11-17,1,LiquidityRun
LiquidityRun,2023-11-17 10:45:00,SHORT,1991.75,1994.17,1984.48,TARGET,2.507,WIN,2023-11-17,1,LiquiditySweep
TridentKillzone,2023-11-17 11:30:00,LONG,1988.74,1988.28,1997.82,STOP,-14.36,LOSS,2023-11-17,0,
LiquiditySweep,2023-11-17 11:30:00,SHORT,1987.93,1994.08,1982.68,TARGET,0.661,WIN,2023-11-17,1,LiquidityRun
Inducement+FVG,2023-11-19 23:00:00,LONG,1978.33,1972.77,1993.42,STOP,-1.391,LOSS,2023-11-19,1,LiquidityRun
LiquidityRun,2023-11-20 00:45:00,LONG,1977.44,1972.88,1991.12,STOP,-1.476,LOSS,2023-11-20,1,Inducement+FVG
StructureSweep,2023-11-20 01:15:00,SHORT,1982.7,1985.0,1973.36,STOP,-1.952,LOSS,2023-11-20,0,
StructureSweep,2023-11-20 03:00:00,SHORT,1980.71,1984.9,1973.36,TARGET,1.47,WIN,2023-11-20,0,
PriorDayLevels,2023-11-20 11:00:00,LONG,1974.12,1968.2,1978.73,STOP,-1.366,LOSS,2023-11-20,2,"Inducement+FVG,LiquidityRun"
Inducement+FVG,2023-11-20 13:15:00,LONG,1971.46,1964.5,1993.42,TARGET,2.982,WIN,2023-11-20,2,"LiquidityRun,PriorDayLevels"
LiquidityRun,2023-11-20 14:45:00,LONG,1970.21,1965.94,1983.03,TARGET,2.723,WIN,2023-11-20,2,"Inducement+FVG,PriorDayLevels"
PriorDayLevels,2023-11-20 18:00:00,SHORT,1978.73,1984.66,1974.12,TARGET,0.643,WIN,2023-11-20,1,StructureSweep
StructureSweep,2023-11-20 19:45:00,SHORT,1978.38,1980.9,1965.42,STOP,-1.862,LOSS,2023-11-20,1,PriorDayLevels
LiquiditySweep,2023-11-21 03:45:00,SHORT,1993.26,1997.23,1987.35,TARGET,1.19,WIN,2023-11-21,0,
LiquidityRun,2023-11-21 08:45:00,SHORT,1987.81,1993.46,1970.85,STOP,-1.388,LOSS,2023-11-21,0,
MaynePlaybook,2023-11-21 16:00:00,SHORT,2001.05,2005.32,1969.18,STOP,-1.516,LOSS,2023-11-21,1,LiquidityRun
LiquidityRun,2023-11-21 16:30:00,SHORT,2001.14,2004.42,1991.29,STOP,-1.671,LOSS,2023-11-21,1,MaynePlaybook
StructureSweep,2023-11-21 18:15:00,LONG,1999.35,1996.29,2007.5,STOP,-1.72,LOSS,2023-11-21,0,
StructureSweep,2023-11-21 19:15:00,LONG,1999.91,1995.45,2007.5,STOP,-1.492,LOSS,2023-11-21,0,
LiquidityRun,2023-11-22 14:45:00,LONG,2001.69,1998.53,2011.16,STOP,-1.697,LOSS,2023-11-22,0,
Inducement+FVG,2023-11-22 15:00:00,LONG,1993.3,1989.81,2007.5,STOP,-1.628,LOSS,2023-11-22,0,
LiquidityRun,2023-11-22 23:30:00,LONG,1991.48,1988.28,2001.1,TARGET,2.627,WIN,2023-11-22,0,
StructureSweep,2023-11-23 10:45:00,LONG,1993.49,1990.34,1998.55,STOP,-1.695,LOSS,2023-11-23,0,
PriorDayLevels,2023-11-24 13:00:00,SHORT,1998.55,2004.55,1989.76,EOD,-0.977,LOSS,2023-11-24,1,LiquidityRun
LiquidityRun,2023-11-24 15:30:00,SHORT,1999.29,2003.12,1987.8,STOP,-1.575,LOSS,2023-11-24,1,PriorDayLevels
LiquidityRun,2023-11-27 02:00:00,SHORT,2009.22,2014.2,1994.29,STOP,-1.445,LOSS,2023-11-27,0,
LiquidityRun,2023-11-27 11:15:00,SHORT,2013.14,2016.2,2003.95,STOP,-1.724,LOSS,2023-11-27,0,
Inducement+FVG,2023-11-27 12:15:00,LONG,2012.02,2009.26,2018.19,STOP,-1.801,LOSS,2023-11-27,2,"StructureSweep,TridentKillzone"
TridentKillzone,2023-11-27 12:30:00,LONG,2013.5,2011.45,2054.58,STOP,-2.327,LOSS,2023-11-27,2,"Inducement+FVG,StructureSweep"
StructureSweep,2023-11-27 15:30:00,LONG,2011.07,2007.22,2016.34,STOP,-1.575,LOSS,2023-11-27,2,"Inducement+FVG,TridentKillzone"
Inducement+FVG,2023-11-27 16:30:00,LONG,2007.54,2001.58,2018.19,TARGET,1.584,WIN,2023-11-27,2,"StructureSweep,TridentKillzone"
LiquidityRun,2023-11-28 03:45:00,SHORT,2014.9,2017.33,2007.62,STOP,-1.914,LOSS,2023-11-28,0,
LiquidityRun,2023-11-28 18:15:00,SHORT,2038.68,2041.88,2029.09,STOP,-1.702,LOSS,2023-11-28,0,
LiquidityRun,2023-11-29 03:15:00,SHORT,2044.4,2048.85,2031.04,STOP,-1.506,LOSS,2023-11-29,0,
LiquidityRun,2023-11-29 11:15:00,LONG,2038.88,2036.25,2046.77,TARGET,2.534,WIN,2023-11-29,0,
PriorDayLevels,2023-11-29 14:00:00,SHORT,2044.57,2050.71,2011.34,EOD,-0.378,LOSS,2023-11-29,0,
LiquidityRun,2023-11-29 19:30:00,SHORT,2045.71,2049.86,2033.26,TARGET,2.705,WIN,2023-11-29,0,
PriorDayLevels,2023-11-30 13:00:00,LONG,2035.23,2029.12,2052.03,EOD,0.401,WIN,2023-11-30,1,Inducement+FVG
Inducement+FVG,2023-11-30 14:00:00,LONG,2037.92,2029.03,2052.03,TARGET,1.449,WIN,2023-11-30,1,PriorDayLevels
LiquidityRun,2023-12-01 03:45:00,SHORT,2039.4,2042.96,2028.72,STOP,-1.631,LOSS,2023-12-01,0,
PriorDayLevels,2023-12-01 09:00:00,SHORT,2047.26,2053.41,2031.25,STOP,-1.368,LOSS,2023-12-01,1,LiquidityRun
LiquidityRun,2023-12-01 10:00:00,SHORT,2045.98,2049.29,2036.04,TARGET,2.63,WIN,2023-12-01,1,PriorDayLevels
LiquidityRun,2023-12-01 14:45:00,LONG,2042.58,2035.1,2065.0,TARGET,2.835,WIN,2023-12-01,0,
LiquiditySweep,2023-12-01 15:15:00,SHORT,2048.44,2056.36,2042.95,STOP,-1.285,LOSS,2023-12-01,0,
LiquidityRun,2023-12-01 19:30:00,SHORT,2068.79,2072.55,2057.5,STOP,-1.605,LOSS,2023-12-01,0,
LiquidityRun,2023-12-04 00:15:00,SHORT,2102.72,2116.77,2060.57,TARGET,2.911,WIN,2023-12-04,0,
StructureSweep,2023-12-04 04:00:00,LONG,2083.8,2079.57,2144.5,STOP,-1.542,LOSS,2023-12-04,0,
Inducement+FVG,2023-12-04 06:45:00,LONG,2076.52,2069.59,2144.5,STOP,-1.329,LOSS,2023-12-04,0,
LiquidityRun,2023-12-04 08:45:00,LONG,2069.7,2063.3,2088.9,STOP,-1.355,LOSS,2023-12-04,0,
LiquidityRun,2023-12-04 15:00:00,LONG,2049.44,2046.42,2058.5,STOP,-1.746,LOSS,2023-12-04,0,
LiquiditySweep,2023-12-04 15:15:00,LONG,2033.25,2022.6,2041.37,STOP,-1.209,LOSS,2023-12-04,0,
LiquidityRun,2023-12-04 19:30:00,LONG,2029.97,2023.77,2048.59,STOP,-1.359,LOSS,2023-12-04,0,
StructureSweep,2023-12-05 08:15:00,SHORT,2037.18,2041.62,2030.41,TARGET,1.251,WIN,2023-12-05,0,
PriorDayLevels,2023-12-05 14:00:00,LONG,2019.99,2013.93,2120.65,STOP,-1.366,LOSS,2023-12-05,1,LiquidityRun
LiquidityRun,2023-12-05 17:15:00,LONG,2018.93,2013.25,2035.97,TARGET,2.786,WIN,2023-12-05,1,PriorDayLevels
StructureSweep,2023-12-06 09:45:00,LONG,2021.17,2018.08,2035.92,TARGET,4.383,WIN,2023-12-06,0,
PriorDayLevels,2023-12-07 13:00:00,SHORT,2035.92,2042.02,2018.68,EOD,0.944,WIN,2023-12-07,1,LiquidityRun
LiquidityRun,2023-12-07 14:15:00,SHORT,2033.13,2038.78,2016.19,TARGET,2.785,WIN,2023-12-07,1,PriorDayLevels
StructureSweep,2023-12-07 14:30:00,LONG,2029.86,2026.8,2035.12,STOP,-1.731,LOSS,2023-12-07,0,
StructureSweep,2023-12-08 06:00:00,LONG,2030.09,2027.07,2034.01,STOP,-1.739,LOSS,2023-12-08,0,
StructureSweep,2023-12-08 10:00:00,SHORT,2030.85,2034.38,2026.43,TARGET,0.907,WIN,2023-12-08,0,
PriorDayLevels,2023-12-08 13:00:00,LONG,2020.09,2014.03,2039.89,STOP,-1.366,LOSS,2023-12-08,0,
LiquidityRun,2023-12-08 18:30:00,LONG,1999.91,1995.59,2012.87,STOP,-1.508,LOSS,2023-12-08,0,
LiquiditySweep,2023-12-11 08:00:00,LONG,1994.65,1988.84,1999.91,STOP,-1.376,LOSS,2023-12-11,2,"LiquidityRun,StructureSweep"
StructureSweep,2023-12-11 08:45:00,LONG,1996.03,1992.58,2000.54,STOP,-1.637,LOSS,2023-12-11,2,"LiquidityRun,LiquiditySweep"
LiquidityRun,2023-12-11 11:15:00,LONG,1994.15,1991.64,2001.68,STOP,-1.873,LOSS,2023-12-11,2,"LiquiditySweep,StructureSweep"
LiquidityRun,2023-12-11 18:30:00,LONG,1980.53,1976.12,1993.77,TARGET,2.73,WIN,2023-12-11,0,
LiquidityRun,2023-12-12 14:30:00,SHORT,1982.87,1985.75,1974.24,TARGET,2.587,WIN,2023-12-12,0,
StructureSweep,2023-12-12 15:15:00,LONG,1983.38,1979.37,1996.71,STOP,-1.545,LOSS,2023-12-12,0,
StructureSweep,2023-12-13 02:45:00,LONG,1979.32,1976.72,1982.79,STOP,-1.835,LOSS,2023-12-13,0,
LiquiditySweep,2023-12-13 07:00:00,LONG,1976.27,1970.57,1981.06,TARGET,0.63,WIN,2023-12-13,2,"LiquidityRun,VolProfileReject"
LiquidityRun,2023-12-13 07:15:00,LONG,1978.15,1973.43,1992.29,TARGET,2.748,WIN,2023-12-13,2,"LiquiditySweep,VolProfileReject"
VolProfileReject,2023-12-13 07:30:00,LONG,1980.42,1971.06,1999.01,TARGET,1.859,WIN,2023-12-13,2,"LiquidityRun,LiquiditySweep"
StructureSweep,2023-12-13 15:30:00,LONG,1980.98,1976.4,1986.71,TARGET,0.992,WIN,2023-12-13,0,
PriorDayLevels,2023-12-13 19:00:00,SHORT,1996.71,2002.7,1977.12,STOP,-1.368,LOSS,2023-12-13,0,
LiquidityRun,2023-12-14 01:15:00,SHORT,2031.08,2038.31,2009.36,STOP,-1.309,LOSS,2023-12-14,0,
StructureSweep,2023-12-14 07:30:00,LONG,2030.84,2027.23,2037.38,TARGET,1.471,WIN,2023-12-14,0,
LiquiditySweep,2023-12-14 08:30:00,SHORT,2036.68,2043.37,2030.08,TARGET,0.803,WIN,2023-12-14,1,LiquidityRun
LiquidityRun,2023-12-14 10:15:00,SHORT,2033.94,2036.84,2025.23,STOP,-1.772,LOSS,2023-12-14,1,LiquiditySweep
StructureSweep,2023-12-14 13:15:00,LONG,2033.43,2028.98,2040.31,STOP,-1.502,LOSS,2023-12-14,1,LiquidityRun
LiquiditySweep,2023-12-14 14:00:00,SHORT,2037.89,2043.52,2032.28,STOP,-1.399,LOSS,2023-12-14,1,LiquidityRun
LiquidityRun,2023-12-14 14:00:00,LONG,2037.89,2031.99,2055.58,STOP,-1.379,LOSS,2023-12-14,1,StructureSweep
LiquiditySweep,2023-12-14 15:30:00,SHORT,2038.56,2045.73,2032.28,TARGET,0.706,WIN,2023-12-14,0,
Inducement+FVG,2023-12-14 18:15:00,LONG,2029.7,2027.35,2040.31,TARGET,3.995,WIN,2023-12-14,0,
LiquidityRun,2023-12-15 13:00:00,SHORT,2041.13,2045.26,2028.72,TARGET,2.704,WIN,2023-12-15,0,
PriorDayLevels,2023-12-15 13:00:00,LONG,2027.38,2021.29,2047.91,STOP,-1.366,LOSS,2023-12-15,0,
LiquidityRun,2023-12-15 13:45:00,SHORT,2031.4,2042.0,1999.59,STOP,-1.211,LOSS,2023-12-15,0,
StructureSweep,2023-12-18 11:30:00,LONG,2022.37,2019.09,2027.31,TARGET,1.132,WIN,2023-12-18,0,
Inducement+FVG,2023-12-19 02:15:00,LONG,2025.38,2020.83,2033.69,TARGET,1.563,WIN,2023-12-19,0,
StructureSweep,2023-12-19 09:15:00,SHORT,2025.96,2029.07,2021.7,STOP,-1.716,LOSS,2023-12-19,0,
PriorDayLevels,2023-12-19 14:00:00,SHORT,2033.69,2039.79,2016.07,STOP,-1.368,LOSS,2023-12-19,0,
LiquidityRun,2023-12-19 15:45:00,SHORT,2041.74,2044.17,2034.47,STOP,-1.927,LOSS,2023-12-19,0,
LiquidityRun,2023-12-19 17:15:00,SHORT,2041.96,2046.15,2029.38,TARGET,2.708,WIN,2023-12-19,0,
StructureSweep,2023-12-20 09:45:00,LONG,2039.92,2037.51,2043.45,STOP,-1.931,LOSS,2023-12-20,1,Inducement+FVG
Inducement+FVG,2023-12-20 10:00:00,LONG,2038.42,2036.18,2046.97,STOP,-1.998,LOSS,2023-12-20,1,StructureSweep
Inducement+FVG,2023-12-20 10:45:00,LONG,2035.96,2029.95,2046.97,STOP,-1.372,LOSS,2023-12-20,1,StructureSweep
Inducement+FVG,2023-12-20 21:30:00,LONG,2028.52,2024.76,2046.97,TARGET,4.583,WIN,2023-12-20,1,LiquidityRun
LiquidityRun,2023-12-20 23:00:00,LONG,2032.52,2027.94,2046.26,TARGET,2.733,WIN,2023-12-20,1,Inducement+FVG
StructureSweep,2023-12-21 02:00:00,SHORT,2036.23,2039.52,2027.38,STOP,-1.683,LOSS,2023-12-21,0,
PriorDayLevels,2023-12-21 13:00:00,SHORT,2043.45,2049.58,2027.38,STOP,-1.368,LOSS,2023-12-21,0,
LiquidityRun,2023-12-22 00:15:00,SHORT,2048.59,2053.65,2033.42,STOP,-1.446,LOSS,2023-12-22,0,
StructureSweep,2023-12-22 06:45:00,LONG,2047.7,2044.99,2051.27,TARGET,0.863,WIN,2023-12-22,0,
PriorDayLevels,2023-12-22 10:00:00,SHORT,2055.01,2061.18,2031.9,STOP,-1.368,LOSS,2023-12-22,0,
LiquidityRun,2023-12-22 13:00:00,SHORT,2062.25,2065.77,2051.7,STOP,-1.646,LOSS,2023-12-22,0,
LiquidityRun,2023-12-22 15:30:00,SHORT,2062.44,2069.53,2041.16,STOP,-1.321,LOSS,2023-12-22,0,
Inducement+FVG,2023-12-26 05:30:00,LONG,2061.5,2056.89,2070.61,STOP,-1.491,LOSS,2023-12-26,0,
StructureSweep,2023-12-26 18:15:00,SHORT,2058.7,2061.99,2054.44,STOP,-1.688,LOSS,2023-12-26,0,
Inducement+FVG,2023-12-27 10:30:00,LONG,2064.28,2060.01,2069.05,TARGET,0.827,WIN,2023-12-27,2,"StructureSweep,TridentKillzone"
StructureSweep,2023-12-27 10:45:00,LONG,2064.64,2061.57,2069.3,TARGET,1.113,WIN,2023-12-27,2,"Inducement+FVG,TridentKillzone"
TridentKillzone,2023-12-27 13:00:00,LONG,2067.42,2064.37,2128.5,BAIL,2.414,WIN,2023-12-27,2,"Inducement+FVG,StructureSweep"
LiquidityRun,2023-12-27 13:00:00,SHORT,2067.93,2071.05,2058.57,STOP,-1.73,LOSS,2023-12-27,1,LiquiditySweep
LiquiditySweep,2023-12-27 14:30:00,SHORT,2068.73,2075.39,2064.37,STOP,-1.342,LOSS,2023-12-27,1,LiquidityRun
LiquidityRun,2023-12-27 17:15:00,SHORT,2080.83,2083.39,2073.15,STOP,-1.894,LOSS,2023-12-27,0,
LiquidityRun,2023-12-27 18:45:00,SHORT,2078.41,2083.77,2062.31,STOP,-1.427,LOSS,2023-12-27,0,
LiquidityRun,2023-12-28 03:30:00,SHORT,2087.12,2089.39,2080.3,TARGET,2.45,WIN,2023-12-28,0,
StructureSweep,2023-12-28 09:30:00,LONG,2076.3,2072.06,2087.61,STOP,-1.539,LOSS,2023-12-28,1,Inducement+FVG
Inducement+FVG,2023-12-28 12:00:00,LONG,2073.86,2068.72,2088.45,STOP,-1.443,LOSS,2023-12-28,2,"LiquidityRun,StructureSweep"
StructureSweep,2023-12-28 14:45:00,SHORT,2078.84,2081.47,2071.26,TARGET,2.404,WIN,2023-12-28,0,
LiquidityRun,2023-12-28 15:00:00,LONG,2079.0,2073.75,2094.74,STOP,-1.435,LOSS,2023-12-28,1,Inducement+FVG
Inducement+FVG,2023-12-28 19:30:00,LONG,2067.38,2063.99,2088.45,STOP,-1.67,LOSS,2023-12-28,0,
LiquidityRun,2023-12-29 01:15:00,LONG,2069.36,2064.94,2082.62,STOP,-1.514,LOSS,2023-12-29,0,
PriorDayLevels,2023-12-29 10:00:00,LONG,2064.46,2058.26,2088.45,STOP,-1.366,LOSS,2023-12-29,2,"LiquidityRun,StructureSweep"
LiquidityRun,2023-12-29 11:00:00,LONG,2066.06,2061.85,2078.69,STOP,-1.539,LOSS,2023-12-29,2,"PriorDayLevels,StructureSweep"
StructureSweep,2023-12-29 11:30:00,LONG,2067.63,2063.52,2074.73,STOP,-1.552,LOSS,2023-12-29,2,"LiquidityRun,PriorDayLevels"
StructureSweep,2023-12-29 17:45:00,SHORT,2066.52,2070.17,2058.12,STOP,-1.624,LOSS,2023-12-29,0,
LiquidityRun,2024-01-02 02:00:00,SHORT,2064.6,2068.94,2051.6,STOP,-1.525,LOSS,2024-01-02,0,
LiquidityRun,2024-01-02 08:00:00,SHORT,2073.95,2076.63,2065.9,STOP,-1.851,LOSS,2024-01-02,0,
LiquidityRun,2024-01-02 10:15:00,SHORT,2074.65,2078.85,2062.04,TARGET,2.704,WIN,2024-01-02,0,
PriorDayLevels,2024-01-02 14:00:00,LONG,2062.63,2056.45,2066.0,TARGET,0.411,WIN,2024-01-02,2,"LiquidityRun,LiquiditySweep"
LiquiditySweep,2024-01-02 15:30:00,LONG,2058.84,2053.01,2066.0,TARGET,1.016,WIN,2024-01-02,1,PriorDayLevels
LiquidityRun,2024-01-02 16:15:00,LONG,2065.35,2057.74,2088.19,STOP,-1.298,LOSS,2024-01-02,1,PriorDayLevels
PriorDayLevels,2024-01-03 09:00:00,LONG,2056.1,2049.93,2078.88,STOP,-1.366,LOSS,2024-01-03,1,LiquiditySweep
LiquiditySweep,2024-01-03 09:45:00,LONG,2056.8,2051.94,2065.55,STOP,-1.465,LOSS,2024-01-03,1,PriorDayLevels
LiquiditySweep,2024-01-03 19:00:00,LONG,2031.23,2027.49,2048.76,TARGET,4.359,WIN,2024-01-03,0,
LiquidityRun,2024-01-03 20:15:00,LONG,2041.07,2036.42,2055.02,STOP,-1.482,LOSS,2024-01-03,0,
StructureSweep,2024-01-04 02:30:00,SHORT,2043.2,2046.32,2030.54,STOP,-1.721,LOSS,2024-01-04,0,
StructureSweep,2024-01-04 12:30:00,LONG,2046.06,2042.58,2050.97,STOP,-1.645,LOSS,2024-01-04,1,LiquidityRun
LiquidityRun,2024-01-04 15:15:00,LONG,2046.82,2038.43,2072.0,STOP,-1.268,LOSS,2024-01-04,1,StructureSweep
StructureSweep,2024-01-05 06:15:00,LONG,2042.53,2040.03,2048.24,STOP,-1.9,LOSS,2024-01-05,0,
PriorDayLevels,2024-01-05 13:00:00,LONG,2036.18,2030.07,2050.97,STOP,-1.366,LOSS,2024-01-05,1,LiquiditySweep
LiquiditySweep,2024-01-05 13:30:00,LONG,2033.84,2021.35,2043.69,TARGET,0.691,WIN,2024-01-05,1,PriorDayLevels
StructureSweep,2024-01-05 14:15:00,SHORT,2046.85,2050.78,2037.02,STOP,-1.574,LOSS,2024-01-05,2,"LiquidityRun,PriorDayLevels"
VolProfileReject,2024-01-05 14:15:00,LONG,2046.85,2022.36,2047.96,TARGET,-0.005,BE,2024-01-05,0,
PriorDayLevels,2024-01-05 15:00:00,SHORT,2050.97,2057.12,2036.18,STOP,-1.368,LOSS,2024-01-05,1,StructureSweep
LiquidityRun,2024-01-05 15:15:00,LONG,2059.69,2045.9,2101.05,STOP,-1.164,LOSS,2024-01-05,0,
LiquidityRun,2024-01-05 17:00:00,SHORT,2043.45,2052.17,2017.29,TARGET,2.86,WIN,2024-01-05,1,StructureSweep
StructureSweep,2024-01-08 02:30:00,LONG,2042.98,2040.18,2046.58,STOP,-1.803,LOSS,2024-01-08,0,
LiquidityRun,2024-01-08 14:45:00,LONG,2026.38,2018.8,2049.13,STOP,-1.293,LOSS,2024-01-08,0,
StructureSweep,2024-01-09 05:30:00,LONG,2031.41,2028.26,2035.9,TARGET,1.038,WIN,2024-01-09,0,
StructureSweep,2024-01-10 05:30:00,LONG,2028.1,2025.14,2032.83,STOP,-1.755,LOSS,2024-01-10,1,Inducement+FVG
Inducement+FVG,2024-01-10 05:45:00,LONG,2026.63,2022.82,2041.97,STOP,-1.585,LOSS,2024-01-10,1,StructureSweep
StructureSweep,2024-01-10 07:15:00,LONG,2028.36,2024.18,2032.83,TARGET,0.778,WIN,2024-01-10,1,Inducement+FVG
PriorDayLevels,2024-01-10 15:00:00,LONG,2026.02,2019.94,2041.97,EOD,-0.31,LOSS,2024-01-10,0,
PriorDayLevels,2024-01-11 13:00:00,SHORT,2040.3,2046.42,2020.35,STOP,-1.368,LOSS,2024-01-11,0,
LiquiditySweep,2024-01-11 13:30:00,SHORT,2030.78,2051.28,2030.3,TARGET,-0.036,BE,2024-01-11,1,VolProfileReject
VolProfileReject,2024-01-11 13:45:00,SHORT,2029.46,2050.25,2026.66,TARGET,0.076,WIN,2024-01-11,1,LiquiditySweep
PriorDayLevels,2024-01-11 16:00:00,LONG,2020.35,2014.29,2040.3,STOP,-1.366,LOSS,2024-01-11,2,"LiquidityRun,LiquiditySweep"
LiquiditySweep,2024-01-11 16:15:00,LONG,2018.35,2012.99,2025.02,TARGET,1.018,WIN,2024-01-11,2,"LiquidityRun,PriorDayLevels"
LiquidityRun,2024-01-11 19:00:00,LONG,2020.93,2013.57,2043.02,TARGET,2.835,WIN,2024-01-11,2,"LiquiditySweep,PriorDayLevels"
PriorDayLevels,2024-01-12 12:00:00,SHORT,2048.2,2054.35,2013.21,STOP,-1.368,LOSS,2024-01-12,1,LiquidityRun
LiquidityRun,2024-01-12 13:00:00,SHORT,2046.03,2050.56,2032.45,STOP,-1.498,LOSS,2024-01-12,1,PriorDayLevels
LiquidityRun,2024-01-12 15:45:00,SHORT,2053.61,2058.67,2038.45,TARGET,2.757,WIN,2024-01-12,1,PriorDayLevels
StructureSweep,2024-01-12 18:00:00,LONG,2045.43,2040.87,2062.28,STOP,-1.492,LOSS,2024-01-12,0,
Inducement+FVG,2024-01-15 15:00:00,LONG,2050.5,2047.39,2062.28,STOP,-1.723,LOSS,2024-01-15,0,
LiquidityRun,2024-01-16 13:45:00,LONG,2037.66,2031.69,2055.58,STOP,-1.375,LOSS,2024-01-16,0,
LiquidityRun,2024-01-16 19:15:00,LONG,2027.58,2024.26,2037.54,STOP,-1.671,LOSS,2024-01-16,0,
LiquidityRun,2024-01-17 07:45:00,LONG,2025.75,2018.75,2046.73,STOP,-1.318,LOSS,2024-01-17,0,
LiquiditySweep,2024-01-17 14:00:00,LONG,2019.84,2012.68,2026.62,STOP,-1.31,LOSS,2024-01-17,0,
LiquidityRun,2024-01-17 17:45:00,LONG,2007.01,2003.85,2016.48,STOP,-1.699,LOSS,2024-01-17,0,
LiquidityRun,2024-01-17 19:00:00,LONG,2005.46,2001.97,2015.91,TARGET,2.654,WIN,2024-01-17,0,
StructureSweep,2024-01-18 06:30:00,SHORT,2011.91,2014.55,2005.72,STOP,-1.839,LOSS,2024-01-18,0,
LiquidityRun,2024-01-18 13:15:00,SHORT,2011.36,2016.57,1995.73,STOP,-1.425,LOSS,2024-01-18,0,
LiquidityRun,2024-01-18 23:30:00,SHORT,2022.18,2025.26,2012.92,STOP,-1.722,LOSS,2024-01-18,0,
LiquidityRun,2024-01-19 03:15:00,SHORT,2022.48,2025.61,2013.07,STOP,-1.71,LOSS,2024-01-19,0,
TridentKillzone,2024-01-19 10:00:00,LONG,2029.56,2027.57,2069.28,STOP,-3.124,LOSS,2024-01-19,0,
LiquidityRun,2024-01-19 14:15:00,SHORT,2031.84,2036.23,2018.65,TARGET,2.723,WIN,2024-01-19,0,
StructureSweep,2024-01-19 14:45:00,LONG,2029.65,2024.29,2039.26,STOP,-1.416,LOSS,2024-01-19,0,
Inducement+FVG,2024-01-22 00:15:00,LONG,2026.05,2023.62,2039.26,STOP,-1.915,LOSS,2024-01-22,0,
StructureSweep,2024-01-22 04:30:00,LONG,2025.42,2023.05,2032.07,STOP,-1.938,LOSS,2024-01-22,0,
PriorDayLevels,2024-01-22 12:00:00,SHORT,2028.56,2034.65,2026.84,TARGET,0.149,WIN,2024-01-22,0,
StructureSweep,2024-01-22 14:15:00,LONG,2020.69,2018.23,2030.16,STOP,-1.902,LOSS,2024-01-22,1,LiquidityRun
StructureSweep,2024-01-22 14:45:00,LONG,2022.67,2016.22,2030.16,TARGET,0.974,WIN,2024-01-22,1,LiquidityRun
LiquidityRun,2024-01-22 15:15:00,LONG,2026.18,2021.93,2038.92,STOP,-1.524,LOSS,2024-01-22,1,StructureSweep
LiquidityRun,2024-01-23 07:30:00,SHORT,2030.36,2035.28,2015.6,STOP,-1.455,LOSS,2024-01-23,0,
Inducement+FVG,2024-01-24 01:45:00,LONG,2027.21,2023.67,2037.9,STOP,-1.629,LOSS,2024-01-24,0,
StructureSweep,2024-01-24 08:15:00,SHORT,2029.16,2032.05,2022.76,STOP,-1.773,LOSS,2024-01-24,0,
LiquidityRun,2024-01-24 14:45:00,SHORT,2024.56,2034.42,1995.0,STOP,-1.227,LOSS,2024-01-24,0,
PriorDayLevels,2024-01-24 15:00:00,LONG,2019.56,2013.5,2037.9,STOP,-1.366,LOSS,2024-01-24,1,LiquiditySweep
LiquiditySweep,2024-01-24 15:30:00,LONG,2018.22,2012.27,2023.07,STOP,-1.372,LOSS,2024-01-24,1,PriorDayLevels
LiquiditySweep,2024-01-24 17:00:00,LONG,2016.77,2012.23,2023.07,STOP,-1.488,LOSS,2024-01-24,1,PriorDayLevels
PriorDayLevels,2024-01-25 13:00:00,LONG,2011.14,2005.1,2036.59,EOD,1.142,WIN,2024-01-25,0,
LiquiditySweep,2024-01-25 13:30:00,LONG,2019.07,2006.38,2019.49,TARGET,-0.062,LOSS,2024-01-25,1,VolProfileReject
VolProfileReject,2024-01-25 13:45:00,LONG,2019.26,2007.38,2033.22,TARGET,1.073,WIN,2024-01-25,1,LiquiditySweep
StructureSweep,2024-01-26 10:15:00,SHORT,2022.54,2025.01,2018.18,STOP,-1.901,LOSS,2024-01-26,0,
StructureSweep,2024-01-26 15:30:00,LONG,2018.7,2014.96,2026.81,TARGET,1.841,WIN,2024-01-26,0,
LiquiditySweep,2024-01-29 14:00:00,SHORT,2035.49,2040.27,2029.34,TARGET,1.031,WIN,2024-01-29,0,
LiquidityRun,2024-01-29 14:30:00,SHORT,2024.47,2037.35,1985.84,STOP,-1.174,LOSS,2024-01-29,0,
PriorDayLevels,2024-01-29 15:00:00,LONG,2021.19,2015.12,2028.61,TARGET,1.091,WIN,2024-01-29,1,StructureSweep
StructureSweep,2024-01-29 16:00:00,LONG,2025.5,2022.89,2037.56,TARGET,4.144,WIN,2024-01-29,1,PriorDayLevels
StructureSweep,2024-01-30 11:15:00,LONG,2033.07,2028.95,2040.47,TARGET,1.501,WIN,2024-01-30,1,Inducement+FVG
LiquidityRun,2024-01-30 11:30:00,SHORT,2033.38,2037.05,2022.37,STOP,-1.61,LOSS,2024-01-30,1,LiquiditySweep
LiquiditySweep,2024-01-30 15:00:00,SHORT,2035.64,2051.32,2033.18,TARGET,0.079,WIN,2024-01-30,1,LiquidityRun
LiquidityRun,2024-01-30 15:15:00,SHORT,2031.96,2047.66,1984.86,STOP,-1.143,LOSS,2024-01-30,1,LiquiditySweep
Inducement+FVG,2024-01-30 15:15:00,LONG,2031.96,2029.08,2040.47,TARGET,2.531,WIN,2024-01-30,1,StructureSweep
StructureSweep,2024-01-30 16:00:00,LONG,2033.21,2030.17,2048.56,TARGET,4.639,WIN,2024-01-30,1,Inducement+FVG
PriorDayLevels,2024-01-31 14:00:00,SHORT,2048.56,2054.7,2029.03,STOP,-1.368,LOSS,2024-01-31,1,LiquidityRun
LiquidityRun,2024-01-31 16:15:00,SHORT,2050.54,2053.58,2041.44,TARGET,2.595,WIN,2024-01-31,1,PriorDayLevels
Inducement+FVG,2024-01-31 20:00:00,LONG,2036.43,2029.08,2048.56,TARGET,1.483,WIN,2024-01-31,1,LiquidityRun
LiquidityRun,2024-01-31 21:15:00,LONG,2038.84,2033.34,2055.36,STOP,-1.407,LOSS,2024-01-31,1,Inducement+FVG
Inducement+FVG,2024-02-01 10:15:00,LONG,2037.37,2034.61,2055.98,STOP,-1.811,LOSS,2024-02-01,1,LiquidityRun
PriorDayLevels,2024-02-01 11:00:00,LONG,2030.81,2024.72,2055.98,TARGET,3.997,WIN,2024-02-01,1,LiquidityRun
LiquidityRun,2024-02-01 12:45:00,LONG,2034.19,2030.48,2045.29,TARGET,2.67,WIN,2024-02-01,2,"Inducement+FVG,PriorDayLevels"
LiquidityRun,2024-02-01 14:15:00,LONG,2047.76,2040.03,2070.93,STOP,-1.291,LOSS,2024-02-01,0,
PriorDayLevels,2024-02-01 17:00:00,SHORT,2055.98,2062.15,2030.81,STOP,-1.368,LOSS,2024-02-01,1,MaynePlaybook
MaynePlaybook,2024-02-01 17:00:00,SHORT,2054.38,2062.36,1981.44,STOP,-1.284,LOSS,2024-02-01,1,PriorDayLevels
StructureSweep,2024-02-02 01:15:00,LONG,2053.61,2050.81,2065.46,STOP,-1.804,LOSS,2024-02-02,0,
Inducement+FVG,2024-02-02 09:00:00,LONG,2053.51,2051.19,2065.46,STOP,-1.974,LOSS,2024-02-02,0,
PriorDayLevels,2024-02-02 13:00:00,LONG,2029.91,2023.82,2065.46,EOD,1.224,WIN,2024-02-02,2,"LiquidityRun,LiquiditySweep"
LiquiditySweep,2024-02-02 14:00:00,LONG,2031.56,2024.7,2036.14,TARGET,0.49,WIN,2024-02-02,2,"LiquidityRun,PriorDayLevels"
LiquidityRun,2024-02-02 15:45:00,LONG,2034.99,2029.61,2051.15,STOP,-1.415,LOSS,2024-02-02,2,"LiquiditySweep,PriorDayLevels"
StructureSweep,2024-02-02 18:15:00,SHORT,2036.43,2039.93,2027.74,STOP,-1.64,LOSS,2024-02-02,0,
StructureSweep,2024-02-05 01:30:00,LONG,2037.31,2033.71,2042.21,STOP,-1.622,LOSS,2024-02-05,0,
LiquiditySweep,2024-02-05 06:30:00,LONG,2030.12,2023.68,2037.47,STOP,-1.346,LOSS,2024-02-05,0,
LiquidityRun,2024-02-05 10:00:00,LONG,2023.21,2020.11,2032.49,STOP,-1.718,LOSS,2024-02-05,0,
LiquidityRun,2024-02-05 16:15:00,LONG,2020.22,2016.01,2032.83,TARGET,2.711,WIN,2024-02-05,0,
StructureSweep,2024-02-05 23:15:00,LONG,2024.04,2021.68,2027.49,TARGET,0.952,WIN,2024-02-05,0,
LiquidityRun,2024-02-06 17:15:00,SHORT,2034.33,2038.63,2021.42,STOP,-1.521,LOSS,2024-02-06,0,
StructureSweep,2024-02-07 11:15:00,SHORT,2034.89,2037.38,2031.22,TARGET,0.987,WIN,2024-02-07,2,"LiquidityRun,PriorDayLevels"
PriorDayLevels,2024-02-07 14:00:00,SHORT,2038.88,2045.0,2022.8,EOD,0.067,WIN,2024-02-07,2,"LiquidityRun,StructureSweep"
LiquidityRun,2024-02-07 15:15:00,SHORT,2038.89,2042.1,2029.25,TARGET,2.62,WIN,2024-02-07,2,"PriorDayLevels,StructureSweep"
LiquidityRun,2024-02-08 09:00:00,LONG,2031.12,2028.39,2039.31,STOP,-1.818,LOSS,2024-02-08,2,"Inducement+FVG,PriorDayLevels"
PriorDayLevels,2024-02-08 11:00:00,LONG,2030.52,2024.43,2044.52,STOP,-1.366,LOSS,2024-02-08,2,"Inducement+FVG,LiquidityRun"
Inducement+FVG,2024-02-08 11:30:00,LONG,2030.01,2026.53,2044.52,STOP,-1.64,LOSS,2024-02-08,2,"LiquidityRun,PriorDayLevels"
LiquidityRun,2024-02-08 14:30:00,LONG,2029.65,2021.37,2054.49,STOP,-1.269,LOSS,2024-02-08,2,"Inducement+FVG,PriorDayLevels"
StructureSweep,2024-02-08 18:00:00,SHORT,2033.45,2037.34,2020.13,TARGET,3.111,WIN,2024-02-08,0,
LiquidityRun,2024-02-09 18:00:00,LONG,2024.99,2022.11,2033.63,STOP,-1.773,LOSS,2024-02-09,0,
LiquidityRun,2024-02-12 09:00:00,SHORT,2023.5,2027.16,2012.5,STOP,-1.608,LOSS,2024-02-12,1,PriorDayLevels
LiquiditySweep,2024-02-12 10:00:00,LONG,2020.42,2017.01,2024.14,TARGET,0.737,WIN,2024-02-12,0,
PriorDayLevels,2024-02-12 13:00:00,SHORT,2026.71,2032.79,2024.39,TARGET,0.247,WIN,2024-02-12,1,LiquidityRun
LiquidityRun,2024-02-12 16:30:00,LONG,2015.25,2012.18,2024.46,TARGET,2.605,WIN,2024-02-12,0,
StructureSweep,2024-02-13 01:00:00,SHORT,2020.26,2023.21,2011.85,STOP,-1.756,LOSS,2024-02-13,0,
Inducement+FVG,2024-02-13 03:15:00,LONG,2017.58,2014.61,2027.56,TARGET,2.95,WIN,2024-02-13,0,
PriorDayLevels,2024-02-13 13:00:00,LONG,2011.85,2005.81,2027.56,STOP,-1.366,LOSS,2024-02-13,0,
LiquidityRun,2024-02-13 13:45:00,SHORT,2004.33,2029.52,1928.75,STOP,-1.088,LOSS,2024-02-13,0,
LiquiditySweep,2024-02-14 01:15:00,LONG,1990.45,1985.81,1993.61,STOP,-1.472,LOSS,2024-02-14,0,
StructureSweep,2024-02-14 05:30:00,SHORT,1993.0,1995.29,1988.8,TARGET,1.316,WIN,2024-02-14,0,
LiquiditySweep,2024-02-14 15:15:00,LONG,1987.29,1982.64,1993.01,TARGET,0.971,WIN,2024-02-14,1,VolProfileReject
StructureSweep,2024-02-14 16:30:00,SHORT,1990.64,1995.54,1984.12,STOP,-1.448,LOSS,2024-02-14,0,
VolProfileReject,2024-02-14 16:45:00,LONG,1993.09,1982.14,2024.6,TARGET,2.767,WIN,2024-02-14,1,LiquiditySweep
StructureSweep,2024-02-14 18:15:00,SHORT,1991.67,1996.19,1984.12,STOP,-1.486,LOSS,2024-02-14,0,
Inducement+FVG,2024-02-15 23:45:00,LONG,2003.16,2001.05,2008.22,STOP,-2.044,LOSS,2024-02-15,0,
Inducement+FVG,2024-02-16 13:45:00,LONG,2001.46,1998.17,2008.22,STOP,-1.669,LOSS,2024-02-16,0,
PriorDayLevels,2024-02-16 15:00:00,SHORT,2008.22,2014.25,1990.17,STOP,-1.368,LOSS,2024-02-16,0,
StructureSweep,2024-02-19 11:15:00,LONG,2019.32,2016.5,2022.96,STOP,-1.787,LOSS,2024-02-19,0,
LiquidityRun,2024-02-20 14:45:00,SHORT,2028.12,2030.44,2021.16,STOP,-1.963,LOSS,2024-02-20,0,
LiquiditySweep,2024-02-21 03:45:00,SHORT,2030.42,2033.88,2025.57,TARGET,1.053,WIN,2024-02-21,1,LiquidityRun
LiquidityRun,2024-02-21 06:15:00,SHORT,2030.37,2032.86,2022.93,TARGET,2.51,WIN,2024-02-21,1,LiquiditySweep
StructureSweep,2024-02-21 14:45:00,LONG,2027.54,2025.24,2031.52,STOP,-1.97,LOSS,2024-02-21,1,Inducement+FVG
Inducement+FVG,2024-02-21 18:45:00,LONG,2021.91,2018.28,2032.23,TARGET,2.513,WIN,2024-02-21,2,"LiquidityRun,StructureSweep"
LiquidityRun,2024-02-21 19:15:00,LONG,2024.9,2020.89,2036.91,STOP,-1.555,LOSS,2024-02-21,1,Inducement+FVG
LiquiditySweep,2024-02-22 08:30:00,SHORT,2031.57,2037.39,2029.42,TARGET,0.16,WIN,2024-02-22,0,
StructureSweep,2024-02-22 11:30:00,LONG,2028.55,2025.68,2034.83,STOP,-1.775,LOSS,2024-02-22,0,
LiquidityRun,2024-02-22 15:45:00,LONG,2023.3,2020.82,2030.76,STOP,-1.895,LOSS,2024-02-22,1,PriorDayLevels
PriorDayLevels,2024-02-22 16:00:00,LONG,2020.01,2013.95,2032.23,EOD,0.404,WIN,2024-02-22,1,LiquidityRun
LiquidityRun,2024-02-22 17:30:00,LONG,2023.48,2019.83,2034.41,STOP,-1.61,LOSS,2024-02-22,1,PriorDayLevels
LiquidityRun,2024-02-22 18:45:00,LONG,2022.6,2019.19,2032.86,STOP,-1.65,LOSS,2024-02-22,1,PriorDayLevels
StructureSweep,2024-02-22 20:45:00,SHORT,2024.62,2026.73,2019.55,STOP,-2.056,LOSS,2024-02-22,0,
LiquiditySweep,2024-02-23 10:00:00,LONG,2018.5,2013.5,2019.68,TARGET,-0.007,BE,2024-02-23,1,LiquidityRun
LiquidityRun,2024-02-23 10:15:00,LONG,2019.52,2015.07,2032.85,TARGET,2.727,WIN,2024-02-23,1,LiquiditySweep
PriorDayLevels,2024-02-23 16:00:00,SHORT,2034.83,2040.94,2019.55,STOP,-1.368,LOSS,2024-02-23,1,LiquidityRun
LiquidityRun,2024-02-23 19:30:00,SHORT,2037.93,2041.76,2026.44,TARGET,2.681,WIN,2024-02-23,1,PriorDayLevels
StructureSweep,2024-02-26 10:45:00,LONG,2032.23,2029.64,2037.01,STOP,-1.863,LOSS,2024-02-26,1,Inducement+FVG
Inducement+FVG,2024-02-26 10:45:00,LONG,2032.23,2029.73,2041.35,STOP,-1.892,LOSS,2024-02-26,1,StructureSweep
LiquidityRun,2024-02-26 15:45:00,LONG,2029.1,2025.07,2041.22,STOP,-1.552,LOSS,2024-02-26,0,
Inducement+FVG,2024-02-28 07:30:00,LONG,2028.18,2026.07,2039.47,STOP,-2.057,LOSS,2024-02-28,1,LiquidityRun
LiquidityRun,2024-02-28 10:45:00,LONG,2027.28,2023.77,2037.82,TARGET,2.653,WIN,2024-02-28,1,Inducement+FVG
LiquidityRun,2024-02-28 14:30:00,SHORT,2032.86,2036.56,2021.75,STOP,-1.605,LOSS,2024-02-28,1,StructureSweep
StructureSweep,2024-02-28 14:45:00,SHORT,2031.78,2036.05,2024.47,STOP,-1.525,LOSS,2024-02-28,1,LiquidityRun
LiquidityRun,2024-02-29 03:30:00,SHORT,2035.58,2038.05,2028.16,TARGET,2.507,WIN,2024-02-29,0,
StructureSweep,2024-02-29 09:45:00,LONG,2034.53,2031.94,2037.84,STOP,-1.863,LOSS,2024-02-29,1,LiquidityRun
LiquidityRun,2024-02-29 12:45:00,LONG,2030.17,2027.52,2038.14,TARGET,2.541,WIN,2024-02-29,1,StructureSweep
PriorDayLevels,2024-02-29 13:00:00,SHORT,2037.9,2044.01,2024.47,STOP,-1.368,LOSS,2024-02-29,0,
LiquidityRun,2024-02-29 13:45:00,LONG,2047.53,2031.55,2095.47,TARGET,2.923,WIN,2024-02-29,0,
StructureSweep,2024-03-01 08:00:00,LONG,2043.79,2041.2,2046.79,STOP,-1.868,LOSS,2024-03-01,0,
StructureSweep,2024-03-01 09:15:00,LONG,2044.66,2040.87,2048.76,TARGET,0.76,WIN,2024-03-01,0,
PriorDayLevels,2024-03-01 10:00:00,SHORT,2050.66,2056.81,2028.06,STOP,-1.368,LOSS,2024-03-01,1,LiquiditySweep
LiquiditySweep,2024-03-01 10:15:00,SHORT,2050.47,2054.13,2043.4,STOP,-1.617,LOSS,2024-03-01,1,PriorDayLevels
LiquidityRun,2024-03-04 18:45:00,SHORT,2115.32,2118.13,2106.9,STOP,-1.829,LOSS,2024-03-04,0,
LiquidityRun,2024-03-04 21:15:00,SHORT,2115.94,2118.7,2107.65,STOP,-1.844,LOSS,2024-03-04,0,
LiquidityRun,2024-03-05 10:45:00,SHORT,2123.73,2127.47,2112.52,STOP,-1.626,LOSS,2024-03-05,0,
LiquidityRun,2024-03-05 16:00:00,SHORT,2127.02,2132.05,2111.94,STOP,-1.466,LOSS,2024-03-05,0,
Inducement+FVG,2024-03-06 01:15:00,LONG,2125.55,2122.48,2141.88,TARGET,4.905,WIN,2024-03-06,1,LiquidityRun
LiquidityRun,2024-03-06 04:15:00,LONG,2125.54,2122.73,2133.98,TARGET,2.546,WIN,2024-03-06,1,Inducement+FVG
StructureSweep,2024-03-06 05:00:00,SHORT,2126.75,2129.2,2123.61,STOP,-1.955,LOSS,2024-03-06,0,
StructureSweep,2024-03-06 08:30:00,LONG,2125.08,2122.71,2127.97,TARGET,0.679,WIN,2024-03-06,0,
PriorDayLevels,2024-03-06 14:00:00,SHORT,2141.88,2148.31,2110.4,STOP,-1.368,LOSS,2024-03-06,1,LiquiditySweep
LiquiditySweep,2024-03-06 15:00:00,SHORT,2141.3,2148.82,2124.84,STOP,-1.314,LOSS,2024-03-06,2,"LiquidityRun,PriorDayLevels"
LiquidityRun,2024-03-06 19:00:00,SHORT,2142.41,2150.17,2119.16,STOP,-1.305,LOSS,2024-03-06,1,LiquiditySweep
StructureSweep,2024-03-06 19:00:00,LONG,2142.41,2138.8,2149.19,TARGET,1.519,WIN,2024-03-06,0,
Inducement+FVG,2024-03-07 01:00:00,LONG,2145.81,2143.08,2152.23,TARGET,1.884,WIN,2024-03-07,0,
LiquiditySweep,2024-03-07 03:45:00,SHORT,2151.71,2155.72,2144.18,STOP,-1.59,LOSS,2024-03-07,0,
LiquiditySweep,2024-03-07 13:00:00,SHORT,2157.98,2168.0,2154.28,TARGET,0.241,WIN,2024-03-07,0,
Inducement+FVG,2024-03-07 14:30:00,LONG,2148.66,2145.19,2152.23,TARGET,0.658,WIN,2024-03-07,1,TridentKillzone
TridentKillzone,2024-03-07 15:00:00,LONG,2152.84,2147.87,2252.38,BAIL,-0.39,LOSS,2024-03-07,2,"Inducement+FVG,LiquidityRun"
LiquidityRun,2024-03-07 16:30:00,LONG,2156.66,2152.97,2167.71,TARGET,2.648,WIN,2024-03-07,1,TridentKillzone
Inducement+FVG,2024-03-08 02:45:00,LONG,2155.3,2152.97,2164.75,TARGET,3.499,WIN,2024-03-08,1,StructureSweep
StructureSweep,2024-03-08 02:45:00,LONG,2155.3,2152.72,2163.54,TARGET,2.682,WIN,2024-03-08,1,Inducement+FVG
TridentKillzone,2024-03-08 14:00:00,LONG,2169.55,2156.28,2434.87,BAIL,0.409,WIN,2024-03-08,0,
LiquidityRun,2024-03-08 17:45:00,SHORT,2184.88,2191.7,2164.43,TARGET,2.808,WIN,2024-03-08,0,
StructureSweep,2024-03-11 08:00:00,SHORT,2181.45,2185.26,2176.8,TARGET,0.879,WIN,2024-03-11,0,
PriorDayLevels,2024-03-11 13:00:00,SHORT,2183.83,2190.38,2177.11,TARGET,0.892,WIN,2024-03-11,0,
StructureSweep,2024-03-12 01:00:00,LONG,2181.21,2178.27,2184.64,STOP,-1.815,LOSS,2024-03-12,0,
LiquidityRun,2024-03-12 13:15:00,SHORT,2164.55,2171.92,2142.45,STOP,-1.324,LOSS,2024-03-12,1,StructureSweep
StructureSweep,2024-03-12 16:45:00,SHORT,2165.75,2168.66,2152.57,TARGET,4.078,WIN,2024-03-12,1,LiquidityRun
StructureSweep,2024-03-13 04:30:00,LONG,2158.04,2155.06,2161.5,TARGET,0.729,WIN,2024-03-13,0,
StructureSweep,2024-03-14 03:45:00,LONG,2172.26,2169.26,2176.97,STOP,-1.795,LOSS,2024-03-14,0,
PriorDayLevels,2024-03-14 15:00:00,LONG,2156.54,2150.07,2179.8,EOD,0.419,WIN,2024-03-14,1,LiquidityRun
LiquidityRun,2024-03-14 17:15:00,LONG,2162.95,2157.61,2178.95,STOP,-1.445,LOSS,2024-03-14,1,PriorDayLevels
LiquidityRun,2024-03-15 16:15:00,LONG,2162.83,2159.25,2173.58,STOP,-1.663,LOSS,2024-03-15,0,
LiquidityRun,2024-03-15 18:45:00,LONG,2159.28,2156.4,2167.92,STOP,-1.824,LOSS,2024-03-15,0,
LiquiditySweep,2024-03-18 01:15:00,LONG,2151.56,2146.87,2160.26,STOP,-1.504,LOSS,2024-03-18,0,
LiquidityRun,2024-03-18 08:15:00,LONG,2152.57,2150.01,2160.27,TARGET,2.496,WIN,2024-03-18,0,
PriorDayLevels,2024-03-18 10:00:00,SHORT,2156.54,2163.0,2153.08,STOP,-1.368,LOSS,2024-03-18,0,
StructureSweep,2024-03-18 16:00:00,LONG,2156.31,2152.41,2163.61,STOP,-1.607,LOSS,2024-03-18,0,
LiquidityRun,2024-03-19 09:00:00,LONG,2153.0,2149.17,2164.48,STOP,-1.618,LOSS,2024-03-19,0,
StructureSweep,2024-03-19 11:45:00,SHORT,2155.54,2158.82,2147.15,STOP,-1.724,LOSS,2024-03-19,0,
LiquidityRun,2024-03-20 00:15:00,SHORT,2155.36,2159.14,2144.04,STOP,-1.629,LOSS,2024-03-20,0,
LiquidityRun,2024-03-20 04:30:00,SHORT,2158.61,2161.33,2150.45,TARGET,2.524,WIN,2024-03-20,0,
PriorDayLevels,2024-03-20 14:00:00,SHORT,2162.84,2169.33,2147.15,STOP,-1.368,LOSS,2024-03-20,1,StructureSweep
LiquidityRun,2024-03-20 14:00:00,LONG,2163.07,2152.77,2193.96,TARGET,2.873,WIN,2024-03-20,0,
StructureSweep,2024-03-20 14:30:00,SHORT,2157.98,2163.14,2149.56,STOP,-1.461,LOSS,2024-03-20,2,"PriorDayLevels,VolProfileReject"
VolProfileReject,2024-03-20 15:30:00,SHORT,2155.46,2167.01,2151.77,STOP,-1.206,LOSS,2024-03-20,1,StructureSweep
LiquidityRun,2024-03-21 00:30:00,SHORT,2194.07,2202.52,2168.72,STOP,-1.286,LOSS,2024-03-21,0,
PriorDayLevels,2024-03-21 10:00:00,SHORT,2211.0,2217.64,2149.56,EOD,4.087,WIN,2024-03-21,1,StructureSweep
StructureSweep,2024-03-21 10:00:00,SHORT,2209.31,2212.42,2196.79,TARGET,3.595,WIN,2024-03-21,1,PriorDayLevels
TridentKillzone,2024-03-21 12:30:00,LONG,2207.67,2206.22,2236.83,STOP,-5.842,LOSS,2024-03-21,0,
LiquidityRun,2024-03-21 16:15:00,LONG,2177.68,2172.84,2192.19,STOP,-1.494,LOSS,2024-03-21,0,
StructureSweep,2024-03-21 18:45:00,SHORT,2182.76,2186.13,2166.28,TARGET,4.502,WIN,2024-03-21,0,
LiquidityRun,2024-03-22 09:00:00,LONG,2168.8,2165.55,2178.57,STOP,-1.732,LOSS,2024-03-22,0,
LiquidityRun,2024-03-22 14:15:00,SHORT,2174.66,2177.83,2165.14,TARGET,2.589,WIN,2024-03-22,0,
PriorDayLevels,2024-03-22 15:00:00,LONG,2166.28,2159.78,2212.56,STOP,-1.366,LOSS,2024-03-22,2,"LiquidityRun,StructureSweep"
StructureSweep,2024-03-22 16:15:00,LONG,2165.62,2162.94,2180.06,STOP,-1.888,LOSS,2024-03-22,2,"LiquidityRun,PriorDayLevels"
LiquidityRun,2024-03-22 18:15:00,LONG,2163.89,2158.46,2180.17,TARGET,2.76,WIN,2024-03-22,2,"PriorDayLevels,StructureSweep"
LiquidityRun,2024-03-25 16:45:00,SHORT,2175.76,2178.37,2167.93,TARGET,2.5,WIN,2024-03-25,0,
StructureSweep,2024-03-25 17:15:00,LONG,2175.61,2172.24,2181.26,STOP,-1.709,LOSS,2024-03-25,1,Inducement+FVG
Inducement+FVG,2024-03-25 19:00:00,LONG,2171.59,2168.96,2181.26,STOP,-1.906,LOSS,2024-03-25,1,StructureSweep
StructureSweep,2024-03-26 01:00:00,LONG,2172.14,2168.46,2181.26,STOP,-1.649,LOSS,2024-03-26,2,"Inducement+FVG,LiquidityRun"
Inducement+FVG,2024-03-26 01:45:00,LONG,2169.43,2167.17,2181.26,TARGET,4.644,WIN,2024-03-26,2,"LiquidityRun,StructureSweep"
LiquidityRun,2024-03-26 04:30:00,LONG,2170.92,2168.69,2177.62,TARGET,2.416,WIN,2024-03-26,2,"Inducement+FVG,StructureSweep"
StructureSweep,2024-03-26 07:45:00,SHORT,2173.01,2176.35,2167.54,STOP,-1.716,LOSS,2024-03-26,0,
PriorDayLevels,2024-03-26 09:00:00,SHORT,2181.26,2187.8,2163.41,STOP,-1.368,LOSS,2024-03-26,0,
LiquidityRun,2024-03-26 12:30:00,SHORT,2190.06,2197.69,2167.17,STOP,-1.316,LOSS,2024-03-26,0,
Inducement+FVG,2024-03-27 05:00:00,LONG,2176.63,2171.35,2200.06,TARGET,4.184,WIN,2024-03-27,0,
StructureSweep,2024-03-28 00:15:00,LONG,2189.14,2185.74,2195.21,TARGET,1.401,WIN,2024-03-28,0,
LiquiditySweep,2024-03-28 05:45:00,SHORT,2197.2,2203.94,2189.0,STOP,-1.359,LOSS,2024-03-28,1,LiquidityRun
LiquidityRun,2024-03-28 07:15:00,SHORT,2194.47,2199.61,2179.03,STOP,-1.47,LOSS,2024-03-28,1,LiquiditySweep
LiquidityRun,2024-03-28 13:30:00,SHORT,2208.22,2213.03,2193.8,STOP,-1.506,LOSS,2024-03-28,0,
LiquidityRun,2024-03-28 18:45:00,SHORT,2220.43,2222.96,2212.81,STOP,-1.964,LOSS,2024-03-28,0,
LiquidityRun,2024-03-31 22:45:00,SHORT,2236.81,2240.34,2226.24,STOP,-1.699,LOSS,2024-03-31,0,
LiquidityRun,2024-04-01 04:15:00,SHORT,2260.5,2264.35,2248.93,TARGET,2.649,WIN,2024-04-01,0,
Inducement+FVG,2024-04-01 13:45:00,LONG,2246.4,2238.09,2265.62,STOP,-1.297,LOSS,2024-04-01,0,
PriorDayLevels,2024-04-01 14:00:00,LONG,2235.57,2228.86,2247.3,STOP,-1.366,LOSS,2024-04-01,0,
PriorDayLevels,2024-04-01 20:00:00,SHORT,2247.3,2254.04,2235.57,STOP,-1.368,LOSS,2024-04-01,0,
LiquidityRun,2024-04-02 05:15:00,SHORT,2254.38,2258.35,2242.48,STOP,-1.626,LOSS,2024-04-02,0,
PriorDayLevels,2024-04-02 09:00:00,SHORT,2265.62,2272.42,2228.46,STOP,-1.368,LOSS,2024-04-02,1,LiquiditySweep
LiquiditySweep,2024-04-02 09:30:00,SHORT,2263.06,2270.18,2257.86,TARGET,0.541,WIN,2024-04-02,2,"LiquidityRun,PriorDayLevels"
LiquidityRun,2024-04-02 10:00:00,SHORT,2256.36,2264.36,2232.35,STOP,-1.311,LOSS,2024-04-02,1,LiquiditySweep
LiquidityRun,2024-04-02 11:15:00,SHORT,2257.52,2264.16,2237.59,STOP,-1.375,LOSS,2024-04-02,2,"LiquiditySweep,VolProfileReject"
StructureSweep,2024-04-02 12:15:00,LONG,2256.54,2251.76,2266.78,TARGET,1.86,WIN,2024-04-02,0,
LiquiditySweep,2024-04-02 13:45:00,SHORT,2265.37,2270.22,2257.86,STOP,-1.515,LOSS,2024-04-02,1,LiquidityRun
LiquiditySweep,2024-04-02 14:30:00,SHORT,2265.75,2280.09,2257.86,TARGET,0.455,WIN,2024-04-02,1,LiquidityRun
LiquidityRun,2024-04-02 14:45:00,SHORT,2260.68,2272.81,2224.3,STOP,-1.206,LOSS,2024-04-02,2,"LiquiditySweep,VolProfileReject"
VolProfileReject,2024-04-02 15:15:00,SHORT,2255.4,2269.08,2194.6,STOP,-1.182,LOSS,2024-04-02,1,LiquidityRun
LiquidityRun,2024-04-02 23:45:00,SHORT,2280.21,2283.75,2269.56,STOP,-1.708,LOSS,2024-04-02,0,
LiquidityRun,2024-04-03 01:15:00,SHORT,2280.05,2284.88,2265.54,STOP,-1.519,LOSS,2024-04-03,0,
LiquidityRun,2024-04-03 08:45:00,LONG,2273.16,2268.81,2286.19,STOP,-1.575,LOSS,2024-04-03,1,Inducement+FVG
Inducement+FVG,2024-04-03 11:15:00,LONG,2270.53,2264.38,2288.24,TARGET,2.657,WIN,2024-04-03,1,LiquidityRun
StructureSweep,2024-04-03 13:00:00,SHORT,2275.17,2281.14,2267.63,STOP,-1.42,LOSS,2024-04-03,0,
LiquidityRun,2024-04-03 13:00:00,LONG,2275.17,2270.64,2288.77,TARGET,2.698,WIN,2024-04-03,1,Inducement+FVG
StructureSweep,2024-04-03 14:15:00,SHORT,2275.96,2281.88,2265.37,STOP,-1.424,LOSS,2024-04-03,1,LiquiditySweep
PriorDayLevels,2024-04-03 15:00:00,SHORT,2288.24,2295.1,2246.64,STOP,-1.368,LOSS,2024-04-03,1,LiquiditySweep
LiquiditySweep,2024-04-03 15:30:00,SHORT,2282.74,2291.78,2280.84,TARGET,0.059,WIN,2024-04-03,2,"PriorDayLevels,StructureSweep"
LiquidityRun,2024-04-03 23:45:00,SHORT,2297.45,2302.31,2282.86,STOP,-1.521,LOSS,2024-04-03,0,
LiquidityRun,2024-04-04 03:00:00,SHORT,2297.86,2302.88,2282.78,TARGET,2.726,WIN,2024-04-04,0,
Inducement+FVG,2024-04-04 08:45:00,LONG,2291.57,2284.62,2304.87,STOP,-1.362,LOSS,2024-04-04,0,
LiquidityRun,2024-04-04 14:15:00,LONG,2297.43,2287.46,2327.32,STOP,-1.253,LOSS,2024-04-04,0,
StructureSweep,2024-04-04 14:45:00,SHORT,2295.12,2300.59,2282.71,STOP,-1.462,LOSS,2024-04-04,0,
PriorDayLevels,2024-04-04 18:00:00,SHORT,2302.42,2309.32,2265.37,EOD,1.593,WIN,2024-04-04,1,LiquiditySweep
LiquiditySweep,2024-04-04 18:45:00,SHORT,2304.04,2309.0,2297.59,TARGET,1.025,WIN,2024-04-04,1,PriorDayLevels
LiquidityRun,2024-04-04 19:15:00,SHORT,2294.9,2301.9,2273.91,TARGET,2.804,WIN,2024-04-04,0,
StructureSweep,2024-04-04 19:30:00,LONG,2286.38,2282.19,2299.36,STOP,-1.601,LOSS,2024-04-04,1,Inducement+FVG
VolProfileReject,2024-04-04 19:30:00,SHORT,2286.38,2307.84,2253.9,STOP,-1.118,LOSS,2024-04-04,0,
Inducement+FVG,2024-04-04 19:45:00,LONG,2284.89,2277.33,2304.87,STOP,-1.332,LOSS,2024-04-04,1,StructureSweep
StructureSweep,2024-04-04 20:00:00,LONG,2287.82,2282.47,2305.54,STOP,-1.47,LOSS,2024-04-04,1,Inducement+FVG
Inducement+FVG,2024-04-05 01:30:00,LONG,2274.55,2270.64,2304.87,STOP,-1.64,LOSS,2024-04-05,1,LiquidityRun
LiquidityRun,2024-04-05 03:15:00,LONG,2278.34,2272.17,2296.88,TARGET,2.778,WIN,2024-04-05,1,Inducement+FVG
PriorDayLevels,2024-04-05 14:00:00,SHORT,2305.54,2312.45,2279.82,STOP,-1.368,LOSS,2024-04-05,0,
LiquidityRun,2024-04-05 19:15:00,SHORT,2322.85,2327.41,2309.16,STOP,-1.561,LOSS,2024-04-05,0,
LiquidityRun,2024-04-07 22:15:00,SHORT,2310.32,2329.21,2253.62,STOP,-1.135,LOSS,2024-04-07,0,
LiquiditySweep,2024-04-08 02:15:00,SHORT,2327.43,2336.89,2320.63,STOP,-1.272,LOSS,2024-04-08,1,StructureSweep
StructureSweep,2024-04-08 02:15:00,SHORT,2327.43,2335.72,2302.86,STOP,-1.31,LOSS,2024-04-08,1,LiquiditySweep
LiquidityRun,2024-04-08 05:45:00,SHORT,2334.6,2340.64,2316.5,STOP,-1.426,LOSS,2024-04-08,0,
StructureSweep,2024-04-08 12:00:00,LONG,2335.2,2329.03,2343.53,STOP,-1.416,LOSS,2024-04-08,0,
Inducement+FVG,2024-04-08 12:15:00,LONG,2326.74,2322.81,2354.16,STOP,-1.651,LOSS,2024-04-08,0,
Inducement+FVG,2024-04-08 14:15:00,LONG,2326.04,2316.26,2354.16,TARGET,2.732,WIN,2024-04-08,0,
LiquidityRun,2024-04-08 17:30:00,LONG,2337.76,2328.06,2366.85,STOP,-1.264,LOSS,2024-04-08,0,
PriorDayLevels,2024-04-09 07:00:00,SHORT,2354.16,2361.22,2302.86,STOP,-1.368,LOSS,2024-04-09,0,
StructureSweep,2024-04-09 14:30:00,LONG,2346.28,2342.76,2365.34,STOP,-1.731,LOSS,2024-04-09,1,Inducement+FVG
Inducement+FVG,2024-04-09 15:45:00,LONG,2340.29,2336.31,2348.5,TARGET,1.709,WIN,2024-04-09,1,StructureSweep
PriorDayLevels,2024-04-09 20:00:00,SHORT,2354.16,2361.22,2302.86,EOD,-0.454,LOSS,2024-04-09,0,
StructureSweep,2024-04-10 04:30:00,SHORT,2354.2,2358.26,2344.69,STOP,-1.639,LOSS,2024-04-10,0,
StructureSweep,2024-04-10 11:15:00,LONG,2348.02,2342.39,2360.09,STOP,-1.458,LOSS,2024-04-10,1,LiquidityRun
PriorDayLevels,2024-04-10 12:00:00,LONG,2337.78,2330.76,2365.34,STOP,-1.366,LOSS,2024-04-10,1,Inducement+FVG
Inducement+FVG,2024-04-10 12:30:00,LONG,2338.57,2329.84,2365.34,STOP,-1.294,LOSS,2024-04-10,1,PriorDayLevels
LiquidityRun,2024-04-10 14:15:00,LONG,2346.07,2333.44,2383.99,STOP,-1.203,LOSS,2024-04-10,1,StructureSweep
StructureSweep,2024-04-10 14:45:00,SHORT,2346.26,2354.58,2319.24,STOP,-1.311,LOSS,2024-04-10,0,
LiquidityRun,2024-04-10 17:45:00,LONG,2337.62,2332.08,2354.25,STOP,-1.463,LOSS,2024-04-10,0,
LiquidityRun,2024-04-11 10:15:00,LONG,2334.88,2329.24,2351.78,TARGET,2.751,WIN,2024-04-11,0,
PriorDayLevels,2024-04-11 18:00:00,SHORT,2360.09,2367.17,2319.24,STOP,-1.368,LOSS,2024-04-11,0,
LiquidityRun,2024-04-11 22:45:00,SHORT,2373.59,2377.29,2362.51,STOP,-1.708,LOSS,2024-04-11,0,
LiquidityRun,2024-04-12 03:45:00,SHORT,2384.24,2390.25,2366.22,STOP,-1.437,LOSS,2024-04-12,0,
LiquidityRun,2024-04-12 11:00:00,SHORT,2395.29,2400.67,2379.16,STOP,-1.491,LOSS,2024-04-12,0,
StructureSweep,2024-04-12 11:15:00,LONG,2393.64,2389.6,2400.64,TARGET,1.381,WIN,2024-04-12,1,TridentKillzone
TridentKillzone,2024-04-12 12:00:00,LONG,2395.04,2390.42,2487.56,STOP,-5.137,LOSS,2024-04-12,1,StructureSweep
LiquiditySweep,2024-04-12 15:15:00,SHORT,2395.33,2415.75,2393.25,TARGET,0.031,BE,2024-04-12,1,LiquidityRun
LiquidityRun,2024-04-12 15:15:00,SHORT,2395.33,2417.95,2327.45,TARGET,2.937,WIN,2024-04-12,1,LiquiditySweep
PriorDayLevels,2024-04-15 08:00:00,LONG,2346.78,2339.74,2371.92,STOP,-1.366,LOSS,2024-04-15,1,Inducement+FVG
Inducement+FVG,2024-04-15 08:30:00,LONG,2346.22,2342.82,2431.53,STOP,-1.758,LOSS,2024-04-15,1,PriorDayLevels
Inducement+FVG,2024-04-15 14:15:00,LONG,2332.85,2329.24,2431.53,STOP,-1.71,LOSS,2024-04-15,0,
LiquidityRun,2024-04-15 14:45:00,LONG,2349.46,2333.14,2398.44,TARGET,2.913,WIN,2024-04-15,0,
PriorDayLevels,2024-04-15 18:00:00,SHORT,2371.92,2379.04,2346.78,STOP,-1.368,LOSS,2024-04-15,0,
StructureSweep,2024-04-16 13:00:00,SHORT,2371.97,2379.05,2362.96,STOP,-1.369,LOSS,2024-04-16,0,
PriorDayLevels,2024-04-16 15:00:00,SHORT,2392.01,2399.19,2324.11,EOD,0.912,WIN,2024-04-16,0,
StructureSweep,2024-04-16 20:45:00,LONG,2382.21,2375.99,2398.25,STOP,-1.421,LOSS,2024-04-16,0,
PriorDayLevels,2024-04-17 16:00:00,LONG,2362.96,2355.88,2398.25,STOP,-1.366,LOSS,2024-04-17,0,
StructureSweep,2024-04-18 14:45:00,LONG,2379.89,2372.13,2392.8,TARGET,1.481,WIN,2024-04-18,0,
LiquiditySweep,2024-04-19 03:00:00,SHORT,2390.09,2406.12,2384.0,TARGET,0.29,WIN,2024-04-19,1,LiquidityRun
LiquidityRun,2024-04-19 03:15:00,SHORT,2385.86,2402.11,2337.13,TARGET,2.912,WIN,2024-04-19,1,LiquiditySweep
StructureSweep,2024-04-19 06:00:00,LONG,2383.46,2376.22,2417.91,STOP,-1.361,LOSS,2024-04-19,0,
PriorDayLevels,2024-04-19 15:00:00,SHORT,2392.8,2399.98,2364.05,STOP,-1.368,LOSS,2024-04-19,0,
LiquidityRun,2024-04-22 14:30:00,LONG,2341.25,2336.47,2355.59,STOP,-1.538,LOSS,2024-04-22,0,
LiquidityRun,2024-04-22 19:15:00,LONG,2329.31,2326.24,2338.52,STOP,-1.833,LOSS,2024-04-22,0,
LiquidityRun,2024-04-23 05:15:00,LONG,2310.69,2304.3,2329.87,STOP,-1.397,LOSS,2024-04-23,0,
LiquiditySweep,2024-04-23 09:30:00,LONG,2298.87,2291.66,2311.26,TARGET,1.528,WIN,2024-04-23,1,LiquidityRun
LiquidityRun,2024-04-23 10:45:00,LONG,2303.2,2298.35,2317.76,TARGET,2.715,WIN,2024-04-23,1,LiquiditySweep
LiquidityRun,2024-04-23 14:30:00,SHORT,2318.95,2326.91,2295.05,STOP,-1.321,LOSS,2024-04-23,0,
LiquidityRun,2024-04-24 07:15:00,SHORT,2322.01,2327.07,2306.82,STOP,-1.505,LOSS,2024-04-24,0,
PriorDayLevels,2024-04-24 15:00:00,SHORT,2334.38,2341.38,2291.32,EOD,2.228,WIN,2024-04-24,0,
LiquidityRun,2024-04-24 15:45:00,SHORT,2322.59,2332.39,2293.2,STOP,-1.261,LOSS,2024-04-24,0,
StructureSweep,2024-04-24 17:30:00,LONG,2323.3,2319.45,2337.29,STOP,-1.662,LOSS,2024-04-24,0,
StructureSweep,2024-04-25 07:00:00,SHORT,2320.8,2325.42,2304.83,STOP,-1.553,LOSS,2024-04-25,0,
LiquidityRun,2024-04-25 13:15:00,SHORT,2316.66,2329.26,2278.88,STOP,-1.203,LOSS,2024-04-25,0,
PriorDayLevels,2024-04-25 14:00:00,SHORT,2337.29,2344.3,2311.7,STOP,-1.368,LOSS,2024-04-25,0,
StructureSweep,2024-04-25 14:15:00,LONG,2324.9,2318.43,2334.77,TARGET,1.309,WIN,2024-04-25,0,
StructureSweep,2024-04-26 04:30:00,SHORT,2335.07,2339.69,2326.21,STOP,-1.557,LOSS,2024-04-26,0,
LiquidityRun,2024-04-26 11:45:00,SHORT,2344.91,2348.45,2334.26,STOP,-1.728,LOSS,2024-04-26,0,
LiquidityRun,2024-04-26 13:30:00,SHORT,2339.48,2346.94,2317.08,TARGET,2.813,WIN,2024-04-26,0,
Inducement+FVG,2024-04-26 14:45:00,LONG,2333.55,2327.92,2344.87,STOP,-1.455,LOSS,2024-04-26,0,
Inducement+FVG,2024-04-29 01:15:00,LONG,2329.08,2320.21,2352.55,STOP,-1.288,LOSS,2024-04-29,0,
PriorDayLevels,2024-04-29 12:00:00,LONG,2332.48,2325.48,2336.82,TARGET,0.488,WIN,2024-04-29,1,StructureSweep
StructureSweep,2024-04-29 13:30:00,LONG,2330.91,2323.25,2344.34,TARGET,1.569,WIN,2024-04-29,1,PriorDayLevels
Inducement+FVG,2024-04-30 02:00:00,LONG,2329.65,2326.91,2346.72,STOP,-1.936,LOSS,2024-04-30,0,
LiquidityRun,2024-04-30 09:15:00,LONG,2314.9,2311.2,2325.97,STOP,-1.689,LOSS,2024-04-30,1,LiquiditySweep
LiquiditySweep,2024-04-30 11:45:00,LONG,2312.7,2305.98,2317.96,STOP,-1.378,LOSS,2024-04-30,1,LiquidityRun
LiquidityRun,2024-04-30 13:45:00,LONG,2307.48,2304.46,2316.53,STOP,-1.841,LOSS,2024-04-30,1,LiquiditySweep
LiquiditySweep,2024-04-30 19:00:00,LONG,2291.83,2286.19,2313.28,STOP,-1.446,LOSS,2024-04-30,1,LiquidityRun
LiquidityRun,2024-04-30 22:15:00,LONG,2290.45,2285.13,2306.38,STOP,-1.474,LOSS,2024-04-30,1,LiquiditySweep
LiquiditySweep,2024-04-30 22:30:00,LONG,2291.64,2286.42,2313.28,STOP,-1.482,LOSS,2024-04-30,1,LiquidityRun
LiquiditySweep,2024-05-01 03:15:00,LONG,2287.44,2281.38,2293.28,TARGET,0.736,WIN,2024-05-01,1,LiquidityRun
LiquidityRun,2024-05-01 05:15:00,LONG,2285.43,2282.19,2295.13,TARGET,2.575,WIN,2024-05-01,1,LiquiditySweep
LiquidityRun,2024-05-01 16:15:00,SHORT,2305.76,2308.22,2298.4,TARGET,2.437,WIN,2024-05-01,0,
LiquidityRun,2024-05-02 11:00:00,LONG,2300.94,2295.67,2316.75,STOP,-1.48,LOSS,2024-05-02,0,
LiquidityRun,2024-05-02 14:30:00,LONG,2300.52,2292.1,2325.79,STOP,-1.3,LOSS,2024-05-02,0,
StructureSweep,2024-05-02 14:45:00,SHORT,2303.94,2307.18,2295.14,STOP,-1.781,LOSS,2024-05-02,0,
StructureSweep,2024-05-03 01:30:00,SHORT,2304.4,2308.37,2300.19,TARGET,0.712,WIN,2024-05-03,0,
StructureSweep,2024-05-03 09:30:00,SHORT,2302.14,2305.49,2297.71,TARGET,0.909,WIN,2024-05-03,0,
PriorDayLevels,2024-05-03 13:00:00,LONG,2285.42,2278.57,2326.49,STOP,-1.366,LOSS,2024-05-03,1,LiquiditySweep
LiquiditySweep,2024-05-03 13:30:00,LONG,2286.69,2273.67,2289.74,TARGET,0.129,WIN,2024-05-03,1,PriorDayLevels
LiquidityRun,2024-05-03 16:30:00,LONG,2296.93,2293.51,2307.19,STOP,-1.738,LOSS,2024-05-03,0,
StructureSweep,2024-05-06 00:45:00,LONG,2295.97,2291.01,2303.41,TARGET,1.222,WIN,2024-05-06,0,
LiquidityRun,2024-05-06 01:00:00,LONG,2303.76,2292.82,2336.58,TARGET,2.873,WIN,2024-05-06,0,
StructureSweep,2024-05-06 12:00:00,LONG,2315.79,2312.23,2324.14,TARGET,1.959,WIN,2024-05-06,0,
LiquiditySweep,2024-05-06 12:45:00,SHORT,2323.29,2333.78,2317.28,TARGET,0.44,WIN,2024-05-06,0,
StructureSweep,2024-05-06 16:30:00,LONG,2321.82,2315.29,2332.09,STOP,-1.39,LOSS,2024-05-06,0,
StructureSweep,2024-05-07 13:15:00,SHORT,2318.22,2326.03,2309.9,TARGET,0.887,WIN,2024-05-07,0,
StructureSweep,2024-05-08 03:00:00,SHORT,2315.92,2320.51,2306.78,STOP,-1.556,LOSS,2024-05-08,0,
StructureSweep,2024-05-08 06:15:00,SHORT,2315.65,2320.68,2306.78,TARGET,1.485,WIN,2024-05-08,0,
PriorDayLevels,2024-05-08 19:00:00,LONG,2309.9,2302.97,2329.93,EOD,-0.534,LOSS,2024-05-08,0,
StructureSweep,2024-05-09 07:45:00,LONG,2309.31,2305.1,2319.74,TARGET,2.143,WIN,2024-05-09,0,
PriorDayLevels,2024-05-09 12:00:00,SHORT,2321.34,2328.3,2303.58,STOP,-1.368,LOSS,2024-05-09,0,
LiquiditySweep,2024-05-09 14:30:00,SHORT,2329.41,2338.93,2323.52,STOP,-1.27,LOSS,2024-05-09,0,
LiquidityRun,2024-05-10 02:30:00,SHORT,2348.94,2352.0,2339.75,STOP,-1.844,LOSS,2024-05-10,0,
LiquidityRun,2024-05-10 07:30:00,SHORT,2366.91,2370.66,2355.68,STOP,-1.696,LOSS,2024-05-10,0,
LiquidityRun,2024-05-10 12:30:00,SHORT,2369.07,2374.42,2353.03,TARGET,2.735,WIN,2024-05-10,0,
TridentKillzone,2024-05-10 13:30:00,LONG,2367.77,2360.11,2520.81,BAIL,-0.934,LOSS,2024-05-10,1,StructureSweep
StructureSweep,2024-05-10 14:30:00,LONG,2365.27,2357.74,2378.48,STOP,-1.345,LOSS,2024-05-10,1,TridentKillzone
Inducement+FVG,2024-05-13 01:00:00,LONG,2359.51,2356.41,2378.48,STOP,-1.838,LOSS,2024-05-13,0,
Inducement+FVG,2024-05-13 05:15:00,LONG,2353.16,2350.04,2378.48,STOP,-1.827,LOSS,2024-05-13,0,
LiquidityRun,2024-05-13 11:45:00,LONG,2344.55,2339.26,2360.42,STOP,-1.487,LOSS,2024-05-13,0,
Inducement+FVG,2024-05-13 15:00:00,LONG,2337.26,2332.92,2378.48,STOP,-1.592,LOSS,2024-05-13,1,LiquidityRun
LiquidityRun,2024-05-13 16:00:00,LONG,2337.15,2332.7,2350.5,TARGET,2.684,WIN,2024-05-13,1,Inducement+FVG
Inducement+FVG,2024-05-14 12:30:00,LONG,2346.54,2337.8,2378.48,TARGET,3.492,WIN,2024-05-14,0,
LiquidityRun,2024-05-14 15:15:00,SHORT,2350.52,2354.41,2338.86,STOP,-1.666,LOSS,2024-05-14,0,
LiquidityRun,2024-05-14 19:15:00,SHORT,2356.11,2359.67,2345.4,STOP,-1.727,LOSS,2024-05-14,0,
LiquidityRun,2024-05-15 04:45:00,SHORT,2356.96,2361.76,2342.55,STOP,-1.541,LOSS,2024-05-15,0,
LiquidityRun,2024-05-15 09:30:00,SHORT,2368.74,2375.02,2349.9,STOP,-1.416,LOSS,2024-05-15,0,
Inducement+FVG,2024-05-15 13:45:00,LONG,2358.1,2352.77,2378.48,TARGET,3.55,WIN,2024-05-15,1,StructureSweep
StructureSweep,2024-05-15 14:00:00,LONG,2361.99,2351.42,2378.95,TARGET,1.469,WIN,2024-05-15,1,Inducement+FVG
LiquidityRun,2024-05-15 14:30:00,LONG,2370.39,2361.63,2396.69,TARGET,2.837,WIN,2024-05-15,0,
LiquiditySweep,2024-05-15 15:45:00,SHORT,2377.55,2386.03,2360.11,STOP,-1.309,LOSS,2024-05-15,0,
LiquidityRun,2024-05-16 02:00:00,SHORT,2388.8,2395.33,2369.24,STOP,-1.404,LOSS,2024-05-16,0,
PriorDayLevels,2024-05-17 13:00:00,SHORT,2397.34,2404.54,2370.89,STOP,-1.368,LOSS,2024-05-17,0,
LiquiditySweep,2024-05-17 20:30:00,SHORT,2417.68,2426.38,2411.48,STOP,-1.307,LOSS,2024-05-17,0,
LiquidityRun,2024-05-20 06:30:00,SHORT,2435.55,2448.05,2398.05,TARGET,2.884,WIN,2024-05-20,0,
PriorDayLevels,2024-05-20 12:00:00,LONG,2416.74,2409.49,2425.2,STOP,-1.366,LOSS,2024-05-20,0,
StructureSweep,2024-05-21 08:00:00,SHORT,2417.24,2422.38,2406.06,STOP,-1.519,LOSS,2024-05-21,0,
StructureSweep,2024-05-21 18:00:00,LONG,2419.46,2414.88,2433.94,STOP,-1.58,LOSS,2024-05-21,0,
StructureSweep,2024-05-22 10:00:00,SHORT,2417.36,2421.81,2410.58,TARGET,1.196,WIN,2024-05-22,0,
PriorDayLevels,2024-05-22 11:00:00,LONG,2406.06,2398.84,2433.94,STOP,-1.366,LOSS,2024-05-22,0,
LiquidityRun,2024-05-22 16:00:00,LONG,2392.57,2387.88,2406.67,STOP,-1.559,LOSS,2024-05-22,0,
LiquidityRun,2024-05-22 22:15:00,LONG,2380.28,2376.57,2391.42,STOP,-1.704,LOSS,2024-05-22,0,
LiquidityRun,2024-05-23 04:00:00,LONG,2372.74,2368.86,2384.38,STOP,-1.672,LOSS,2024-05-23,1,LiquiditySweep
LiquiditySweep,2024-05-23 06:15:00,LONG,2366.76,2356.06,2373.98,STOP,-1.243,LOSS,2024-05-23,1,LiquidityRun
LiquidityRun,2024-05-23 06:30:00,LONG,2364.27,2361.19,2373.52,STOP,-1.843,LOSS,2024-05-23,1,LiquiditySweep
LiquidityRun,2024-05-23 08:45:00,LONG,2360.52,2354.83,2377.59,STOP,-1.456,LOSS,2024-05-23,1,LiquiditySweep
LiquiditySweep,2024-05-23 13:45:00,LONG,2358.61,2347.09,2369.42,STOP,-1.225,LOSS,2024-05-23,0,
LiquidityRun,2024-05-23 22:15:00,LONG,2331.72,2326.45,2347.53,STOP,-1.486,LOSS,2024-05-23,0,
StructureSweep,2024-05-24 01:30:00,SHORT,2333.04,2337.07,2326.86,TARGET,1.187,WIN,2024-05-24,0,
LiquidityRun,2024-05-24 04:15:00,LONG,2332.15,2328.34,2343.59,TARGET,2.632,WIN,2024-05-24,0,
LiquidityRun,2024-05-24 15:30:00,SHORT,2334.4,2340.06,2317.42,STOP,-1.454,LOSS,2024-05-24,0,
StructureSweep,2024-05-26 22:15:00,SHORT,2336.05,2339.79,2331.79,STOP,-1.688,LOSS,2024-05-26,0,
LiquidityRun,2024-05-27 04:15:00,SHORT,2343.07,2347.0,2331.31,STOP,-1.658,LOSS,2024-05-27,0,
StructureSweep,2024-05-27 07:00:00,LONG,2340.58,2337.1,2347.61,TARGET,1.617,WIN,2024-05-27,0,
LiquidityRun,2024-05-27 15:00:00,SHORT,2354.4,2357.7,2344.49,TARGET,2.573,WIN,2024-05-27,0,
Inducement+FVG,2024-05-28 06:15:00,LONG,2342.64,2339.3,2347.61,TARGET,1.069,WIN,2024-05-28,1,LiquidityRun
LiquidityRun,2024-05-28 09:00:00,LONG,2343.62,2340.8,2352.1,TARGET,2.502,WIN,2024-05-28,1,Inducement+FVG
StructureSweep,2024-05-28 12:45:00,SHORT,2353.18,2357.93,2340.23,STOP,-1.546,LOSS,2024-05-28,2,"LiquidityRun,PriorDayLevels"
PriorDayLevels,2024-05-28 13:00:00,SHORT,2358.45,2365.52,2334.36,EOD,-0.542,LOSS,2024-05-28,2,"LiquidityRun,StructureSweep"
StructureSweep,2024-05-28 14:00:00,SHORT,2350.58,2357.24,2340.23,STOP,-1.389,LOSS,2024-05-28,1,LiquidityRun
LiquidityRun,2024-05-28 14:00:00,SHORT,2350.58,2359.44,2324.0,STOP,-1.293,LOSS,2024-05-28,1,StructureSweep
LiquidityRun,2024-05-28 16:30:00,SHORT,2356.38,2361.55,2340.85,STOP,-1.502,LOSS,2024-05-28,2,"PriorDayLevels,StructureSweep"
Inducement+FVG,2024-05-29 01:30:00,LONG,2356.25,2352.29,2364.08,STOP,-1.654,LOSS,2024-05-29,0,
Inducement+FVG,2024-05-29 08:00:00,LONG,2351.28,2346.1,2364.08,STOP,-1.499,LOSS,2024-05-29,1,LiquidityRun
LiquidityRun,2024-05-29 10:45:00,LONG,2346.39,2343.47,2355.15,STOP,-1.883,LOSS,2024-05-29,2,"Inducement+FVG,PriorDayLevels"
PriorDayLevels,2024-05-29 11:00:00,LONG,2340.23,2333.21,2364.08,EOD,-0.633,LOSS,2024-05-29,1,LiquidityRun
LiquidityRun,2024-05-29 16:45:00,LONG,2341.92,2336.76,2357.4,STOP,-1.499,LOSS,2024-05-29,0,
LiquidityRun,2024-05-29 23:15:00,LONG,2338.38,2335.37,2347.4,STOP,-1.854,LOSS,2024-05-29,1,LiquiditySweep
LiquidityRun,2024-05-30 01:15:00,LONG,2338.18,2335.11,2347.39,STOP,-1.837,LOSS,2024-05-30,1,LiquiditySweep
LiquiditySweep,2024-05-30 03:15:00,LONG,2332.52,2327.15,2336.73,TARGET,0.524,WIN,2024-05-30,1,LiquidityRun
LiquidityRun,2024-05-30 03:30:00,LONG,2334.46,2328.75,2351.59,STOP,-1.449,LOSS,2024-05-30,1,LiquiditySweep
LiquidityRun,2024-05-30 06:30:00,LONG,2329.53,2325.1,2342.82,TARGET,2.684,WIN,2024-05-30,1,LiquiditySweep
StructureSweep,2024-05-30 07:00:00,SHORT,2336.74,2339.49,2322.55,STOP,-1.938,LOSS,2024-05-30,0,
LiquidityRun,2024-05-30 14:45:00,SHORT,2344.07,2349.88,2326.64,STOP,-1.445,LOSS,2024-05-30,0,
StructureSweep,2024-05-31 00:45:00,SHORT,2346.32,2349.86,2339.83,TARGET,1.434,WIN,2024-05-31,0,
StructureSweep,2024-05-31 07:00:00,SHORT,2344.31,2348.15,2336.94,STOP,-1.671,LOSS,2024-05-31,0,
Inducement+FVG,2024-05-31 07:45:00,LONG,2340.36,2337.82,2351.85,TARGET,3.962,WIN,2024-05-31,0,
PriorDayLevels,2024-05-31 12:00:00,SHORT,2351.85,2358.9,2322.55,STOP,-1.368,LOSS,2024-05-31,0,
LiquidityRun,2024-05-31 14:00:00,SHORT,2338.0,2352.56,2294.31,STOP,-1.177,LOSS,2024-05-31,0,
PriorDayLevels,2024-05-31 18:00:00,LONG,2322.55,2315.58,2351.85,EOD,0.299,WIN,2024-05-31,0,
LiquiditySweep,2024-06-03 04:00:00,LONG,2322.06,2316.71,2330.55,STOP,-1.477,LOSS,2024-06-03,0,
LiquiditySweep,2024-06-03 06:45:00,LONG,2322.34,2314.28,2323.69,TARGET,-0.006,BE,2024-06-03,0,
PriorDayLevels,2024-06-03 07:00:00,SHORT,2328.77,2335.76,2323.33,TARGET,0.645,WIN,2024-06-03,0,
LiquidityRun,2024-06-03 19:30:00,SHORT,2346.01,2349.32,2336.08,STOP,-1.78,LOSS,2024-06-03,0,
LiquidityRun,2024-06-04 04:15:00,LONG,2348.35,2344.05,2361.26,STOP,-1.6,LOSS,2024-06-04,0,
LiquidityRun,2024-06-04 12:30:00,LONG,2332.78,2327.57,2348.44,STOP,-1.491,LOSS,2024-06-04,0,
StructureSweep,2024-06-04 13:00:00,SHORT,2334.72,2339.11,2325.25,TARGET,1.84,WIN,2024-06-04,0,
LiquidityRun,2024-06-04 15:15:00,LONG,2326.29,2318.73,2348.99,TARGET,2.815,WIN,2024-06-04,0,
StructureSweep,2024-06-04 17:30:00,SHORT,2329.01,2332.65,2315.52,STOP,-1.705,LOSS,2024-06-04,0,
PriorDayLevels,2024-06-05 15:00:00,SHORT,2352.8,2359.86,2315.52,EOD,-0.681,LOSS,2024-06-05,0,
LiquidityRun,2024-06-05 19:45:00,SHORT,2353.93,2356.86,2345.13,STOP,-1.884,LOSS,2024-06-05,0,
LiquidityRun,2024-06-06 03:30:00,SHORT,2368.56,2373.6,2353.44,TARGET,2.719,WIN,2024-06-06,0,
StructureSweep,2024-06-06 05:45:00,LONG,2367.7,2363.96,2374.96,STOP,-1.695,LOSS,2024-06-06,0,
Inducement+FVG,2024-06-06 13:00:00,LONG,2355.67,2351.81,2374.96,TARGET,4.631,WIN,2024-06-06,0,
LiquidityRun,2024-06-06 18:15:00,SHORT,2371.4,2374.55,2361.95,STOP,-1.829,LOSS,2024-06-06,0,
LiquiditySweep,2024-06-07 00:45:00,SHORT,2378.42,2382.81,2368.98,STOP,-1.596,LOSS,2024-06-07,1,LiquidityRun
Inducement+FVG,2024-06-07 01:00:00,LONG,2373.78,2371.27,2378.51,STOP,-2.039,LOSS,2024-06-07,0,
LiquidityRun,2024-06-07 01:15:00,SHORT,2372.84,2379.77,2352.06,STOP,-1.378,LOSS,2024-06-07,1,LiquiditySweep
LiquidityRun,2024-06-07 05:15:00,SHORT,2383.26,2387.03,2371.94,TARGET,2.622,WIN,2024-06-07,1,LiquiditySweep
LiquiditySweep,2024-06-07 05:30:00,SHORT,2379.94,2387.06,2369.38,TARGET,1.282,WIN,2024-06-07,1,LiquidityRun
PriorDayLevels,2024-06-07 08:00:00,LONG,2353.36,2346.3,2378.51,STOP,-1.366,LOSS,2024-06-07,0,
LiquidityRun,2024-06-07 14:30:00,LONG,2318.3,2312.77,2334.91,STOP,-1.46,LOSS,2024-06-07,1,MaynePlaybook
MaynePlaybook,2024-06-07 16:00:00,LONG,2311.57,2302.94,2417.91,STOP,-1.294,LOSS,2024-06-07,1,LiquidityRun
LiquidityRun,2024-06-07 20:30:00,LONG,2291.42,2286.74,2305.43,TARGET,2.705,WIN,2024-06-07,0,
StructureSweep,2024-06-10 02:00:00,SHORT,2299.79,2303.7,2286.72,STOP,-1.647,LOSS,2024-06-10,0,
LiquidityRun,2024-06-10 18:15:00,SHORT,2310.79,2314.14,2300.75,TARGET,2.587,WIN,2024-06-10,0,
Inducement+FVG,2024-06-11 01:45:00,LONG,2302.84,2299.04,2313.77,STOP,-1.665,LOSS,2024-06-11,0,
Inducement+FVG,2024-06-11 05:30:00,LONG,2299.27,2295.1,2313.77,TARGET,3.149,WIN,2024-06-11,1,LiquidityRun
LiquidityRun,2024-06-11 06:15:00,LONG,2303.41,2297.95,2319.81,TARGET,2.746,WIN,2024-06-11,1,Inducement+FVG
StructureSweep,2024-06-11 07:30:00,SHORT,2304.08,2307.73,2297.65,STOP,-1.695,LOSS,2024-06-11,0,
PriorDayLevels,2024-06-11 12:00:00,SHORT,2313.77,2320.71,2287.7,EOD,-0.555,LOSS,2024-06-11,1,LiquidityRun
LiquidityRun,2024-06-11 15:15:00,SHORT,2312.35,2316.62,2299.54,STOP,-1.596,LOSS,2024-06-11,1,PriorDayLevels
StructureSweep,2024-06-11 20:00:00,SHORT,2315.57,2318.21,2305.79,STOP,-1.966,LOSS,2024-06-11,0,
Inducement+FVG,2024-06-11 23:30:00,LONG,2314.26,2311.94,2319.95,STOP,-2.095,LOSS,2024-06-11,0,
LiquidityRun,2024-06-12 07:15:00,SHORT,2312.37,2316.84,2298.93,STOP,-1.569,LOSS,2024-06-12,0,
PriorDayLevels,2024-06-12 12:00:00,SHORT,2319.95,2326.91,2297.65,STOP,-1.368,LOSS,2024-06-12,0,
LiquidityRun,2024-06-12 13:45:00,SHORT,2329.79,2338.21,2304.52,STOP,-1.305,LOSS,2024-06-12,0,
Inducement+FVG,2024-06-13 01:00:00,LONG,2315.66,2310.78,2341.63,STOP,-1.522,LOSS,2024-06-13,1,LiquidityRun
Inducement+FVG,2024-06-13 01:30:00,LONG,2311.28,2307.58,2317.78,TARGET,1.383,WIN,2024-06-13,1,LiquidityRun
LiquidityRun,2024-06-13 02:15:00,LONG,2315.74,2310.9,2330.27,STOP,-1.525,LOSS,2024-06-13,1,Inducement+FVG
Inducement+FVG,2024-06-13 11:45:00,LONG,2307.03,2301.71,2341.63,STOP,-1.477,LOSS,2024-06-13,0,
LiquidityRun,2024-06-13 12:45:00,LONG,2323.26,2306.03,2374.95,STOP,-1.148,LOSS,2024-06-13,0,
LiquiditySweep,2024-06-13 16:30:00,LONG,2297.88,2294.03,2304.37,TARGET,1.328,WIN,2024-06-13,1,LiquidityRun
LiquidityRun,2024-06-13 17:15:00,LONG,2302.29,2297.85,2315.62,TARGET,2.688,WIN,2024-06-13,1,LiquiditySweep
StructureSweep,2024-06-13 19:45:00,SHORT,2303.41,2307.03,2295.46,STOP,-1.701,LOSS,2024-06-13,0,
PriorDayLevels,2024-06-14 10:00:00,SHORT,2326.76,2333.74,2295.46,STOP,-1.368,LOSS,2024-06-14,0,
StructureSweep,2024-06-14 17:30:00,SHORT,2332.7,2337.89,2324.01,TARGET,1.407,WIN,2024-06-14,0,
LiquidityRun,2024-06-17 04:00:00,LONG,2324.11,2320.65,2334.51,STOP,-1.737,LOSS,2024-06-17,0,
LiquidityRun,2024-06-17 08:15:00,LONG,2320.76,2317.03,2331.95,STOP,-1.684,LOSS,2024-06-17,0,
LiquidityRun,2024-06-17 13:45:00,SHORT,2320.98,2325.39,2307.75,STOP,-1.58,LOSS,2024-06-17,0,
LiquidityRun,2024-06-17 15:30:00,SHORT,2311.39,2324.82,2271.11,STOP,-1.19,LOSS,2024-06-17,0,
StructureSweep,2024-06-18 06:45:00,LONG,2320.08,2316.37,2325.63,STOP,-1.686,LOSS,2024-06-18,0,
PriorDayLevels,2024-06-18 10:00:00,LONG,2309.97,2303.04,2328.95,TARGET,2.605,WIN,2024-06-18,1,LiquidityRun
LiquidityRun,2024-06-18 12:00:00,LONG,2313.21,2309.26,2325.05,TARGET,2.648,WIN,2024-06-18,1,PriorDayLevels
LiquidityRun,2024-06-18 14:00:00,LONG,2323.69,2319.22,2337.09,STOP,-1.571,LOSS,2024-06-18,0,
PriorDayLevels,2024-06-18 16:00:00,SHORT,2328.95,2335.93,2309.97,EOD,-0.267,LOSS,2024-06-18,1,LiquidityRun
LiquidityRun,2024-06-18 18:00:00,SHORT,2328.25,2332.45,2315.63,STOP,-1.61,LOSS,2024-06-18,1,PriorDayLevels
StructureSweep,2024-06-19 01:15:00,LONG,2328.38,2324.32,2333.09,TARGET,0.816,WIN,2024-06-19,0,
LiquidityRun,2024-06-19 08:45:00,SHORT,2332.54,2335.74,2322.96,STOP,-1.804,LOSS,2024-06-19,0,
StructureSweep,2024-06-19 11:15:00,LONG,2328.74,2324.13,2334.96,STOP,-1.554,LOSS,2024-06-19,0,
Inducement+FVG,2024-06-20 00:15:00,LONG,2328.24,2324.7,2334.96,TARGET,1.503,WIN,2024-06-20,0,
LiquiditySweep,2024-06-20 02:15:00,SHORT,2335.52,2340.2,2327.74,STOP,-1.549,LOSS,2024-06-20,1,LiquidityRun
LiquidityRun,2024-06-20 02:45:00,SHORT,2333.74,2337.52,2322.4,STOP,-1.68,LOSS,2024-06-20,1,LiquiditySweep
LiquidityRun,2024-06-20 08:00:00,SHORT,2334.24,2343.39,2306.78,STOP,-1.281,LOSS,2024-06-20,0,
StructureSweep,2024-06-20 09:15:00,LONG,2333.24,2329.85,2345.67,TARGET,3.252,WIN,2024-06-20,0,
LiquidityRun,2024-06-20 15:30:00,SHORT,2354.96,2359.75,2340.59,STOP,-1.542,LOSS,2024-06-20,0,
LiquidityRun,2024-06-21 01:15:00,SHORT,2360.58,2364.55,2348.65,STOP,-1.654,LOSS,2024-06-21,0,
Inducement+FVG,2024-06-21 01:30:00,LONG,2359.78,2355.19,2365.49,TARGET,0.935,WIN,2024-06-21,0,
LiquiditySweep,2024-06-21 05:45:00,SHORT,2364.49,2369.15,2358.16,TARGET,1.054,WIN,2024-06-21,0,
Inducement+FVG,2024-06-21 06:45:00,LONG,2358.46,2355.19,2365.49,STOP,-1.792,LOSS,2024-06-21,1,LiquidityRun
LiquidityRun,2024-06-21 07:45:00,LONG,2362.88,2355.82,2384.06,STOP,-1.368,LOSS,2024-06-21,1,Inducement+FVG
LiquiditySweep,2024-06-21 08:30:00,SHORT,2365.02,2371.45,2358.16,TARGET,0.846,WIN,2024-06-21,0,
Inducement+FVG,2024-06-21 13:30:00,LONG,2349.87,2347.07,2365.49,STOP,-1.92,LOSS,2024-06-21,0,
PriorDayLevels,2024-06-21 15:00:00,LONG,2327.74,2320.76,2365.49,STOP,-1.366,LOSS,2024-06-21,1,LiquidityRun
LiquidityRun,2024-06-21 18:30:00,LONG,2322.29,2317.1,2337.86,STOP,-1.492,LOSS,2024-06-21,1,PriorDayLevels
StructureSweep,2024-06-25 05:00:00,SHORT,2327.82,2330.91,2323.16,TARGET,1.053,WIN,2024-06-25,0,
PriorDayLevels,2024-06-25 10:00:00,SHORT,2334.63,2341.63,2317.85,TARGET,2.263,WIN,2024-06-25,0,
Inducement+FVG,2024-06-25 12:45:00,LONG,2324.21,2321.54,2334.63,STOP,-1.956,LOSS,2024-06-25,3,"LiquidityRun,LiquiditySweep,PriorDayLevels"
Inducement+FVG,2024-06-25 14:00:00,LONG,2323.61,2317.58,2334.63,STOP,-1.423,LOSS,2024-06-25,3,"LiquidityRun,LiquiditySweep,PriorDayLevels"
LiquiditySweep,2024-06-25 15:30:00,LONG,2320.05,2312.09,2322.19,TARGET,0.094,WIN,2024-06-25,3,"Inducement+FVG,LiquidityRun,PriorDayLevels"
PriorDayLevels,2024-06-25 16:00:00,LONG,2317.85,2310.9,2334.63,EOD,-0.054,LOSS,2024-06-25,3,"Inducement+FVG,LiquidityRun,LiquiditySweep"
LiquidityRun,2024-06-25 16:00:00,LONG,2323.24,2318.73,2336.78,STOP,-1.565,LOSS,2024-06-25,3,"Inducement+FVG,LiquiditySweep,PriorDayLevels"
LiquiditySweep,2024-06-25 16:45:00,LONG,2317.78,2311.96,2322.19,TARGET,0.518,WIN,2024-06-25,3,"Inducement+FVG,LiquidityRun,PriorDayLevels"
LiquidityRun,2024-06-25 20:45:00,LONG,2319.34,2316.44,2328.02,STOP,-1.881,LOSS,2024-06-25,1,LiquiditySweep
StructureSweep,2024-06-25 22:00:00,SHORT,2319.76,2323.47,2315.44,STOP,-1.688,LOSS,2024-06-25,0,
LiquiditySweep,2024-06-26 02:15:00,LONG,2321.33,2311.83,2322.19,STOP,-1.268,LOSS,2024-06-26,1,LiquidityRun
LiquidityRun,2024-06-26 02:15:00,LONG,2321.33,2312.57,2347.59,STOP,-1.291,LOSS,2024-06-26,1,LiquiditySweep
LiquidityRun,2024-06-26 06:45:00,LONG,2317.09,2310.14,2337.93,STOP,-1.366,LOSS,2024-06-26,1,LiquiditySweep
LiquiditySweep,2024-06-26 10:30:00,LONG,2310.64,2304.62,2318.13,STOP,-1.422,LOSS,2024-06-26,3,"LiquidityRun,MaynePlaybook,StructureSweep"
MaynePlaybook,2024-06-26 11:00:00,LONG,2312.99,2304.37,2352.55,STOP,-1.294,LOSS,2024-06-26,3,"LiquidityRun,LiquiditySweep,StructureSweep"
LiquiditySweep,2024-06-26 11:30:00,LONG,2311.29,2301.11,2318.13,STOP,-1.249,LOSS,2024-06-26,3,"LiquidityRun,MaynePlaybook,StructureSweep"
LiquidityRun,2024-06-26 11:45:00,LONG,2312.99,2305.45,2335.62,STOP,-1.337,LOSS,2024-06-26,3,"LiquiditySweep,MaynePlaybook,StructureSweep"
StructureSweep,2024-06-26 11:45:00,LONG,2312.99,2308.51,2318.42,STOP,-1.567,LOSS,2024-06-26,3,"LiquidityRun,LiquiditySweep,MaynePlaybook"
LiquidityRun,2024-06-26 15:15:00,LONG,2301.0,2297.73,2310.8,STOP,-1.774,LOSS,2024-06-26,0,
LiquidityRun,2024-06-27 02:15:00,LONG,2298.79,2295.76,2307.87,TARGET,2.544,WIN,2024-06-27,1,StructureSweep
StructureSweep,2024-06-27 05:45:00,LONG,2297.53,2294.45,2301.13,TARGET,0.725,WIN,2024-06-27,1,LiquidityRun
PriorDayLevels,2024-06-27 12:00:00,SHORT,2323.9,2330.87,2293.56,STOP,-1.368,LOSS,2024-06-27,0,
LiquidityRun,2024-06-27 16:30:00,SHORT,2325.56,2329.08,2315.01,STOP,-1.728,LOSS,2024-06-27,0,
LiquiditySweep,2024-06-28 12:30:00,SHORT,2336.25,2342.87,2327.22,TARGET,1.152,WIN,2024-06-28,1,LiquidityRun
LiquidityRun,2024-06-28 13:30:00,SHORT,2331.05,2336.92,2313.42,STOP,-1.437,LOSS,2024-06-28,1,LiquiditySweep
StructureSweep,2024-06-28 13:45:00,LONG,2330.29,2324.27,2337.15,STOP,-1.425,LOSS,2024-06-28,0,
StructureSweep,2024-06-28 15:15:00,LONG,2328.29,2321.96,2339.81,STOP,-1.404,LOSS,2024-06-28,0,
Inducement+FVG,2024-07-01 00:00:00,LONG,2322.54,2320.07,2339.81,STOP,-2.032,LOSS,2024-07-01,0,
Inducement+FVG,2024-07-01 05:45:00,LONG,2321.8,2318.53,2339.81,TARGET,5.084,WIN,2024-07-01,0,
LiquidityRun,2024-07-01 12:30:00,SHORT,2330.35,2337.64,2308.5,STOP,-1.353,LOSS,2024-07-01,0,
PriorDayLevels,2024-07-01 13:00:00,LONG,2322.84,2315.87,2326.16,TARGET,0.343,WIN,2024-07-01,2,"StructureSweep,TridentKillzone"
TridentKillzone,2024-07-01 13:30:00,LONG,2327.03,2325.45,2358.53,STOP,-3.973,LOSS,2024-07-01,2,"PriorDayLevels,StructureSweep"
StructureSweep,2024-07-01 14:15:00,LONG,2323.79,2318.61,2338.48,TARGET,2.562,WIN,2024-07-01,2,"PriorDayLevels,TridentKillzone"
LiquidityRun,2024-07-03 11:15:00,SHORT,2344.63,2349.25,2330.77,STOP,-1.559,LOSS,2024-07-03,1,LiquiditySweep
LiquiditySweep,2024-07-03 12:15:00,SHORT,2348.59,2353.22,2342.11,STOP,-1.559,LOSS,2024-07-03,1,LiquidityRun
LiquidityRun,2024-07-03 17:00:00,SHORT,2356.1,2360.38,2343.28,STOP,-1.607,LOSS,2024-07-03,0,
StructureSweep,2024-07-03 19:45:00,LONG,2354.28,2351.26,2364.93,STOP,-1.857,LOSS,2024-07-03,1,LiquidityRun
LiquidityRun,2024-07-03 20:45:00,LONG,2356.11,2352.91,2365.71,STOP,-1.809,LOSS,2024-07-03,1,StructureSweep
Inducement+FVG,2024-07-04 05:15:00,LONG,2356.21,2353.82,2364.93,STOP,-2.084,LOSS,2024-07-04,1,StructureSweep
StructureSweep,2024-07-04 07:30:00,LONG,2357.15,2352.81,2362.54,TARGET,0.915,WIN,2024-07-04,1,Inducement+FVG
LiquiditySweep,2024-07-05 05:45:00,SHORT,2364.65,2368.56,2357.14,STOP,-1.667,LOSS,2024-07-05,1,LiquidityRun
LiquidityRun,2024-07-05 09:30:00,SHORT,2365.12,2367.77,2357.19,STOP,-1.985,LOSS,2024-07-05,1,LiquiditySweep
StructureSweep,2024-07-05 09:45:00,LONG,2362.43,2359.56,2368.0,TARGET,1.446,WIN,2024-07-05,0,
PriorDayLevels,2024-07-05 12:00:00,LONG,2350.34,2343.29,2362.54,TARGET,1.596,WIN,2024-07-05,0,
LiquidityRun,2024-07-05 13:45:00,LONG,2383.16,2374.65,2408.7,STOP,-1.307,LOSS,2024-07-05,0,
LiquidityRun,2024-07-05 14:45:00,LONG,2380.72,2377.35,2390.81,TARGET,2.575,WIN,2024-07-05,0,
LiquiditySweep,2024-07-05 17:30:00,SHORT,2386.34,2393.48,2362.24,TARGET,3.175,WIN,2024-07-05,1,LiquidityRun
LiquidityRun,2024-07-05 19:45:00,SHORT,2388.78,2393.09,2375.87,TARGET,2.668,WIN,2024-07-05,1,LiquiditySweep
LiquidityRun,2024-07-08 10:15:00,LONG,2372.93,2368.9,2385.02,STOP,-1.647,LOSS,2024-07-08,0,
StructureSweep,2024-07-08 14:15:00,SHORT,2376.54,2380.35,2368.26,TARGET,1.802,WIN,2024-07-08,0,
LiquidityRun,2024-07-08 16:45:00,LONG,2358.61,2353.05,2375.3,STOP,-1.466,LOSS,2024-07-08,0,
StructureSweep,2024-07-09 08:00:00,LONG,2360.63,2356.12,2368.78,STOP,-1.575,LOSS,2024-07-09,0,
StructureSweep,2024-07-09 13:30:00,SHORT,2364.93,2369.35,2358.21,STOP,-1.589,LOSS,2024-07-09,0,
PriorDayLevels,2024-07-09 15:00:00,LONG,2350.98,2343.92,2391.09,EOD,1.615,WIN,2024-07-09,0,
LiquidityRun,2024-07-09 15:45:00,LONG,2361.99,2352.49,2390.5,TARGET,2.85,WIN,2024-07-09,0,
StructureSweep,2024-07-09 18:00:00,SHORT,2362.82,2365.92,2349.34,STOP,-1.839,LOSS,2024-07-09,0,
StructureSweep,2024-07-10 15:00:00,LONG,2376.87,2371.63,2386.67,STOP,-1.498,LOSS,2024-07-10,0,
StructureSweep,2024-07-11 12:15:00,LONG,2378.96,2375.94,2384.53,TARGET,1.369,WIN,2024-07-11,0,
LiquidityRun,2024-07-11 16:15:00,SHORT,2413.43,2419.56,2395.05,TARGET,2.764,WIN,2024-07-11,0,
StructureSweep,2024-07-12 00:45:00,LONG,2411.96,2408.59,2418.67,STOP,-1.786,LOSS,2024-07-12,0,
LiquidityRun,2024-07-12 13:15:00,LONG,2401.32,2397.31,2413.36,TARGET,2.64,WIN,2024-07-12,0,
StructureSweep,2024-07-12 14:15:00,SHORT,2408.18,2412.9,2391.36,STOP,-1.562,LOSS,2024-07-12,1,LiquidityRun
LiquidityRun,2024-07-12 18:15:00,SHORT,2415.31,2418.81,2404.82,TARGET,2.586,WIN,2024-07-12,1,StructureSweep
StructureSweep,2024-07-15 01:15:00,LONG,2407.08,2402.69,2418.23,STOP,-1.603,LOSS,2024-07-15,0,
LiquidityRun,2024-07-15 07:45:00,LONG,2407.88,2401.74,2426.31,TARGET,2.764,WIN,2024-07-15,0,
StructureSweep,2024-07-15 10:15:00,SHORT,2412.78,2416.57,2401.31,STOP,-1.7,LOSS,2024-07-15,0,
StructureSweep,2024-07-15 13:00:00,SHORT,2412.46,2417.8,2401.31,STOP,-1.499,LOSS,2024-07-15,0,
LiquidityRun,2024-07-15 17:00:00,SHORT,2425.95,2434.22,2401.12,STOP,-1.323,LOSS,2024-07-15,0,
PriorDayLevels,2024-07-16 09:00:00,SHORT,2439.77,2447.09,2401.31,STOP,-1.368,LOSS,2024-07-16,2,"LiquidityRun,LiquiditySweep"
LiquiditySweep,2024-07-16 09:15:00,SHORT,2439.13,2444.82,2425.02,STOP,-1.472,LOSS,2024-07-16,2,"LiquidityRun,PriorDayLevels"
LiquidityRun,2024-07-16 12:45:00,SHORT,2432.56,2442.75,2402.0,STOP,-1.263,LOSS,2024-07-16,2,"LiquiditySweep,PriorDayLevels"
LiquiditySweep,2024-07-16 13:45:00,SHORT,2442.77,2451.67,2425.02,STOP,-1.302,LOSS,2024-07-16,0,
LiquidityRun,2024-07-16 22:15:00,SHORT,2467.47,2470.71,2457.76,STOP,-1.839,LOSS,2024-07-16,1,LiquiditySweep
LiquiditySweep,2024-07-16 22:30:00,SHORT,2469.18,2473.67,2429.33,STOP,-1.605,LOSS,2024-07-16,1,LiquidityRun
LiquidityRun,2024-07-17 02:45:00,SHORT,2474.5,2480.17,2457.5,STOP,-1.481,LOSS,2024-07-17,0,
LiquiditySweep,2024-07-17 03:15:00,SHORT,2465.2,2474.91,2429.33,STOP,-1.28,LOSS,2024-07-17,0,
LiquiditySweep,2024-07-17 14:00:00,SHORT,2467.56,2487.46,2466.66,TARGET,-0.029,BE,2024-07-17,2,"LiquidityRun,VolProfileReject"
LiquidityRun,2024-07-17 14:15:00,SHORT,2469.66,2477.84,2445.13,TARGET,2.819,WIN,2024-07-17,2,"LiquiditySweep,VolProfileReject"
VolProfileReject,2024-07-17 14:15:00,SHORT,2469.66,2486.22,2406.1,TARGET,3.75,WIN,2024-07-17,2,"LiquidityRun,LiquiditySweep"
Inducement+FVG,2024-07-17 14:45:00,LONG,2463.74,2458.95,2482.36,STOP,-1.566,LOSS,2024-07-17,0,
Inducement+FVG,2024-07-17 15:15:00,LONG,2464.77,2455.21,2482.36,STOP,-1.283,LOSS,2024-07-17,0,
Inducement+FVG,2024-07-17 16:30:00,LONG,2456.29,2451.58,2482.36,STOP,-1.572,LOSS,2024-07-17,0,
StructureSweep,2024-07-18 00:00:00,SHORT,2458.42,2463.92,2451.41,STOP,-1.493,LOSS,2024-07-18,0,
StructureSweep,2024-07-18 09:15:00,LONG,2466.32,2462.08,2474.97,STOP,-1.639,LOSS,2024-07-18,0,
StructureSweep,2024-07-18 10:30:00,LONG,2464.82,2459.94,2474.97,STOP,-1.555,LOSS,2024-07-18,0,
StructureSweep,2024-07-18 14:45:00,SHORT,2468.4,2472.39,2457.52,TARGET,2.354,WIN,2024-07-18,0,
Inducement+FVG,2024-07-18 16:00:00,LONG,2460.72,2454.18,2483.74,STOP,-1.413,LOSS,2024-07-18,0,
Inducement+FVG,2024-07-18 17:15:00,LONG,2453.73,2447.01,2482.36,STOP,-1.401,LOSS,2024-07-18,1,PriorDayLevels
PriorDayLevels,2024-07-18 18:00:00,LONG,2451.41,2444.05,2483.74,STOP,-1.366,LOSS,2024-07-18,2,"Inducement+FVG,LiquidityRun"
LiquidityRun,2024-07-18 20:30:00,LONG,2444.47,2440.79,2455.49,STOP,-1.731,LOSS,2024-07-18,1,PriorDayLevels
LiquidityRun,2024-07-19 03:45:00,LONG,2428.7,2424.88,2440.15,STOP,-1.699,LOSS,2024-07-19,0,
LiquiditySweep,2024-07-19 06:45:00,LONG,2419.94,2413.03,2429.47,STOP,-1.384,LOSS,2024-07-19,0,
LiquiditySweep,2024-07-19 08:00:00,LONG,2420.18,2412.68,2429.47,STOP,-1.354,LOSS,2024-07-19,0,
LiquidityRun,2024-07-19 13:45:00,LONG,2403.79,2395.86,2427.59,STOP,-1.333,LOSS,2024-07-19,0,
LiquidityRun,2024-07-22 00:15:00,SHORT,2408.88,2412.52,2397.95,TARGET,2.604,WIN,2024-07-22,0,
LiquiditySweep,2024-07-22 12:15:00,LONG,2396.85,2390.03,2407.35,STOP,-1.386,LOSS,2024-07-22,0,
LiquiditySweep,2024-07-22 12:45:00,LONG,2394.22,2388.36,2407.35,STOP,-1.449,LOSS,2024-07-22,1,LiquidityRun
LiquidityRun,2024-07-22 16:45:00,LONG,2392.98,2387.31,2409.98,TARGET,2.746,WIN,2024-07-22,1,LiquiditySweep
StructureSweep,2024-07-22 18:45:00,SHORT,2395.72,2398.87,2383.8,STOP,-1.838,LOSS,2024-07-22,0,
StructureSweep,2024-07-23 04:45:00,LONG,2396.46,2393.35,2403.98,STOP,-1.847,LOSS,2024-07-23,0,
LiquidityRun,2024-07-23 13:15:00,SHORT,2404.45,2407.81,2394.36,STOP,-1.787,LOSS,2024-07-23,0,
LiquidityRun,2024-07-24 05:15:00,SHORT,2414.51,2418.65,2402.08,STOP,-1.642,LOSS,2024-07-24,0,
LiquidityRun,2024-07-24 07:45:00,SHORT,2414.57,2417.91,2404.56,STOP,-1.797,LOSS,2024-07-24,0,
StructureSweep,2024-07-24 08:15:00,LONG,2413.97,2409.51,2419.21,TARGET,0.85,WIN,2024-07-24,0,
LiquiditySweep,2024-07-24 12:45:00,SHORT,2421.43,2425.64,2412.98,STOP,-1.633,LOSS,2024-07-24,1,LiquidityRun
LiquiditySweep,2024-07-24 14:00:00,SHORT,2419.59,2432.03,2412.98,TARGET,0.415,WIN,2024-07-24,1,LiquidityRun
LiquidityRun,2024-07-24 16:15:00,SHORT,2420.9,2424.69,2409.52,TARGET,2.618,WIN,2024-07-24,1,LiquiditySweep
Inducement+FVG,2024-07-24 17:45:00,LONG,2409.18,2406.51,2419.21,STOP,-1.991,LOSS,2024-07-24,0,
LiquidityRun,2024-07-24 18:00:00,SHORT,2408.11,2415.26,2386.65,TARGET,2.799,WIN,2024-07-24,0,
LiquidityRun,2024-07-25 03:45:00,LONG,2374.76,2369.59,2390.26,STOP,-1.505,LOSS,2024-07-25,0,
LiquiditySweep,2024-07-25 07:00:00,LONG,2366.97,2362.2,2396.39,STOP,-1.546,LOSS,2024-07-25,0,
LiquidityRun,2024-07-25 07:30:00,LONG,2375.5,2369.66,2392.99,STOP,-1.447,LOSS,2024-07-25,0,
StructureSweep,2024-07-25 12:45:00,LONG,2371.14,2364.89,2382.53,STOP,-1.416,LOSS,2024-07-25,1,LiquiditySweep
LiquiditySweep,2024-07-25 14:15:00,LONG,2366.04,2354.38,2377.31,STOP,-1.223,LOSS,2024-07-25,1,StructureSweep
LiquidityRun,2024-07-25 19:30:00,LONG,2363.71,2355.51,2388.28,TARGET,2.826,WIN,2024-07-25,0,
LiquidityRun,2024-07-26 17:15:00,SHORT,2382.13,2390.46,2357.15,STOP,-1.315,LOSS,2024-07-26,0,
LiquidityRun,2024-07-29 01:30:00,SHORT,2393.06,2399.16,2374.78,TARGET,2.765,WIN,2024-07-29,0,
Inducement+FVG,2024-07-29 08:30:00,LONG,2389.9,2384.16,2403.16,STOP,-1.457,LOSS,2024-07-29,0,
StructureSweep,2024-07-29 13:00:00,SHORT,2394.56,2398.28,2386.93,TARGET,1.667,WIN,2024-07-29,0,
Inducement+FVG,2024-07-29 15:15:00,LONG,2374.85,2372.39,2403.16,TARGET,10.934,WIN,2024-07-29,0,
StructureSweep,2024-07-29 19:15:00,SHORT,2383.45,2386.3,2369.52,STOP,-1.919,LOSS,2024-07-29,0,
LiquidityRun,2024-07-29 19:30:00,LONG,2384.26,2377.67,2404.01,STOP,-1.398,LOSS,2024-07-29,0,
LiquidityRun,2024-07-30 11:45:00,SHORT,2387.11,2392.7,2370.36,STOP,-1.471,LOSS,2024-07-30,0,
LiquidityRun,2024-07-30 16:15:00,LONG,2390.3,2383.3,2411.29,TARGET,2.794,WIN,2024-07-30,0,
PriorDayLevels,2024-07-30 17:00:00,SHORT,2402.48,2409.69,2369.52,STOP,-1.368,LOSS,2024-07-30,1,LiquiditySweep
LiquiditySweep,2024-07-30 17:00:00,SHORT,2402.29,2414.69,2390.22,STOP,-1.214,LOSS,2024-07-30,1,PriorDayLevels
LiquidityRun,2024-07-30 22:15:00,SHORT,2409.32,2412.53,2399.67,STOP,-1.825,LOSS,2024-07-30,1,StructureSweep
StructureSweep,2024-07-31 01:45:00,SHORT,2409.13,2413.74,2383.32,STOP,-1.576,LOSS,2024-07-31,1,LiquidityRun
LiquidityRun,2024-07-31 07:15:00,SHORT,2417.25,2422.64,2401.09,STOP,-1.494,LOSS,2024-07-31,0,
StructureSweep,2024-07-31 07:45:00,LONG,2417.18,2413.79,2425.51,TARGET,2.034,WIN,2024-07-31,1,TridentKillzone
TridentKillzone,2024-07-31 11:00:00,LONG,2419.6,2417.59,2459.97,BAIL,6.9,WIN,2024-07-31,1,StructureSweep
LiquiditySweep,2024-07-31 14:15:00,SHORT,2423.01,2432.63,2417.59,STOP,-1.278,LOSS,2024-07-31,2,"LiquidityRun,StructureSweep"
StructureSweep,2024-07-31 14:30:00,SHORT,2422.46,2427.45,2417.27,STOP,-1.535,LOSS,2024-07-31,2,"LiquidityRun,LiquiditySweep"
LiquidityRun,2024-07-31 18:15:00,SHORT,2424.93,2428.26,2414.92,STOP,-1.8,LOSS,2024-07-31,2,"LiquiditySweep,StructureSweep"
LiquidityRun,2024-07-31 23:15:00,SHORT,2445.26,2449.67,2432.05,STOP,-1.611,LOSS,2024-07-31,0,
LiquidityRun,2024-08-01 02:00:00,SHORT,2448.85,2454.78,2431.07,TARGET,2.753,WIN,2024-08-01,0,
LiquidityRun,2024-08-01 10:15:00,LONG,2435.79,2430.96,2450.29,TARGET,2.697,WIN,2024-08-01,0,
PriorDayLevels,2024-08-01 12:00:00,SHORT,2450.97,2458.32,2403.88,STOP,-1.368,LOSS,2024-08-01,1,StructureSweep
LiquidityRun,2024-08-01 12:45:00,LONG,2450.6,2443.58,2471.65,STOP,-1.383,LOSS,2024-08-01,0,
StructureSweep,2024-08-01 14:15:00,SHORT,2445.11,2453.88,2430.19,STOP,-1.307,LOSS,2024-08-01,2,"LiquidityRun,PriorDayLevels"
LiquidityRun,2024-08-01 17:00:00,SHORT,2438.51,2447.64,2411.11,STOP,-1.294,LOSS,2024-08-01,1,StructureSweep
LiquidityRun,2024-08-02 02:00:00,LONG,2450.66,2442.71,2474.51,TARGET,2.814,WIN,2024-08-02,0,
StructureSweep,2024-08-02 11:15:00,LONG,2461.62,2456.84,2468.48,STOP,-1.566,LOSS,2024-08-02,0,
LiquiditySweep,2024-08-02 13:00:00,SHORT,2461.5,2477.94,2460.22,TARGET,-0.012,BE,2024-08-02,1,LiquidityRun
LiquidityRun,2024-08-02 13:15:00,SHORT,2466.06,2472.77,2445.94,STOP,-1.405,LOSS,2024-08-02,1,LiquiditySweep
LiquiditySweep,2024-08-02 13:30:00,SHORT,2463.16,2475.14,2460.22,TARGET,0.122,WIN,2024-08-02,1,LiquidityRun
PriorDayLevels,2024-08-02 14:00:00,LONG,2430.19,2422.9,2462.29,TARGET,4.269,WIN,2024-08-02,0,
LiquidityRun,2024-08-02 14:30:00,SHORT,2436.72,2469.39,2338.74,STOP,-1.083,LOSS,2024-08-02,0,
StructureSweep,2024-08-05 00:15:00,LONG,2425.6,2411.35,2446.34,TARGET,1.354,WIN,2024-08-05,0,
StructureSweep,2024-08-05 19:45:00,SHORT,2407.68,2415.47,2364.27,STOP,-1.341,LOSS,2024-08-05,0,
StructureSweep,2024-08-06 08:15:00,SHORT,2409.13,2416.1,2394.79,STOP,-1.381,LOSS,2024-08-06,0,
StructureSweep,2024-08-07 07:45:00,LONG,2389.31,2385.58,2397.58,TARGET,1.835,WIN,2024-08-07,0,
StructureSweep,2024-08-07 16:45:00,LONG,2399.63,2393.82,2407.09,STOP,-1.454,LOSS,2024-08-07,0,
PriorDayLevels,2024-08-07 22:00:00,LONG,2381.4,2374.26,2418.31,EOD,0.107,WIN,2024-08-07,0,
PriorDayLevels,2024-08-08 11:00:00,SHORT,2407.09,2414.31,2378.94,STOP,-1.368,LOSS,2024-08-08,0,
LiquiditySweep,2024-08-08 15:30:00,SHORT,2417.97,2422.26,2405.82,STOP,-1.621,LOSS,2024-08-08,0,
LiquiditySweep,2024-08-08 22:00:00,SHORT,2426.25,2431.46,2421.5,TARGET,0.634,WIN,2024-08-08,0,
LiquiditySweep,2024-08-09 02:00:00,SHORT,2425.2,2432.64,2421.5,TARGET,0.302,WIN,2024-08-09,0,
StructureSweep,2024-08-09 07:15:00,SHORT,2424.45,2427.38,2416.83,STOP,-1.911,LOSS,2024-08-09,1,PriorDayLevels
PriorDayLevels,2024-08-09 10:00:00,SHORT,2427.82,2435.1,2383.26,STOP,-1.368,LOSS,2024-08-09,2,"LiquiditySweep,StructureSweep"
LiquiditySweep,2024-08-09 11:30:00,SHORT,2426.9,2433.05,2422.19,STOP,-1.435,LOSS,2024-08-09,1,PriorDayLevels
Inducement+FVG,2024-08-09 13:30:00,LONG,2422.71,2419.89,2429.0,TARGET,1.715,WIN,2024-08-09,1,StructureSweep
StructureSweep,2024-08-09 13:30:00,LONG,2422.71,2419.71,2432.64,TARGET,2.818,WIN,2024-08-09,1,Inducement+FVG
LiquiditySweep,2024-08-09 14:15:00,SHORT,2432.03,2436.78,2422.19,STOP,-1.565,LOSS,2024-08-09,0,
StructureSweep,2024-08-12 04:15:00,SHORT,2430.26,2433.28,2423.82,STOP,-1.888,LOSS,2024-08-12,1,LiquiditySweep
LiquiditySweep,2024-08-12 06:45:00,SHORT,2436.76,2440.84,2427.32,STOP,-1.658,LOSS,2024-08-12,1,StructureSweep
LiquidityRun,2024-08-13 00:30:00,SHORT,2469.83,2477.44,2446.98,STOP,-1.357,LOSS,2024-08-13,0,
StructureSweep,2024-08-13 04:45:00,LONG,2462.02,2457.66,2476.96,STOP,-1.622,LOSS,2024-08-13,0,
Inducement+FVG,2024-08-13 19:30:00,LONG,2463.63,2460.36,2476.96,STOP,-1.827,LOSS,2024-08-13,0,
StructureSweep,2024-08-14 06:00:00,SHORT,2461.64,2465.61,2455.27,STOP,-1.682,LOSS,2024-08-14,0,
PriorDayLevels,2024-08-14 08:00:00,SHORT,2476.96,2484.39,2458.49,TARGET,2.353,WIN,2024-08-14,1,LiquiditySweep
LiquiditySweep,2024-08-14 08:45:00,SHORT,2474.44,2481.4,2470.15,TARGET,0.403,WIN,2024-08-14,1,PriorDayLevels
VolProfileReject,2024-08-14 13:00:00,SHORT,2465.71,2482.54,2441.69,TARGET,1.34,WIN,2024-08-14,0,
LiquidityRun,2024-08-14 13:30:00,SHORT,2458.06,2466.48,2432.82,STOP,-1.322,LOSS,2024-08-14,0,
PriorDayLevels,2024-08-14 14:00:00,LONG,2458.49,2451.12,2476.96,STOP,-1.366,LOSS,2024-08-14,0,
StructureSweep,2024-08-14 22:00:00,SHORT,2447.89,2451.04,2438.0,STOP,-1.855,LOSS,2024-08-14,0,
LiquidityRun,2024-08-15 12:45:00,SHORT,2441.19,2466.78,2364.41,STOP,-1.106,LOSS,2024-08-15,0,
PriorDayLevels,2024-08-15 13:00:00,LONG,2438.0,2430.68,2480.06,EOD,2.271,WIN,2024-08-15,0,
LiquiditySweep,2024-08-15 13:15:00,LONG,2450.92,2433.46,2454.27,TARGET,0.108,WIN,2024-08-15,0,
StructureSweep,2024-08-16 02:15:00,LONG,2454.92,2451.67,2461.62,STOP,-1.831,LOSS,2024-08-16,0,
PriorDayLevels,2024-08-16 11:00:00,SHORT,2470.09,2477.51,2432.09,STOP,-1.368,LOSS,2024-08-16,0,
LiquidityRun,2024-08-16 14:15:00,SHORT,2481.65,2495.68,2439.57,STOP,-1.195,LOSS,2024-08-16,0,
LiquidityRun,2024-08-18 22:15:00,SHORT,2504.24,2508.79,2490.58,TARGET,2.671,WIN,2024-08-18,0,
LiquidityRun,2024-08-19 12:00:00,LONG,2493.62,2489.56,2505.8,STOP,-1.675,LOSS,2024-08-19,1,Inducement+FVG
Inducement+FVG,2024-08-19 13:30:00,LONG,2489.51,2483.51,2509.78,TARGET,3.129,WIN,2024-08-19,1,LiquidityRun
StructureSweep,2024-08-19 13:45:00,SHORT,2494.65,2498.32,2486.48,STOP,-1.75,LOSS,2024-08-19,0,
LiquidityRun,2024-08-19 14:00:00,LONG,2497.43,2490.98,2516.77,TARGET,2.767,WIN,2024-08-19,0,
PriorDayLevels,2024-08-19 16:00:00,SHORT,2506.78,2514.3,2502.27,TARGET,0.466,WIN,2024-08-19,0,
LiquidityRun,2024-08-20 15:15:00,SHORT,2509.47,2525.22,2462.24,STOP,-1.176,LOSS,2024-08-20,0,
StructureSweep,2024-08-20 20:45:00,SHORT,2513.98,2518.79,2500.83,STOP,-1.575,LOSS,2024-08-20,0,
StructureSweep,2024-08-21 06:00:00,LONG,2513.88,2509.18,2519.94,STOP,-1.588,LOSS,2024-08-21,1,Inducement+FVG
Inducement+FVG,2024-08-21 08:45:00,LONG,2507.27,2504.06,2531.67,STOP,-1.858,LOSS,2024-08-21,1,StructureSweep
PriorDayLevels,2024-08-21 14:00:00,LONG,2497.26,2489.76,2531.67,EOD,1.691,WIN,2024-08-21,0,
StructureSweep,2024-08-21 17:45:00,SHORT,2509.43,2513.91,2493.67,STOP,-1.617,LOSS,2024-08-21,0,
PriorDayLevels,2024-08-22 13:00:00,LONG,2493.67,2486.19,2519.94,STOP,-1.366,LOSS,2024-08-22,1,LiquiditySweep
LiquiditySweep,2024-08-22 13:30:00,LONG,2487.15,2480.08,2495.5,STOP,-1.386,LOSS,2024-08-22,1,PriorDayLevels
StructureSweep,2024-08-22 22:00:00,SHORT,2484.76,2487.84,2478.53,STOP,-1.886,LOSS,2024-08-22,0,
StructureSweep,2024-08-23 13:30:00,LONG,2496.78,2492.48,2502.5,TARGET,0.979,WIN,2024-08-23,0,
PriorDayLevels,2024-08-23 14:00:00,SHORT,2514.7,2522.25,2470.8,EOD,-0.056,LOSS,2024-08-23,0,
StructureSweep,2024-08-26 03:00:00,LONG,2510.99,2507.96,2517.0,TARGET,1.486,WIN,2024-08-26,0,
LiquidityRun,2024-08-26 11:30:00,SHORT,2523.41,2526.14,2515.24,STOP,-2.02,LOSS,2024-08-26,1,LiquiditySweep
LiquiditySweep,2024-08-26 11:45:00,SHORT,2526.53,2530.7,2511.69,TARGET,3.201,WIN,2024-08-26,1,LiquidityRun
PriorDayLevels,2024-08-26 14:00:00,LONG,2511.08,2503.54,2516.68,TARGET,0.611,WIN,2024-08-26,1,TridentKillzone
LiquidityRun,2024-08-26 14:00:00,SHORT,2514.94,2525.33,2483.76,STOP,-1.267,LOSS,2024-08-26,0,
TridentKillzone,2024-08-26 14:30:00,LONG,2516.91,2510.63,2642.51,BAIL,-1.264,LOSS,2024-08-26,1,PriorDayLevels
Inducement+FVG,2024-08-26 23:30:00,LONG,2516.32,2513.44,2527.01,STOP,-1.961,LOSS,2024-08-26,0,
Inducement+FVG,2024-08-27 08:00:00,LONG,2509.4,2496.43,2527.01,TARGET,1.241,WIN,2024-08-27,0,
PriorDayLevels,2024-08-27 23:00:00,SHORT,2527.01,2534.59,2508.65,EOD,-0.137,LOSS,2024-08-27,2,"LiquidityRun,LiquiditySweep"
LiquiditySweep,2024-08-27 23:15:00,SHORT,2526.75,2531.83,2520.86,TARGET,0.862,WIN,2024-08-27,2,"LiquidityRun,PriorDayLevels"
LiquidityRun,2024-08-28 01:00:00,SHORT,2521.3,2527.0,2504.17,TARGET,2.736,WIN,2024-08-28,2,"LiquiditySweep,PriorDayLevels"
StructureSweep,2024-08-28 09:30:00,SHORT,2510.45,2513.94,2503.22,TARGET,1.641,WIN,2024-08-28,0,
LiquidityRun,2024-08-28 13:00:00,LONG,2506.09,2494.68,2540.32,STOP,-1.241,LOSS,2024-08-28,0,
StructureSweep,2024-08-29 12:15:00,LONG,2515.8,2512.07,2524.45,STOP,-1.741,LOSS,2024-08-29,0,
StructureSweep,2024-08-29 13:45:00,LONG,2516.81,2510.75,2524.45,TARGET,1.01,WIN,2024-08-29,0,
PriorDayLevels,2024-08-29 16:00:00,SHORT,2525.82,2533.4,2493.5,EOD,0.454,WIN,2024-08-29,0,
StructureSweep,2024-08-30 00:30:00,LONG,2517.85,2514.77,2528.67,STOP,-1.898,LOSS,2024-08-30,1,Inducement+FVG
Inducement+FVG,2024-08-30 00:45:00,LONG,2517.73,2512.01,2529.06,STOP,-1.484,LOSS,2024-08-30,1,StructureSweep
StructureSweep,2024-08-30 06:45:00,SHORT,2517.77,2523.02,2512.17,STOP,-1.528,LOSS,2024-08-30,0,
StructureSweep,2024-08-30 13:00:00,LONG,2515.24,2511.54,2526.91,STOP,-1.748,LOSS,2024-08-30,0,
PriorDayLevels,2024-08-30 15:00:00,LONG,2503.56,2496.05,2528.67,STOP,-1.366,LOSS,2024-08-30,1,LiquidityRun
LiquidityRun,2024-08-30 18:00:00,LONG,2501.67,2496.21,2518.04,STOP,-1.503,LOSS,2024-08-30,1,PriorDayLevels
StructureSweep,2024-09-01 22:00:00,SHORT,2504.22,2507.26,2494.09,TARGET,2.838,WIN,2024-09-01,0,
LiquiditySweep,2024-09-02 02:00:00,LONG,2494.11,2489.49,2504.75,TARGET,1.977,WIN,2024-09-02,1,LiquidityRun
LiquidityRun,2024-09-02 03:30:00,LONG,2494.65,2490.51,2507.08,TARGET,2.638,WIN,2024-09-02,1,LiquiditySweep
StructureSweep,2024-09-02 06:00:00,SHORT,2499.21,2502.45,2489.98,STOP,-1.849,LOSS,2024-09-02,2,"LiquidityRun,PriorDayLevels"
PriorDayLevels,2024-09-02 08:00:00,SHORT,2504.76,2512.27,2501.94,TARGET,0.241,WIN,2024-09-02,2,"LiquidityRun,StructureSweep"
LiquidityRun,2024-09-02 09:15:00,SHORT,2501.04,2506.75,2483.91,TARGET,2.738,WIN,2024-09-02,2,"PriorDayLevels,StructureSweep"
StructureSweep,2024-09-03 04:15:00,SHORT,2496.33,2499.33,2489.69,STOP,-1.917,LOSS,2024-09-03,0,
StructureSweep,2024-09-03 10:30:00,LONG,2494.62,2490.11,2506.25,STOP,-1.608,LOSS,2024-09-03,2,"LiquiditySweep,PriorDayLevels"
PriorDayLevels,2024-09-03 11:00:00,LONG,2489.98,2482.51,2507.33,STOP,-1.366,LOSS,2024-09-03,1,StructureSweep
LiquiditySweep,2024-09-03 12:00:00,LONG,2497.89,2483.32,2499.53,STOP,-1.188,LOSS,2024-09-03,1,StructureSweep
StructureSweep,2024-09-03 12:15:00,LONG,2493.32,2490.0,2506.25,STOP,-1.826,LOSS,2024-09-03,2,"LiquiditySweep,PriorDayLevels"
LiquidityRun,2024-09-03 15:30:00,LONG,2484.18,2479.33,2498.72,STOP,-1.563,LOSS,2024-09-03,0,
StructureSweep,2024-09-03 17:45:00,SHORT,2489.49,2494.48,2473.28,STOP,-1.55,LOSS,2024-09-03,0,
PriorDayLevels,2024-09-04 08:00:00,LONG,2473.28,2465.86,2506.25,EOD,2.669,WIN,2024-09-04,0,
LiquidityRun,2024-09-04 09:45:00,LONG,2481.59,2472.96,2507.49,TARGET,2.827,WIN,2024-09-04,0,
StructureSweep,2024-09-04 22:00:00,SHORT,2494.89,2498.15,2491.43,STOP,-1.843,LOSS,2024-09-04,0,
StructureSweep,2024-09-05 01:45:00,SHORT,2496.38,2500.32,2491.43,STOP,-1.698,LOSS,2024-09-05,0,
Inducement+FVG,2024-09-05 04:45:00,LONG,2494.21,2490.91,2500.3,TARGET,1.39,WIN,2024-09-05,0,
LiquiditySweep,2024-09-05 07:45:00,SHORT,2506.37,2511.38,2501.94,STOP,-1.551,LOSS,2024-09-05,0,
StructureSweep,2024-09-05 13:45:00,LONG,2514.91,2510.71,2523.57,STOP,-1.658,LOSS,2024-09-05,0,
LiquidityRun,2024-09-05 14:00:00,SHORT,2513.68,2518.06,2500.56,STOP,-1.633,LOSS,2024-09-05,0,
LiquidityRun,2024-09-05 14:45:00,SHORT,2508.72,2515.92,2487.11,STOP,-1.384,LOSS,2024-09-05,0,
StructureSweep,2024-09-05 20:45:00,SHORT,2516.45,2519.47,2503.8,STOP,-1.918,LOSS,2024-09-05,0,
Inducement+FVG,2024-09-06 01:00:00,LONG,2515.86,2511.38,2523.57,STOP,-1.618,LOSS,2024-09-06,0,
PriorDayLevels,2024-09-06 12:00:00,SHORT,2523.57,2531.14,2493.76,TARGET,3.806,WIN,2024-09-06,1,LiquiditySweep
LiquidityRun,2024-09-06 12:45:00,LONG,2522.22,2514.72,2544.73,STOP,-1.369,LOSS,2024-09-06,1,Inducement+FVG
LiquiditySweep,2024-09-06 12:45:00,SHORT,2522.22,2531.07,2515.5,TARGET,0.589,WIN,2024-09-06,1,PriorDayLevels
Inducement+FVG,2024-09-06 13:00:00,LONG,2514.71,2508.55,2523.57,STOP,-1.448,LOSS,2024-09-06,1,LiquidityRun
LiquidityRun,2024-09-06 13:15:00,SHORT,2508.61,2523.15,2465.0,STOP,-1.191,LOSS,2024-09-06,0,
PriorDayLevels,2024-09-06 17:00:00,LONG,2493.76,2486.28,2523.57,STOP,-1.366,LOSS,2024-09-06,0,
StructureSweep,2024-09-09 04:00:00,SHORT,2498.86,2502.02,2494.71,TARGET,0.84,WIN,2024-09-09,0,
StructureSweep,2024-09-09 09:15:00,SHORT,2496.07,2499.2,2485.5,STOP,-1.878,LOSS,2024-09-09,0,
StructureSweep,2024-09-10 08:30:00,LONG,2502.36,2497.55,2507.7,TARGET,0.799,WIN,2024-09-10,0,
Inducement+FVG,2024-09-10 14:00:00,LONG,2503.66,2500.12,2507.7,TARGET,0.718,WIN,2024-09-10,1,StructureSweep
StructureSweep,2024-09-10 14:30:00,LONG,2504.79,2498.37,2515.36,TARGET,1.413,WIN,2024-09-10,1,Inducement+FVG
LiquidityRun,2024-09-11 07:45:00,SHORT,2521.47,2527.76,2502.6,TARGET,2.76,WIN,2024-09-11,0,
StructureSweep,2024-09-11 10:15:00,LONG,2520.76,2517.24,2529.06,STOP,-1.787,LOSS,2024-09-11,0,
Inducement+FVG,2024-09-11 14:00:00,LONG,2504.29,2498.22,2529.06,TARGET,3.833,WIN,2024-09-11,0,
LiquidityRun,2024-09-11 15:15:00,LONG,2512.87,2507.91,2527.75,TARGET,2.695,WIN,2024-09-11,0,
PriorDayLevels,2024-09-11 16:00:00,SHORT,2518.87,2526.42,2500.05,EOD,0.556,WIN,2024-09-11,0,
PriorDayLevels,2024-09-12 12:00:00,SHORT,2529.06,2536.65,2500.84,STOP,-1.368,LOSS,2024-09-12,0,
LiquidityRun,2024-09-12 16:15:00,SHORT,2545.7,2554.19,2520.2,STOP,-1.33,LOSS,2024-09-12,0,
LiquidityRun,2024-09-12 23:00:00,SHORT,2557.32,2561.18,2545.73,STOP,-1.729,LOSS,2024-09-12,0,
LiquidityRun,2024-09-13 06:00:00,SHORT,2564.15,2570.9,2543.9,STOP,-1.419,LOSS,2024-09-13,1,LiquiditySweep
LiquiditySweep,2024-09-13 07:45:00,SHORT,2569.85,2574.99,2563.07,STOP,-1.55,LOSS,2024-09-13,1,LiquidityRun
LiquidityRun,2024-09-13 10:00:00,SHORT,2567.18,2573.21,2549.09,STOP,-1.469,LOSS,2024-09-13,1,LiquiditySweep
StructureSweep,2024-09-13 20:45:00,LONG,2579.07,2575.13,2586.12,TARGET,1.397,WIN,2024-09-13,0,
LiquidityRun,2024-09-15 22:00:00,SHORT,2578.31,2582.44,2565.93,STOP,-1.688,LOSS,2024-09-15,0,
LiquiditySweep,2024-09-16 03:00:00,SHORT,2584.21,2592.88,2578.59,TARGET,0.469,WIN,2024-09-16,1,LiquidityRun
LiquidityRun,2024-09-16 07:00:00,SHORT,2581.72,2589.2,2559.3,STOP,-1.381,LOSS,2024-09-16,1,LiquiditySweep
PriorDayLevels,2024-09-16 10:00:00,LONG,2577.54,2569.81,2580.45,TARGET,0.243,WIN,2024-09-16,1,Inducement+FVG
Inducement+FVG,2024-09-16 10:30:00,LONG,2579.29,2576.14,2586.12,STOP,-1.9,LOSS,2024-09-16,1,PriorDayLevels
StructureSweep,2024-09-16 15:15:00,LONG,2580.77,2575.07,2589.3,STOP,-1.497,LOSS,2024-09-16,0,
LiquidityRun,2024-09-17 01:00:00,SHORT,2579.74,2584.63,2565.07,STOP,-1.581,LOSS,2024-09-17,0,
LiquidityRun,2024-09-17 02:15:00,LONG,2586.04,2580.13,2603.78,STOP,-1.481,LOSS,2024-09-17,0,
LiquidityRun,2024-09-17 03:15:00,SHORT,2579.61,2583.6,2567.65,STOP,-1.712,LOSS,2024-09-17,0,
LiquidityRun,2024-09-17 08:45:00,SHORT,2580.2,2583.5,2570.29,TARGET,2.532,WIN,2024-09-17,0,
PriorDayLevels,2024-09-17 09:00:00,LONG,2575.28,2567.56,2589.65,STOP,-1.366,LOSS,2024-09-17,2,"Inducement+FVG,LiquidityRun"
Inducement+FVG,2024-09-17 09:30:00,LONG,2574.31,2568.97,2589.65,STOP,-1.529,LOSS,2024-09-17,2,"LiquidityRun,PriorDayLevels"
LiquidityRun,2024-09-17 11:15:00,LONG,2575.91,2570.71,2591.53,STOP,-1.543,LOSS,2024-09-17,2,"Inducement+FVG,PriorDayLevels"
StructureSweep,2024-09-17 14:15:00,SHORT,2578.59,2584.82,2568.34,TARGET,1.398,WIN,2024-09-17,0,
LiquidityRun,2024-09-17 17:45:00,LONG,2569.87,2563.4,2589.27,TARGET,2.761,WIN,2024-09-17,0,
StructureSweep,2024-09-18 10:00:00,SHORT,2571.44,2575.49,2565.71,STOP,-1.699,LOSS,2024-09-18,0,
PriorDayLevels,2024-09-18 18:00:00,SHORT,2586.96,2594.72,2560.66,STOP,-1.368,LOSS,2024-09-18,2,"LiquiditySweep,VolProfileReject"
LiquiditySweep,2024-09-18 18:00:00,SHORT,2588.69,2595.46,2579.64,STOP,-1.421,LOSS,2024-09-18,1,PriorDayLevels
LiquiditySweep,2024-09-18 18:30:00,SHORT,2580.63,2604.04,2579.64,TARGET,-0.024,BE,2024-09-18,2,"PriorDayLevels,VolProfileReject"
VolProfileReject,2024-09-18 18:30:00,SHORT,2580.63,2594.17,2568.15,TARGET,0.808,WIN,2024-09-18,2,"LiquiditySweep,PriorDayLevels"
Inducement+FVG,2024-09-18 19:00:00,LONG,2565.97,2563.4,2580.74,STOP,-2.099,LOSS,2024-09-18,1,PriorDayLevels
PriorDayLevels,2024-09-18 19:00:00,LONG,2560.66,2552.98,2586.96,STOP,-1.366,LOSS,2024-09-18,1,Inducement+FVG
LiquidityRun,2024-09-18 19:00:00,SHORT,2565.97,2581.25,2520.12,STOP,-1.185,LOSS,2024-09-18,0,
StructureSweep,2024-09-19 16:15:00,SHORT,2588.99,2593.88,2569.75,STOP,-1.584,LOSS,2024-09-19,0,
LiquidityRun,2024-09-20 02:45:00,LONG,2591.5,2587.42,2603.76,TARGET,2.619,WIN,2024-09-20,0,
LiquidityRun,2024-09-20 09:30:00,SHORT,2606.0,2611.28,2590.14,STOP,-1.543,LOSS,2024-09-20,1,LiquiditySweep
LiquiditySweep,2024-09-20 11:00:00,SHORT,2612.07,2619.13,2585.88,STOP,-1.408,LOSS,2024-09-20,1,LiquidityRun
LiquiditySweep,2024-09-20 13:00:00,SHORT,2609.44,2620.49,2602.44,STOP,-1.26,LOSS,2024-09-20,1,LiquidityRun
LiquidityRun,2024-09-20 13:15:00,SHORT,2609.42,2617.58,2584.92,STOP,-1.352,LOSS,2024-09-20,1,LiquiditySweep
LiquidityRun,2024-09-20 17:15:00,SHORT,2620.79,2626.26,2604.37,STOP,-1.527,LOSS,2024-09-20,0,
LiquiditySweep,2024-09-23 02:30:00,SHORT,2623.02,2629.76,2619.1,STOP,-1.429,LOSS,2024-09-23,1,StructureSweep
StructureSweep,2024-09-23 02:30:00,SHORT,2623.02,2628.45,2616.03,STOP,-1.532,LOSS,2024-09-23,1,LiquiditySweep
LiquidityRun,2024-09-23 07:00:00,SHORT,2621.35,2628.41,2600.18,STOP,-1.409,LOSS,2024-09-23,0,
LiquiditySweep,2024-09-23 13:30:00,SHORT,2630.29,2635.75,2619.1,STOP,-1.53,LOSS,2024-09-23,0,
StructureSweep,2024-09-23 19:45:00,LONG,2626.24,2623.04,2634.88,TARGET,2.207,WIN,2024-09-23,0,
LiquidityRun,2024-09-24 01:15:00,LONG,2627.93,2622.79,2643.36,STOP,-1.561,LOSS,2024-09-24,0,
LiquiditySweep,2024-09-24 03:45:00,SHORT,2634.1,2639.55,2625.9,STOP,-1.533,LOSS,2024-09-24,0,
LiquiditySweep,2024-09-24 05:30:00,SHORT,2633.36,2643.8,2625.9,TARGET,0.563,WIN,2024-09-24,0,
StructureSweep,2024-09-24 07:30:00,LONG,2625.32,2619.9,2640.09,TARGET,2.437,WIN,2024-09-24,0,
PriorDayLevels,2024-09-24 10:00:00,SHORT,2634.88,2642.79,2613.8,STOP,-1.368,LOSS,2024-09-24,0,
LiquidityRun,2024-09-24 20:45:00,SHORT,2656.86,2665.11,2632.1,STOP,-1.355,LOSS,2024-09-24,0,
StructureSweep,2024-09-25 01:30:00,LONG,2657.44,2652.78,2664.37,TARGET,1.144,WIN,2024-09-25,0,
LiquidityRun,2024-09-25 03:30:00,SHORT,2661.41,2666.63,2645.75,STOP,-1.562,LOSS,2024-09-25,0,
PriorDayLevels,2024-09-25 13:00:00,SHORT,2664.37,2672.36,2622.52,EOD,0.644,WIN,2024-09-25,0,
StructureSweep,2024-09-25 16:15:00,LONG,2654.59,2649.79,2667.43,STOP,-1.607,LOSS,2024-09-25,2,"Inducement+FVG,LiquidityRun"
Inducement+FVG,2024-09-25 16:15:00,LONG,2654.59,2649.02,2670.63,TARGET,2.588,WIN,2024-09-25,2,"LiquidityRun,StructureSweep"
StructureSweep,2024-09-25 17:00:00,LONG,2655.03,2650.43,2667.43,TARGET,2.345,WIN,2024-09-25,2,"Inducement+FVG,LiquidityRun"
LiquidityRun,2024-09-25 17:15:00,LONG,2660.32,2651.65,2686.33,STOP,-1.337,LOSS,2024-09-25,2,"Inducement+FVG,StructureSweep"
PriorDayLevels,2024-09-26 10:00:00,SHORT,2670.63,2678.64,2649.57,STOP,-1.368,LOSS,2024-09-26,1,LiquiditySweep
LiquiditySweep,2024-09-26 10:15:00,SHORT,2670.09,2677.78,2657.93,STOP,-1.383,LOSS,2024-09-26,1,PriorDayLevels
Inducement+FVG,2024-09-26 13:45:00,LONG,2660.92,2651.65,2670.63,TARGET,0.875,WIN,2024-09-26,1,StructureSweep
StructureSweep,2024-09-26 13:45:00,LONG,2660.92,2652.06,2685.61,STOP,-1.33,LOSS,2024-09-26,1,Inducement+FVG
PriorDayLevels,2024-09-27 14:00:00,LONG,2654.72,2646.75,2685.61,STOP,-1.366,LOSS,2024-09-27,2,"Inducement+FVG,LiquidityRun"
Inducement+FVG,2024-09-27 14:15:00,LONG,2661.37,2655.14,2685.61,STOP,-1.469,LOSS,2024-09-27,1,PriorDayLevels
LiquidityRun,2024-09-27 16:30:00,LONG,2653.08,2648.65,2666.36,STOP,-1.658,LOSS,2024-09-27,1,PriorDayLevels
LiquidityRun,2024-09-27 19:30:00,LONG,2650.6,2646.18,2663.85,TARGET,2.639,WIN,2024-09-27,0,
LiquidityRun,2024-09-30 11:45:00,LONG,2641.54,2636.91,2655.44,STOP,-1.627,LOSS,2024-09-30,1,LiquiditySweep
LiquiditySweep,2024-09-30 12:00:00,LONG,2643.5,2636.69,2656.36,STOP,-1.426,LOSS,2024-09-30,1,LiquidityRun
LiquidityRun,2024-09-30 16:15:00,LONG,2636.83,2632.78,2649.01,STOP,-1.714,LOSS,2024-09-30,0,
LiquidityRun,2024-09-30 19:45:00,LONG,2630.96,2626.31,2644.91,TARGET,2.66,WIN,2024-09-30,0,
LiquidityRun,2024-10-01 07:15:00,SHORT,2642.64,2646.8,2630.16,STOP,-1.7,LOSS,2024-10-01,0,
LiquidityRun,2024-10-01 11:30:00,SHORT,2648.52,2652.04,2637.95,STOP,-1.828,LOSS,2024-10-01,0,
LiquidityRun,2024-10-01 13:00:00,SHORT,2650.09,2655.79,2632.99,STOP,-1.512,LOSS,2024-10-01,0,
PriorDayLevels,2024-10-01 13:00:00,SHORT,2666.05,2674.05,2624.68,EOD,0.345,WIN,2024-10-01,0,
LiquidityRun,2024-10-01 17:45:00,SHORT,2662.41,2668.68,2643.62,TARGET,2.746,WIN,2024-10-01,0,
Inducement+FVG,2024-10-02 12:15:00,LONG,2645.41,2642.68,2673.2,STOP,-2.065,LOSS,2024-10-02,1,LiquidityRun
StructureSweep,2024-10-02 13:30:00,SHORT,2654.73,2662.36,2643.73,STOP,-1.384,LOSS,2024-10-02,0,
StructureSweep,2024-10-02 14:15:00,SHORT,2654.43,2662.71,2643.73,TARGET,1.1,WIN,2024-10-02,0,
Inducement+FVG,2024-10-02 15:15:00,LONG,2647.11,2637.48,2673.2,STOP,-1.302,LOSS,2024-10-02,1,LiquidityRun
LiquidityRun,2024-10-02 15:45:00,LONG,2649.89,2644.85,2665.01,STOP,-1.577,LOSS,2024-10-02,1,Inducement+FVG
PriorDayLevels,2024-10-03 09:00:00,LONG,2641.04,2633.11,2663.32,EOD,1.495,WIN,2024-10-03,1,LiquidityRun
LiquidityRun,2024-10-03 09:45:00,LONG,2644.86,2641.77,2654.11,TARGET,2.485,WIN,2024-10-03,1,PriorDayLevels
LiquidityRun,2024-10-03 16:15:00,LONG,2652.89,2647.99,2667.6,TARGET,2.675,WIN,2024-10-03,0,
LiquidityRun,2024-10-04 06:30:00,SHORT,2663.82,2668.47,2649.9,TARGET,2.656,WIN,2024-10-04,0,
StructureSweep,2024-10-04 07:15:00,LONG,2662.12,2656.57,2667.86,STOP,-1.526,LOSS,2024-10-04,0,
PriorDayLevels,2024-10-04 12:00:00,LONG,2637.96,2630.05,2662.97,TARGET,3.026,WIN,2024-10-04,1,LiquiditySweep
LiquiditySweep,2024-10-04 12:30:00,LONG,2641.02,2633.7,2654.36,STOP,-1.396,LOSS,2024-10-04,1,PriorDayLevels
LiquiditySweep,2024-10-04 13:00:00,LONG,2648.81,2633.46,2654.36,TARGET,0.258,WIN,2024-10-04,1,LiquidityRun
LiquidityRun,2024-10-04 13:15:00,LONG,2651.39,2643.9,2673.88,STOP,-1.388,LOSS,2024-10-04,1,LiquiditySweep
StructureSweep,2024-10-04 15:15:00,SHORT,2658.03,2672.84,2632.03,TARGET,1.648,WIN,2024-10-04,0,
VolProfileReject,2024-10-04 16:15:00,SHORT,2648.84,2672.73,2644.27,TARGET,0.125,WIN,2024-10-04,0,
PriorDayLevels,2024-10-07 07:00:00,SHORT,2652.4,2660.35,2649.67,TARGET,0.209,WIN,2024-10-07,0,
LiquidityRun,2024-10-07 07:45:00,LONG,2652.02,2643.98,2676.14,STOP,-1.362,LOSS,2024-10-07,0,
PriorDayLevels,2024-10-07 12:00:00,LONG,2649.67,2641.72,2652.4,STOP,-1.366,LOSS,2024-10-07,1,LiquidityRun
LiquidityRun,2024-10-07 13:15:00,LONG,2647.11,2641.25,2664.7,STOP,-1.496,LOSS,2024-10-07,1,PriorDayLevels
LiquidityRun,2024-10-07 15:30:00,LONG,2649.1,2641.06,2673.2,STOP,-1.362,LOSS,2024-10-07,1,PriorDayLevels
LiquidityRun,2024-10-08 03:15:00,LONG,2641.74,2635.71,2659.85,STOP,-1.481,LOSS,2024-10-08,1,LiquiditySweep
LiquiditySweep,2024-10-08 07:00:00,LONG,2636.98,2627.15,2645.8,TARGET,0.736,WIN,2024-10-08,1,LiquidityRun
LiquidityRun,2024-10-08 08:45:00,LONG,2637.97,2633.15,2652.44,TARGET,2.671,WIN,2024-10-08,1,LiquiditySweep
PriorDayLevels,2024-10-08 13:00:00,LONG,2637.73,2629.81,2659.62,STOP,-1.366,LOSS,2024-10-08,0,
LiquidityRun,2024-10-08 13:15:00,SHORT,2639.15,2647.55,2613.97,TARGET,2.812,WIN,2024-10-08,0,
LiquidityRun,2024-10-08 15:15:00,SHORT,2609.5,2622.9,2569.3,STOP,-1.215,LOSS,2024-10-08,0,
LiquidityRun,2024-10-09 06:00:00,SHORT,2616.63,2623.5,2596.01,STOP,-1.42,LOSS,2024-10-09,0,
StructureSweep,2024-10-09 06:15:00,LONG,2615.88,2610.88,2624.27,STOP,-1.575,LOSS,2024-10-09,0,
StructureSweep,2024-10-09 07:15:00,LONG,2615.03,2609.13,2624.32,STOP,-1.487,LOSS,2024-10-09,0,
StructureSweep,2024-10-10 01:00:00,SHORT,2609.52,2613.2,2605.12,STOP,-1.783,LOSS,2024-10-10,0,
PriorDayLevels,2024-10-10 12:00:00,SHORT,2624.32,2632.19,2605.12,TARGET,2.307,WIN,2024-10-10,0,
LiquiditySweep,2024-10-10 12:30:00,LONG,2621.02,2598.36,2622.46,TARGET,-0.006,BE,2024-10-10,1,VolProfileReject
VolProfileReject,2024-10-10 12:45:00,LONG,2625.08,2599.66,2643.73,TARGET,0.671,WIN,2024-10-10,1,LiquiditySweep
LiquidityRun,2024-10-10 16:45:00,SHORT,2619.26,2629.06,2589.86,STOP,-1.295,LOSS,2024-10-10,0,
LiquidityRun,2024-10-10 22:15:00,SHORT,2628.14,2631.73,2617.39,STOP,-1.807,LOSS,2024-10-10,0,
LiquidityRun,2024-10-11 05:15:00,SHORT,2644.48,2647.88,2634.26,STOP,-1.855,LOSS,2024-10-11,0,
StructureSweep,2024-10-11 12:00:00,SHORT,2645.29,2649.21,2636.15,STOP,-1.742,LOSS,2024-10-11,1,LiquidityRun
LiquidityRun,2024-10-11 12:45:00,SHORT,2642.98,2647.57,2629.21,STOP,-1.634,LOSS,2024-10-11,1,StructureSweep
LiquidityRun,2024-10-13 22:00:00,SHORT,2648.17,2657.55,2620.04,STOP,-1.311,LOSS,2024-10-13,0,
Inducement+FVG,2024-10-14 00:00:00,LONG,2645.83,2641.1,2661.46,TARGET,2.966,WIN,2024-10-14,1,StructureSweep
StructureSweep,2024-10-14 00:15:00,LONG,2647.31,2643.16,2661.46,STOP,-1.7,LOSS,2024-10-14,1,Inducement+FVG
StructureSweep,2024-10-14 02:15:00,LONG,2648.05,2642.44,2661.46,TARGET,2.11,WIN,2024-10-14,1,Inducement+FVG
Inducement+FVG,2024-10-14 11:15:00,LONG,2655.05,2650.56,2661.46,STOP,-1.65,LOSS,2024-10-14,0,
PriorDayLevels,2024-10-14 14:00:00,LONG,2646.87,2638.93,2652.47,TARGET,0.573,WIN,2024-10-14,1,Inducement+FVG
Inducement+FVG,2024-10-14 14:15:00,LONG,2649.47,2643.41,2666.87,STOP,-1.48,LOSS,2024-10-14,1,PriorDayLevels
Inducement+FVG,2024-10-15 04:30:00,LONG,2644.92,2638.07,2666.87,STOP,-1.424,LOSS,2024-10-15,2,"LiquidityRun,StructureSweep"
StructureSweep,2024-10-15 06:30:00,LONG,2647.29,2642.16,2652.77,TARGET,0.759,WIN,2024-10-15,2,"Inducement+FVG,LiquidityRun"
LiquidityRun,2024-10-15 06:30:00,LONG,2647.29,2641.61,2664.32,TARGET,2.72,WIN,2024-10-15,2,"Inducement+FVG,StructureSweep"
PriorDayLevels,2024-10-15 16:00:00,SHORT,2666.87,2674.87,2643.08,EOD,0.43,WIN,2024-10-15,1,LiquidityRun
LiquidityRun,2024-10-15 16:45:00,SHORT,2661.87,2668.24,2642.77,STOP,-1.461,LOSS,2024-10-15,1,PriorDayLevels
LiquiditySweep,2024-10-16 02:15:00,SHORT,2666.74,2673.16,2659.42,STOP,-1.458,LOSS,2024-10-16,0,
LiquidityRun,2024-10-16 10:15:00,SHORT,2675.62,2682.78,2654.13,STOP,-1.412,LOSS,2024-10-16,1,MaynePlaybook
StructureSweep,2024-10-16 13:45:00,LONG,2675.06,2669.74,2682.76,STOP,-1.553,LOSS,2024-10-16,0,
MaynePlaybook,2024-10-16 14:00:00,SHORT,2672.15,2681.44,2546.83,STOP,-1.317,LOSS,2024-10-16,1,LiquidityRun
LiquidityRun,2024-10-16 14:00:00,SHORT,2678.28,2683.19,2663.52,STOP,-1.6,LOSS,2024-10-16,1,MaynePlaybook
StructureSweep,2024-10-16 15:15:00,LONG,2674.71,2668.28,2685.39,STOP,-1.457,LOSS,2024-10-16,0,
StructureSweep,2024-10-16 16:45:00,LONG,2674.14,2668.63,2685.39,TARGET,1.748,WIN,2024-10-16,0,
LiquidityRun,2024-10-17 03:30:00,SHORT,2675.75,2682.55,2655.37,STOP,-1.434,LOSS,2024-10-17,0,
LiquiditySweep,2024-10-17 06:30:00,SHORT,2684.03,2689.78,2674.53,TARGET,1.371,WIN,2024-10-17,0,
StructureSweep,2024-10-17 09:00:00,LONG,2680.01,2675.98,2685.76,TARGET,1.028,WIN,2024-10-17,1,Inducement+FVG
VolProfileReject,2024-10-17 11:45:00,SHORT,2681.3,2691.14,2647.49,STOP,-1.301,LOSS,2024-10-17,2,"LiquidityRun,LiquiditySweep"
LiquidityRun,2024-10-17 11:45:00,SHORT,2681.3,2687.8,2661.8,STOP,-1.455,LOSS,2024-10-17,2,"LiquiditySweep,VolProfileReject"
Inducement+FVG,2024-10-17 12:30:00,LONG,2676.22,2671.83,2685.39,TARGET,1.721,WIN,2024-10-17,1,StructureSweep
LiquiditySweep,2024-10-17 13:45:00,SHORT,2688.72,2694.17,2678.88,STOP,-1.543,LOSS,2024-10-17,2,"LiquidityRun,VolProfileReject"
LiquidityRun,2024-10-17 16:15:00,SHORT,2687.36,2694.88,2664.78,STOP,-1.394,LOSS,2024-10-17,1,LiquiditySweep
LiquiditySweep,2024-10-17 16:15:00,SHORT,2687.36,2694.18,2678.88,STOP,-1.434,LOSS,2024-10-17,1,LiquidityRun
LiquidityRun,2024-10-18 06:15:00,SHORT,2703.81,2713.28,2675.4,STOP,-1.315,LOSS,2024-10-18,0,
TridentKillzone,2024-10-18 11:00:00,LONG,2708.78,2707.94,2725.4,STOP,-6.836,LOSS,2024-10-18,1,Inducement+FVG
LiquiditySweep,2024-10-18 12:45:00,SHORT,2709.6,2718.73,2707.94,TARGET,0.004,BE,2024-10-18,1,LiquidityRun
Inducement+FVG,2024-10-18 13:00:00,LONG,2705.84,2702.06,2714.08,TARGET,1.75,WIN,2024-10-18,1,TridentKillzone
LiquidityRun,2024-10-18 13:00:00,SHORT,2705.84,2716.4,2674.15,STOP,-1.282,LOSS,2024-10-18,1,LiquiditySweep
LiquiditySweep,2024-10-18 13:45:00,SHORT,2713.65,2719.9,2707.94,STOP,-1.478,LOSS,2024-10-18,1,LiquidityRun
LiquiditySweep,2024-10-18 15:30:00,SHORT,2714.52,2722.49,2707.94,STOP,-1.375,LOSS,2024-10-18,2,"LiquidityRun,StructureSweep"
StructureSweep,2024-10-18 17:15:00,LONG,2714.91,2710.86,2720.13,TARGET,0.887,WIN,2024-10-18,0,
LiquidityRun,2024-10-18 17:30:00,SHORT,2715.38,2720.14,2701.13,STOP,-1.629,LOSS,2024-10-18,2,"LiquiditySweep,StructureSweep"
StructureSweep,2024-10-18 19:00:00,SHORT,2718.81,2723.21,2713.58,STOP,-1.68,LOSS,2024-10-18,2,"LiquidityRun,LiquiditySweep"
LiquidityRun,2024-10-21 05:15:00,SHORT,2727.62,2732.41,2713.27,STOP,-1.628,LOSS,2024-10-21,0,
LiquidityRun,2024-10-21 07:30:00,SHORT,2726.65,2732.75,2708.36,STOP,-1.493,LOSS,2024-10-21,0,
LiquidityRun,2024-10-21 10:15:00,SHORT,2728.82,2737.08,2704.02,STOP,-1.364,LOSS,2024-10-21,1,LiquiditySweep
LiquiditySweep,2024-10-21 11:45:00,SHORT,2734.46,2742.24,2723.55,TARGET,1.191,WIN,2024-10-21,1,LiquidityRun
LiquidityRun,2024-10-21 12:00:00,SHORT,2734.58,2738.55,2722.68,STOP,-1.759,LOSS,2024-10-21,1,LiquiditySweep
LiquidityRun,2024-10-21 14:30:00,SHORT,2727.56,2738.33,2695.25,STOP,-1.279,LOSS,2024-10-21,1,LiquiditySweep
PriorDayLevels,2024-10-21 15:00:00,LONG,2720.19,2712.03,2725.13,TARGET,0.472,WIN,2024-10-21,0,
StructureSweep,2024-10-21 22:45:00,SHORT,2720.76,2724.47,2714.18,STOP,-1.808,LOSS,2024-10-21,0,
StructureSweep,2024-10-22 09:45:00,LONG,2731.46,2727.08,2738.38,TARGET,1.204,WIN,2024-10-22,1,Inducement+FVG
Inducement+FVG,2024-10-22 09:45:00,LONG,2731.46,2727.62,2740.52,TARGET,1.93,WIN,2024-10-22,1,StructureSweep
LiquiditySweep,2024-10-22 13:30:00,SHORT,2739.9,2744.84,2731.43,STOP,-1.611,LOSS,2024-10-22,1,LiquidityRun
LiquidityRun,2024-10-22 15:45:00,SHORT,2737.56,2743.43,2719.95,STOP,-1.514,LOSS,2024-10-22,1,LiquiditySweep
LiquidityRun,2024-10-22 23:45:00,SHORT,2746.56,2750.05,2736.08,STOP,-1.866,LOSS,2024-10-22,0,
LiquiditySweep,2024-10-23 05:00:00,SHORT,2748.84,2755.03,2743.83,STOP,-1.49,LOSS,2024-10-23,1,LiquidityRun
LiquidityRun,2024-10-23 06:45:00,SHORT,2750.51,2754.13,2739.66,STOP,-1.837,LOSS,2024-10-23,1,LiquiditySweep
LiquidityRun,2024-10-23 09:15:00,SHORT,2752.54,2758.42,2734.92,TARGET,2.72,WIN,2024-10-23,0,
StructureSweep,2024-10-23 12:00:00,LONG,2748.27,2744.61,2758.51,STOP,-1.826,LOSS,2024-10-23,0,
Inducement+FVG,2024-10-23 13:15:00,LONG,2739.29,2730.1,2748.9,STOP,-1.327,LOSS,2024-10-23,0,
PriorDayLevels,2024-10-23 14:00:00,LONG,2720.63,2712.47,2748.9,STOP,-1.366,LOSS,2024-10-23,1,LiquidityRun
LiquidityRun,2024-10-23 15:45:00,LONG,2721.73,2711.03,2753.82,TARGET,2.847,WIN,2024-10-23,1,PriorDayLevels
StructureSweep,2024-10-24 14:00:00,LONG,2732.58,2729.06,2739.2,STOP,-1.855,LOSS,2024-10-24,0,
StructureSweep,2024-10-24 14:45:00,LONG,2732.34,2723.94,2743.21,STOP,-1.357,LOSS,2024-10-24,0,
PriorDayLevels,2024-10-25 09:00:00,LONG,2717.76,2709.61,2743.21,TARGET,2.987,WIN,2024-10-25,0,
PriorDayLevels,2024-10-25 18:00:00,SHORT,2743.21,2751.44,2717.76,EOD,-0.831,LOSS,2024-10-25,0,
PriorDayLevels,2024-10-28 09:00:00,LONG,2730.34,2722.15,2740.18,TARGET,1.067,WIN,2024-10-28,1,StructureSweep
StructureSweep,2024-10-28 09:30:00,LONG,2731.73,2725.66,2744.52,TARGET,1.836,WIN,2024-10-28,1,PriorDayLevels
PriorDayLevels,2024-10-28 14:00:00,SHORT,2740.18,2748.4,2730.34,EOD,-0.884,LOSS,2024-10-28,0,
Inducement+FVG,2024-10-28 22:00:00,LONG,2740.1,2736.76,2745.92,TARGET,1.247,WIN,2024-10-28,0,
LiquidityRun,2024-10-29 02:45:00,SHORT,2752.92,2756.76,2741.41,STOP,-1.79,LOSS,2024-10-29,0,
Inducement+FVG,2024-10-29 11:15:00,LONG,2747.99,2744.05,2757.75,TARGET,2.055,WIN,2024-10-29,1,LiquidityRun
LiquidityRun,2024-10-29 13:15:00,LONG,2755.14,2750.66,2768.58,TARGET,2.63,WIN,2024-10-29,1,Inducement+FVG
LiquidityRun,2024-10-29 15:30:00,SHORT,2763.68,2768.98,2747.79,STOP,-1.575,LOSS,2024-10-29,0,
LiquidityRun,2024-10-29 19:30:00,SHORT,2772.48,2775.4,2763.73,STOP,-2.045,LOSS,2024-10-29,1,LiquiditySweep
LiquiditySweep,2024-10-29 20:45:00,SHORT,2774.35,2778.91,2760.78,STOP,-1.669,LOSS,2024-10-29,1,LiquidityRun
LiquidityRun,2024-10-30 02:30:00,SHORT,2778.29,2782.01,2767.12,STOP,-1.822,LOSS,2024-10-30,0,
LiquidityRun,2024-10-30 07:30:00,SHORT,2781.85,2788.3,2762.5,STOP,-1.475,LOSS,2024-10-30,0,
StructureSweep,2024-10-30 11:15:00,LONG,2781.24,2776.04,2789.82,STOP,-1.587,LOSS,2024-10-30,1,Inducement+FVG
Inducement+FVG,2024-10-30 13:30:00,LONG,2775.28,2769.97,2789.82,TARGET,2.421,WIN,2024-10-30,1,StructureSweep
TridentKillzone,2024-10-30 16:30:00,LONG,2785.4,2783.0,2833.48,STOP,-2.882,LOSS,2024-10-30,0,
LiquiditySweep,2024-10-30 18:00:00,SHORT,2788.68,2794.26,2779.53,TARGET,1.337,WIN,2024-10-30,1,LiquidityRun
LiquidityRun,2024-10-30 19:15:00,SHORT,2786.12,2790.36,2773.37,TARGET,2.607,WIN,2024-10-30,1,LiquiditySweep
StructureSweep,2024-10-31 01:45:00,LONG,2784.64,2780.77,2790.08,STOP,-1.791,LOSS,2024-10-31,1,Inducement+FVG
Inducement+FVG,2024-10-31 04:15:00,LONG,2782.09,2777.77,2790.08,STOP,-1.707,LOSS,2024-10-31,1,StructureSweep
Inducement+FVG,2024-10-31 10:15:00,LONG,2777.63,2771.36,2790.09,STOP,-1.487,LOSS,2024-10-31,1,PriorDayLevels
PriorDayLevels,2024-10-31 13:00:00,LONG,2770.83,2762.52,2790.08,STOP,-1.366,LOSS,2024-10-31,1,Inducement+FVG
Inducement+FVG,2024-10-31 13:15:00,LONG,2767.22,2762.23,2789.82,STOP,-1.609,LOSS,2024-10-31,1,PriorDayLevels
LiquidityRun,2024-10-31 16:15:00,LONG,2742.55,2737.96,2756.32,TARGET,2.641,WIN,2024-10-31,0,
LiquidityRun,2024-11-01 06:30:00,SHORT,2751.8,2757.52,2734.66,STOP,-1.53,LOSS,2024-11-01,0,
StructureSweep,2024-11-01 12:45:00,SHORT,2753.8,2761.25,2744.82,STOP,-1.407,LOSS,2024-11-01,0,
LiquidityRun,2024-11-01 14:30:00,SHORT,2739.8,2755.84,2691.67,TARGET,2.898,WIN,2024-11-01,0,
StructureSweep,2024-11-01 15:15:00,LONG,2750.22,2744.29,2762.25,STOP,-1.509,LOSS,2024-11-01,0,
StructureSweep,2024-11-04 07:45:00,LONG,2735.84,2732.32,2743.73,STOP,-1.856,LOSS,2024-11-04,0,
PriorDayLevels,2024-11-04 16:00:00,LONG,2732.58,2724.38,2740.33,EOD,0.051,WIN,2024-11-04,1,StructureSweep
StructureSweep,2024-11-04 16:15:00,LONG,2737.71,2732.02,2748.16,STOP,-1.528,LOSS,2024-11-04,1,PriorDayLevels
StructureSweep,2024-11-04 17:15:00,LONG,2737.54,2731.26,2748.16,STOP,-1.478,LOSS,2024-11-04,1,PriorDayLevels
LiquiditySweep,2024-11-05 03:30:00,LONG,2733.83,2725.86,2739.71,TARGET,0.532,WIN,2024-11-05,0,
PriorDayLevels,2024-11-05 14:00:00,SHORT,2748.16,2756.4,2731.72,EOD,-0.069,LOSS,2024-11-05,0,
LiquidityRun,2024-11-06 15:30:00,LONG,2671.14,2663.34,2694.56,STOP,-1.376,LOSS,2024-11-06,0,
LiquidityRun,2024-11-06 18:15:00,LONG,2668.05,2662.41,2684.99,STOP,-1.519,LOSS,2024-11-06,0,
LiquidityRun,2024-11-06 23:15:00,LONG,2662.68,2657.02,2679.64,STOP,-1.517,LOSS,2024-11-06,0,
LiquidityRun,2024-11-07 02:15:00,LONG,2653.7,2648.53,2669.2,TARGET,2.691,WIN,2024-11-07,0,
LiquidityRun,2024-11-07 23:00:00,SHORT,2704.79,2708.88,2692.54,STOP,-1.729,LOSS,2024-11-07,0,
LiquidityRun,2024-11-08 01:00:00,SHORT,2699.72,2710.59,2667.12,TARGET,2.852,WIN,2024-11-08,0,
StructureSweep,2024-11-08 03:45:00,LONG,2695.11,2691.34,2710.42,STOP,-1.785,LOSS,2024-11-08,0,
StructureSweep,2024-11-08 15:15:00,LONG,2690.15,2680.7,2704.06,STOP,-1.312,LOSS,2024-11-08,0,
LiquidityRun,2024-11-11 10:15:00,LONG,2670.41,2665.22,2686.0,STOP,-1.565,LOSS,2024-11-11,0,
LiquidityRun,2024-11-11 11:00:00,SHORT,2663.82,2670.97,2642.36,TARGET,2.777,WIN,2024-11-11,0,
LiquidityRun,2024-11-11 18:45:00,LONG,2618.9,2610.21,2644.98,STOP,-1.331,LOSS,2024-11-11,0,
LiquidityRun,2024-11-12 11:00:00,LONG,2596.62,2591.01,2613.45,TARGET,2.722,WIN,2024-11-12,0,
StructureSweep,2024-11-13 08:15:00,LONG,2604.66,2598.43,2613.33,TARGET,1.143,WIN,2024-11-13,0,
LiquidityRun,2024-11-13 14:45:00,SHORT,2602.03,2614.18,2565.57,TARGET,2.872,WIN,2024-11-13,0,
PriorDayLevels,2024-11-13 16:00:00,LONG,2589.63,2581.86,2627.19,STOP,-1.366,LOSS,2024-11-13,1,LiquiditySweep
LiquiditySweep,2024-11-13 16:30:00,LONG,2590.18,2583.52,2601.39,STOP,-1.427,LOSS,2024-11-13,1,PriorDayLevels
LiquidityRun,2024-11-14 03:15:00,LONG,2561.51,2558.25,2571.27,STOP,-1.865,LOSS,2024-11-14,0,
LiquidityRun,2024-11-14 07:45:00,LONG,2557.01,2552.39,2570.9,STOP,-1.607,LOSS,2024-11-14,0,
LiquidityRun,2024-11-14 11:45:00,LONG,2553.58,2545.62,2577.45,TARGET,2.807,WIN,2024-11-14,0,
StructureSweep,2024-11-14 13:30:00,SHORT,2558.24,2562.88,2536.75,STOP,-1.608,LOSS,2024-11-14,0,
StructureSweep,2024-11-14 14:45:00,SHORT,2559.73,2565.94,2536.75,STOP,-1.454,LOSS,2024-11-14,0,
StructureSweep,2024-11-14 20:45:00,LONG,2567.24,2562.73,2577.43,STOP,-1.625,LOSS,2024-11-14,0,
StructureSweep,2024-11-15 10:30:00,SHORT,2569.01,2572.66,2554.39,STOP,-1.775,LOSS,2024-11-15,0,
LiquidityRun,2024-11-18 05:15:00,SHORT,2588.96,2593.31,2575.9,STOP,-1.655,LOSS,2024-11-18,0,
LiquidityRun,2024-11-18 16:30:00,SHORT,2610.28,2615.45,2594.76,STOP,-1.556,LOSS,2024-11-18,0,
LiquiditySweep,2024-11-19 01:15:00,SHORT,2613.12,2621.76,2608.19,STOP,-1.334,LOSS,2024-11-19,0,
LiquiditySweep,2024-11-19 06:45:00,SHORT,2625.18,2630.57,2620.8,TARGET,0.521,WIN,2024-11-19,1,LiquidityRun
LiquidityRun,2024-11-19 07:15:00,SHORT,2618.6,2624.91,2599.66,STOP,-1.457,LOSS,2024-11-19,1,LiquiditySweep
LiquiditySweep,2024-11-19 08:30:00,SHORT,2626.59,2630.77,2620.8,STOP,-1.693,LOSS,2024-11-19,1,LiquidityRun
LiquidityRun,2024-11-19 12:00:00,SHORT,2631.24,2634.58,2621.23,STOP,-1.868,LOSS,2024-11-19,1,LiquiditySweep
LiquidityRun,2024-11-19 13:30:00,SHORT,2634.79,2639.16,2621.68,TARGET,2.639,WIN,2024-11-19,0,
StructureSweep,2024-11-19 14:30:00,LONG,2629.8,2623.58,2639.43,STOP,-1.464,LOSS,2024-11-19,1,TridentKillzone
TridentKillzone,2024-11-19 16:30:00,LONG,2626.4,2623.14,2691.54,BAIL,-0.091,LOSS,2024-11-19,1,StructureSweep
StructureSweep,2024-11-19 21:00:00,SHORT,2631.48,2636.55,2620.91,STOP,-1.572,LOSS,2024-11-19,1,LiquiditySweep
LiquiditySweep,2024-11-20 01:00:00,SHORT,2638.98,2645.45,2628.72,TARGET,1.343,WIN,2024-11-20,2,"LiquidityRun,StructureSweep"
LiquidityRun,2024-11-20 03:45:00,SHORT,2637.98,2642.67,2623.9,TARGET,2.663,WIN,2024-11-20,1,LiquiditySweep
Inducement+FVG,2024-11-20 05:00:00,LONG,2635.83,2632.91,2639.43,STOP,-1.992,LOSS,2024-11-20,0,
Inducement+FVG,2024-11-20 06:15:00,LONG,2631.22,2626.42,2639.43,STOP,-1.602,LOSS,2024-11-20,0,
LiquidityRun,2024-11-20 12:00:00,LONG,2628.47,2622.7,2645.8,TARGET,2.726,WIN,2024-11-20,0,
PriorDayLevels,2024-11-20 13:00:00,SHORT,2639.43,2647.35,2611.04,STOP,-1.368,LOSS,2024-11-20,1,LiquiditySweep
LiquiditySweep,2024-11-20 14:15:00,SHORT,2639.1,2646.09,2628.72,STOP,-1.416,LOSS,2024-11-20,1,PriorDayLevels
LiquidityRun,2024-11-20 18:15:00,SHORT,2648.08,2652.05,2636.15,STOP,-1.734,LOSS,2024-11-20,0,
LiquidityRun,2024-11-20 20:30:00,SHORT,2647.61,2652.49,2632.96,STOP,-1.597,LOSS,2024-11-20,0,
LiquiditySweep,2024-11-21 01:00:00,SHORT,2654.9,2664.46,2647.27,STOP,-1.306,LOSS,2024-11-21,1,LiquidityRun
LiquidityRun,2024-11-21 01:15:00,SHORT,2653.78,2660.21,2634.5,STOP,-1.455,LOSS,2024-11-21,1,LiquiditySweep
LiquidityRun,2024-11-21 09:30:00,SHORT,2666.07,2670.51,2652.77,STOP,-1.662,LOSS,2024-11-21,0,
LiquidityRun,2024-11-21 12:15:00,SHORT,2667.08,2672.62,2650.46,STOP,-1.53,LOSS,2024-11-21,0,
StructureSweep,2024-11-21 13:15:00,LONG,2665.27,2660.43,2673.52,TARGET,1.371,WIN,2024-11-21,0,
LiquiditySweep,2024-11-22 00:30:00,SHORT,2671.74,2677.6,2668.05,STOP,-1.502,LOSS,2024-11-22,0,
LiquidityRun,2024-11-22 05:45:00,SHORT,2686.66,2689.89,2676.97,STOP,-1.916,LOSS,2024-11-22,1,LiquiditySweep
LiquiditySweep,2024-11-22 07:00:00,SHORT,2690.81,2697.31,2668.05,STOP,-1.456,LOSS,2024-11-22,1,LiquidityRun
LiquidityRun,2024-11-22 09:15:00,SHORT,2695.25,2699.26,2683.24,STOP,-1.741,LOSS,2024-11-22,1,LiquiditySweep
LiquidityRun,2024-11-22 11:30:00,SHORT,2702.64,2708.62,2684.7,TARGET,2.729,WIN,2024-11-22,0,
StructureSweep,2024-11-22 16:15:00,SHORT,2702.8,2709.19,2684.44,STOP,-1.466,LOSS,2024-11-22,1,LiquidityRun
LiquidityRun,2024-11-22 19:45:00,SHORT,2708.22,2712.26,2696.1,STOP,-1.738,LOSS,2024-11-22,1,StructureSweep
LiquidityRun,2024-11-25 00:30:00,SHORT,2712.71,2719.67,2691.84,TARGET,2.767,WIN,2024-11-25,1,LiquiditySweep
LiquiditySweep,2024-11-25 00:45:00,SHORT,2710.64,2717.88,2705.1,TARGET,0.539,WIN,2024-11-25,1,LiquidityRun
Inducement+FVG,2024-11-25 01:00:00,LONG,2703.4,2697.21,2710.13,STOP,-1.48,LOSS,2024-11-25,0,
Inducement+FVG,2024-11-25 02:45:00,LONG,2695.26,2690.79,2710.13,STOP,-1.661,LOSS,2024-11-25,0,
Inducement+FVG,2024-11-25 05:45:00,LONG,2664.66,2659.33,2721.44,STOP,-1.549,LOSS,2024-11-25,0,
LiquidityRun,2024-11-25 09:00:00,LONG,2674.54,2668.96,2691.29,STOP,-1.526,LOSS,2024-11-25,0,
LiquidityRun,2024-11-25 19:30:00,LONG,2625.12,2618.6,2644.67,STOP,-1.442,LOSS,2024-11-25,0,
LiquidityRun,2024-11-26 00:30:00,LONG,2621.55,2611.37,2652.12,STOP,-1.282,LOSS,2024-11-26,0,
StructureSweep,2024-11-26 01:00:00,SHORT,2624.93,2632.13,2605.12,STOP,-1.402,LOSS,2024-11-26,0,
StructureSweep,2024-11-26 01:45:00,SHORT,2628.1,2632.97,2605.12,STOP,-1.594,LOSS,2024-11-26,0,
StructureSweep,2024-11-26 10:45:00,SHORT,2631.38,2634.62,2610.83,STOP,-1.895,LOSS,2024-11-26,1,LiquidityRun
StructureSweep,2024-11-26 12:30:00,SHORT,2630.28,2635.51,2610.83,STOP,-1.554,LOSS,2024-11-26,1,LiquidityRun
StructureSweep,2024-11-26 13:45:00,SHORT,2629.92,2634.69,2610.83,STOP,-1.608,LOSS,2024-11-26,1,LiquidityRun
LiquidityRun,2024-11-26 13:45:00,SHORT,2629.92,2634.87,2615.1,STOP,-1.586,LOSS,2024-11-26,1,StructureSweep
StructureSweep,2024-11-27 11:00:00,LONG,2645.6,2640.54,2653.92,TARGET,1.331,WIN,2024-11-27,0,
LiquidityRun,2024-11-27 13:15:00,SHORT,2648.64,2653.01,2635.52,STOP,-1.667,LOSS,2024-11-27,0,
LiquidityRun,2024-11-27 15:15:00,SHORT,2642.33,2652.8,2610.93,STOP,-1.278,LOSS,2024-11-27,0,
Inducement+FVG,2024-11-27 19:15:00,LONG,2636.34,2633.02,2658.17,STOP,-1.874,LOSS,2024-11-27,0,
Inducement+FVG,2024-11-28 01:15:00,LONG,2627.11,2619.35,2641.99,TARGET,1.714,WIN,2024-11-28,0,
StructureSweep,2024-11-28 05:45:00,SHORT,2633.36,2636.73,2620.84,STOP,-1.859,LOSS,2024-11-28,0,
Inducement+FVG,2024-11-28 14:45:00,LONG,2641.32,2638.48,2658.17,STOP,-2.023,LOSS,2024-11-28,0,
LiquiditySweep,2024-11-29 06:15:00,SHORT,2663.49,2670.01,2645.75,TARGET,2.478,WIN,2024-11-29,1,LiquidityRun
LiquidityRun,2024-11-29 07:15:00,SHORT,2661.81,2666.47,2647.83,TARGET,2.658,WIN,2024-11-29,1,LiquiditySweep
Inducement+FVG,2024-12-01 23:30:00,LONG,2645.58,2639.03,2666.38,STOP,-1.444,LOSS,2024-12-01,0,
LiquidityRun,2024-12-02 06:45:00,LONG,2625.98,2622.63,2636.04,TARGET,2.53,WIN,2024-12-02,0,
PriorDayLevels,2024-12-02 14:00:00,SHORT,2650.32,2658.27,2643.06,TARGET,0.781,WIN,2024-12-02,0,
StructureSweep,2024-12-02 19:00:00,LONG,2638.29,2633.94,2651.79,TARGET,2.738,WIN,2024-12-02,0,
LiquidityRun,2024-12-03 08:15:00,SHORT,2640.48,2647.06,2620.74,STOP,-1.442,LOSS,2024-12-03,0,
PriorDayLevels,2024-12-03 13:00:00,SHORT,2651.79,2659.74,2621.82,EOD,0.773,WIN,2024-12-03,1,StructureSweep
StructureSweep,2024-12-03 14:45:00,SHORT,2646.64,2653.77,2637.68,TARGET,1.032,WIN,2024-12-03,2,"LiquidityRun,PriorDayLevels"
LiquidityRun,2024-12-03 15:00:00,SHORT,2639.99,2651.09,2606.69,STOP,-1.262,LOSS,2024-12-03,1,StructureSweep
StructureSweep,2024-12-04 02:15:00,SHORT,2643.89,2648.1,2637.62,STOP,-1.692,LOSS,2024-12-04,0,
LiquidityRun,2024-12-04 07:15:00,SHORT,2644.87,2651.3,2625.61,STOP,-1.454,LOSS,2024-12-04,0,
PriorDayLevels,2024-12-04 13:00:00,LONG,2634.03,2626.13,2655.66,TARGET,2.603,WIN,2024-12-04,1,Inducement+FVG
Inducement+FVG,2024-12-04 13:00:00,LONG,2634.74,2629.01,2655.66,TARGET,3.375,WIN,2024-12-04,1,PriorDayLevels
StructureSweep,2024-12-04 13:30:00,SHORT,2644.75,2650.69,2636.59,STOP,-1.491,LOSS,2024-12-04,1,LiquidityRun
LiquidityRun,2024-12-04 16:45:00,SHORT,2649.68,2653.95,2636.89,STOP,-1.684,LOSS,2024-12-04,1,StructureSweep
LiquidityRun,2024-12-05 04:00:00,LONG,2648.93,2645.37,2659.62,STOP,-1.817,LOSS,2024-12-05,1,StructureSweep
StructureSweep,2024-12-05 07:00:00,LONG,2647.7,2642.68,2655.52,STOP,-1.579,LOSS,2024-12-05,1,LiquidityRun
StructureSweep,2024-12-05 09:30:00,LONG,2645.7,2639.2,2655.52,STOP,-1.447,LOSS,2024-12-05,1,LiquidityRun
LiquidityRun,2024-12-05 09:45:00,LONG,2644.82,2641.86,2653.73,TARGET,2.465,WIN,2024-12-05,1,StructureSweep
Inducement+FVG,2024-12-05 14:45:00,LONG,2640.4,2636.01,2657.15,STOP,-1.662,LOSS,2024-12-05,1,LiquidityRun
PriorDayLevels,2024-12-05 15:00:00,LONG,2632.33,2624.43,2657.15,STOP,-1.366,LOSS,2024-12-05,1,LiquidityRun
LiquidityRun,2024-12-05 16:00:00,LONG,2640.9,2633.78,2662.26,STOP,-1.407,LOSS,2024-12-05,1,Inducement+FVG
LiquidityRun,2024-12-05 18:45:00,LONG,2629.52,2624.5,2644.59,STOP,-1.575,LOSS,2024-12-05,1,PriorDayLevels
LiquidityRun,2024-12-06 02:45:00,LONG,2625.27,2619.49,2642.62,TARGET,2.727,WIN,2024-12-06,0,
LiquidityRun,2024-12-06 05:45:00,SHORT,2637.96,2644.52,2618.26,STOP,-1.443,LOSS,2024-12-06,0,
LiquidityRun,2024-12-06 09:30:00,SHORT,2642.5,2645.43,2633.71,TARGET,2.459,WIN,2024-12-06,0,
StructureSweep,2024-12-06 11:00:00,LONG,2636.25,2629.71,2645.73,STOP,-1.443,LOSS,2024-12-06,0,
LiquidityRun,2024-12-09 04:00:00,SHORT,2637.8,2644.3,2618.27,STOP,-1.447,LOSS,2024-12-09,0,
LiquidityRun,2024-12-09 08:30:00,SHORT,2647.89,2651.85,2636.01,STOP,-1.736,LOSS,2024-12-09,1,LiquiditySweep
LiquiditySweep,2024-12-09 09:45:00,SHORT,2655.63,2661.44,2646.94,STOP,-1.503,LOSS,2024-12-09,1,LiquidityRun
LiquidityRun,2024-12-09 16:00:00,SHORT,2667.87,2672.51,2653.95,STOP,-1.633,LOSS,2024-12-09,0,
Inducement+FVG,2024-12-10 08:00:00,LONG,2662.23,2658.85,2676.45,TARGET,3.737,WIN,2024-12-10,0,
PriorDayLevels,2024-12-10 10:00:00,SHORT,2676.45,2684.48,2634.55,STOP,-1.368,LOSS,2024-12-10,3,"LiquidityRun,LiquiditySweep,StructureSweep"
StructureSweep,2024-12-10 10:30:00,SHORT,2673.78,2678.29,2661.16,STOP,-1.652,LOSS,2024-12-10,3,"LiquidityRun,LiquiditySweep,PriorDayLevels"
LiquiditySweep,2024-12-10 10:45:00,SHORT,2675.45,2680.85,2665.68,STOP,-1.546,LOSS,2024-12-10,3,"LiquidityRun,PriorDayLevels,StructureSweep"
LiquidityRun,2024-12-10 11:15:00,SHORT,2671.41,2676.03,2657.55,STOP,-1.637,LOSS,2024-12-10,3,"LiquiditySweep,PriorDayLevels,StructureSweep"
StructureSweep,2024-12-10 13:00:00,SHORT,2673.67,2680.59,2661.16,STOP,-1.426,LOSS,2024-12-10,3,"LiquidityRun,LiquiditySweep,PriorDayLevels"
LiquidityRun,2024-12-10 18:30:00,SHORT,2692.63,2696.52,2680.96,STOP,-1.762,LOSS,2024-12-10,0,
LiquidityRun,2024-12-11 03:45:00,SHORT,2695.71,2701.68,2677.81,TARGET,2.73,WIN,2024-12-11,0,
LiquidityRun,2024-12-11 05:15:00,SHORT,2678.94,2685.63,2658.85,STOP,-1.441,LOSS,2024-12-11,0,
LiquidityRun,2024-12-11 05:45:00,LONG,2688.61,2678.47,2719.01,TARGET,2.84,WIN,2024-12-11,2,"Inducement+FVG,StructureSweep"
StructureSweep,2024-12-11 06:00:00,LONG,2692.48,2683.81,2704.35,TARGET,1.182,WIN,2024-12-11,2,"Inducement+FVG,LiquidityRun"
Inducement+FVG,2024-12-11 09:00:00,LONG,2688.58,2683.57,2704.35,TARGET,2.822,WIN,2024-12-11,2,"LiquidityRun,StructureSweep"
LiquidityRun,2024-12-11 18:45:00,SHORT,2714.41,2721.36,2693.56,STOP,-1.43,LOSS,2024-12-11,0,
LiquiditySweep,2024-12-12 00:00:00,SHORT,2720.95,2725.25,2716.05,STOP,-1.697,LOSS,2024-12-12,1,LiquidityRun
LiquidityRun,2024-12-12 01:15:00,SHORT,2714.35,2723.72,2686.23,TARGET,2.827,WIN,2024-12-12,1,LiquiditySweep
Inducement+FVG,2024-12-12 09:15:00,LONG,2715.77,2711.21,2726.21,STOP,-1.655,LOSS,2024-12-12,0,
Inducement+FVG,2024-12-12 12:45:00,LONG,2706.72,2703.4,2726.21,STOP,-1.896,LOSS,2024-12-12,0,
PriorDayLevels,2024-12-12 15:00:00,LONG,2675.5,2667.48,2721.06,EOD,0.271,WIN,2024-12-12,0,
StructureSweep,2024-12-13 02:00:00,SHORT,2686.39,2692.82,2678.87,TARGET,0.921,WIN,2024-12-13,1,LiquidityRun
LiquidityRun,2024-12-13 04:00:00,SHORT,2687.58,2691.68,2675.28,TARGET,2.607,WIN,2024-12-13,1,StructureSweep
PriorDayLevels,2024-12-13 08:00:00,LONG,2675.08,2667.05,2726.21,STOP,-1.366,LOSS,2024-12-13,0,
LiquidityRun,2024-12-13 12:15:00,LONG,2670.29,2663.77,2689.85,STOP,-1.45,LOSS,2024-12-13,0,
LiquiditySweep,2024-12-13 13:45:00,LONG,2662.2,2655.65,2679.37,STOP,-1.446,LOSS,2024-12-13,0,
LiquidityRun,2024-12-15 23:45:00,LONG,2651.48,2647.89,2662.25,STOP,-1.812,LOSS,2024-12-15,0,
LiquidityRun,2024-12-16 01:15:00,LONG,2653.96,2646.43,2676.54,STOP,-1.387,LOSS,2024-12-16,0,
StructureSweep,2024-12-16 01:30:00,SHORT,2652.96,2657.4,2646.05,STOP,-1.658,LOSS,2024-12-16,0,
StructureSweep,2024-12-16 14:15:00,LONG,2658.25,2654.03,2664.45,STOP,-1.693,LOSS,2024-12-16,0,
PriorDayLevels,2024-12-16 16:00:00,LONG,2648.8,2640.86,2653.13,TARGET,0.411,WIN,2024-12-16,0,
StructureSweep,2024-12-17 04:45:00,LONG,2651.69,2648.21,2658.61,STOP,-1.836,LOSS,2024-12-17,3,"Inducement+FVG,LiquidityRun,LiquiditySweep"
Inducement+FVG,2024-12-17 05:00:00,LONG,2651.2,2646.43,2664.45,STOP,-1.611,LOSS,2024-12-17,3,"LiquidityRun,LiquiditySweep,StructureSweep"
LiquidityRun,2024-12-17 07:15:00,LONG,2655.68,2646.27,2683.91,STOP,-1.31,LOSS,2024-12-17,2,"Inducement+FVG,StructureSweep"
LiquiditySweep,2024-12-17 08:45:00,LONG,2644.23,2637.51,2653.13,STOP,-1.432,LOSS,2024-12-17,3,"Inducement+FVG,LiquidityRun,StructureSweep"
LiquidityRun,2024-12-17 12:00:00,LONG,2641.48,2638.13,2651.52,STOP,-1.867,LOSS,2024-12-17,1,LiquiditySweep
LiquidityRun,2024-12-17 15:15:00,LONG,2640.66,2636.95,2651.79,STOP,-1.782,LOSS,2024-12-17,0,
LiquidityRun,2024-12-17 17:30:00,LONG,2643.6,2638.2,2659.81,STOP,-1.537,LOSS,2024-12-17,0,
StructureSweep,2024-12-18 04:15:00,LONG,2643.97,2640.16,2651.71,STOP,-1.761,LOSS,2024-12-18,0,
LiquidityRun,2024-12-18 17:30:00,LONG,2637.46,2634.35,2646.79,STOP,-1.932,LOSS,2024-12-18,1,PriorDayLevels
PriorDayLevels,2024-12-18 19:00:00,LONG,2632.99,2625.09,2658.61,STOP,-1.366,LOSS,2024-12-18,1,LiquidityRun
LiquidityRun,2024-12-18 23:15:00,LONG,2590.53,2585.76,2604.85,TARGET,2.674,WIN,2024-12-18,0,
LiquidityRun,2024-12-19 01:30:00,LONG,2614.15,2599.21,2658.96,STOP,-1.192,LOSS,2024-12-19,0,
LiquidityRun,2024-12-19 16:30:00,LONG,2593.8,2588.92,2608.44,TARGET,2.681,WIN,2024-12-19,0,
StructureSweep,2024-12-19 23:45:00,LONG,2593.52,2589.71,2600.99,STOP,-1.749,LOSS,2024-12-19,0,
StructureSweep,2024-12-20 05:45:00,SHORT,2600.28,2603.91,2589.59,STOP,-1.788,LOSS,2024-12-20,0,
PriorDayLevels,2024-12-20 15:00:00,SHORT,2626.46,2634.34,2586.95,EOD,0.093,WIN,2024-12-20,1,LiquidityRun
LiquidityRun,2024-12-20 16:30:00,SHORT,2625.45,2629.65,2612.86,STOP,-1.689,LOSS,2024-12-20,1,PriorDayLevels
StructureSweep,2024-12-23 02:15:00,SHORT,2624.23,2628.58,2617.5,STOP,-1.664,LOSS,2024-12-23,0,
LiquidityRun,2024-12-23 08:00:00,SHORT,2628.94,2633.12,2616.4,TARGET,2.623,WIN,2024-12-23,0,
StructureSweep,2024-12-23 09:45:00,LONG,2626.44,2623.37,2633.24,STOP,-1.94,LOSS,2024-12-23,2,"Inducement+FVG,PriorDayLevels"
PriorDayLevels,2024-12-23 10:00:00,LONG,2621.74,2613.87,2624.92,TARGET,0.271,WIN,2024-12-23,2,"Inducement+FVG,StructureSweep"
Inducement+FVG,2024-12-23 10:30:00,LONG,2621.04,2615.73,2631.88,STOP,-1.542,LOSS,2024-12-23,2,"PriorDayLevels,StructureSweep"
LiquidityRun,2024-12-23 16:45:00,LONG,2615.94,2610.17,2633.27,STOP,-1.498,LOSS,2024-12-23,0,
LiquidityRun,2024-12-24 05:30:00,SHORT,2619.62,2622.83,2609.97,STOP,-1.896,LOSS,2024-12-24,0,
StructureSweep,2024-12-24 10:15:00,LONG,2616.96,2613.38,2621.47,STOP,-1.804,LOSS,2024-12-24,0,
LiquidityRun,2024-12-26 07:30:00,SHORT,2624.48,2628.57,2612.19,STOP,-1.705,LOSS,2024-12-26,0,
StructureSweep,2024-12-26 08:30:00,LONG,2626.06,2622.51,2629.71,TARGET,0.584,WIN,2024-12-26,0,
LiquidityRun,2024-12-26 12:15:00,SHORT,2626.16,2630.41,2613.4,STOP,-1.68,LOSS,2024-12-26,0,
LiquidityRun,2024-12-26 13:45:00,SHORT,2623.11,2629.61,2603.61,STOP,-1.445,LOSS,2024-12-26,0,
LiquidityRun,2024-12-26 15:00:00,LONG,2634.78,2624.16,2666.63,STOP,-1.272,LOSS,2024-12-26,0,
LiquiditySweep,2024-12-26 16:30:00,SHORT,2633.06,2637.53,2626.04,TARGET,1.215,WIN,2024-12-26,0,
Inducement+FVG,2024-12-27 05:45:00,LONG,2631.34,2628.18,2639.15,STOP,-1.914,LOSS,2024-12-27,0,
Inducement+FVG,2024-12-27 08:15:00,LONG,2629.53,2624.16,2639.15,STOP,-1.538,LOSS,2024-12-27,1,LiquidityRun
LiquidityRun,2024-12-27 10:15:00,LONG,2627.16,2622.69,2640.55,STOP,-1.647,LOSS,2024-12-27,1,Inducement+FVG
PriorDayLevels,2024-12-27 13:00:00,LONG,2618.61,2610.76,2639.15,EOD,0.016,BE,2024-12-27,1,Inducement+FVG
Inducement+FVG,2024-12-27 13:15:00,LONG,2620.65,2617.86,2639.15,STOP,-2.032,LOSS,2024-12-27,2,"LiquidityRun,PriorDayLevels"
StructureSweep,2024-12-27 18:30:00,SHORT,2619.61,2622.77,2611.61,STOP,-1.913,LOSS,2024-12-27,0,
LiquidityRun,2024-12-27 18:45:00,LONG,2618.69,2615.34,2628.74,STOP,-1.859,LOSS,2024-12-27,0,
StructureSweep,2024-12-30 05:30:00,LONG,2622.14,2617.85,2628.18,STOP,-1.672,LOSS,2024-12-30,0,
LiquiditySweep,2024-12-30 08:45:00,LONG,2611.87,2605.32,2616.41,TARGET,0.453,WIN,2024-12-30,1,LiquidityRun
LiquiditySweep,2024-12-30 11:00:00,LONG,2613.0,2605.18,2616.41,TARGET,0.235,WIN,2024-12-30,1,LiquidityRun
LiquidityRun,2024-12-30 11:30:00,LONG,2618.31,2611.56,2638.56,STOP,-1.426,LOSS,2024-12-30,1,LiquiditySweep
StructureSweep,2024-12-30 11:45:00,SHORT,2616.33,2621.28,2609.23,STOP,-1.582,LOSS,2024-12-30,0,
LiquiditySweep,2024-12-30 14:00:00,LONG,2611.85,2601.44,2616.41,STOP,-1.275,LOSS,2024-12-30,1,LiquidityRun
LiquidityRun,2024-12-30 17:15:00,LONG,2603.28,2598.26,2618.32,TARGET,2.688,WIN,2024-12-30,0,
StructureSweep,2024-12-31 03:45:00,LONG,2604.61,2600.9,2611.61,TARGET,1.464,WIN,2024-12-31,0,
LiquidityRun,2024-12-31 19:45:00,SHORT,2623.84,2627.42,2613.11,STOP,-1.808,LOSS,2024-12-31,0,
StructureSweep,2025-01-02 00:30:00,SHORT,2626.8,2630.21,2622.19,STOP,-1.849,LOSS,2025-01-02,0,
LiquidityRun,2025-01-02 06:00:00,SHORT,2631.8,2637.14,2615.76,STOP,-1.542,LOSS,2025-01-02,2,"LiquiditySweep,StructureSweep"
LiquiditySweep,2025-01-02 09:00:00,SHORT,2638.21,2643.87,2631.25,STOP,-1.513,LOSS,2025-01-02,2,"LiquidityRun,StructureSweep"
StructureSweep,2025-01-02 09:45:00,SHORT,2636.14,2640.58,2631.12,STOP,-1.653,LOSS,2025-01-02,2,"LiquidityRun,LiquiditySweep"
LiquidityRun,2025-01-02 13:15:00,SHORT,2640.89,2645.49,2627.09,STOP,-1.632,LOSS,2025-01-02,1,StructureSweep
LiquidityRun,2025-01-02 17:30:00,SHORT,2653.71,2660.71,2632.71,STOP,-1.418,LOSS,2025-01-02,0,
LiquiditySweep,2025-01-03 00:15:00,SHORT,2659.76,2665.11,2652.52,STOP,-1.547,LOSS,2025-01-03,1,LiquidityRun
LiquidityRun,2025-01-03 01:30:00,SHORT,2657.08,2661.92,2642.55,STOP,-1.605,LOSS,2025-01-03,1,LiquiditySweep
LiquidityRun,2025-01-03 05:15:00,SHORT,2660.61,2664.49,2648.95,TARGET,2.59,WIN,2025-01-03,0,
StructureSweep,2025-01-03 05:45:00,LONG,2658.55,2653.25,2665.21,STOP,-1.551,LOSS,2025-01-03,0,
Inducement+FVG,2025-01-03 20:30:00,LONG,2638.14,2635.31,2665.21,STOP,-2.022,LOSS,2025-01-03,1,LiquidityRun
LiquidityRun,2025-01-03 21:45:00,LONG,2640.37,2635.1,2656.19,STOP,-1.55,LOSS,2025-01-03,1,Inducement+FVG
Inducement+FVG,2025-01-06 04:45:00,LONG,2635.53,2632.51,2665.21,STOP,-1.959,LOSS,2025-01-06,0,
LiquidityRun,2025-01-06 09:00:00,LONG,2634.85,2628.07,2655.21,STOP,-1.426,LOSS,2025-01-06,0,
PriorDayLevels,2025-01-06 11:00:00,SHORT,2642.39,2650.32,2639.64,TARGET,0.214,WIN,2025-01-06,0,
StructureSweep,2025-01-06 14:45:00,LONG,2631.59,2621.57,2649.49,TARGET,1.629,WIN,2025-01-06,1,LiquidityRun
LiquidityRun,2025-01-06 15:00:00,LONG,2631.51,2625.97,2648.14,TARGET,2.714,WIN,2025-01-06,1,StructureSweep
PriorDayLevels,2025-01-07 12:00:00,SHORT,2649.49,2657.44,2614.43,STOP,-1.368,LOSS,2025-01-07,1,LiquidityRun
LiquidityRun,2025-01-07 15:00:00,SHORT,2648.5,2662.73,2605.82,STOP,-1.206,LOSS,2025-01-07,1,PriorDayLevels
StructureSweep,2025-01-08 03:00:00,LONG,2647.22,2644.21,2651.52,TARGET,0.897,WIN,2025-01-08,0,
StructureSweep,2025-01-08 11:30:00,LONG,2649.78,2644.95,2655.0,TARGET,0.75,WIN,2025-01-08,0,
PriorDayLevels,2025-01-08 14:00:00,SHORT,2664.26,2672.26,2632.92,EOD,-0.147,LOSS,2025-01-08,0,
LiquidityRun,2025-01-08 17:30:00,SHORT,2653.44,2670.05,2603.62,STOP,-1.176,LOSS,2025-01-08,0,
LiquiditySweep,2025-01-09 11:30:00,SHORT,2669.1,2675.54,2660.44,STOP,-1.457,LOSS,2025-01-09,1,LiquidityRun
LiquidityRun,2025-01-09 14:00:00,SHORT,2672.6,2676.67,2660.42,STOP,-1.724,LOSS,2025-01-09,1,LiquiditySweep
LiquiditySweep,2025-01-09 14:15:00,SHORT,2669.52,2677.45,2660.44,STOP,-1.371,LOSS,2025-01-09,1,LiquidityRun
StructureSweep,2025-01-09 16:00:00,LONG,2669.84,2664.24,2678.35,STOP,-1.524,LOSS,2025-01-09,1,TridentKillzone
TridentKillzone,2025-01-09 16:30:00,LONG,2667.5,2666.9,2679.32,STOP,-9.995,LOSS,2025-01-09,1,StructureSweep
StructureSweep,2025-01-09 18:00:00,LONG,2668.35,2662.38,2678.35,TARGET,1.407,WIN,2025-01-09,1,TridentKillzone
LiquiditySweep,2025-01-10 07:00:00,SHORT,2676.1,2682.73,2671.56,STOP,-1.444,LOSS,2025-01-10,0,
LiquidityRun,2025-01-10 12:00:00,SHORT,2678.43,2684.12,2661.34,STOP,-1.518,LOSS,2025-01-10,1,LiquiditySweep
LiquiditySweep,2025-01-10 12:15:00,SHORT,2676.96,2682.95,2673.47,TARGET,0.314,WIN,2025-01-10,1,LiquidityRun
LiquidityRun,2025-01-10 18:15:00,SHORT,2688.32,2697.97,2659.37,TARGET,2.833,WIN,2025-01-10,0,
StructureSweep,2025-01-10 18:30:00,LONG,2688.04,2683.43,2698.03,STOP,-1.64,LOSS,2025-01-10,0,
Inducement+FVG,2025-01-13 01:15:00,LONG,2680.59,2674.78,2698.03,STOP,-1.506,LOSS,2025-01-13,0,
StructureSweep,2025-01-13 04:00:00,SHORT,2689.66,2693.54,2679.29,TARGET,2.256,WIN,2025-01-13,0,
Inducement+FVG,2025-01-13 12:15:00,LONG,2668.96,2664.09,2698.03,STOP,-1.602,LOSS,2025-01-13,0,
Inducement+FVG,2025-01-13 15:45:00,LONG,2661.87,2658.38,2678.35,STOP,-1.839,LOSS,2025-01-13,0,
LiquidityRun,2025-01-13 20:45:00,LONG,2662.19,2657.64,2675.85,TARGET,2.649,WIN,2025-01-13,0,
StructureSweep,2025-01-14 03:00:00,SHORT,2671.88,2674.94,2656.77,STOP,-1.963,LOSS,2025-01-14,0,
StructureSweep,2025-01-14 06:30:00,LONG,2668.97,2664.85,2675.37,STOP,-1.712,LOSS,2025-01-14,0,
StructureSweep,2025-01-14 19:15:00,SHORT,2673.13,2676.69,2659.8,STOP,-1.826,LOSS,2025-01-14,0,
LiquidityRun,2025-01-14 23:30:00,SHORT,2674.76,2678.78,2662.67,STOP,-1.731,LOSS,2025-01-14,0,
StructureSweep,2025-01-15 02:15:00,LONG,2672.05,2668.94,2678.29,TARGET,1.495,WIN,2025-01-15,0,
StructureSweep,2025-01-15 14:30:00,LONG,2681.24,2675.45,2689.09,TARGET,1.077,WIN,2025-01-15,0,
LiquidityRun,2025-01-15 14:45:00,SHORT,2681.98,2688.48,2662.48,STOP,-1.455,LOSS,2025-01-15,0,
LiquidityRun,2025-01-15 21:30:00,SHORT,2695.08,2698.86,2683.77,STOP,-1.787,LOSS,2025-01-15,1,LiquiditySweep
LiquiditySweep,2025-01-16 00:15:00,SHORT,2696.43,2702.24,2694.06,TARGET,0.13,WIN,2025-01-16,1,LiquidityRun
LiquidityRun,2025-01-16 02:00:00,SHORT,2696.08,2701.49,2679.83,STOP,-1.548,LOSS,2025-01-16,1,LiquiditySweep
StructureSweep,2025-01-16 07:30:00,SHORT,2698.35,2701.72,2689.91,STOP,-1.883,LOSS,2025-01-16,1,LiquiditySweep
LiquiditySweep,2025-01-16 08:15:00,SHORT,2701.34,2707.32,2694.06,STOP,-1.497,LOSS,2025-01-16,1,StructureSweep
LiquiditySweep,2025-01-16 12:30:00,SHORT,2701.75,2707.6,2694.06,STOP,-1.509,LOSS,2025-01-16,1,LiquidityRun
LiquidityRun,2025-01-16 12:30:00,SHORT,2701.75,2706.8,2686.62,STOP,-1.59,LOSS,2025-01-16,1,LiquiditySweep
LiquidityRun,2025-01-16 18:15:00,SHORT,2717.83,2723.8,2699.93,TARGET,2.727,WIN,2025-01-16,0,
StructureSweep,2025-01-16 21:15:00,LONG,2712.97,2709.8,2724.74,STOP,-1.941,LOSS,2025-01-16,0,
Inducement+FVG,2025-01-17 05:00:00,LONG,2714.87,2710.54,2724.74,STOP,-1.69,LOSS,2025-01-17,0,
Inducement+FVG,2025-01-17 07:45:00,LONG,2710.52,2703.86,2724.74,STOP,-1.447,LOSS,2025-01-17,0,
StructureSweep,2025-01-17 14:45:00,SHORT,2711.68,2715.26,2702.77,STOP,-1.835,LOSS,2025-01-17,0,
StructureSweep,2025-01-17 17:15:00,SHORT,2711.52,2715.12,2702.73,TARGET,1.989,WIN,2025-01-17,0,
LiquidityRun,2025-01-17 21:30:00,LONG,2702.14,2698.56,2712.9,STOP,-1.828,LOSS,2025-01-17,0,
LiquidityRun,2025-01-20 02:45:00,LONG,2697.45,2693.49,2709.3,TARGET,2.59,WIN,2025-01-20,0,
LiquidityRun,2025-01-21 05:30:00,SHORT,2726.62,2730.05,2716.35,STOP,-1.877,LOSS,2025-01-21,0,
LiquidityRun,2025-01-21 08:15:00,SHORT,2725.3,2731.99,2705.24,STOP,-1.449,LOSS,2025-01-21,0,
StructureSweep,2025-01-21 08:45:00,LONG,2723.27,2718.71,2732.77,STOP,-1.656,LOSS,2025-01-21,0,
StructureSweep,2025-01-21 09:30:00,LONG,2722.96,2718.47,2732.77,STOP,-1.667,LOSS,2025-01-21,0,
LiquidityRun,2025-01-21 19:15:00,SHORT,2742.54,2746.83,2729.66,STOP,-1.703,LOSS,2025-01-21,0,
LiquiditySweep,2025-01-22 00:30:00,SHORT,2745.89,2750.43,2740.08,STOP,-1.666,LOSS,2025-01-22,0,
LiquidityRun,2025-01-22 06:15:00,SHORT,2746.96,2757.85,2714.29,STOP,-1.278,LOSS,2025-01-22,1,LiquiditySweep
LiquiditySweep,2025-01-22 06:15:00,SHORT,2746.96,2756.32,2746.25,TARGET,-0.101,LOSS,2025-01-22,1,LiquidityRun
LiquidityRun,2025-01-22 12:15:00,SHORT,2754.0,2759.13,2738.6,STOP,-1.591,LOSS,2025-01-22,0,
LiquidityRun,2025-01-22 13:30:00,SHORT,2754.02,2760.92,2733.34,STOP,-1.44,LOSS,2025-01-22,0,
TridentKillzone,2025-01-22 15:00:00,LONG,2754.34,2750.33,2834.54,BAIL,-0.647,LOSS,2025-01-22,0,
PriorDayLevels,2025-01-23 09:00:00,LONG,2742.71,2734.48,2763.43,EOD,1.07,WIN,2025-01-23,0,
StructureSweep,2025-01-23 16:30:00,SHORT,2754.28,2757.33,2735.77,STOP,-1.995,LOSS,2025-01-23,0,
LiquidityRun,2025-01-24 03:30:00,SHORT,2772.44,2776.92,2758.99,STOP,-1.681,LOSS,2025-01-24,0,
LiquidityRun,2025-01-24 06:45:00,SHORT,2773.82,2778.85,2758.72,STOP,-1.607,LOSS,2025-01-24,0,
StructureSweep,2025-01-24 08:15:00,LONG,2772.08,2767.35,2778.36,TARGET,0.975,WIN,2025-01-24,0,
LiquiditySweep,2025-01-24 11:30:00,SHORT,2776.7,2784.36,2770.53,STOP,-1.399,LOSS,2025-01-24,2,"LiquidityRun,StructureSweep"
StructureSweep,2025-01-24 11:45:00,SHORT,2776.62,2780.96,2769.95,STOP,-1.704,LOSS,2025-01-24,2,"LiquidityRun,LiquiditySweep"
LiquiditySweep,2025-01-24 14:00:00,SHORT,2778.92,2788.57,2770.53,TARGET,0.698,WIN,2025-01-24,2,"LiquidityRun,StructureSweep"
LiquidityRun,2025-01-24 14:15:00,SHORT,2774.48,2784.11,2745.6,STOP,-1.318,LOSS,2025-01-24,2,"LiquiditySweep,StructureSweep"
LiquidityRun,2025-01-24 16:00:00,SHORT,2774.3,2784.42,2743.93,TARGET,2.836,WIN,2025-01-24,1,LiquiditySweep
StructureSweep,2025-01-24 17:15:00,LONG,2775.38,2768.67,2786.01,STOP,-1.454,LOSS,2025-01-24,0,
Inducement+FVG,2025-01-26 23:00:00,LONG,2768.05,2759.84,2778.36,STOP,-1.37,LOSS,2025-01-26,0,
PriorDayLevels,2025-01-27 10:00:00,SHORT,2769.72,2778.03,2765.18,TARGET,0.413,WIN,2025-01-27,0,
LiquidityRun,2025-01-27 19:15:00,LONG,2739.06,2735.04,2751.12,STOP,-1.749,LOSS,2025-01-27,0,
StructureSweep,2025-01-28 05:45:00,SHORT,2741.68,2744.99,2737.82,TARGET,0.672,WIN,2025-01-28,0,
StructureSweep,2025-01-28 09:00:00,SHORT,2742.81,2747.11,2737.82,STOP,-1.702,LOSS,2025-01-28,0,
LiquidityRun,2025-01-28 09:00:00,LONG,2742.81,2735.8,2763.84,TARGET,2.765,WIN,2025-01-28,0,
LiquidityRun,2025-01-28 21:15:00,SHORT,2763.18,2766.52,2753.17,TARGET,2.504,WIN,2025-01-28,0,
StructureSweep,2025-01-29 04:45:00,LONG,2762.43,2759.44,2766.27,STOP,-2.015,LOSS,2025-01-29,0,
StructureSweep,2025-01-29 08:30:00,SHORT,2763.14,2768.85,2757.41,TARGET,0.713,WIN,2025-01-29,0,
TridentKillzone,2025-01-29 09:30:00,LONG,2762.84,2760.39,2811.98,STOP,-2.868,LOSS,2025-01-29,1,Inducement+FVG
Inducement+FVG,2025-01-29 10:30:00,LONG,2758.68,2755.77,2766.27,STOP,-2.041,LOSS,2025-01-29,2,"LiquidityRun,TridentKillzone"
Inducement+FVG,2025-01-29 13:15:00,LONG,2755.0,2748.54,2766.27,STOP,-1.468,LOSS,2025-01-29,2,"LiquidityRun,TridentKillzone"
LiquidityRun,2025-01-29 14:00:00,LONG,2759.0,2755.4,2769.83,STOP,-1.84,LOSS,2025-01-29,1,Inducement+FVG
LiquidityRun,2025-01-29 19:45:00,LONG,2755.22,2745.79,2783.49,TARGET,2.824,WIN,2025-01-29,0,
StructureSweep,2025-01-29 21:45:00,SHORT,2759.02,2762.41,2744.76,STOP,-1.897,LOSS,2025-01-29,0,
StructureSweep,2025-01-30 05:30:00,LONG,2759.27,2755.92,2763.39,TARGET,0.738,WIN,2025-01-30,0,
LiquiditySweep,2025-01-30 21:00:00,SHORT,2796.0,2802.67,2790.68,STOP,-1.462,LOSS,2025-01-30,1,LiquidityRun
LiquidityRun,2025-01-30 21:30:00,SHORT,2793.16,2797.82,2779.16,STOP,-1.659,LOSS,2025-01-30,1,LiquiditySweep
LiquidityRun,2025-01-31 08:30:00,SHORT,2794.11,2798.55,2780.78,STOP,-1.693,LOSS,2025-01-31,0,
StructureSweep,2025-01-31 08:45:00,LONG,2793.32,2788.89,2801.07,TARGET,1.372,WIN,2025-01-31,0,
LiquidityRun,2025-01-31 15:30:00,SHORT,2811.32,2815.06,2800.09,STOP,-1.827,LOSS,2025-01-31,0,
TridentKillzone,2025-01-31 19:00:00,LONG,2801.76,2795.28,2931.22,BAIL,-1.411,LOSS,2025-01-31,0,
Inducement+FVG,2025-02-03 01:00:00,LONG,2785.74,2779.43,2817.24,STOP,-1.485,LOSS,2025-02-03,1,LiquidityRun
LiquidityRun,2025-02-03 04:15:00,LONG,2779.28,2773.36,2797.02,TARGET,2.717,WIN,2025-02-03,1,Inducement+FVG
StructureSweep,2025-02-03 11:15:00,SHORT,2798.68,2804.94,2772.15,STOP,-1.493,LOSS,2025-02-03,1,PriorDayLevels
PriorDayLevels,2025-02-03 12:00:00,SHORT,2804.65,2813.07,2784.32,STOP,-1.368,LOSS,2025-02-03,1,StructureSweep
LiquidityRun,2025-02-03 15:30:00,SHORT,2816.75,2825.9,2789.31,STOP,-1.339,LOSS,2025-02-03,1,LiquiditySweep
LiquiditySweep,2025-02-03 15:30:00,SHORT,2816.75,2826.22,2795.28,STOP,-1.328,LOSS,2025-02-03,1,LiquidityRun
StructureSweep,2025-02-04 01:30:00,SHORT,2822.86,2826.04,2811.89,TARGET,2.922,WIN,2025-02-04,0,
Inducement+FVG,2025-02-04 05:00:00,LONG,2816.54,2811.99,2830.57,STOP,-1.679,LOSS,2025-02-04,0,
Inducement+FVG,2025-02-04 06:30:00,LONG,2812.76,2808.39,2830.57,STOP,-1.707,LOSS,2025-02-04,0,
PriorDayLevels,2025-02-04 13:00:00,SHORT,2830.57,2839.06,2772.15,STOP,-1.368,LOSS,2025-02-04,1,LiquidityRun
LiquidityRun,2025-02-04 15:45:00,SHORT,2835.86,2842.88,2814.79,STOP,-1.445,LOSS,2025-02-04,1,PriorDayLevels
LiquiditySweep,2025-02-05 00:45:00,SHORT,2845.35,2852.46,2840.82,TARGET,0.397,WIN,2025-02-05,1,StructureSweep
StructureSweep,2025-02-05 01:45:00,SHORT,2844.38,2847.97,2840.38,STOP,-1.874,LOSS,2025-02-05,1,LiquiditySweep
LiquidityRun,2025-02-05 07:00:00,SHORT,2856.93,2862.52,2840.15,STOP,-1.563,LOSS,2025-02-05,0,
LiquidityRun,2025-02-05 11:00:00,SHORT,2867.21,2873.25,2849.11,STOP,-1.523,LOSS,2025-02-05,0,
StructureSweep,2025-02-05 13:15:00,LONG,2866.0,2861.87,2877.06,STOP,-1.762,LOSS,2025-02-05,0,
LiquidityRun,2025-02-05 16:15:00,SHORT,2869.37,2880.14,2837.06,TARGET,2.841,WIN,2025-02-05,0,
StructureSweep,2025-02-05 19:00:00,LONG,2865.53,2859.8,2882.43,STOP,-1.549,LOSS,2025-02-05,0,
Inducement+FVG,2025-02-06 06:45:00,LONG,2859.2,2855.48,2882.43,STOP,-1.844,LOSS,2025-02-06,0,
PriorDayLevels,2025-02-06 15:00:00,LONG,2839.69,2831.17,2882.43,EOD,1.78,WIN,2025-02-06,0,
LiquidityRun,2025-02-06 15:30:00,LONG,2848.96,2840.93,2873.03,TARGET,2.786,WIN,2025-02-06,0,
PriorDayLevels,2025-02-07 14:00:00,SHORT,2873.27,2881.89,2834.06,STOP,-1.368,LOSS,2025-02-07,1,LiquidityRun
LiquidityRun,2025-02-07 16:00:00,SHORT,2871.61,2885.21,2830.83,STOP,-1.233,LOSS,2025-02-07,1,PriorDayLevels
VolProfileReject,2025-02-07 16:30:00,SHORT,2861.97,2889.64,2851.03,STOP,-1.114,LOSS,2025-02-07,0,
LiquidityRun,2025-02-10 10:30:00,SHORT,2901.45,2905.4,2889.62,STOP,-1.81,LOSS,2025-02-10,0,
TridentKillzone,2025-02-10 11:00:00,LONG,2899.98,2898.21,2935.38,TARGET,18.681,WIN,2025-02-10,0,
LiquidityRun,2025-02-10 16:30:00,SHORT,2903.47,2910.14,2883.44,STOP,-1.479,LOSS,2025-02-10,0,
LiquiditySweep,2025-02-10 23:00:00,SHORT,2911.31,2917.89,2902.48,STOP,-1.487,LOSS,2025-02-10,1,LiquidityRun
LiquidityRun,2025-02-11 02:45:00,SHORT,2919.04,2940.53,2854.59,STOP,-1.15,LOSS,2025-02-11,1,LiquiditySweep
StructureSweep,2025-02-11 07:00:00,LONG,2918.16,2909.6,2942.62,STOP,-1.374,LOSS,2025-02-11,0,
Inducement+FVG,2025-02-12 00:45:00,LONG,2892.18,2887.5,2942.62,STOP,-1.68,LOSS,2025-02-12,0,
PriorDayLevels,2025-02-12 10:00:00,LONG,2881.73,2873.08,2942.62,STOP,-1.366,LOSS,2025-02-12,0,
StructureSweep,2025-02-12 14:15:00,SHORT,2895.52,2899.16,2879.32,STOP,-1.877,LOSS,2025-02-12,0,
StructureSweep,2025-02-13 12:30:00,SHORT,2919.69,2924.29,2909.46,TARGET,1.844,WIN,2025-02-13,0,
StructureSweep,2025-02-14 04:15:00,LONG,2926.13,2921.81,2933.88,TARGET,1.388,WIN,2025-02-14,0,
LiquiditySweep,2025-02-14 10:00:00,SHORT,2935.62,2941.45,2924.85,TARGET,1.545,WIN,2025-02-14,0,
PriorDayLevels,2025-02-14 15:00:00,LONG,2901.44,2892.73,2932.48,STOP,-1.366,LOSS,2025-02-14,0,
StructureSweep,2025-02-18 12:00:00,SHORT,2912.98,2917.95,2907.02,STOP,-1.645,LOSS,2025-02-18,0,
StructureSweep,2025-02-19 02:15:00,SHORT,2936.08,2941.74,2927.88,TARGET,1.137,WIN,2025-02-19,0,
LiquiditySweep,2025-02-19 08:30:00,SHORT,2938.15,2944.45,2932.39,STOP,-1.514,LOSS,2025-02-19,1,LiquidityRun
LiquidityRun,2025-02-19 11:45:00,SHORT,2935.09,2946.16,2901.86,STOP,-1.292,LOSS,2025-02-19,1,LiquiditySweep
TridentKillzone,2025-02-19 12:30:00,LONG,2933.51,2931.2,2979.61,BAIL,-1.581,LOSS,2025-02-19,2,"Inducement+FVG,StructureSweep"
StructureSweep,2025-02-19 14:15:00,LONG,2933.68,2927.26,2947.05,STOP,-1.503,LOSS,2025-02-19,2,"Inducement+FVG,TridentKillzone"
Inducement+FVG,2025-02-19 16:00:00,LONG,2927.94,2921.96,2947.05,STOP,-1.538,LOSS,2025-02-19,2,"StructureSweep,TridentKillzone"
PriorDayLevels,2025-02-19 21:00:00,SHORT,2936.99,2945.8,2892.0,EOD,-0.184,LOSS,2025-02-19,0,
LiquiditySweep,2025-02-20 06:00:00,SHORT,2945.4,2951.63,2933.85,STOP,-1.521,LOSS,2025-02-20,0,
StructureSweep,2025-02-20 12:15:00,LONG,2941.71,2935.81,2954.98,STOP,-1.548,LOSS,2025-02-20,0,
LiquidityRun,2025-02-20 12:30:00,SHORT,2944.23,2949.74,2927.69,TARGET,2.68,WIN,2025-02-20,0,
Inducement+FVG,2025-02-20 19:30:00,LONG,2935.49,2928.42,2954.98,STOP,-1.456,LOSS,2025-02-20,0,
LiquidityRun,2025-02-21 01:45:00,SHORT,2928.82,2948.03,2871.2,STOP,-1.168,LOSS,2025-02-21,0,
Inducement+FVG,2025-02-21 02:00:00,LONG,2938.36,2928.42,2954.98,STOP,-1.324,LOSS,2025-02-21,0,
Inducement+FVG,2025-02-21 08:00:00,LONG,2923.96,2920.31,2954.98,STOP,-1.881,LOSS,2025-02-21,0,
StructureSweep,2025-02-21 11:30:00,SHORT,2931.84,2938.83,2916.68,STOP,-1.462,LOSS,2025-02-21,0,
StructureSweep,2025-02-24 04:30:00,SHORT,2939.54,2945.89,2921.33,STOP,-1.51,LOSS,2025-02-24,0,
PriorDayLevels,2025-02-24 10:00:00,LONG,2936.5,2927.69,2940.55,TARGET,0.326,WIN,2025-02-24,1,StructureSweep
LiquidityRun,2025-02-24 10:30:00,SHORT,2938.18,2945.7,2915.59,STOP,-1.43,LOSS,2025-02-24,0,
StructureSweep,2025-02-24 10:45:00,LONG,2938.29,2932.0,2948.74,TARGET,1.38,WIN,2025-02-24,1,PriorDayLevels
PriorDayLevels,2025-02-24 14:00:00,LONG,2936.5,2927.69,2940.55,TARGET,0.326,WIN,2025-02-24,1,StructureSweep
LiquiditySweep,2025-02-24 14:00:00,SHORT,2950.66,2960.62,2939.27,TARGET,0.968,WIN,2025-02-24,1,LiquidityRun
LiquidityRun,2025-02-24 14:30:00,SHORT,2942.64,2953.07,2911.36,STOP,-1.311,LOSS,2025-02-24,2,"LiquiditySweep,VolProfileReject"
VolProfileReject,2025-02-24 14:45:00,SHORT,2938.72,2959.14,2927.21,TARGET,0.478,WIN,2025-02-24,1,LiquidityRun
StructureSweep,2025-02-25 00:00:00,SHORT,2949.55,2955.5,2930.63,TARGET,2.883,WIN,2025-02-25,0,
Inducement+FVG,2025-02-25 01:30:00,LONG,2947.39,2942.27,2956.18,STOP,-1.632,LOSS,2025-02-25,0,
LiquidityRun,2025-02-25 08:30:00,LONG,2940.77,2930.85,2970.52,STOP,-1.325,LOSS,2025-02-25,0,
StructureSweep,2025-02-25 09:15:00,SHORT,2939.33,2943.95,2929.55,TARGET,1.735,WIN,2025-02-25,0,
LiquidityRun,2025-02-25 13:45:00,LONG,2937.42,2929.06,2962.49,STOP,-1.386,LOSS,2025-02-25,0,
StructureSweep,2025-02-25 14:30:00,SHORT,2938.75,2947.89,2924.06,TARGET,1.415,WIN,2025-02-25,0,
PriorDayLevels,2025-02-25 15:00:00,LONG,2921.33,2912.57,2956.18,STOP,-1.366,LOSS,2025-02-25,0,
LiquidityRun,2025-02-25 17:30:00,LONG,2903.19,2894.22,2930.12,TARGET,2.805,WIN,2025-02-25,0,
StructureSweep,2025-02-25 19:45:00,SHORT,2912.05,2916.82,2888.23,STOP,-1.672,LOSS,2025-02-25,0,
StructureSweep,2025-02-26 04:15:00,LONG,2915.24,2909.75,2930.14,STOP,-1.583,LOSS,2025-02-26,0,
LiquidityRun,2025-02-26 15:00:00,LONG,2905.42,2893.89,2940.01,STOP,-1.276,LOSS,2025-02-26,0,
StructureSweep,2025-02-26 16:00:00,SHORT,2913.5,2919.61,2890.67,STOP,-1.526,LOSS,2025-02-26,0,
StructureSweep,2025-02-27 01:45:00,LONG,2912.65,2908.13,2920.79,STOP,-1.708,LOSS,2025-02-27,0,
LiquiditySweep,2025-02-27 07:30:00,LONG,2890.28,2883.59,2912.22,STOP,-1.475,LOSS,2025-02-27,1,LiquidityRun
LiquidityRun,2025-02-27 09:15:00,LONG,2890.86,2882.48,2916.02,STOP,-1.378,LOSS,2025-02-27,1,LiquiditySweep
LiquiditySweep,2025-02-27 09:15:00,LONG,2890.86,2881.3,2898.42,STOP,-1.332,LOSS,2025-02-27,1,LiquidityRun
LiquidityRun,2025-02-27 18:00:00,LONG,2886.1,2878.74,2908.18,STOP,-1.431,LOSS,2025-02-27,0,
LiquidityRun,2025-02-28 09:15:00,LONG,2862.37,2854.42,2886.2,STOP,-1.396,LOSS,2025-02-28,0,
LiquidityRun,2025-02-28 16:00:00,LONG,2851.7,2842.34,2879.78,STOP,-1.334,LOSS,2025-02-28,0,
LiquidityRun,2025-03-03 03:00:00,SHORT,2862.92,2872.0,2835.67,STOP,-1.347,LOSS,2025-03-03,0,
PriorDayLevels,2025-03-03 12:00:00,SHORT,2876.99,2885.62,2863.97,STOP,-1.368,LOSS,2025-03-03,1,LiquidityRun
LiquidityRun,2025-03-03 13:15:00,SHORT,2871.07,2878.27,2849.47,STOP,-1.439,LOSS,2025-03-03,1,PriorDayLevels
LiquidityRun,2025-03-03 20:00:00,SHORT,2883.45,2889.95,2863.93,STOP,-1.488,LOSS,2025-03-03,0,
LiquidityRun,2025-03-04 01:15:00,SHORT,2884.06,2893.18,2856.69,STOP,-1.348,LOSS,2025-03-04,0,
LiquidityRun,2025-03-04 10:15:00,SHORT,2915.18,2920.67,2898.71,STOP,-1.585,LOSS,2025-03-04,0,
LiquidityRun,2025-03-04 14:15:00,SHORT,2916.29,2922.73,2896.98,TARGET,2.729,WIN,2025-03-04,0,
TridentKillzone,2025-03-04 16:00:00,LONG,2908.08,2903.97,2990.28,BAIL,-1.125,LOSS,2025-03-04,0,
StructureSweep,2025-03-05 00:00:00,LONG,2914.17,2909.28,2920.53,STOP,-1.655,LOSS,2025-03-05,1,Inducement+FVG
Inducement+FVG,2025-03-05 01:00:00,LONG,2908.29,2897.35,2927.89,STOP,-1.292,LOSS,2025-03-05,1,StructureSweep
StructureSweep,2025-03-05 10:45:00,LONG,2913.28,2906.1,2922.53,STOP,-1.446,LOSS,2025-03-05,1,LiquidityRun
LiquidityRun,2025-03-05 14:45:00,LONG,2912.12,2902.62,2940.6,STOP,-1.337,LOSS,2025-03-05,1,StructureSweep
StructureSweep,2025-03-05 15:00:00,SHORT,2916.86,2924.6,2894.27,STOP,-1.415,LOSS,2025-03-05,0,
PriorDayLevels,2025-03-05 16:00:00,SHORT,2927.89,2936.67,2881.95,EOD,0.733,WIN,2025-03-05,0,
StructureSweep,2025-03-05 17:15:00,SHORT,2918.3,2924.7,2894.27,STOP,-1.502,LOSS,2025-03-05,0,
Inducement+FVG,2025-03-06 07:45:00,LONG,2910.21,2902.62,2922.53,STOP,-1.421,LOSS,2025-03-06,1,LiquidityRun
PriorDayLevels,2025-03-06 09:00:00,LONG,2894.27,2885.58,2930.04,EOD,1.48,WIN,2025-03-06,2,"Inducement+FVG,LiquidityRun"
Inducement+FVG,2025-03-06 09:45:00,LONG,2894.34,2885.0,2922.53,TARGET,2.832,WIN,2025-03-06,2,"LiquidityRun,PriorDayLevels"
LiquidityRun,2025-03-06 10:30:00,LONG,2902.27,2893.79,2927.71,TARGET,2.794,WIN,2025-03-06,2,"Inducement+FVG,PriorDayLevels"
StructureSweep,2025-03-06 13:15:00,SHORT,2905.02,2912.32,2891.16,STOP,-1.439,LOSS,2025-03-06,0,
PriorDayLevels,2025-03-07 14:00:00,SHORT,2926.61,2935.39,2891.16,EOD,1.384,WIN,2025-03-07,1,LiquiditySweep
LiquiditySweep,2025-03-07 15:00:00,SHORT,2927.37,2934.85,2916.71,TARGET,1.189,WIN,2025-03-07,1,PriorDayLevels
VolProfileReject,2025-03-07 15:30:00,SHORT,2914.43,2933.39,2903.15,TARGET,0.503,WIN,2025-03-07,1,LiquidityRun
LiquidityRun,2025-03-07 15:45:00,SHORT,2915.82,2925.43,2886.98,TARGET,2.819,WIN,2025-03-07,1,VolProfileReject
Inducement+FVG,2025-03-10 08:45:00,LONG,2897.82,2893.79,2930.46,STOP,-1.789,LOSS,2025-03-10,0,
LiquiditySweep,2025-03-10 17:00:00,LONG,2894.02,2886.23,2907.57,STOP,-1.408,LOSS,2025-03-10,1,LiquidityRun
LiquidityRun,2025-03-10 18:45:00,LONG,2885.58,2881.57,2897.63,STOP,-1.79,LOSS,2025-03-10,1,LiquiditySweep
StructureSweep,2025-03-11 01:30:00,SHORT,2890.15,2893.42,2880.17,STOP,-1.973,LOSS,2025-03-11,0,
LiquidityRun,2025-03-11 02:15:00,LONG,2897.84,2888.09,2927.11,TARGET,2.821,WIN,2025-03-11,0,
PriorDayLevels,2025-03-11 13:00:00,SHORT,2918.31,2927.07,2880.17,EOD,-0.051,LOSS,2025-03-11,0,
StructureSweep,2025-03-12 03:15:00,SHORT,2919.01,2922.91,2910.87,TARGET,1.639,WIN,2025-03-12,0,
PriorDayLevels,2025-03-12 09:00:00,SHORT,2922.26,2931.03,2880.09,STOP,-1.368,LOSS,2025-03-12,0,
VolProfileReject,2025-03-12 10:15:00,SHORT,2913.41,2928.3,2897.31,STOP,-1.216,LOSS,2025-03-12,0,
LiquidityRun,2025-03-12 18:15:00,SHORT,2935.53,2938.78,2925.79,STOP,-1.996,LOSS,2025-03-12,0,
LiquidityRun,2025-03-13 05:15:00,SHORT,2940.56,2947.28,2920.4,STOP,-1.482,LOSS,2025-03-13,0,
StructureSweep,2025-03-13 06:00:00,LONG,2938.38,2932.45,2947.12,TARGET,1.176,WIN,2025-03-13,0,
LiquidityRun,2025-03-13 10:15:00,SHORT,2943.92,2949.79,2926.28,STOP,-1.552,LOSS,2025-03-13,1,LiquiditySweep
LiquiditySweep,2025-03-13 12:00:00,SHORT,2946.1,2953.55,2936.51,STOP,-1.436,LOSS,2025-03-13,1,LiquidityRun
TridentKillzone,2025-03-13 13:00:00,LONG,2944.97,2940.96,3025.25,BAIL,8.555,WIN,2025-03-13,0,
LiquidityRun,2025-03-14 00:00:00,SHORT,2986.52,2990.57,2974.38,STOP,-1.813,LOSS,2025-03-14,0,
LiquiditySweep,2025-03-14 04:30:00,SHORT,2988.93,2995.84,2983.87,TARGET,0.473,WIN,2025-03-14,1,LiquidityRun
LiquidityRun,2025-03-14 04:30:00,SHORT,2988.93,2994.72,2971.56,STOP,-1.568,LOSS,2025-03-14,1,LiquiditySweep
StructureSweep,2025-03-14 05:30:00,LONG,2984.51,2979.35,2993.93,TARGET,1.475,WIN,2025-03-14,0,
LiquiditySweep,2025-03-14 10:30:00,SHORT,2990.19,3007.49,2983.87,TARGET,0.261,WIN,2025-03-14,1,LiquidityRun
LiquidityRun,2025-03-14 10:45:00,SHORT,2993.2,3003.78,2961.48,STOP,-1.312,LOSS,2025-03-14,1,LiquiditySweep
StructureSweep,2025-03-14 13:30:00,LONG,2988.25,2980.23,3004.9,STOP,-1.409,LOSS,2025-03-14,0,
StructureSweep,2025-03-16 22:00:00,SHORT,2989.85,2993.55,2978.42,STOP,-1.891,LOSS,2025-03-16,0,
StructureSweep,2025-03-17 09:00:00,SHORT,2990.64,2993.96,2982.16,STOP,-1.991,LOSS,2025-03-17,0,
PriorDayLevels,2025-03-17 12:00:00,LONG,2986.05,2977.1,2994.12,TARGET,0.767,WIN,2025-03-17,0,
LiquiditySweep,2025-03-18 01:15:00,SHORT,3004.15,3009.52,2999.93,STOP,-1.616,LOSS,2025-03-18,1,LiquidityRun
LiquidityRun,2025-03-18 05:15:00,SHORT,3007.47,3016.76,2979.59,STOP,-1.357,LOSS,2025-03-18,1,LiquiditySweep
LiquidityRun,2025-03-18 09:30:00,SHORT,3021.44,3027.43,3003.46,STOP,-1.555,LOSS,2025-03-18,0,
LiquidityRun,2025-03-18 17:30:00,SHORT,3032.38,3037.7,3016.44,STOP,-1.628,LOSS,2025-03-18,0,
LiquiditySweep,2025-03-19 03:45:00,SHORT,3036.32,3043.59,3029.78,STOP,-1.461,LOSS,2025-03-19,1,LiquidityRun
LiquiditySweep,2025-03-19 06:00:00,SHORT,3038.62,3049.3,3029.78,TARGET,0.658,WIN,2025-03-19,1,LiquidityRun
LiquidityRun,2025-03-19 06:15:00,SHORT,3036.78,3044.43,3013.83,STOP,-1.438,LOSS,2025-03-19,1,LiquiditySweep
PriorDayLevels,2025-03-19 11:00:00,SHORT,3038.33,3047.45,2999.49,STOP,-1.368,LOSS,2025-03-19,0,
LiquiditySweep,2025-03-19 19:15:00,SHORT,3042.21,3052.81,3034.48,STOP,-1.317,LOSS,2025-03-19,0,
LiquiditySweep,2025-03-20 01:45:00,SHORT,3049.65,3058.41,3034.48,TARGET,1.524,WIN,2025-03-20,1,LiquidityRun
LiquidityRun,2025-03-20 02:00:00,SHORT,3051.31,3055.54,3038.65,STOP,-1.796,LOSS,2025-03-20,1,LiquiditySweep
LiquidityRun,2025-03-20 05:30:00,SHORT,3046.7,3053.84,3025.27,TARGET,2.745,WIN,2025-03-20,1,LiquiditySweep
StructureSweep,2025-03-20 05:30:00,LONG,3046.7,3041.87,3056.2,STOP,-1.694,LOSS,2025-03-20,0,
Inducement+FVG,2025-03-21 00:15:00,LONG,3043.77,3038.83,3057.46,STOP,-1.677,LOSS,2025-03-21,0,
Inducement+FVG,2025-03-21 05:00:00,LONG,3027.47,3024.39,3057.46,STOP,-2.082,LOSS,2025-03-21,2,"LiquidityRun,VolProfileReject"
LiquidityRun,2025-03-21 06:15:00,LONG,3031.38,3026.35,3046.45,STOP,-1.663,LOSS,2025-03-21,2,"Inducement+FVG,VolProfileReject"
VolProfileReject,2025-03-21 06:30:00,LONG,3032.39,3018.53,3050.23,STOP,-1.24,LOSS,2025-03-21,2,"Inducement+FVG,LiquidityRun"
StructureSweep,2025-03-21 08:00:00,SHORT,3030.12,3037.8,3021.55,STOP,-1.435,LOSS,2025-03-21,0,
PriorDayLevels,2025-03-21 13:00:00,LONG,3025.63,3016.55,3057.46,STOP,-1.366,LOSS,2025-03-21,0,
LiquidityRun,2025-03-21 14:45:00,LONG,3015.71,3006.51,3043.33,STOP,-1.36,LOSS,2025-03-21,0,
StructureSweep,2025-03-21 17:15:00,SHORT,3015.5,3021.24,2999.38,STOP,-1.579,LOSS,2025-03-21,0,
StructureSweep,2025-03-21 18:45:00,SHORT,3017.43,3024.38,2999.38,STOP,-1.479,LOSS,2025-03-21,0,
StructureSweep,2025-03-24 06:45:00,SHORT,3025.04,3028.74,3013.65,STOP,-1.9,LOSS,2025-03-24,0,
StructureSweep,2025-03-24 13:30:00,LONG,3022.08,3017.89,3033.23,STOP,-1.793,LOSS,2025-03-24,0,
LiquidityRun,2025-03-24 18:45:00,LONG,3006.76,3002.06,3020.88,TARGET,2.616,WIN,2025-03-24,0,
StructureSweep,2025-03-25 00:45:00,SHORT,3014.18,3017.96,3002.46,STOP,-1.877,LOSS,2025-03-25,0,
StructureSweep,2025-03-25 07:15:00,LONG,3014.69,3010.04,3021.06,TARGET,0.979,WIN,2025-03-25,0,
LiquidityRun,2025-03-25 12:00:00,SHORT,3018.04,3025.78,2994.84,STOP,-1.43,LOSS,2025-03-25,0,
Inducement+FVG,2025-03-25 12:00:00,LONG,3018.04,3012.23,3033.23,TARGET,2.302,WIN,2025-03-25,0,
PriorDayLevels,2025-03-25 14:00:00,SHORT,3033.23,3042.33,3002.46,EOD,0.974,WIN,2025-03-25,0,
LiquidityRun,2025-03-25 15:15:00,SHORT,3022.71,3027.98,3006.91,STOP,-1.632,LOSS,2025-03-25,0,
Inducement+FVG,2025-03-26 01:00:00,LONG,3018.65,3012.23,3035.98,TARGET,2.42,WIN,2025-03-26,0,
LiquidityRun,2025-03-26 08:30:00,SHORT,3026.69,3031.94,3010.94,STOP,-1.635,LOSS,2025-03-26,0,
StructureSweep,2025-03-26 18:00:00,SHORT,3019.85,3023.88,3012.32,STOP,-1.825,LOSS,2025-03-26,0,
LiquiditySweep,2025-03-27 04:30:00,SHORT,3034.61,3043.17,3020.97,STOP,-1.391,LOSS,2025-03-27,0,
LiquidityRun,2025-03-27 13:15:00,SHORT,3042.28,3051.84,3013.62,STOP,-1.351,LOSS,2025-03-27,0,
LiquiditySweep,2025-03-27 14:30:00,SHORT,3055.11,3062.67,3026.7,STOP,-1.445,LOSS,2025-03-27,0,
LiquidityRun,2025-03-28 02:45:00,SHORT,3071.9,3076.63,3057.7,STOP,-1.715,LOSS,2025-03-28,0,
LiquiditySweep,2025-03-28 08:00:00,SHORT,3075.01,3085.86,3069.64,TARGET,0.324,WIN,2025-03-28,1,LiquidityRun
LiquidityRun,2025-03-28 08:15:00,SHORT,3066.31,3080.86,3022.67,STOP,-1.233,LOSS,2025-03-28,1,LiquiditySweep
StructureSweep,2025-03-28 08:30:00,LONG,3071.21,3063.13,3086.02,TARGET,1.606,WIN,2025-03-28,0,
LiquidityRun,2025-03-28 14:30:00,SHORT,3074.04,3083.12,3046.8,STOP,-1.373,LOSS,2025-03-28,0,
LiquidityRun,2025-03-28 17:30:00,SHORT,3078.57,3086.01,3056.28,STOP,-1.456,LOSS,2025-03-28,0,
LiquidityRun,2025-03-31 00:30:00,SHORT,3083.93,3087.74,3072.47,STOP,-1.889,LOSS,2025-03-31,0,
LiquidityRun,2025-03-31 09:45:00,SHORT,3114.88,3122.11,3093.2,STOP,-1.475,LOSS,2025-03-31,0,
StructureSweep,2025-03-31 14:00:00,LONG,3114.95,3108.25,3126.77,TARGET,1.484,WIN,2025-03-31,1,LiquidityRun
LiquidityRun,2025-03-31 14:45:00,LONG,3123.12,3113.29,3152.61,STOP,-1.349,LOSS,2025-03-31,1,StructureSweep
LiquidityRun,2025-03-31 16:45:00,LONG,3117.57,3113.02,3131.21,TARGET,2.588,WIN,2025-03-31,1,StructureSweep
LiquidityRun,2025-04-01 06:00:00,SHORT,3130.83,3147.38,3081.17,STOP,-1.209,LOSS,2025-04-01,0,
StructureSweep,2025-04-01 07:45:00,LONG,3127.64,3121.01,3149.06,STOP,-1.518,LOSS,2025-04-01,0,
Inducement+FVG,2025-04-01 15:30:00,LONG,3121.21,3117.35,3149.06,STOP,-1.889,LOSS,2025-04-01,0,
StructureSweep,2025-04-02 10:45:00,LONG,3114.41,3106.94,3133.88,TARGET,2.355,WIN,2025-04-02,0,
PriorDayLevels,2025-04-02 23:00:00,SHORT,3149.06,3158.51,3100.76,STOP,-1.368,LOSS,2025-04-02,2,"LiquidityRun,LiquiditySweep"
LiquidityRun,2025-04-03 00:15:00,SHORT,3148.15,3162.63,3104.71,STOP,-1.24,LOSS,2025-04-03,2,"LiquiditySweep,PriorDayLevels"
LiquiditySweep,2025-04-03 00:15:00,SHORT,3148.15,3156.88,3127.69,STOP,-1.398,LOSS,2025-04-03,2,"LiquidityRun,PriorDayLevels"
PriorDayLevels,2025-04-03 10:00:00,LONG,3104.8,3095.48,3167.79,STOP,-1.366,LOSS,2025-04-03,0,
LiquidityRun,2025-04-03 13:45:00,LONG,3086.12,3066.55,3144.84,STOP,-1.173,LOSS,2025-04-03,0,
LiquiditySweep,2025-04-03 14:00:00,LONG,3114.32,3081.42,3119.68,TARGET,0.106,WIN,2025-04-03,0,
StructureSweep,2025-04-03 14:45:00,SHORT,3128.94,3138.74,3054.05,TARGET,7.45,WIN,2025-04-03,0,
PriorDayLevels,2025-04-04 14:00:00,LONG,3054.05,3044.89,3164.81,STOP,-1.366,LOSS,2025-04-04,0,
LiquidityRun,2025-04-04 16:30:00,LONG,3032.64,3023.1,3061.27,STOP,-1.349,LOSS,2025-04-04,0,
LiquidityRun,2025-04-04 20:00:00,LONG,3038.4,3028.49,3068.13,STOP,-1.337,LOSS,2025-04-04,0,
LiquiditySweep,2025-04-06 22:30:00,LONG,3016.73,3002.96,3040.93,STOP,-1.24,LOSS,2025-04-06,1,LiquidityRun
LiquidityRun,2025-04-07 01:15:00,LONG,3018.94,2985.85,3118.21,STOP,-1.1,LOSS,2025-04-07,1,LiquiditySweep
LiquiditySweep,2025-04-07 01:15:00,LONG,3018.94,3000.31,3040.93,TARGET,1.083,WIN,2025-04-07,1,LiquidityRun
StructureSweep,2025-04-07 01:45:00,SHORT,3038.42,3058.5,2970.69,TARGET,3.284,WIN,2025-04-07,0,
Inducement+FVG,2025-04-07 07:00:00,LONG,3014.27,3006.03,3136.72,STOP,-1.402,LOSS,2025-04-07,0,
PriorDayLevels,2025-04-07 16:00:00,LONG,2977.02,2968.09,3032.44,STOP,-1.366,LOSS,2025-04-07,1,LiquidityRun
LiquidityRun,2025-04-07 18:00:00,LONG,2971.02,2965.95,2986.25,STOP,-1.643,LOSS,2025-04-07,1,PriorDayLevels
LiquidityRun,2025-04-07 19:30:00,LONG,2978.55,2969.85,3004.65,TARGET,2.794,WIN,2025-04-07,1,PriorDayLevels
StructureSweep,2025-04-08 04:30:00,LONG,2995.37,2987.89,3004.87,TARGET,1.029,WIN,2025-04-08,0,
LiquidityRun,2025-04-08 07:45:00,SHORT,3003.61,3010.59,2982.67,STOP,-1.474,LOSS,2025-04-08,0,
LiquidityRun,2025-04-08 12:30:00,SHORT,3007.03,3017.18,2976.57,STOP,-1.327,LOSS,2025-04-08,0,
LiquidityRun,2025-04-08 13:45:00,SHORT,3010.41,3016.22,2992.98,STOP,-1.571,LOSS,2025-04-08,0,
LiquidityRun,2025-04-08 15:00:00,SHORT,3004.48,3013.23,2978.24,TARGET,2.795,WIN,2025-04-08,0,
LiquidityRun,2025-04-08 17:15:00,SHORT,2976.63,2987.31,2944.59,STOP,-1.307,LOSS,2025-04-08,0,
LiquidityRun,2025-04-08 18:30:00,LONG,2986.81,2982.63,2999.34,STOP,-1.786,LOSS,2025-04-08,0,
StructureSweep,2025-04-09 01:15:00,SHORT,2990.11,2994.54,2969.98,STOP,-1.743,LOSS,2025-04-09,0,
LiquidityRun,2025-04-09 01:30:00,LONG,3000.3,2978.31,3066.27,TARGET,2.918,WIN,2025-04-09,0,
LiquidityRun,2025-04-09 12:30:00,SHORT,3043.95,3061.63,2990.88,STOP,-1.19,LOSS,2025-04-09,0,
LiquidityRun,2025-04-09 15:00:00,SHORT,3075.03,3078.57,3064.4,STOP,-1.956,LOSS,2025-04-09,0,
LiquidityRun,2025-04-09 17:30:00,SHORT,3063.77,3087.37,2992.96,STOP,-1.144,LOSS,2025-04-09,0,
StructureSweep,2025-04-09 18:45:00,LONG,3067.14,3060.36,3099.07,TARGET,4.438,WIN,2025-04-09,0,
LiquidityRun,2025-04-09 20:45:00,SHORT,3083.13,3089.34,3064.5,STOP,-1.547,LOSS,2025-04-09,0,
LiquiditySweep,2025-04-10 00:30:00,SHORT,3097.19,3106.06,3071.44,STOP,-1.385,LOSS,2025-04-10,0,
LiquidityRun,2025-04-10 01:15:00,SHORT,3087.69,3096.1,3062.45,STOP,-1.405,LOSS,2025-04-10,0,
LiquidityRun,2025-04-10 05:45:00,SHORT,3122.42,3128.14,3105.28,TARGET,2.673,WIN,2025-04-10,0,
StructureSweep,2025-04-10 08:15:00,LONG,3114.24,3107.19,3132.57,STOP,-1.485,LOSS,2025-04-10,0,
StructureSweep,2025-04-10 09:45:00,LONG,3116.6,3106.22,3132.57,TARGET,1.358,WIN,2025-04-10,0,
LiquiditySweep,2025-04-10 12:30:00,SHORT,3124.68,3138.69,3112.72,STOP,-1.246,LOSS,2025-04-10,0,
MaynePlaybook,2025-04-10 15:00:00,SHORT,3158.0,3174.99,2880.09,STOP,-1.205,LOSS,2025-04-10,1,LiquidityRun
LiquidityRun,2025-04-10 16:00:00,SHORT,3159.97,3165.68,3142.84,STOP,-1.609,LOSS,2025-04-10,1,MaynePlaybook
LiquidityRun,2025-04-10 17:00:00,SHORT,3157.7,3163.33,3140.83,STOP,-1.618,LOSS,2025-04-10,1,MaynePlaybook
LiquidityRun,2025-04-11 05:00:00,SHORT,3208.59,3215.59,3187.6,STOP,-1.505,LOSS,2025-04-11,0,
LiquidityRun,2025-04-11 05:45:00,SHORT,3195.8,3211.33,3149.2,STOP,-1.227,LOSS,2025-04-11,0,
LiquiditySweep,2025-04-11 08:15:00,SHORT,3219.29,3232.29,3187.13,STOP,-1.273,LOSS,2025-04-11,1,LiquidityRun
LiquidityRun,2025-04-11 10:45:00,SHORT,3212.57,3228.5,3164.79,STOP,-1.223,LOSS,2025-04-11,1,LiquiditySweep
LiquidityRun,2025-04-11 16:30:00,SHORT,3231.29,3242.48,3197.73,STOP,-1.318,LOSS,2025-04-11,0,
StructureSweep,2025-04-11 16:45:00,LONG,3223.26,3216.34,3244.16,STOP,-1.511,LOSS,2025-04-11,0,
LiquiditySweep,2025-04-14 02:00:00,SHORT,3243.45,3250.63,3227.46,TARGET,1.959,WIN,2025-04-14,1,LiquidityRun
LiquidityRun,2025-04-14 02:30:00,SHORT,3234.35,3242.38,3210.27,TARGET,2.759,WIN,2025-04-14,1,LiquiditySweep
Inducement+FVG,2025-04-14 04:45:00,LONG,3227.43,3220.11,3245.44,STOP,-1.484,LOSS,2025-04-14,1,StructureSweep
StructureSweep,2025-04-14 04:45:00,LONG,3227.43,3222.91,3245.76,STOP,-1.785,LOSS,2025-04-14,1,Inducement+FVG
StructureSweep,2025-04-14 05:30:00,LONG,3227.95,3220.06,3245.76,STOP,-1.449,LOSS,2025-04-14,1,Inducement+FVG
PriorDayLevels,2025-04-14 10:00:00,LONG,3213.59,3203.95,3224.75,TARGET,1.024,WIN,2025-04-14,1,LiquidityRun
LiquidityRun,2025-04-14 11:00:00,LONG,3223.01,3210.41,3260.82,STOP,-1.281,LOSS,2025-04-14,1,PriorDayLevels
LiquidityRun,2025-04-14 14:45:00,LONG,3211.22,3202.24,3238.17,STOP,-1.393,LOSS,2025-04-14,0,
LiquidityRun,2025-04-14 16:15:00,LONG,3204.94,3198.25,3225.04,TARGET,2.712,WIN,2025-04-14,0,
LiquidityRun,2025-04-15 05:15:00,SHORT,3223.86,3232.56,3197.75,STOP,-1.408,LOSS,2025-04-15,1,StructureSweep
StructureSweep,2025-04-15 09:00:00,SHORT,3228.61,3233.31,3217.36,TARGET,1.986,WIN,2025-04-15,1,LiquidityRun
StructureSweep,2025-04-15 18:00:00,SHORT,3226.74,3232.06,3211.58,STOP,-1.667,LOSS,2025-04-15,0,
PriorDayLevels,2025-04-15 23:00:00,SHORT,3245.76,3255.49,3193.55,EOD,-0.986,LOSS,2025-04-15,1,LiquiditySweep
LiquiditySweep,2025-04-15 23:30:00,SHORT,3243.91,3253.56,3227.46,STOP,-1.37,LOSS,2025-04-15,1,PriorDayLevels
TridentKillzone,2025-04-16 09:00:00,LONG,3305.41,3288.59,3641.91,BAIL,1.171,WIN,2025-04-16,0,
LiquidityRun,2025-04-16 09:45:00,SHORT,3303.58,3308.69,3288.26,STOP,-1.713,LOSS,2025-04-16,0,
LiquiditySweep,2025-04-16 14:00:00,SHORT,3309.08,3324.6,3293.16,STOP,-1.235,LOSS,2025-04-16,0,
LiquidityRun,2025-04-17 01:45:00,SHORT,3323.91,3350.95,3242.78,STOP,-1.136,LOSS,2025-04-17,0,
StructureSweep,2025-04-17 02:00:00,LONG,3335.09,3317.76,3357.76,STOP,-1.211,LOSS,2025-04-17,0,
Inducement+FVG,2025-04-17 07:00:00,LONG,3322.02,3310.71,3357.76,STOP,-1.322,LOSS,2025-04-17,0,
Inducement+FVG,2025-04-17 14:30:00,LONG,3294.72,3288.74,3317.82,STOP,-1.605,LOSS,2025-04-17,0,
LiquidityRun,2025-04-21 04:15:00,SHORT,3374.49,3385.35,3341.9,STOP,-1.342,LOSS,2025-04-21,0,
LiquidityRun,2025-04-21 07:45:00,SHORT,3385.06,3395.96,3352.36,STOP,-1.342,LOSS,2025-04-21,0,
TridentKillzone,2025-04-21 10:00:00,LONG,3395.91,3390.91,3496.01,TARGET,19.449,WIN,2025-04-21,0,
LiquidityRun,2025-04-21 14:45:00,SHORT,3416.71,3424.9,3392.13,STOP,-1.459,LOSS,2025-04-21,0,
LiquidityRun,2025-04-21 16:15:00,SHORT,3414.5,3422.25,3391.24,STOP,-1.485,LOSS,2025-04-21,0,
StructureSweep,2025-04-21 17:00:00,LONG,3409.04,3402.58,3430.28,TARGET,2.97,WIN,2025-04-21,0,
LiquidityRun,2025-04-21 19:30:00,SHORT,3418.4,3428.96,3386.73,STOP,-1.357,LOSS,2025-04-21,0,
LiquiditySweep,2025-04-21 22:30:00,SHORT,3430.2,3438.81,3417.44,STOP,-1.439,LOSS,2025-04-21,0,
LiquidityRun,2025-04-22 00:00:00,SHORT,3417.37,3443.25,3339.74,STOP,-1.146,LOSS,2025-04-22,1,LiquiditySweep
LiquiditySweep,2025-04-22 00:00:00,SHORT,3417.37,3440.61,3407.93,STOP,-1.162,LOSS,2025-04-22,1,LiquidityRun
LiquidityRun,2025-04-22 04:15:00,SHORT,3483.26,3490.4,3461.84,STOP,-1.537,LOSS,2025-04-22,0,
LiquidityRun,2025-04-22 06:30:00,SHORT,3485.72,3492.4,3465.66,TARGET,2.688,WIN,2025-04-22,0,
LiquidityRun,2025-04-22 07:15:00,SHORT,3465.46,3478.68,3425.81,STOP,-1.289,LOSS,2025-04-22,0,
StructureSweep,2025-04-22 07:30:00,LONG,3473.83,3461.65,3500.03,STOP,-1.313,LOSS,2025-04-22,0,
LiquidityRun,2025-04-22 08:30:00,SHORT,3451.17,3469.41,3396.46,TARGET,2.887,WIN,2025-04-22,0,
LiquidityRun,2025-04-22 17:15:00,LONG,3407.41,3391.08,3456.41,STOP,-1.229,LOSS,2025-04-22,0,
LiquidityRun,2025-04-22 20:15:00,LONG,3381.31,3374.51,3401.69,STOP,-1.547,LOSS,2025-04-22,0,
PriorDayLevels,2025-04-22 22:00:00,LONG,3347.49,3337.44,3444.27,STOP,-1.366,LOSS,2025-04-22,1,LiquidityRun
LiquidityRun,2025-04-22 23:15:00,LONG,3339.69,3330.77,3366.47,TARGET,2.775,WIN,2025-04-22,1,PriorDayLevels
LiquidityRun,2025-04-23 01:00:00,LONG,3371.71,3354.78,3422.53,STOP,-1.218,LOSS,2025-04-23,0,
LiquidityRun,2025-04-23 07:45:00,LONG,3319.13,3307.62,3353.67,STOP,-1.316,LOSS,2025-04-23,0,
LiquidityRun,2025-04-23 08:45:00,LONG,3321.51,3313.49,3345.55,STOP,-1.455,LOSS,2025-04-23,0,
LiquidityRun,2025-04-23 14:45:00,LONG,3287.45,3281.53,3305.21,STOP,-1.61,LOSS,2025-04-23,0,
LiquidityRun,2025-04-23 16:45:00,LONG,3295.16,3291.47,3306.21,STOP,-1.983,LOSS,2025-04-23,0,
LiquidityRun,2025-04-24 02:45:00,SHORT,3342.16,3352.78,3310.29,TARGET,2.812,WIN,2025-04-24,0,
StructureSweep,2025-04-24 05:30:00,LONG,3331.08,3317.15,3367.55,STOP,-1.262,LOSS,2025-04-24,0,
StructureSweep,2025-04-24 07:45:00,SHORT,3333.73,3339.8,3314.74,STOP,-1.605,LOSS,2025-04-24,0,
StructureSweep,2025-04-24 13:15:00,LONG,3330.55,3321.71,3342.93,STOP,-1.414,LOSS,2025-04-24,1,LiquidityRun
StructureSweep,2025-04-24 14:30:00,LONG,3326.52,3313.56,3344.72,TARGET,1.251,WIN,2025-04-24,1,LiquidityRun
LiquidityRun,2025-04-24 14:45:00,LONG,3327.52,3316.64,3360.16,TARGET,2.816,WIN,2025-04-24,1,StructureSweep
LiquidityRun,2025-04-24 23:30:00,SHORT,3351.22,3361.4,3320.67,STOP,-1.363,LOSS,2025-04-24,0,
StructureSweep,2025-04-25 02:00:00,LONG,3352.51,3341.59,3370.79,STOP,-1.337,LOSS,2025-04-25,0,
LiquidityRun,2025-04-25 06:45:00,LONG,3304.41,3295.17,3332.1,STOP,-1.393,LOSS,2025-04-25,0,
LiquidityRun,2025-04-25 09:00:00,LONG,3304.56,3300.27,3317.44,STOP,-1.846,LOSS,2025-04-25,0,
LiquidityRun,2025-04-25 15:45:00,LONG,3282.88,3272.12,3315.17,TARGET,2.816,WIN,2025-04-25,0,
StructureSweep,2025-04-28 05:30:00,SHORT,3288.19,3304.36,3268.1,STOP,-1.225,LOSS,2025-04-28,0,
LiquidityRun,2025-04-28 13:45:00,SHORT,3293.16,3298.49,3277.16,STOP,-1.68,LOSS,2025-04-28,0,
PriorDayLevels,2025-04-28 14:00:00,SHORT,3330.26,3340.25,3298.61,TARGET,3.035,WIN,2025-04-28,1,LiquidityRun
LiquidityRun,2025-04-28 15:45:00,SHORT,3325.0,3331.03,3306.92,STOP,-1.608,LOSS,2025-04-28,1,PriorDayLevels
LiquidityRun,2025-04-28 20:45:00,SHORT,3344.22,3350.94,3324.07,TARGET,2.702,WIN,2025-04-28,0,
StructureSweep,2025-04-29 00:30:00,LONG,3332.82,3328.06,3353.02,STOP,-1.77,LOSS,2025-04-29,0,
Inducement+FVG,2025-04-29 03:15:00,LONG,3312.6,3297.22,3353.02,STOP,-1.236,LOSS,2025-04-29,0,
StructureSweep,2025-04-29 07:00:00,SHORT,3316.02,3322.34,3305.08,STOP,-1.578,LOSS,2025-04-29,0,
StructureSweep,2025-04-29 12:00:00,LONG,3309.99,3302.66,3324.92,STOP,-1.496,LOSS,2025-04-29,1,LiquidityRun
StructureSweep,2025-04-29 14:15:00,SHORT,3315.22,3320.32,3300.42,STOP,-1.715,LOSS,2025-04-29,0,
LiquidityRun,2025-04-29 14:30:00,LONG,3314.49,3307.52,3335.38,STOP,-1.523,LOSS,2025-04-29,1,StructureSweep
LiquidityRun,2025-04-29 16:30:00,LONG,3325.56,3313.35,3362.18,STOP,-1.299,LOSS,2025-04-29,0,
LiquidityRun,2025-04-29 20:45:00,SHORT,3317.34,3323.32,3299.38,STOP,-1.61,LOSS,2025-04-29,0,
LiquidityRun,2025-04-30 11:30:00,LONG,3279.51,3275.02,3292.98,STOP,-1.803,LOSS,2025-04-30,0,
LiquidityRun,2025-04-30 12:30:00,LONG,3295.39,3274.53,3357.98,STOP,-1.173,LOSS,2025-04-30,0,
VolProfileReject,2025-04-30 13:30:00,LONG,3318.58,3263.63,3324.01,STOP,-1.066,LOSS,2025-04-30,0,
StructureSweep,2025-04-30 13:45:00,SHORT,3309.08,3322.31,3266.9,TARGET,3.038,WIN,2025-04-30,0,
PriorDayLevels,2025-04-30 19:00:00,LONG,3299.65,3289.75,3340.04,STOP,-1.366,LOSS,2025-04-30,0,
LiquidityRun,2025-05-01 02:30:00,LONG,3244.15,3239.53,3258.02,STOP,-1.771,LOSS,2025-05-01,0,
LiquidityRun,2025-05-01 05:45:00,LONG,3236.71,3229.84,3257.32,STOP,-1.517,LOSS,2025-05-01,0,
LiquidityRun,2025-05-01 10:45:00,LONG,3222.98,3216.05,3243.79,STOP,-1.51,LOSS,2025-05-01,0,
LiquidityRun,2025-05-01 12:30:00,LONG,3226.49,3206.83,3285.46,STOP,-1.18,LOSS,2025-05-01,0,
LiquidityRun,2025-05-02 01:00:00,SHORT,3235.87,3242.12,3217.14,STOP,-1.571,LOSS,2025-05-02,0,
LiquidityRun,2025-05-02 10:15:00,SHORT,3262.9,3266.87,3250.99,STOP,-1.905,LOSS,2025-05-02,0,
LiquidityRun,2025-05-02 14:30:00,LONG,3253.62,3249.28,3266.65,STOP,-1.824,LOSS,2025-05-02,0,
LiquidityRun,2025-05-02 15:30:00,SHORT,3237.06,3262.72,3160.08,STOP,-1.139,LOSS,2025-05-02,0,
LiquidityRun,2025-05-05 03:15:00,SHORT,3259.51,3270.07,3227.82,STOP,-1.34,LOSS,2025-05-05,0,
TridentKillzone,2025-05-05 14:30:00,LONG,3312.63,3309.85,3368.17,STOP,-3.361,LOSS,2025-05-05,1,StructureSweep
StructureSweep,2025-05-05 15:30:00,LONG,3315.86,3307.1,3328.84,STOP,-1.416,LOSS,2025-05-05,1,TridentKillzone
LiquidityRun,2025-05-05 16:15:00,SHORT,3307.6,3315.09,3285.11,STOP,-1.486,LOSS,2025-05-05,0,
StructureSweep,2025-05-05 16:30:00,LONG,3312.13,3304.2,3328.84,TARGET,1.856,WIN,2025-05-05,1,TridentKillzone
LiquidityRun,2025-05-05 20:00:00,SHORT,3330.86,3337.39,3311.25,STOP,-1.561,LOSS,2025-05-05,0,
LiquidityRun,2025-05-06 00:30:00,SHORT,3326.81,3335.39,3301.07,STOP,-1.427,LOSS,2025-05-06,0,
LiquidityRun,2025-05-06 02:45:00,SHORT,3358.41,3381.52,3289.06,STOP,-1.161,LOSS,2025-05-06,0,
StructureSweep,2025-05-06 05:45:00,LONG,3362.04,3346.8,3387.1,TARGET,1.512,WIN,2025-05-06,0,
LiquiditySweep,2025-05-06 14:15:00,SHORT,3384.0,3401.01,3373.1,STOP,-1.22,LOSS,2025-05-06,1,LiquidityRun
LiquidityRun,2025-05-06 14:30:00,SHORT,3379.84,3394.55,3335.7,STOP,-1.253,LOSS,2025-05-06,1,LiquiditySweep
LiquidityRun,2025-05-06 22:15:00,SHORT,3388.16,3431.18,3259.12,TARGET,2.953,WIN,2025-05-06,0,
StructureSweep,2025-05-06 23:00:00,LONG,3395.55,3373.46,3435.02,STOP,-1.168,LOSS,2025-05-06,0,
StructureSweep,2025-05-07 15:15:00,LONG,3384.27,3378.56,3398.1,STOP,-1.652,LOSS,2025-05-07,0,
Inducement+FVG,2025-05-08 05:45:00,LONG,3355.4,3326.96,3398.1,STOP,-1.129,LOSS,2025-05-08,0,
StructureSweep,2025-05-08 15:45:00,LONG,3330.4,3323.48,3369.6,STOP,-1.529,LOSS,2025-05-08,0,
StructureSweep,2025-05-09 05:15:00,SHORT,3321.49,3331.77,3274.66,STOP,-1.356,LOSS,2025-05-09,0,
LiquidityRun,2025-05-12 01:45:00,LONG,3271.9,3265.5,3291.1,STOP,-1.562,LOSS,2025-05-12,0,
PriorDayLevels,2025-05-12 07:00:00,LONG,3265.85,3256.05,3292.62,STOP,-1.366,LOSS,2025-05-12,0,
LiquidityRun,2025-05-12 08:45:00,LONG,3231.42,3224.83,3251.19,STOP,-1.539,LOSS,2025-05-12,0,
LiquidityRun,2025-05-12 11:15:00,LONG,3221.04,3211.65,3249.23,TARGET,2.794,WIN,2025-05-12,0,
LiquidityRun,2025-05-13 07:30:00,SHORT,3256.16,3262.5,3237.12,TARGET,2.693,WIN,2025-05-13,0,
StructureSweep,2025-05-13 11:15:00,LONG,3255.84,3247.06,3265.66,STOP,-1.407,LOSS,2025-05-13,0,
StructureSweep,2025-05-14 00:15:00,LONG,3246.9,3238.46,3257.16,STOP,-1.423,LOSS,2025-05-14,0,
LiquidityRun,2025-05-14 05:45:00,LONG,3233.8,3223.73,3264.0,STOP,-1.353,LOSS,2025-05-14,0,
StructureSweep,2025-05-14 07:30:00,SHORT,3235.82,3241.91,3221.57,STOP,-1.585,LOSS,2025-05-14,0,
PriorDayLevels,2025-05-14 12:00:00,LONG,3215.86,3206.21,3265.66,STOP,-1.366,LOSS,2025-05-14,0,
LiquiditySweep,2025-05-14 16:30:00,LONG,3179.5,3168.92,3236.7,STOP,-1.33,LOSS,2025-05-14,1,LiquidityRun
LiquidityRun,2025-05-14 17:00:00,LONG,3186.57,3180.81,3203.84,STOP,-1.608,LOSS,2025-05-14,1,LiquiditySweep
LiquiditySweep,2025-05-14 19:15:00,LONG,3173.88,3164.74,3190.94,TARGET,1.657,WIN,2025-05-14,1,LiquidityRun
LiquidityRun,2025-05-14 19:45:00,LONG,3180.59,3172.02,3206.29,STOP,-1.408,LOSS,2025-05-14,1,LiquiditySweep
StructureSweep,2025-05-15 01:00:00,SHORT,3186.7,3195.94,3167.96,TARGET,1.822,WIN,2025-05-15,0,
LiquidityRun,2025-05-15 06:30:00,LONG,3147.86,3129.24,3203.71,TARGET,2.898,WIN,2025-05-15,0,
LiquidityRun,2025-05-15 23:45:00,SHORT,3237.15,3245.76,3211.33,TARGET,2.775,WIN,2025-05-15,0,
StructureSweep,2025-05-16 01:45:00,LONG,3222.23,3211.69,3252.13,STOP,-1.336,LOSS,2025-05-16,0,
LiquidityRun,2025-05-16 09:30:00,LONG,3209.02,3204.21,3223.46,STOP,-1.733,LOSS,2025-05-16,0,
LiquidityRun,2025-05-16 12:30:00,LONG,3178.06,3163.96,3220.36,TARGET,2.864,WIN,2025-05-16,0,
LiquidityRun,2025-05-18 23:45:00,SHORT,3234.91,3245.41,3203.4,STOP,-1.339,LOSS,2025-05-18,0,
LiquidityRun,2025-05-19 01:15:00,SHORT,3226.59,3244.27,3173.53,STOP,-1.201,LOSS,2025-05-19,0,
Inducement+FVG,2025-05-19 01:45:00,LONG,3218.45,3199.53,3252.13,TARGET,1.677,WIN,2025-05-19,0,
StructureSweep,2025-05-19 02:45:00,LONG,3228.6,3217.8,3249.81,STOP,-1.328,LOSS,2025-05-19,0,
StructureSweep,2025-05-19 06:15:00,SHORT,3226.65,3234.93,3206.58,STOP,-1.43,LOSS,2025-05-19,0,
PriorDayLevels,2025-05-19 09:00:00,SHORT,3245.26,3255.0,3211.64,EOD,1.97,WIN,2025-05-19,0,
LiquidityRun,2025-05-20 01:00:00,LONG,3228.32,3217.87,3259.66,STOP,-1.339,LOSS,2025-05-20,0,
LiquidityRun,2025-05-20 05:00:00,LONG,3215.32,3210.68,3229.23,STOP,-1.762,LOSS,2025-05-20,0,
LiquidityRun,2025-05-20 07:30:00,LONG,3222.41,3209.83,3260.13,TARGET,2.846,WIN,2025-05-20,0,
PriorDayLevels,2025-05-20 12:00:00,SHORT,3249.81,3259.56,3206.58,STOP,-1.368,LOSS,2025-05-20,0,
LiquidityRun,2025-05-20 20:30:00,SHORT,3290.44,3296.85,3271.2,STOP,-1.565,LOSS,2025-05-20,0,
StructureSweep,2025-05-21 01:15:00,LONG,3289.36,3282.13,3304.14,TARGET,1.773,WIN,2025-05-21,0,
LiquidityRun,2025-05-21 01:15:00,SHORT,3289.36,3303.85,3245.88,STOP,-1.25,LOSS,2025-05-21,0,
LiquiditySweep,2025-05-21 06:00:00,SHORT,3314.5,3322.37,3288.53,STOP,-1.464,LOSS,2025-05-21,1,LiquidityRun
LiquidityRun,2025-05-21 07:15:00,SHORT,3312.57,3319.64,3291.37,TARGET,2.719,WIN,2025-05-21,1,LiquiditySweep
LiquiditySweep,2025-05-21 19:45:00,SHORT,3318.38,3328.72,3303.95,STOP,-1.354,LOSS,2025-05-21,1,LiquidityRun
LiquidityRun,2025-05-21 20:00:00,SHORT,3316.17,3323.48,3294.23,STOP,-1.499,LOSS,2025-05-21,1,LiquiditySweep
LiquidityRun,2025-05-22 03:45:00,SHORT,3335.44,3343.54,3311.15,TARGET,2.753,WIN,2025-05-22,0,
StructureSweep,2025-05-22 06:00:00,LONG,3333.2,3328.99,3345.43,STOP,-1.87,LOSS,2025-05-22,0,
Inducement+FVG,2025-05-22 09:00:00,LONG,3311.2,3304.58,3320.74,STOP,-1.549,LOSS,2025-05-22,1,LiquidityRun
Inducement+FVG,2025-05-22 10:45:00,LONG,3289.69,3285.79,3320.74,STOP,-1.925,LOSS,2025-05-22,1,PriorDayLevels
PriorDayLevels,2025-05-22 11:00:00,LONG,3285.42,3275.56,3324.9,EOD,1.126,WIN,2025-05-22,1,Inducement+FVG
LiquidityRun,2025-05-22 11:45:00,LONG,3314.33,3293.5,3376.81,STOP,-1.174,LOSS,2025-05-22,1,Inducement+FVG
LiquidityRun,2025-05-22 16:30:00,LONG,3302.63,3293.41,3330.28,STOP,-1.393,LOSS,2025-05-22,0,
StructureSweep,2025-05-23 00:15:00,SHORT,3303.23,3309.11,3288.98,TARGET,2.087,WIN,2025-05-23,1,LiquidityRun
StructureSweep,2025-05-23 01:00:00,SHORT,3303.39,3309.84,3288.98,STOP,-1.564,LOSS,2025-05-23,1,LiquidityRun
LiquidityRun,2025-05-23 02:15:00,SHORT,3294.3,3304.5,3263.71,STOP,-1.356,LOSS,2025-05-23,1,StructureSweep
PriorDayLevels,2025-05-23 11:00:00,SHORT,3345.43,3355.47,3279.25,STOP,-1.368,LOSS,2025-05-23,1,LiquidityRun
LiquidityRun,2025-05-23 13:30:00,SHORT,3345.39,3357.07,3310.34,STOP,-1.316,LOSS,2025-05-23,1,PriorDayLevels
LiquidityRun,2025-05-23 17:00:00,SHORT,3360.03,3363.58,3349.37,STOP,-2.041,LOSS,2025-05-23,0,
LiquidityRun,2025-05-23 19:45:00,SHORT,3360.78,3366.38,3343.99,TARGET,2.64,WIN,2025-05-23,0,
LiquidityRun,2025-05-26 10:15:00,LONG,3331.23,3326.26,3346.15,TARGET,2.598,WIN,2025-05-26,0,
Inducement+FVG,2025-05-27 05:45:00,LONG,3323.42,3317.86,3365.93,STOP,-1.656,LOSS,2025-05-27,0,
LiquidityRun,2025-05-27 17:15:00,LONG,3301.93,3294.61,3323.89,STOP,-1.495,LOSS,2025-05-27,0,
LiquidityRun,2025-05-28 05:15:00,LONG,3308.72,3294.69,3350.78,STOP,-1.259,LOSS,2025-05-28,0,
LiquidityRun,2025-05-28 17:15:00,LONG,3296.81,3290.27,3316.43,STOP,-1.554,LOSS,2025-05-28,0,
PriorDayLevels,2025-05-28 20:00:00,LONG,3285.09,3275.23,3350.03,STOP,-1.366,LOSS,2025-05-28,1,LiquiditySweep
LiquiditySweep,2025-05-28 20:45:00,LONG,3286.66,3271.47,3303.06,STOP,-1.237,LOSS,2025-05-28,1,PriorDayLevels
LiquidityRun,2025-05-29 02:00:00,LONG,3264.2,3254.88,3292.17,TARGET,2.789,WIN,2025-05-29,0,
PriorDayLevels,2025-05-29 16:00:00,SHORT,3325.55,3335.53,3250.27,EOD,0.641,WIN,2025-05-29,1,LiquidityRun
LiquidityRun,2025-05-29 17:00:00,SHORT,3321.93,3327.94,3303.91,TARGET,2.669,WIN,2025-05-29,1,PriorDayLevels
LiquidityRun,2025-05-30 12:15:00,LONG,3301.71,3291.56,3332.17,STOP,-1.357,LOSS,2025-05-30,0,
StructureSweep,2025-05-30 13:15:00,SHORT,3294.6,3306.22,3282.78,TARGET,0.846,WIN,2025-05-30,0,
LiquidityRun,2025-05-30 13:45:00,SHORT,3276.78,3297.13,3215.75,STOP,-1.178,LOSS,2025-05-30,0,
StructureSweep,2025-05-30 20:00:00,SHORT,3293.01,3299.13,3271.53,STOP,-1.592,LOSS,2025-05-30,0,
LiquidityRun,2025-06-02 01:45:00,SHORT,3303.58,3311.44,3280.0,STOP,-1.463,LOSS,2025-06-02,0,
LiquidityRun,2025-06-02 09:15:00,SHORT,3347.0,3355.41,3321.79,STOP,-1.439,LOSS,2025-06-02,0,
LiquidityRun,2025-06-02 13:00:00,SHORT,3356.39,3363.63,3334.68,STOP,-1.511,LOSS,2025-06-02,0,
LiquidityRun,2025-06-03 00:15:00,SHORT,3379.8,3388.09,3354.92,TARGET,2.756,WIN,2025-06-03,0,
StructureSweep,2025-06-03 01:30:00,LONG,3373.1,3362.77,3392.24,STOP,-1.358,LOSS,2025-06-03,0,
Inducement+FVG,2025-06-03 06:30:00,LONG,3355.53,3346.68,3392.24,STOP,-1.416,LOSS,2025-06-03,1,LiquidityRun
LiquidityRun,2025-06-03 08:00:00,LONG,3363.52,3355.45,3387.75,STOP,-1.457,LOSS,2025-06-03,1,Inducement+FVG
LiquidityRun,2025-06-03 12:45:00,LONG,3359.35,3352.3,3380.51,STOP,-1.523,LOSS,2025-06-03,0,
Inducement+FVG,2025-06-03 14:00:00,LONG,3338.83,3334.73,3392.24,TARGET,12.541,WIN,2025-06-03,0,
LiquidityRun,2025-06-03 17:15:00,LONG,3353.58,3345.16,3378.82,STOP,-1.438,LOSS,2025-06-03,0,
LiquidityRun,2025-06-04 13:00:00,LONG,3358.54,3353.16,3374.68,STOP,-1.686,LOSS,2025-06-04,0,
LiquidityRun,2025-06-04 14:15:00,LONG,3369.46,3352.03,3421.76,STOP,-1.212,LOSS,2025-06-04,0,
StructureSweep,2025-06-05 02:15:00,LONG,3371.74,3364.88,3384.18,STOP,-1.54,LOSS,2025-06-05,0,
PriorDayLevels,2025-06-05 09:00:00,SHORT,3384.64,3394.79,3343.75,STOP,-1.368,LOSS,2025-06-05,0,
PriorDayLevels,2025-06-05 15:00:00,LONG,3343.75,3333.72,3384.64,EOD,1.432,WIN,2025-06-05,0,
StructureSweep,2025-06-05 22:15:00,SHORT,3360.7,3366.94,3339.37,STOP,-1.593,LOSS,2025-06-05,0,
StructureSweep,2025-06-06 06:45:00,LONG,3360.63,3352.73,3375.68,STOP,-1.467,LOSS,2025-06-06,1,LiquidityRun
LiquidityRun,2025-06-06 08:30:00,LONG,3367.03,3358.88,3391.48,STOP,-1.454,LOSS,2025-06-06,1,StructureSweep
LiquidityRun,2025-06-06 11:00:00,LONG,3361.71,3355.33,3380.85,STOP,-1.579,LOSS,2025-06-06,0,
PriorDayLevels,2025-06-06 14:00:00,LONG,3339.37,3329.35,3403.59,STOP,-1.366,LOSS,2025-06-06,0,
LiquidityRun,2025-06-08 22:00:00,LONG,3317.33,3309.43,3341.03,STOP,-1.461,LOSS,2025-06-08,1,LiquiditySweep
LiquiditySweep,2025-06-09 00:15:00,LONG,3310.14,3299.66,3321.21,STOP,-1.347,LOSS,2025-06-09,1,LiquidityRun
LiquiditySweep,2025-06-09 01:30:00,LONG,3307.33,3297.99,3318.7,STOP,-1.389,LOSS,2025-06-09,1,LiquidityRun
LiquidityRun,2025-06-09 02:30:00,LONG,3302.45,3295.83,3322.29,TARGET,2.7,WIN,2025-06-09,1,LiquiditySweep
LiquiditySweep,2025-06-09 03:00:00,LONG,3307.65,3300.5,3318.7,TARGET,1.268,WIN,2025-06-09,1,LiquidityRun
StructureSweep,2025-06-09 06:15:00,SHORT,3318.7,3323.8,3293.45,STOP,-1.716,LOSS,2025-06-09,0,
LiquidityRun,2025-06-09 10:45:00,SHORT,3314.64,3319.04,3301.46,STOP,-1.83,LOSS,2025-06-09,0,
StructureSweep,2025-06-09 13:15:00,LONG,3313.88,3307.39,3328.65,TARGET,1.966,WIN,2025-06-09,0,
LiquidityRun,2025-06-09 18:45:00,SHORT,3333.19,3338.08,3318.52,TARGET,2.592,WIN,2025-06-09,0,
Inducement+FVG,2025-06-10 01:00:00,LONG,3313.49,3308.97,3338.22,STOP,-1.806,LOSS,2025-06-10,1,LiquidityRun
LiquidityRun,2025-06-10 05:00:00,LONG,3310.51,3303.0,3333.05,TARGET,2.735,WIN,2025-06-10,1,Inducement+FVG
PriorDayLevels,2025-06-10 11:00:00,SHORT,3338.22,3348.23,3293.45,STOP,-1.368,LOSS,2025-06-10,1,LiquidityRun
LiquidityRun,2025-06-10 11:45:00,SHORT,3333.78,3342.32,3308.15,STOP,-1.43,LOSS,2025-06-10,1,PriorDayLevels
LiquidityRun,2025-06-10 14:15:00,SHORT,3333.55,3346.88,3293.57,STOP,-1.276,LOSS,2025-06-10,1,PriorDayLevels
StructureSweep,2025-06-10 14:45:00,LONG,3328.56,3322.12,3342.57,STOP,-1.568,LOSS,2025-06-10,0,
StructureSweep,2025-06-11 00:30:00,SHORT,3333.17,3338.53,3315.52,STOP,-1.685,LOSS,2025-06-11,0,
LiquidityRun,2025-06-11 09:15:00,SHORT,3338.81,3347.79,3311.86,STOP,-1.41,LOSS,2025-06-11,0,
StructureSweep,2025-06-11 09:45:00,LONG,3333.76,3327.91,3348.53,STOP,-1.626,LOSS,2025-06-11,1,Inducement+FVG
Inducement+FVG,2025-06-11 11:00:00,LONG,3329.94,3324.81,3349.15,TARGET,3.352,WIN,2025-06-11,2,"LiquidityRun,StructureSweep"
StructureSweep,2025-06-11 11:30:00,LONG,3334.44,3326.73,3348.53,TARGET,1.569,WIN,2025-06-11,2,"Inducement+FVG,LiquidityRun"
PriorDayLevels,2025-06-11 12:00:00,SHORT,3349.15,3359.2,3301.93,STOP,-1.368,LOSS,2025-06-11,0,
LiquidityRun,2025-06-11 13:45:00,SHORT,3330.02,3340.59,3298.31,STOP,-1.347,LOSS,2025-06-11,0,
LiquidityRun,2025-06-11 14:45:00,LONG,3337.56,3332.26,3353.48,STOP,-1.691,LOSS,2025-06-11,2,"Inducement+FVG,StructureSweep"
Inducement+FVG,2025-06-11 17:30:00,LONG,3322.2,3315.77,3349.15,TARGET,3.878,WIN,2025-06-11,0,
LiquidityRun,2025-06-11 18:15:00,LONG,3345.67,3322.65,3414.72,TARGET,2.912,WIN,2025-06-11,0,
PriorDayLevels,2025-06-11 19:00:00,SHORT,3349.15,3359.2,3301.93,STOP,-1.368,LOSS,2025-06-11,0,
PriorDayLevels,2025-06-12 10:00:00,SHORT,3373.53,3383.65,3319.19,STOP,-1.368,LOSS,2025-06-12,1,LiquiditySweep
LiquiditySweep,2025-06-12 11:30:00,SHORT,3376.79,3388.42,3357.67,STOP,-1.32,LOSS,2025-06-12,1,PriorDayLevels
TridentKillzone,2025-06-12 12:00:00,LONG,3383.09,3373.21,3580.67,BAIL,4.443,WIN,2025-06-12,0,
LiquidityRun,2025-06-13 03:15:00,SHORT,3430.29,3439.51,3402.65,STOP,-1.41,LOSS,2025-06-13,0,
LiquidityRun,2025-06-13 14:00:00,SHORT,3429.45,3443.03,3388.74,STOP,-1.279,LOSS,2025-06-13,0,
LiquiditySweep,2025-06-15 22:30:00,SHORT,3445.15,3453.9,3428.96,TARGET,1.615,WIN,2025-06-15,1,LiquidityRun
LiquidityRun,2025-06-16 00:45:00,SHORT,3436.26,3448.5,3399.54,TARGET,2.832,WIN,2025-06-16,1,LiquiditySweep
Inducement+FVG,2025-06-16 04:45:00,LONG,3427.57,3424.09,3446.76,STOP,-2.084,LOSS,2025-06-16,0,
Inducement+FVG,2025-06-16 05:30:00,LONG,3420.77,3413.72,3446.76,STOP,-1.533,LOSS,2025-06-16,0,
LiquidityRun,2025-06-16 15:00:00,LONG,3400.93,3392.47,3426.31,STOP,-1.441,LOSS,2025-06-16,0,
Inducement+FVG,2025-06-17 03:15:00,LONG,3385.68,3364.18,3451.26,STOP,-1.173,LOSS,2025-06-17,1,LiquidityRun
LiquidityRun,2025-06-17 04:45:00,LONG,3393.98,3387.16,3414.44,STOP,-1.547,LOSS,2025-06-17,1,Inducement+FVG
StructureSweep,2025-06-17 11:45:00,SHORT,3388.64,3400.37,3375.75,TARGET,0.925,WIN,2025-06-17,0,
LiquidityRun,2025-06-17 15:00:00,LONG,3385.31,3380.42,3399.97,STOP,-1.761,LOSS,2025-06-17,1,LiquiditySweep
LiquiditySweep,2025-06-17 15:45:00,LONG,3379.28,3367.34,3388.58,TARGET,0.608,WIN,2025-06-17,1,LiquidityRun
LiquidityRun,2025-06-17 17:30:00,LONG,3390.95,3382.25,3417.05,STOP,-1.428,LOSS,2025-06-17,0,
StructureSweep,2025-06-18 05:30:00,SHORT,3387.7,3396.0,3370.66,STOP,-1.45,LOSS,2025-06-18,1,LiquidityRun
LiquidityRun,2025-06-18 05:45:00,SHORT,3386.41,3395.11,3360.29,STOP,-1.429,LOSS,2025-06-18,1,StructureSweep
StructureSweep,2025-06-18 14:30:00,SHORT,3387.49,3392.22,3375.43,STOP,-1.789,LOSS,2025-06-18,0,
LiquidityRun,2025-06-18 16:00:00,LONG,3390.58,3385.56,3405.64,STOP,-1.742,LOSS,2025-06-18,0,
StructureSweep,2025-06-18 18:00:00,SHORT,3392.16,3399.22,3373.83,TARGET,2.311,WIN,2025-06-18,0,
PriorDayLevels,2025-06-18 19:00:00,LONG,3366.08,3355.98,3403.29,EOD,0.518,WIN,2025-06-18,2,"LiquidityRun,LiquiditySweep"
LiquiditySweep,2025-06-18 19:30:00,LONG,3369.88,3357.82,3388.38,STOP,-1.307,LOSS,2025-06-18,2,"LiquidityRun,PriorDayLevels"
LiquidityRun,2025-06-18 22:00:00,LONG,3374.46,3366.04,3399.71,STOP,-1.44,LOSS,2025-06-18,2,"LiquiditySweep,PriorDayLevels"
StructureSweep,2025-06-19 00:15:00,SHORT,3379.15,3383.66,3362.47,STOP,-1.825,LOSS,2025-06-19,0,
StructureSweep,2025-06-19 03:15:00,LONG,3371.26,3366.35,3387.9,STOP,-1.754,LOSS,2025-06-19,0,
LiquidityRun,2025-06-19 07:00:00,LONG,3355.52,3350.5,3370.57,TARGET,2.598,WIN,2025-06-19,0,
LiquiditySweep,2025-06-19 07:30:00,LONG,3366.96,3348.11,3375.32,TARGET,0.336,WIN,2025-06-19,1,LiquidityRun
LiquidityRun,2025-06-19 09:30:00,LONG,3370.83,3366.07,3385.11,STOP,-1.778,LOSS,2025-06-19,2,"LiquiditySweep,PriorDayLevels"
StructureSweep,2025-06-19 10:45:00,SHORT,3374.97,3381.7,3347.47,TARGET,3.782,WIN,2025-06-19,0,
PriorDayLevels,2025-06-19 13:00:00,LONG,3362.47,3352.39,3399.99,EOD,0.254,WIN,2025-06-19,1,LiquidityRun
LiquidityRun,2025-06-20 03:45:00,LONG,3355.51,3349.38,3373.89,STOP,-1.602,LOSS,2025-06-20,0,
LiquiditySweep,2025-06-20 05:45:00,LONG,3344.74,3337.71,3370.41,TARGET,3.366,WIN,2025-06-20,1,LiquidityRun
LiquidityRun,2025-06-20 07:15:00,LONG,3351.94,3342.8,3379.35,STOP,-1.403,LOSS,2025-06-20,2,"LiquiditySweep,PriorDayLevels"
StructureSweep,2025-06-20 09:45:00,SHORT,3355.24,3362.62,3340.34,STOP,-1.501,LOSS,2025-06-20,0,
PriorDayLevels,2025-06-20 11:00:00,LONG,3347.47,3337.43,3387.9,EOD,1.737,WIN,2025-06-20,1,LiquidityRun
LiquidityRun,2025-06-20 18:00:00,SHORT,3366.7,3371.33,3352.8,STOP,-1.8,LOSS,2025-06-20,0,
LiquidityRun,2025-06-22 23:15:00,SHORT,3375.0,3381.62,3355.16,TARGET,2.694,WIN,2025-06-22,0,
Inducement+FVG,2025-06-23 00:15:00,LONG,3362.84,3354.11,3374.48,STOP,-1.423,LOSS,2025-06-23,1,StructureSweep
StructureSweep,2025-06-23 00:30:00,LONG,3365.04,3354.98,3388.93,STOP,-1.367,LOSS,2025-06-23,1,Inducement+FVG
LiquidityRun,2025-06-23 01:30:00,SHORT,3358.02,3365.27,3336.28,STOP,-1.51,LOSS,2025-06-23,0,
Inducement+FVG,2025-06-23 05:15:00,LONG,3355.06,3349.82,3388.93,STOP,-1.704,LOSS,2025-06-23,1,LiquidityRun
LiquidityRun,2025-06-23 08:15:00,LONG,3361.3,3355.41,3378.97,TARGET,2.657,WIN,2025-06-23,1,Inducement+FVG
PriorDayLevels,2025-06-23 15:00:00,SHORT,3388.93,3399.09,3371.17,TARGET,1.613,WIN,2025-06-23,1,LiquidityRun
LiquidityRun,2025-06-23 17:30:00,SHORT,3381.82,3388.22,3362.62,TARGET,2.683,WIN,2025-06-23,1,PriorDayLevels
Inducement+FVG,2025-06-23 20:30:00,LONG,3370.92,3364.88,3388.93,STOP,-1.613,LOSS,2025-06-23,1,PriorDayLevels
PriorDayLevels,2025-06-23 22:00:00,LONG,3371.17,3361.06,3388.93,STOP,-1.366,LOSS,2025-06-23,1,Inducement+FVG
Inducement+FVG,2025-06-23 22:15:00,LONG,3356.42,3343.43,3388.93,STOP,-1.283,LOSS,2025-06-23,1,LiquidityRun
LiquiditySweep,2025-06-24 00:00:00,LONG,3344.9,3328.14,3355.33,TARGET,0.502,WIN,2025-06-24,1,LiquidityRun
LiquidityRun,2025-06-24 00:30:00,LONG,3351.97,3341.87,3382.27,STOP,-1.364,LOSS,2025-06-24,2,"Inducement+FVG,LiquiditySweep"
LiquidityRun,2025-06-24 10:30:00,LONG,3326.96,3320.46,3346.47,STOP,-1.562,LOSS,2025-06-24,1,LiquiditySweep
LiquiditySweep,2025-06-24 13:00:00,LONG,3317.44,3306.46,3328.96,STOP,-1.332,LOSS,2025-06-24,1,LiquidityRun
LiquidityRun,2025-06-24 15:30:00,LONG,3315.19,3301.18,3357.19,STOP,-1.26,LOSS,2025-06-24,1,LiquiditySweep
StructureSweep,2025-06-25 10:00:00,LONG,3327.59,3321.69,3337.12,STOP,-1.62,LOSS,2025-06-25,0,
StructureSweep,2025-06-25 17:15:00,SHORT,3328.9,3336.99,3311.89,STOP,-1.453,LOSS,2025-06-25,0,
StructureSweep,2025-06-26 01:15:00,LONG,3331.42,3326.72,3340.16,TARGET,1.436,WIN,2025-06-26,1,Inducement+FVG
Inducement+FVG,2025-06-26 01:15:00,LONG,3331.42,3326.83,3337.12,TARGET,0.805,WIN,2025-06-26,1,StructureSweep
PriorDayLevels,2025-06-26 13:00:00,LONG,3311.89,3301.96,3340.16,EOD,0.324,WIN,2025-06-26,1,Inducement+FVG
Inducement+FVG,2025-06-26 13:00:00,LONG,3319.53,3314.16,3337.12,STOP,-1.68,LOSS,2025-06-26,1,PriorDayLevels
LiquidityRun,2025-06-27 08:45:00,LONG,3289.43,3284.2,3305.11,STOP,-1.691,LOSS,2025-06-27,0,
MaynePlaybook,2025-06-27 13:00:00,LONG,3274.14,3255.82,3435.02,STOP,-1.196,LOSS,2025-06-27,1,LiquidityRun
LiquidityRun,2025-06-27 14:00:00,LONG,3270.48,3262.19,3295.33,STOP,-1.434,LOSS,2025-06-27,1,MaynePlaybook
StructureSweep,2025-06-27 16:15:00,SHORT,3277.76,3281.5,3255.82,STOP,-1.965,LOSS,2025-06-27,0,
StructureSweep,2025-06-27 18:00:00,SHORT,3274.46,3281.67,3255.82,TARGET,2.315,WIN,2025-06-27,0,
StructureSweep,2025-06-29 23:15:00,LONG,3268.42,3264.26,3282.77,STOP,-1.863,LOSS,2025-06-29,1,LiquidityRun
LiquidityRun,2025-06-29 23:15:00,LONG,3268.42,3262.38,3286.51,STOP,-1.595,LOSS,2025-06-29,1,StructureSweep
LiquidityRun,2025-06-30 09:15:00,SHORT,3284.47,3291.41,3263.65,STOP,-1.521,LOSS,2025-06-30,0,
StructureSweep,2025-06-30 11:30:00,LONG,3278.9,3271.21,3296.78,TARGET,2.067,WIN,2025-06-30,0,
LiquidityRun,2025-06-30 20:45:00,SHORT,3303.2,3309.98,3282.83,STOP,-1.536,LOSS,2025-06-30,0,
LiquidityRun,2025-07-01 13:15:00,SHORT,3349.71,3355.58,3332.1,TARGET,2.658,WIN,2025-07-01,0,
TridentKillzone,2025-07-01 16:00:00,LONG,3338.36,3336.99,3365.86,BAIL,-3.691,LOSS,2025-07-01,1,StructureSweep
StructureSweep,2025-07-01 17:15:00,LONG,3337.63,3333.55,3358.02,STOP,-1.898,LOSS,2025-07-01,1,TridentKillzone
Inducement+FVG,2025-07-02 00:00:00,LONG,3343.26,3331.23,3358.02,STOP,-1.305,LOSS,2025-07-02,1,LiquidityRun
Inducement+FVG,2025-07-02 02:00:00,LONG,3330.19,3326.22,3358.02,TARGET,6.499,WIN,2025-07-02,1,LiquidityRun
LiquidityRun,2025-07-02 02:45:00,LONG,3336.76,3328.34,3362.03,STOP,-1.435,LOSS,2025-07-02,1,Inducement+FVG
LiquidityRun,2025-07-02 08:00:00,LONG,3335.62,3328.19,3357.93,TARGET,2.73,WIN,2025-07-02,0,
TridentKillzone,2025-07-02 12:30:00,LONG,3346.62,3337.67,3525.72,STOP,-1.51,LOSS,2025-07-02,1,StructureSweep
StructureSweep,2025-07-02 14:15:00,LONG,3337.89,3330.51,3351.12,TARGET,1.521,WIN,2025-07-02,1,TridentKillzone
PriorDayLevels,2025-07-02 19:00:00,SHORT,3358.02,3368.09,3309.92,EOD,0.49,WIN,2025-07-02,1,LiquidityRun
LiquidityRun,2025-07-02 20:45:00,SHORT,3357.32,3361.09,3345.99,STOP,-1.979,LOSS,2025-07-02,1,PriorDayLevels
LiquidityRun,2025-07-02 23:15:00,SHORT,3350.57,3364.87,3307.64,TARGET,2.86,WIN,2025-07-02,0,
Inducement+FVG,2025-07-03 09:15:00,LONG,3350.55,3346.47,3365.75,STOP,-1.902,LOSS,2025-07-03,1,StructureSweep
StructureSweep,2025-07-03 09:45:00,LONG,3345.69,3340.5,3363.68,STOP,-1.709,LOSS,2025-07-03,1,Inducement+FVG
PriorDayLevels,2025-07-03 12:00:00,LONG,3327.59,3317.6,3365.75,STOP,-1.366,LOSS,2025-07-03,0,
LiquidityRun,2025-07-07 01:45:00,LONG,3316.55,3311.06,3333.02,STOP,-1.664,LOSS,2025-07-07,1,LiquiditySweep
LiquiditySweep,2025-07-07 02:45:00,LONG,3308.94,3301.05,3332.02,STOP,-1.46,LOSS,2025-07-07,1,LiquidityRun
LiquidityRun,2025-07-07 03:15:00,LONG,3313.06,3306.81,3331.78,STOP,-1.583,LOSS,2025-07-07,1,LiquiditySweep
LiquiditySweep,2025-07-07 08:00:00,LONG,3306.95,3296.28,3315.22,TARGET,0.588,WIN,2025-07-07,1,LiquidityRun
LiquidityRun,2025-07-07 08:30:00,LONG,3310.38,3303.64,3330.58,STOP,-1.54,LOSS,2025-07-07,1,LiquiditySweep
LiquidityRun,2025-07-07 14:00:00,LONG,3317.09,3308.89,3341.67,TARGET,2.757,WIN,2025-07-07,0,
PriorDayLevels,2025-07-07 22:00:00,SHORT,3341.91,3351.94,3326.19,EOD,0.358,WIN,2025-07-07,1,LiquidityRun
LiquidityRun,2025-07-07 22:45:00,SHORT,3339.8,3344.53,3325.64,TARGET,2.576,WIN,2025-07-07,1,PriorDayLevels
StructureSweep,2025-07-08 03:15:00,LONG,3331.68,3326.27,3345.86,STOP,-1.677,LOSS,2025-07-08,0,
LiquidityRun,2025-07-08 10:45:00,LONG,3324.62,3320.87,3335.87,STOP,-1.974,LOSS,2025-07-08,0,
LiquidityRun,2025-07-08 12:15:00,LONG,3327.29,3321.83,3343.66,STOP,-1.67,LOSS,2025-07-08,0,
PriorDayLevels,2025-07-08 14:00:00,LONG,3296.3,3286.41,3345.86,EOD,0.238,WIN,2025-07-08,1,LiquiditySweep
LiquiditySweep,2025-07-08 14:30:00,LONG,3297.72,3290.1,3312.76,STOP,-1.475,LOSS,2025-07-08,1,PriorDayLevels
LiquiditySweep,2025-07-08 15:15:00,LONG,3296.52,3283.97,3312.76,STOP,-1.288,LOSS,2025-07-08,1,PriorDayLevels
LiquidityRun,2025-07-08 17:15:00,LONG,3308.08,3298.3,3337.44,STOP,-1.371,LOSS,2025-07-08,0,
LiquiditySweep,2025-07-09 08:45:00,LONG,3285.04,3279.54,3297.83,TARGET,1.967,WIN,2025-07-09,0,
LiquidityRun,2025-07-09 10:45:00,LONG,3295.55,3287.63,3319.31,STOP,-1.457,LOSS,2025-07-09,0,
StructureSweep,2025-07-09 10:45:00,SHORT,3295.55,3299.28,3282.63,STOP,-1.972,LOSS,2025-07-09,0,
LiquidityRun,2025-07-09 17:45:00,SHORT,3309.5,3314.83,3293.51,STOP,-1.684,LOSS,2025-07-09,0,
LiquidityRun,2025-07-10 02:45:00,SHORT,3319.16,3324.34,3303.59,STOP,-1.705,LOSS,2025-07-10,0,
LiquidityRun,2025-07-10 07:45:00,SHORT,3321.05,3329.15,3296.75,STOP,-1.452,LOSS,2025-07-10,0,
LiquidityRun,2025-07-10 09:30:00,SHORT,3325.16,3330.57,3308.91,STOP,-1.676,LOSS,2025-07-10,0,
StructureSweep,2025-07-10 12:45:00,LONG,3323.75,3318.47,3330.32,STOP,-1.692,LOSS,2025-07-10,0,
LiquidityRun,2025-07-11 01:15:00,SHORT,3328.47,3333.18,3314.35,STOP,-1.779,LOSS,2025-07-11,0,
LiquidityRun,2025-07-11 04:30:00,SHORT,3330.54,3336.74,3311.95,STOP,-1.592,LOSS,2025-07-11,1,LiquiditySweep
LiquiditySweep,2025-07-11 06:30:00,SHORT,3339.19,3348.43,3329.72,STOP,-1.398,LOSS,2025-07-11,1,LiquidityRun
LiquidityRun,2025-07-11 07:00:00,SHORT,3333.53,3341.73,3308.95,STOP,-1.448,LOSS,2025-07-11,1,LiquiditySweep
LiquidityRun,2025-07-11 08:30:00,SHORT,3338.13,3344.03,3320.43,STOP,-1.623,LOSS,2025-07-11,1,LiquiditySweep
LiquidityRun,2025-07-11 15:45:00,SHORT,3358.91,3366.54,3336.03,STOP,-1.485,LOSS,2025-07-11,0,
LiquidityRun,2025-07-13 23:30:00,SHORT,3367.81,3372.8,3352.83,STOP,-1.743,LOSS,2025-07-13,0,
LiquidityRun,2025-07-14 01:00:00,SHORT,3365.35,3373.94,3339.58,STOP,-1.432,LOSS,2025-07-14,0,
StructureSweep,2025-07-14 04:15:00,LONG,3356.27,3350.41,3374.02,TARGET,2.684,WIN,2025-07-14,0,
LiquidityRun,2025-07-14 08:30:00,SHORT,3367.95,3372.89,3353.15,STOP,-1.752,LOSS,2025-07-14,0,
PriorDayLevels,2025-07-14 12:00:00,LONG,3359.66,3349.58,3374.02,STOP,-1.366,LOSS,2025-07-14,2,"Inducement+FVG,LiquidityRun"
Inducement+FVG,2025-07-14 12:00:00,LONG,3362.15,3357.91,3374.02,STOP,-1.873,LOSS,2025-07-14,2,"LiquidityRun,PriorDayLevels"
LiquidityRun,2025-07-14 13:30:00,LONG,3357.27,3350.11,3378.74,STOP,-1.515,LOSS,2025-07-14,2,"Inducement+FVG,PriorDayLevels"
LiquidityRun,2025-07-14 15:15:00,LONG,3346.99,3341.8,3362.54,STOP,-1.709,LOSS,2025-07-14,0,
Inducement+FVG,2025-07-14 20:30:00,LONG,3342.18,3336.72,3375.08,STOP,-1.672,LOSS,2025-07-14,0,
LiquidityRun,2025-07-15 08:15:00,SHORT,3357.74,3366.96,3330.1,TARGET,2.782,WIN,2025-07-15,0,
StructureSweep,2025-07-15 11:30:00,LONG,3357.08,3352.71,3366.36,STOP,-1.844,LOSS,2025-07-15,0,
PriorDayLevels,2025-07-15 13:00:00,LONG,3340.99,3330.97,3375.08,STOP,-1.366,LOSS,2025-07-15,1,Inducement+FVG
Inducement+FVG,2025-07-15 13:45:00,LONG,3346.49,3336.72,3375.08,STOP,-1.376,LOSS,2025-07-15,1,PriorDayLevels
LiquidityRun,2025-07-15 16:45:00,LONG,3329.27,3322.4,3349.9,STOP,-1.532,LOSS,2025-07-15,0,
StructureSweep,2025-07-15 18:45:00,SHORT,3328.88,3335.29,3320.21,STOP,-1.572,LOSS,2025-07-15,0,
StructureSweep,2025-07-16 11:00:00,LONG,3336.01,3331.14,3343.07,STOP,-1.753,LOSS,2025-07-16,0,
PriorDayLevels,2025-07-16 14:00:00,LONG,3320.21,3310.25,3366.36,TARGET,4.499,WIN,2025-07-16,1,LiquiditySweep
LiquiditySweep,2025-07-16 14:30:00,LONG,3325.27,3314.55,3331.38,TARGET,0.384,WIN,2025-07-16,1,PriorDayLevels
VolProfileReject,2025-07-16 15:00:00,LONG,3348.71,3316.21,3371.88,TARGET,0.651,WIN,2025-07-16,1,LiquidityRun
LiquidityRun,2025-07-16 15:00:00,LONG,3348.71,3322.69,3426.76,STOP,-1.141,LOSS,2025-07-16,1,VolProfileReject
LiquiditySweep,2025-07-16 15:30:00,SHORT,3360.39,3382.59,3356.59,TARGET,0.08,WIN,2025-07-16,0,
StructureSweep,2025-07-17 04:30:00,SHORT,3342.76,3348.07,3336.24,TARGET,0.849,WIN,2025-07-17,0,
PriorDayLevels,2025-07-17 12:00:00,LONG,3319.53,3309.57,3377.52,EOD,1.703,WIN,2025-07-17,1,LiquiditySweep
LiquiditySweep,2025-07-17 14:00:00,LONG,3324.48,3313.28,3328.59,TARGET,0.188,WIN,2025-07-17,2,"LiquidityRun,PriorDayLevels"
LiquidityRun,2025-07-17 14:15:00,LONG,3330.19,3318.57,3365.05,TARGET,2.827,WIN,2025-07-17,1,LiquiditySweep
StructureSweep,2025-07-18 01:45:00,LONG,3337.71,3333.07,3344.02,TARGET,0.928,WIN,2025-07-18,0,
StructureSweep,2025-07-18 17:15:00,LONG,3351.82,3347.17,3361.21,STOP,-1.792,LOSS,2025-07-18,1,Inducement+FVG
Inducement+FVG,2025-07-18 18:00:00,LONG,3350.49,3345.88,3377.52,STOP,-1.8,LOSS,2025-07-18,1,StructureSweep
LiquidityRun,2025-07-21 08:00:00,SHORT,3364.1,3368.59,3350.6,STOP,-1.823,LOSS,2025-07-21,0,
StructureSweep,2025-07-21 09:30:00,LONG,3364.06,3359.34,3370.78,TARGET,0.997,WIN,2025-07-21,0,
LiquidityRun,2025-07-21 17:15:00,SHORT,3392.25,3397.12,3377.63,STOP,-1.766,LOSS,2025-07-21,0,
LiquiditySweep,2025-07-21 23:15:00,SHORT,3401.41,3406.79,3396.77,TARGET,0.483,WIN,2025-07-21,1,LiquidityRun
LiquidityRun,2025-07-21 23:45:00,SHORT,3396.53,3403.34,3376.12,STOP,-1.55,LOSS,2025-07-21,1,LiquiditySweep
Inducement+FVG,2025-07-22 05:45:00,LONG,3385.54,3380.08,3401.58,TARGET,2.564,WIN,2025-07-22,0,
PriorDayLevels,2025-07-22 12:00:00,SHORT,3402.78,3412.99,3347.7,STOP,-1.368,LOSS,2025-07-22,0,
LiquidityRun,2025-07-22 22:30:00,SHORT,3428.74,3433.35,3414.89,STOP,-1.818,LOSS,2025-07-22,1,LiquiditySweep
LiquiditySweep,2025-07-23 00:00:00,SHORT,3432.72,3439.2,3396.77,TARGET,5.234,WIN,2025-07-23,1,LiquidityRun
LiquidityRun,2025-07-23 01:15:00,SHORT,3424.99,3432.24,3403.22,STOP,-1.52,LOSS,2025-07-23,1,LiquiditySweep
Inducement+FVG,2025-07-23 05:00:00,LONG,3421.26,3413.19,3433.51,TARGET,1.262,WIN,2025-07-23,0,
StructureSweep,2025-07-23 07:00:00,SHORT,3428.45,3432.28,3416.33,STOP,-1.986,LOSS,2025-07-23,1,PriorDayLevels
PriorDayLevels,2025-07-23 09:00:00,SHORT,3433.51,3443.81,3383.24,TARGET,4.748,WIN,2025-07-23,1,StructureSweep
Inducement+FVG,2025-07-23 13:15:00,LONG,3409.28,3404.49,3438.94,STOP,-1.782,LOSS,2025-07-23,1,LiquidityRun
LiquidityRun,2025-07-23 14:00:00,LONG,3416.75,3409.4,3438.82,STOP,-1.51,LOSS,2025-07-23,1,Inducement+FVG
LiquidityRun,2025-07-23 18:00:00,LONG,3393.8,3385.61,3418.38,STOP,-1.455,LOSS,2025-07-23,0,
LiquidityRun,2025-07-24 03:45:00,LONG,3383.69,3377.01,3403.73,STOP,-1.556,LOSS,2025-07-24,0,
LiquidityRun,2025-07-24 08:30:00,LONG,3373.53,3366.37,3395.02,STOP,-1.517,LOSS,2025-07-24,0,
LiquiditySweep,2025-07-24 11:30:00,LONG,3362.24,3356.21,3370.78,STOP,-1.613,LOSS,2025-07-24,1,LiquidityRun
LiquiditySweep,2025-07-24 13:30:00,LONG,3366.94,3351.57,3367.2,TARGET,-0.114,LOSS,2025-07-24,1,LiquidityRun
StructureSweep,2025-07-24 13:30:00,SHORT,3366.94,3371.38,3361.98,STOP,-1.835,LOSS,2025-07-24,0,
LiquidityRun,2025-07-24 13:45:00,LONG,3366.74,3356.96,3396.09,STOP,-1.378,LOSS,2025-07-24,1,LiquiditySweep
StructureSweep,2025-07-25 00:45:00,SHORT,3372.22,3376.93,3365.1,TARGET,1.082,WIN,2025-07-25,0,
LiquidityRun,2025-07-25 17:15:00,LONG,3334.15,3328.13,3352.22,STOP,-1.608,LOSS,2025-07-25,0,
LiquidityRun,2025-07-27 23:15:00,LONG,3333.6,3327.13,3353.0,STOP,-1.566,LOSS,2025-07-27,0,
PriorDayLevels,2025-07-28 13:00:00,LONG,3323.82,3313.85,3337.46,STOP,-1.366,LOSS,2025-07-28,1,LiquidityRun
LiquidityRun,2025-07-28 15:30:00,LONG,3315.55,3308.03,3338.1,STOP,-1.484,LOSS,2025-07-28,1,PriorDayLevels
StructureSweep,2025-07-29 00:15:00,LONG,3308.85,3305.07,3318.89,TARGET,2.13,WIN,2025-07-29,0,
LiquidityRun,2025-07-29 03:15:00,SHORT,3315.11,3321.14,3297.02,STOP,-1.606,LOSS,2025-07-29,0,
LiquidityRun,2025-07-29 11:00:00,SHORT,3319.74,3327.72,3295.77,STOP,-1.458,LOSS,2025-07-29,0,
Inducement+FVG,2025-07-29 13:30:00,LONG,3320.1,3310.4,3345.35,STOP,-1.376,LOSS,2025-07-29,1,StructureSweep
StructureSweep,2025-07-29 13:45:00,LONG,3317.49,3311.02,3329.98,TARGET,1.622,WIN,2025-07-29,1,Inducement+FVG
StructureSweep,2025-07-29 15:30:00,SHORT,3322.61,3330.21,3311.89,STOP,-1.482,LOSS,2025-07-29,1,LiquidityRun
LiquidityRun,2025-07-29 15:45:00,SHORT,3320.75,3327.82,3299.54,STOP,-1.517,LOSS,2025-07-29,1,StructureSweep
LiquidityRun,2025-07-30 01:45:00,SHORT,3323.3,3332.3,3296.29,STOP,-1.407,LOSS,2025-07-30,0,
StructureSweep,2025-07-30 02:30:00,LONG,3326.81,3322.75,3333.67,TARGET,1.201,WIN,2025-07-30,0,
StructureSweep,2025-07-30 12:30:00,LONG,3323.85,3319.24,3334.05,STOP,-1.792,LOSS,2025-07-30,0,
PriorDayLevels,2025-07-30 13:00:00,LONG,3307.84,3297.92,3334.16,STOP,-1.366,LOSS,2025-07-30,1,LiquidityRun
LiquidityRun,2025-07-30 17:00:00,LONG,3298.76,3292.9,3316.36,STOP,-1.618,LOSS,2025-07-30,1,PriorDayLevels
LiquidityRun,2025-07-30 22:15:00,LONG,3277.18,3272.94,3289.92,TARGET,2.536,WIN,2025-07-30,0,
StructureSweep,2025-07-31 05:00:00,SHORT,3296.28,3302.44,3268.03,STOP,-1.589,LOSS,2025-07-31,0,
LiquidityRun,2025-07-31 09:30:00,SHORT,3305.69,3312.24,3286.06,TARGET,2.698,WIN,2025-07-31,0,
LiquidityRun,2025-08-01 03:00:00,LONG,3295.99,3286.84,3323.43,STOP,-1.396,LOSS,2025-08-01,1,StructureSweep
StructureSweep,2025-08-01 03:15:00,SHORT,3292.66,3299.59,3281.59,STOP,-1.523,LOSS,2025-08-01,0,
StructureSweep,2025-08-01 07:00:00,LONG,3292.45,3286.16,3300.44,STOP,-1.575,LOSS,2025-08-01,1,LiquidityRun
PriorDayLevels,2025-08-01 12:00:00,SHORT,3314.84,3324.78,3282.8,STOP,-1.368,LOSS,2025-08-01,0,
LiquidityRun,2025-08-01 16:15:00,SHORT,3341.08,3350.58,3312.58,STOP,-1.388,LOSS,2025-08-01,0,
LiquidityRun,2025-08-03 22:15:00,SHORT,3360.64,3365.05,3347.43,TARGET,2.543,WIN,2025-08-03,0,
LiquiditySweep,2025-08-04 11:00:00,SHORT,3363.72,3369.65,3351.73,STOP,-1.624,LOSS,2025-08-04,1,LiquidityRun
LiquiditySweep,2025-08-04 12:15:00,SHORT,3363.81,3373.81,3352.89,STOP,-1.371,LOSS,2025-08-04,1,LiquidityRun
LiquidityRun,2025-08-04 12:30:00,SHORT,3363.16,3370.37,3341.55,STOP,-1.514,LOSS,2025-08-04,1,LiquiditySweep
LiquidityRun,2025-08-04 15:00:00,SHORT,3374.08,3380.1,3356.03,STOP,-1.618,LOSS,2025-08-04,0,
Inducement+FVG,2025-08-05 03:15:00,LONG,3373.33,3365.56,3385.36,STOP,-1.477,LOSS,2025-08-05,1,StructureSweep
LiquidityRun,2025-08-05 05:00:00,SHORT,3368.87,3374.78,3351.15,STOP,-1.628,LOSS,2025-08-05,0,
StructureSweep,2025-08-05 05:45:00,LONG,3373.99,3366.82,3382.4,STOP,-1.517,LOSS,2025-08-05,1,Inducement+FVG
StructureSweep,2025-08-05 07:30:00,LONG,3373.46,3368.95,3382.4,STOP,-1.822,LOSS,2025-08-05,0,
LiquidityRun,2025-08-05 12:30:00,LONG,3363.78,3351.8,3399.7,TARGET,2.831,WIN,2025-08-05,0,
StructureSweep,2025-08-05 13:45:00,SHORT,3373.73,3381.85,3349.8,STOP,-1.457,LOSS,2025-08-05,0,
PriorDayLevels,2025-08-05 14:00:00,SHORT,3385.36,3395.52,3345.01,EOD,-0.152,LOSS,2025-08-05,1,LiquiditySweep
LiquiditySweep,2025-08-05 14:45:00,SHORT,3385.35,3391.67,3373.42,TARGET,1.568,WIN,2025-08-05,1,PriorDayLevels
StructureSweep,2025-08-06 18:00:00,LONG,3370.15,3366.62,3379.98,STOP,-2.05,LOSS,2025-08-06,0,
VolProfileReject,2025-08-07 08:15:00,SHORT,3374.45,3400.84,3364.9,STOP,-1.141,LOSS,2025-08-07,0,
StructureSweep,2025-08-07 10:45:00,LONG,3372.9,3368.39,3397.45,TARGET,5.0,WIN,2025-08-07,0,
LiquidityRun,2025-08-07 20:45:00,SHORT,3396.4,3402.92,3376.82,STOP,-1.573,LOSS,2025-08-07,1,LiquiditySweep
LiquiditySweep,2025-08-07 20:45:00,SHORT,3396.4,3404.39,3387.28,STOP,-1.468,LOSS,2025-08-07,1,LiquidityRun
LiquidityRun,2025-08-08 00:30:00,SHORT,3393.94,3401.06,3372.59,STOP,-1.525,LOSS,2025-08-08,1,LiquiditySweep
StructureSweep,2025-08-08 00:45:00,LONG,3389.81,3384.28,3409.02,STOP,-1.673,LOSS,2025-08-08,1,Inducement+FVG
Inducement+FVG,2025-08-08 01:30:00,LONG,3383.07,3377.02,3397.45,TARGET,2.037,WIN,2025-08-08,1,StructureSweep
StructureSweep,2025-08-08 07:00:00,SHORT,3396.02,3403.86,3381.08,STOP,-1.477,LOSS,2025-08-08,0,
Inducement+FVG,2025-08-08 11:15:00,LONG,3381.83,3377.02,3409.02,STOP,-1.772,LOSS,2025-08-08,0,
LiquidityRun,2025-08-08 12:30:00,LONG,3398.88,3386.98,3434.58,STOP,-1.313,LOSS,2025-08-08,0,
Inducement+FVG,2025-08-11 01:00:00,LONG,3372.92,3367.36,3409.02,STOP,-1.665,LOSS,2025-08-11,0,
LiquiditySweep,2025-08-11 07:45:00,LONG,3360.07,3352.06,3374.8,STOP,-1.461,LOSS,2025-08-11,1,LiquidityRun
LiquidityRun,2025-08-11 10:15:00,LONG,3361.01,3355.94,3376.22,STOP,-1.729,LOSS,2025-08-11,1,LiquiditySweep
LiquidityRun,2025-08-11 13:45:00,LONG,3358.66,3349.36,3386.58,STOP,-1.396,LOSS,2025-08-11,1,LiquiditySweep
LiquiditySweep,2025-08-11 17:30:00,LONG,3358.36,3336.26,3362.9,STOP,-1.166,LOSS,2025-08-11,1,LiquidityRun
LiquidityRun,2025-08-11 17:45:00,LONG,3357.63,3342.32,3403.54,STOP,-1.241,LOSS,2025-08-11,1,LiquiditySweep
LiquidityRun,2025-08-12 08:30:00,SHORT,3347.1,3354.72,3324.24,STOP,-1.484,LOSS,2025-08-12,0,
LiquiditySweep,2025-08-12 12:30:00,LONG,3349.6,3334.87,3355.42,TARGET,0.258,WIN,2025-08-12,1,LiquidityRun
LiquidityRun,2025-08-12 15:15:00,LONG,3354.8,3335.07,3413.98,STOP,-1.186,LOSS,2025-08-12,1,LiquiditySweep
StructureSweep,2025-08-12 15:15:00,SHORT,3354.8,3362.57,3336.07,STOP,-1.475,LOSS,2025-08-12,0,
StructureSweep,2025-08-13 17:30:00,LONG,3354.43,3349.89,3370.74,TARGET,3.152,WIN,2025-08-13,0,
Inducement+FVG,2025-08-14 08:00:00,LONG,3344.68,3335.07,3370.74,STOP,-1.382,LOSS,2025-08-14,1,PriorDayLevels
PriorDayLevels,2025-08-14 08:00:00,LONG,3342.68,3332.65,3370.74,STOP,-1.366,LOSS,2025-08-14,1,Inducement+FVG
Inducement+FVG,2025-08-14 14:15:00,LONG,3344.76,3335.07,3374.84,STOP,-1.379,LOSS,2025-08-14,1,LiquidityRun
LiquiditySweep,2025-08-14 16:15:00,LONG,3332.18,3324.84,3350.86,STOP,-1.499,LOSS,2025-08-14,1,LiquidityRun
LiquidityRun,2025-08-14 17:15:00,LONG,3336.97,3331.78,3352.54,STOP,-1.706,LOSS,2025-08-14,2,"Inducement+FVG,LiquiditySweep"
LiquiditySweep,2025-08-18 00:00:00,LONG,3334.84,3321.74,3339.6,TARGET,0.21,WIN,2025-08-18,1,LiquidityRun
LiquidityRun,2025-08-18 00:15:00,LONG,3340.13,3325.13,3385.14,STOP,-1.244,LOSS,2025-08-18,1,LiquiditySweep
StructureSweep,2025-08-18 08:15:00,LONG,3347.82,3341.22,3358.42,STOP,-1.558,LOSS,2025-08-18,0,
StructureSweep,2025-08-19 01:15:00,SHORT,3332.44,3338.55,3326.07,STOP,-1.601,LOSS,2025-08-19,0,
StructureSweep,2025-08-19 12:45:00,LONG,3334.79,3330.96,3345.3,STOP,-1.955,LOSS,2025-08-19,2,"LiquiditySweep,PriorDayLevels"
PriorDayLevels,2025-08-19 13:00:00,LONG,3326.73,3316.75,3358.42,STOP,-1.366,LOSS,2025-08-19,2,"LiquiditySweep,StructureSweep"
StructureSweep,2025-08-19 14:00:00,LONG,3334.71,3328.85,3345.3,STOP,-1.626,LOSS,2025-08-19,2,"LiquiditySweep,PriorDayLevels"
LiquiditySweep,2025-08-19 14:45:00,LONG,3325.33,3315.9,3334.4,STOP,-1.387,LOSS,2025-08-19,2,"PriorDayLevels,StructureSweep"
LiquiditySweep,2025-08-20 00:45:00,LONG,3316.02,3308.13,3317.64,TARGET,-0.047,BE,2025-08-20,1,LiquidityRun
LiquidityRun,2025-08-20 03:15:00,LONG,3317.26,3311.81,3333.62,TARGET,2.634,WIN,2025-08-20,1,LiquiditySweep
PriorDayLevels,2025-08-20 13:00:00,SHORT,3345.3,3355.34,3312.77,EOD,-0.52,LOSS,2025-08-20,1,LiquidityRun
LiquidityRun,2025-08-20 15:15:00,SHORT,3341.23,3349.01,3317.88,STOP,-1.473,LOSS,2025-08-20,1,PriorDayLevels
LiquidityRun,2025-08-20 23:15:00,SHORT,3347.95,3352.87,3333.19,TARGET,2.592,WIN,2025-08-20,0,
StructureSweep,2025-08-21 09:45:00,SHORT,3340.58,3345.58,3334.28,TARGET,0.859,WIN,2025-08-21,0,
LiquidityRun,2025-08-21 11:30:00,LONG,3333.77,3326.34,3356.05,STOP,-1.493,LOSS,2025-08-21,0,
StructureSweep,2025-08-21 18:15:00,LONG,3338.54,3333.96,3348.11,STOP,-1.802,LOSS,2025-08-21,0,
Inducement+FVG,2025-08-22 00:00:00,LONG,3336.45,3331.07,3352.09,STOP,-1.682,LOSS,2025-08-22,0,
LiquidityRun,2025-08-22 07:00:00,LONG,3333.13,3324.52,3358.96,STOP,-1.425,LOSS,2025-08-22,0,
LiquidityRun,2025-08-22 13:30:00,LONG,3333.59,3323.81,3362.93,TARGET,2.795,WIN,2025-08-22,0,
PriorDayLevels,2025-08-22 14:00:00,SHORT,3348.11,3358.16,3325.15,STOP,-1.368,LOSS,2025-08-22,0,
LiquidityRun,2025-08-22 14:30:00,LONG,3373.39,3357.98,3419.6,STOP,-1.24,LOSS,2025-08-22,0,
Inducement+FVG,2025-08-25 18:45:00,LONG,3370.56,3364.95,3378.87,STOP,-1.66,LOSS,2025-08-25,0,
LiquidityRun,2025-08-26 00:15:00,LONG,3377.4,3351.79,3454.25,TARGET,2.92,WIN,2025-08-26,0,
LiquiditySweep,2025-08-26 00:15:00,SHORT,3377.4,3385.36,3368.9,STOP,-1.467,LOSS,2025-08-26,1,StructureSweep
LiquiditySweep,2025-08-26 01:00:00,SHORT,3375.85,3389.99,3368.9,TARGET,0.348,WIN,2025-08-26,1,StructureSweep
StructureSweep,2025-08-26 01:15:00,SHORT,3373.96,3379.85,3351.21,STOP,-1.631,LOSS,2025-08-26,1,LiquiditySweep
LiquiditySweep,2025-08-26 19:30:00,SHORT,3388.89,3394.54,3380.24,TARGET,1.17,WIN,2025-08-26,0,
Inducement+FVG,2025-08-27 04:00:00,LONG,3379.6,3376.2,3386.49,STOP,-2.094,LOSS,2025-08-27,0,
StructureSweep,2025-08-27 09:30:00,SHORT,3381.78,3386.99,3373.76,TARGET,1.153,WIN,2025-08-27,0,
PriorDayLevels,2025-08-27 16:00:00,SHORT,3393.58,3403.76,3351.21,EOD,-0.587,LOSS,2025-08-27,1,LiquiditySweep
LiquiditySweep,2025-08-27 18:00:00,SHORT,3393.5,3400.38,3388.72,TARGET,0.4,WIN,2025-08-27,1,PriorDayLevels
Inducement+FVG,2025-08-28 00:45:00,LONG,3391.98,3387.79,3398.82,STOP,-1.89,LOSS,2025-08-28,0,
Inducement+FVG,2025-08-28 05:30:00,LONG,3388.18,3384.37,3399.5,TARGET,2.439,WIN,2025-08-28,0,
StructureSweep,2025-08-28 06:00:00,SHORT,3390.81,3395.81,3384.64,STOP,-1.748,LOSS,2025-08-28,1,LiquiditySweep
LiquiditySweep,2025-08-28 08:30:00,SHORT,3398.5,3405.28,3392.27,STOP,-1.552,LOSS,2025-08-28,1,StructureSweep
LiquiditySweep,2025-08-28 12:45:00,SHORT,3397.25,3408.11,3393.83,STOP,-1.345,LOSS,2025-08-28,0,
Inducement+FVG,2025-08-29 04:00:00,LONG,3409.46,3404.32,3423.21,STOP,-1.729,LOSS,2025-08-29,0,
StructureSweep,2025-08-29 08:00:00,SHORT,3413.88,3417.44,3406.92,TARGET,1.38,WIN,2025-08-29,0,
PriorDayLevels,2025-08-29 13:00:00,SHORT,3423.21,3433.48,3384.64,STOP,-1.368,LOSS,2025-08-29,0,
LiquidityRun,2025-09-01 07:00:00,SHORT,3475.69,3486.69,3442.7,STOP,-1.348,LOSS,2025-09-01,0,
StructureSweep,2025-09-01 09:45:00,LONG,3469.4,3463.73,3489.93,TARGET,3.253,WIN,2025-09-01,0,
LiquidityRun,2025-09-02 03:15:00,SHORT,3493.24,3498.26,3478.2,STOP,-1.767,LOSS,2025-09-02,0,
PriorDayLevels,2025-09-02 11:00:00,SHORT,3489.93,3500.4,3437.06,STOP,-1.368,LOSS,2025-09-02,0,
Inducement+FVG,2025-09-02 12:30:00,LONG,3476.46,3471.09,3508.74,TARGET,5.612,WIN,2025-09-02,0,
LiquidityRun,2025-09-02 22:00:00,SHORT,3533.27,3538.23,3518.4,STOP,-1.785,LOSS,2025-09-02,0,
LiquidityRun,2025-09-03 03:00:00,SHORT,3530.87,3539.15,3506.03,STOP,-1.47,LOSS,2025-09-03,0,
StructureSweep,2025-09-03 08:00:00,SHORT,3536.62,3543.43,3526.81,STOP,-1.572,LOSS,2025-09-03,1,LiquiditySweep
LiquiditySweep,2025-09-03 11:00:00,SHORT,3546.18,3553.2,3529.29,STOP,-1.556,LOSS,2025-09-03,1,StructureSweep
LiquidityRun,2025-09-03 18:45:00,SHORT,3570.3,3578.21,3546.57,TARGET,2.73,WIN,2025-09-03,0,
LiquidityRun,2025-09-04 06:30:00,LONG,3538.95,3529.09,3568.52,TARGET,2.784,WIN,2025-09-04,0,
StructureSweep,2025-09-05 00:00:00,SHORT,3550.96,3560.06,3539.91,STOP,-1.43,LOSS,2025-09-05,0,
StructureSweep,2025-09-05 08:15:00,LONG,3549.11,3541.18,3561.15,TARGET,1.249,WIN,2025-09-05,0,
PriorDayLevels,2025-09-05 12:00:00,SHORT,3563.47,3574.16,3511.17,STOP,-1.368,LOSS,2025-09-05,0,
LiquidityRun,2025-09-05 14:30:00,SHORT,3580.15,3595.68,3533.57,STOP,-1.254,LOSS,2025-09-05,0,
LiquidityRun,2025-09-05 20:15:00,SHORT,3590.16,3596.29,3571.76,STOP,-1.645,LOSS,2025-09-05,0,
StructureSweep,2025-09-07 22:00:00,LONG,3590.59,3586.15,3600.08,STOP,-1.888,LOSS,2025-09-07,0,
LiquidityRun,2025-09-08 03:30:00,SHORT,3584.1,3590.9,3563.68,STOP,-1.58,LOSS,2025-09-08,0,
LiquidityRun,2025-09-08 06:00:00,LONG,3594.21,3584.42,3623.56,TARGET,2.779,WIN,2025-09-08,0,
LiquidityRun,2025-09-08 15:30:00,SHORT,3636.08,3643.97,3612.41,STOP,-1.508,LOSS,2025-09-08,0,
StructureSweep,2025-09-09 00:30:00,SHORT,3637.78,3642.79,3628.2,STOP,-1.8,LOSS,2025-09-09,0,
StructureSweep,2025-09-09 06:00:00,LONG,3643.31,3634.53,3654.6,TARGET,1.037,WIN,2025-09-09,0,
LiquidityRun,2025-09-09 06:15:00,SHORT,3638.58,3658.37,3579.22,STOP,-1.203,LOSS,2025-09-09,0,
TridentKillzone,2025-09-09 11:00:00,LONG,3652.7,3648.82,3730.31,STOP,-2.435,LOSS,2025-09-09,0,
LiquiditySweep,2025-09-09 14:00:00,SHORT,3651.53,3680.06,3643.82,TARGET,0.194,WIN,2025-09-09,1,LiquidityRun
LiquidityRun,2025-09-09 14:15:00,SHORT,3653.24,3665.1,3617.65,TARGET,2.816,WIN,2025-09-09,1,LiquiditySweep
StructureSweep,2025-09-09 15:45:00,LONG,3645.44,3637.98,3674.54,STOP,-1.537,LOSS,2025-09-09,0,
Inducement+FVG,2025-09-09 22:15:00,LONG,3624.06,3617.3,3659.3,STOP,-1.589,LOSS,2025-09-09,0,
StructureSweep,2025-09-10 23:30:00,SHORT,3644.38,3648.66,3635.06,STOP,-1.937,LOSS,2025-09-10,0,
StructureSweep,2025-09-11 12:15:00,SHORT,3623.74,3629.85,3614.14,STOP,-1.654,LOSS,2025-09-11,1,LiquidityRun
LiquidityRun,2025-09-11 12:45:00,LONG,3628.9,3622.59,3647.83,STOP,-1.632,LOSS,2025-09-11,0,
LiquidityRun,2025-09-11 14:45:00,SHORT,3629.58,3636.28,3609.49,STOP,-1.597,LOSS,2025-09-11,1,StructureSweep
LiquidityRun,2025-09-12 07:45:00,SHORT,3648.3,3654.24,3630.48,STOP,-1.676,LOSS,2025-09-12,0,
LiquidityRun,2025-09-12 14:45:00,SHORT,3648.1,3655.15,3626.95,TARGET,2.69,WIN,2025-09-12,0,
Inducement+FVG,2025-09-12 19:30:00,LONG,3645.89,3641.62,3656.62,STOP,-1.938,LOSS,2025-09-12,0,
Inducement+FVG,2025-09-14 23:15:00,LONG,3639.2,3634.35,3656.62,STOP,-1.825,LOSS,2025-09-14,1,LiquidityRun
LiquidityRun,2025-09-15 02:00:00,LONG,3640.63,3629.33,3674.52,TARGET,2.806,WIN,2025-09-15,1,Inducement+FVG
StructureSweep,2025-09-15 02:45:00,SHORT,3641.07,3648.61,3626.54,STOP,-1.532,LOSS,2025-09-15,0,
LiquiditySweep,2025-09-15 13:45:00,SHORT,3657.18,3669.48,3641.86,STOP,-1.328,LOSS,2025-09-15,0,
LiquiditySweep,2025-09-16 01:00:00,SHORT,3680.21,3695.01,3676.28,TARGET,0.117,WIN,2025-09-16,1,LiquidityRun
LiquidityRun,2025-09-16 01:15:00,SHORT,3678.55,3685.83,3656.72,STOP,-1.557,LOSS,2025-09-16,1,LiquiditySweep
LiquiditySweep,2025-09-16 07:30:00,SHORT,3688.2,3698.0,3680.18,STOP,-1.415,LOSS,2025-09-16,1,LiquidityRun
LiquidityRun,2025-09-16 07:45:00,SHORT,3686.47,3694.09,3663.61,STOP,-1.533,LOSS,2025-09-16,1,LiquiditySweep
LiquidityRun,2025-09-16 10:45:00,SHORT,3693.16,3699.82,3673.19,STOP,-1.611,LOSS,2025-09-16,1,LiquiditySweep
StructureSweep,2025-09-16 13:00:00,LONG,3687.82,3681.86,3699.48,TARGET,1.585,WIN,2025-09-16,0,
LiquiditySweep,2025-09-16 14:15:00,SHORT,3692.92,3708.7,3686.11,TARGET,0.292,WIN,2025-09-16,1,LiquidityRun
LiquidityRun,2025-09-16 14:45:00,SHORT,3686.34,3695.6,3658.54,STOP,-1.438,LOSS,2025-09-16,1,LiquiditySweep
StructureSweep,2025-09-16 20:45:00,SHORT,3689.95,3696.46,3678.87,TARGET,1.36,WIN,2025-09-16,0,
StructureSweep,2025-09-17 12:00:00,SHORT,3669.51,3675.24,3662.49,STOP,-1.705,LOSS,2025-09-17,0,
LiquiditySweep,2025-09-17 18:00:00,SHORT,3687.75,3713.02,3686.11,TARGET,-0.022,BE,2025-09-17,0,
PriorDayLevels,2025-09-17 18:00:00,SHORT,3703.14,3714.25,3674.72,TARGET,2.426,WIN,2025-09-17,0,
VolProfileReject,2025-09-17 18:30:00,SHORT,3663.55,3711.16,3643.58,TARGET,0.373,WIN,2025-09-17,0,
LiquidityRun,2025-09-17 18:45:00,SHORT,3650.34,3683.5,3550.86,STOP,-1.122,LOSS,2025-09-17,0,
PriorDayLevels,2025-09-17 19:00:00,LONG,3674.72,3663.69,3703.14,STOP,-1.366,LOSS,2025-09-17,0,
StructureSweep,2025-09-18 10:30:00,SHORT,3665.71,3674.14,3633.87,TARGET,3.514,WIN,2025-09-18,0,
PriorDayLevels,2025-09-18 13:00:00,LONG,3646.06,3635.12,3707.46,STOP,-1.366,LOSS,2025-09-18,1,LiquiditySweep
LiquiditySweep,2025-09-18 13:45:00,LONG,3642.16,3622.3,3664.37,TARGET,1.008,WIN,2025-09-18,1,PriorDayLevels
StructureSweep,2025-09-18 23:00:00,LONG,3640.76,3636.31,3647.26,STOP,-1.899,LOSS,2025-09-18,0,
PriorDayLevels,2025-09-19 15:00:00,SHORT,3673.02,3684.04,3627.74,STOP,-1.368,LOSS,2025-09-19,0,
StructureSweep,2025-09-22 02:45:00,LONG,3686.31,3681.78,3696.97,TARGET,1.867,WIN,2025-09-22,0,
LiquidityRun,2025-09-22 04:15:00,SHORT,3691.27,3698.23,3670.38,STOP,-1.584,LOSS,2025-09-22,0,
LiquidityRun,2025-09-22 11:45:00,SHORT,3724.61,3729.3,3710.54,STOP,-1.874,LOSS,2025-09-22,0,
LiquidityRun,2025-09-22 19:30:00,SHORT,3745.69,3750.99,3729.79,STOP,-1.778,LOSS,2025-09-22,0,
LiquidityRun,2025-09-23 02:15:00,SHORT,3742.8,3757.11,3699.86,STOP,-1.288,LOSS,2025-09-23,0,
Inducement+FVG,2025-09-23 18:45:00,LONG,3756.78,3752.06,3791.1,STOP,-1.876,LOSS,2025-09-23,0,
Inducement+FVG,2025-09-24 00:00:00,LONG,3759.4,3752.06,3791.1,STOP,-1.563,LOSS,2025-09-24,1,LiquidityRun
Inducement+FVG,2025-09-24 03:00:00,LONG,3757.79,3746.61,3791.1,STOP,-1.369,LOSS,2025-09-24,1,LiquidityRun
LiquidityRun,2025-09-24 03:30:00,LONG,3764.57,3754.67,3794.29,STOP,-1.417,LOSS,2025-09-24,1,Inducement+FVG
StructureSweep,2025-09-24 13:45:00,LONG,3761.31,3755.3,3779.23,STOP,-1.687,LOSS,2025-09-24,0,
PriorDayLevels,2025-09-24 16:00:00,LONG,3736.72,3725.51,3791.1,STOP,-1.366,LOSS,2025-09-24,1,LiquidityRun
LiquidityRun,2025-09-24 19:45:00,LONG,3730.03,3717.8,3766.72,TARGET,2.816,WIN,2025-09-24,1,PriorDayLevels
StructureSweep,2025-09-25 01:00:00,SHORT,3741.39,3754.25,3717.43,STOP,-1.321,LOSS,2025-09-25,0,
StructureSweep,2025-09-26 02:15:00,LONG,3740.94,3734.06,3753.32,TARGET,1.471,WIN,2025-09-26,0,
PriorDayLevels,2025-09-26 13:00:00,SHORT,3761.6,3772.89,3721.96,STOP,-1.368,LOSS,2025-09-26,0,
LiquidityRun,2025-09-26 18:15:00,SHORT,3777.74,3784.53,3757.35,STOP,-1.612,LOSS,2025-09-26,0,
LiquiditySweep,2025-09-29 01:00:00,SHORT,3776.47,3794.49,3771.42,TARGET,0.155,WIN,2025-09-29,1,LiquidityRun
LiquidityRun,2025-09-29 01:15:00,SHORT,3772.63,3785.86,3732.91,STOP,-1.314,LOSS,2025-09-29,1,LiquiditySweep
LiquidityRun,2025-09-29 07:45:00,SHORT,3806.34,3816.21,3776.74,STOP,-1.425,LOSS,2025-09-29,0,
LiquidityRun,2025-09-29 09:45:00,SHORT,3807.6,3819.63,3771.54,STOP,-1.349,LOSS,2025-09-29,1,LiquiditySweep
LiquiditySweep,2025-09-29 12:15:00,SHORT,3817.55,3831.19,3806.5,STOP,-1.308,LOSS,2025-09-29,1,LiquidityRun
LiquidityRun,2025-09-29 12:30:00,SHORT,3817.06,3826.38,3789.09,STOP,-1.451,LOSS,2025-09-29,1,LiquiditySweep
LiquidityRun,2025-09-29 17:30:00,SHORT,3828.69,3832.76,3816.45,STOP,-2.033,LOSS,2025-09-29,0,
LiquidityRun,2025-09-30 07:00:00,SHORT,3854.26,3869.99,3807.09,TARGET,2.854,WIN,2025-09-30,0,
LiquidityRun,2025-09-30 09:15:00,SHORT,3801.6,3818.51,3750.9,STOP,-1.248,LOSS,2025-09-30,0,
PriorDayLevels,2025-09-30 14:00:00,SHORT,3834.02,3845.53,3763.93,STOP,-1.368,LOSS,2025-09-30,0,
StructureSweep,2025-10-01 04:00:00,LONG,3860.82,3854.44,3875.56,STOP,-1.665,LOSS,2025-10-01,1,LiquidityRun
LiquidityRun,2025-10-01 06:15:00,SHORT,3861.9,3865.91,3849.87,STOP,-2.06,LOSS,2025-10-01,1,StructureSweep
LiquidityRun,2025-10-01 07:15:00,LONG,3870.84,3861.01,3900.34,STOP,-1.432,LOSS,2025-10-01,1,StructureSweep
StructureSweep,2025-10-01 07:30:00,SHORT,3868.96,3877.96,3853.34,STOP,-1.474,LOSS,2025-10-01,1,LiquidityRun
StructureSweep,2025-10-01 12:00:00,LONG,3884.44,3877.56,3895.38,STOP,-1.62,LOSS,2025-10-01,0,
Inducement+FVG,2025-10-02 01:00:00,LONG,3859.69,3846.86,3895.38,TARGET,2.601,WIN,2025-10-02,1,LiquidityRun
LiquidityRun,2025-10-02 01:30:00,LONG,3863.2,3856.4,3883.62,TARGET,2.659,WIN,2025-10-02,1,Inducement+FVG
StructureSweep,2025-10-02 05:15:00,SHORT,3869.46,3875.22,3852.83,STOP,-1.739,LOSS,2025-10-02,0,
PriorDayLevels,2025-10-02 13:00:00,SHORT,3895.38,3907.06,3853.34,TARGET,3.464,WIN,2025-10-02,0,
LiquiditySweep,2025-10-02 13:30:00,SHORT,3883.03,3903.0,3863.69,TARGET,0.852,WIN,2025-10-02,1,LiquidityRun
Inducement+FVG,2025-10-02 13:45:00,LONG,3875.23,3866.74,3895.38,STOP,-1.501,LOSS,2025-10-02,0,
LiquidityRun,2025-10-02 14:00:00,SHORT,3871.43,3884.73,3831.52,TARGET,2.826,WIN,2025-10-02,2,"LiquiditySweep,VolProfileReject"
VolProfileReject,2025-10-02 14:15:00,SHORT,3863.81,3901.05,3845.08,TARGET,0.441,WIN,2025-10-02,1,LiquidityRun
PriorDayLevels,2025-10-02 15:00:00,LONG,3853.34,3841.78,3895.38,STOP,-1.366,LOSS,2025-10-02,1,LiquidityRun
LiquidityRun,2025-10-02 18:45:00,LONG,3850.87,3843.68,3872.41,STOP,-1.589,LOSS,2025-10-02,1,PriorDayLevels
LiquidityRun,2025-10-03 11:15:00,SHORT,3858.7,3867.42,3832.52,STOP,-1.487,LOSS,2025-10-03,0,
LiquidityRun,2025-10-03 14:15:00,SHORT,3879.13,3884.17,3864.02,STOP,-1.848,LOSS,2025-10-03,0,
LiquidityRun,2025-10-06 00:15:00,SHORT,3902.32,3911.68,3874.23,STOP,-1.459,LOSS,2025-10-06,0,
TridentKillzone,2025-10-06 09:00:00,LONG,3943.66,3935.41,4108.78,STOP,-2.121,LOSS,2025-10-06,0,
LiquidityRun,2025-10-06 11:15:00,SHORT,3938.72,3945.9,3917.2,STOP,-1.605,LOSS,2025-10-06,2,"LiquiditySweep,StructureSweep"
StructureSweep,2025-10-06 13:45:00,SHORT,3944.57,3951.11,3926.48,STOP,-1.664,LOSS,2025-10-06,2,"LiquidityRun,LiquiditySweep"
LiquiditySweep,2025-10-06 14:00:00,SHORT,3948.54,3956.12,3932.59,STOP,-1.574,LOSS,2025-10-06,2,"LiquidityRun,StructureSweep"
LiquiditySweep,2025-10-06 16:00:00,SHORT,3948.05,3975.97,3932.59,STOP,-1.156,LOSS,2025-10-06,1,StructureSweep
LiquidityRun,2025-10-06 20:00:00,SHORT,3959.99,3965.41,3943.72,STOP,-1.804,LOSS,2025-10-06,1,LiquiditySweep
LiquiditySweep,2025-10-06 22:30:00,SHORT,3963.72,3979.13,3945.75,TARGET,1.013,WIN,2025-10-06,1,LiquidityRun
LiquidityRun,2025-10-07 00:45:00,SHORT,3962.86,3973.64,3930.51,STOP,-1.405,LOSS,2025-10-07,1,LiquiditySweep
StructureSweep,2025-10-07 01:00:00,LONG,3961.78,3951.85,3976.2,TARGET,1.213,WIN,2025-10-07,0,
Inducement+FVG,2025-10-07 06:30:00,LONG,3958.4,3954.14,3977.48,STOP,-2.021,LOSS,2025-10-07,1,LiquidityRun
LiquidityRun,2025-10-07 08:30:00,LONG,3952.68,3944.08,3978.47,TARGET,2.724,WIN,2025-10-07,1,Inducement+FVG
PriorDayLevels,2025-10-07 12:00:00,SHORT,3976.2,3988.13,3898.93,STOP,-1.368,LOSS,2025-10-07,2,"LiquidityRun,LiquiditySweep"
LiquiditySweep,2025-10-07 13:30:00,SHORT,3972.66,3988.96,3957.38,STOP,-1.269,LOSS,2025-10-07,2,"LiquidityRun,PriorDayLevels"
LiquiditySweep,2025-10-07 15:30:00,SHORT,3972.11,3991.47,3957.38,STOP,-1.226,LOSS,2025-10-07,2,"LiquidityRun,PriorDayLevels"
LiquidityRun,2025-10-07 15:45:00,SHORT,3966.15,3988.52,3899.06,STOP,-1.196,LOSS,2025-10-07,2,"LiquiditySweep,PriorDayLevels"
StructureSweep,2025-10-07 16:30:00,LONG,3977.18,3964.51,3991.02,TARGET,0.904,WIN,2025-10-07,0,
LiquiditySweep,2025-10-07 23:15:00,SHORT,3989.05,3998.17,3968.99,STOP,-1.482,LOSS,2025-10-07,0,
LiquiditySweep,2025-10-08 01:00:00,SHORT,3988.49,3998.73,3968.99,STOP,-1.429,LOSS,2025-10-08,0,
LiquidityRun,2025-10-08 06:15:00,SHORT,4026.56,4032.3,4009.37,STOP,-1.774,LOSS,2025-10-08,0,
LiquiditySweep,2025-10-08 10:15:00,SHORT,4040.4,4052.79,4021.3,STOP,-1.36,LOSS,2025-10-08,1,LiquidityRun
LiquidityRun,2025-10-08 10:30:00,SHORT,4037.01,4049.33,4000.05,STOP,-1.361,LOSS,2025-10-08,1,LiquiditySweep
LiquiditySweep,2025-10-08 17:15:00,SHORT,4048.96,4062.07,4030.83,TARGET,1.198,WIN,2025-10-08,2,"LiquidityRun,StructureSweep"
StructureSweep,2025-10-08 17:15:00,SHORT,4048.96,4060.04,4026.34,TARGET,1.821,WIN,2025-10-08,2,"LiquidityRun,LiquiditySweep"
LiquidityRun,2025-10-08 17:30:00,SHORT,4049.58,4058.44,4022.99,TARGET,2.726,WIN,2025-10-08,2,"LiquiditySweep,StructureSweep"
Inducement+FVG,2025-10-08 23:00:00,LONG,4020.56,4009.2,4059.32,STOP,-1.389,LOSS,2025-10-08,1,LiquidityRun
LiquidityRun,2025-10-09 00:15:00,LONG,4027.15,4011.03,4075.49,STOP,-1.274,LOSS,2025-10-09,1,Inducement+FVG
LiquidityRun,2025-10-09 01:30:00,LONG,4033.14,4020.55,4070.93,STOP,-1.351,LOSS,2025-10-09,0,
LiquidityRun,2025-10-09 02:45:00,LONG,4018.58,4010.94,4041.5,TARGET,2.684,WIN,2025-10-09,1,Inducement+FVG
LiquidityRun,2025-10-09 06:30:00,SHORT,4030.28,4040.24,4000.4,STOP,-1.446,LOSS,2025-10-09,0,
LiquidityRun,2025-10-09 13:45:00,SHORT,4017.23,4052.76,3910.64,STOP,-1.125,LOSS,2025-10-09,0,
PriorDayLevels,2025-10-09 16:00:00,LONG,3984.5,3972.55,4059.32,STOP,-1.366,LOSS,2025-10-09,1,Inducement+FVG
Inducement+FVG,2025-10-09 16:30:00,LONG,3986.6,3982.5,4059.32,STOP,-2.069,LOSS,2025-10-09,1,PriorDayLevels
StructureSweep,2025-10-10 03:15:00,LONG,3970.45,3957.93,3994.42,STOP,-1.348,LOSS,2025-10-10,0,
LiquiditySweep,2025-10-12 23:00:00,SHORT,4048.32,4066.28,4033.46,TARGET,0.692,WIN,2025-10-12,0,
LiquidityRun,2025-10-12 23:45:00,SHORT,4035.15,4050.25,3989.83,STOP,-1.295,LOSS,2025-10-12,1,VolProfileReject
VolProfileReject,2025-10-12 23:45:00,SHORT,4035.15,4064.25,3964.67,STOP,-1.153,LOSS,2025-10-12,1,LiquidityRun
LiquidityRun,2025-10-13 06:00:00,SHORT,4065.5,4072.87,4043.4,STOP,-1.608,LOSS,2025-10-13,0,
LiquidityRun,2025-10-13 09:30:00,SHORT,4073.46,4079.07,4056.63,STOP,-1.8,LOSS,2025-10-13,1,LiquiditySweep
LiquiditySweep,2025-10-13 10:30:00,SHORT,4077.71,4086.13,4033.46,STOP,-1.533,LOSS,2025-10-13,1,LiquidityRun
LiquidityRun,2025-10-13 11:45:00,SHORT,4073.99,4084.23,4043.26,STOP,-1.438,LOSS,2025-10-13,1,LiquiditySweep
LiquidityRun,2025-10-13 18:00:00,SHORT,4101.99,4111.19,4074.38,STOP,-1.491,LOSS,2025-10-13,0,
LiquidityRun,2025-10-14 05:45:00,SHORT,4121.12,4178.77,3948.19,STOP,-1.079,LOSS,2025-10-14,0,
StructureSweep,2025-10-14 06:15:00,LONG,4114.01,4086.51,4149.93,TARGET,1.216,WIN,2025-10-14,0,
TridentKillzone,2025-10-14 11:30:00,LONG,4130.51,4128.38,4173.03,STOP,-8.038,LOSS,2025-10-14,1,Inducement+FVG
Inducement+FVG,2025-10-14 12:15:00,LONG,4118.78,4109.16,4179.72,STOP,-1.47,LOSS,2025-10-14,1,TridentKillzone
Inducement+FVG,2025-10-14 19:30:00,LONG,4139.13,4134.3,4179.72,TARGET,7.878,WIN,2025-10-14,0,
LiquidityRun,2025-10-15 02:45:00,SHORT,4176.31,4183.12,4155.88,STOP,-1.675,LOSS,2025-10-15,0,
LiquidityRun,2025-10-15 04:30:00,SHORT,4179.24,4186.61,4157.16,STOP,-1.625,LOSS,2025-10-15,0,
LiquidityRun,2025-10-15 09:15:00,SHORT,4189.95,4211.91,4124.04,STOP,-1.211,LOSS,2025-10-15,0,
LiquiditySweep,2025-10-16 00:45:00,SHORT,4210.63,4229.82,4199.58,STOP,-1.242,LOSS,2025-10-16,0,
LiquidityRun,2025-10-16 05:30:00,SHORT,4211.62,4229.03,4159.4,STOP,-1.267,LOSS,2025-10-16,0,
StructureSweep,2025-10-16 05:30:00,LONG,4211.62,4200.37,4242.12,TARGET,2.485,WIN,2025-10-16,0,
LiquiditySweep,2025-10-16 10:00:00,SHORT,4238.87,4249.53,4204.93,STOP,-1.438,LOSS,2025-10-16,0,
LiquidityRun,2025-10-17 01:15:00,SHORT,4334.11,4360.74,4254.25,STOP,-1.18,LOSS,2025-10-17,0,
Inducement+FVG,2025-10-17 07:15:00,LONG,4338.71,4329.25,4380.07,STOP,-1.503,LOSS,2025-10-17,0,
Inducement+FVG,2025-10-17 11:45:00,LONG,4287.12,4280.27,4380.07,STOP,-1.688,LOSS,2025-10-17,0,
Inducement+FVG,2025-10-17 14:00:00,LONG,4217.61,4207.51,4242.12,TARGET,2.175,WIN,2025-10-17,1,LiquidityRun
PriorDayLevels,2025-10-17 16:00:00,LONG,4203.55,4190.94,4380.07,STOP,-1.366,LOSS,2025-10-17,0,
LiquidityRun,2025-10-17 17:45:00,LONG,4221.21,4210.16,4254.35,TARGET,2.77,WIN,2025-10-17,1,Inducement+FVG
LiquidityRun,2025-10-20 03:00:00,SHORT,4253.73,4265.1,4219.6,STOP,-1.412,LOSS,2025-10-20,0,
PriorDayLevels,2025-10-20 11:00:00,SHORT,4268.32,4281.13,4233.25,STOP,-1.368,LOSS,2025-10-20,0,
LiquiditySweep,2025-10-20 19:45:00,SHORT,4378.21,4388.14,4342.1,TARGET,3.371,WIN,2025-10-20,0,
LiquidityRun,2025-10-20 20:15:00,SHORT,4354.34,4373.62,4296.5,STOP,-1.249,LOSS,2025-10-20,0,
LiquidityRun,2025-10-20 23:30:00,SHORT,4361.21,4369.95,4334.97,STOP,-1.549,LOSS,2025-10-20,0,
LiquidityRun,2025-10-21 01:15:00,SHORT,4350.14,4368.81,4294.13,TARGET,2.861,WIN,2025-10-21,0,
StructureSweep,2025-10-21 01:45:00,LONG,4350.83,4334.65,4381.57,STOP,-1.295,LOSS,2025-10-21,0,
Inducement+FVG,2025-10-21 05:00:00,LONG,4334.62,4325.71,4381.57,STOP,-1.534,LOSS,2025-10-21,0,
Inducement+FVG,2025-10-21 12:00:00,LONG,4225.62,4210.16,4381.57,STOP,-1.3,LOSS,2025-10-21,1,PriorDayLevels
PriorDayLevels,2025-10-21 12:00:00,LONG,4218.93,4206.27,4381.57,STOP,-1.366,LOSS,2025-10-21,1,Inducement+FVG
LiquidityRun,2025-10-22 00:45:00,LONG,4075.13,4055.21,4134.89,TARGET,2.877,WIN,2025-10-22,0,
StructureSweep,2025-10-22 03:15:00,SHORT,4116.88,4125.58,4004.18,STOP,-1.522,LOSS,2025-10-22,0,
LiquidityRun,2025-10-22 07:15:00,SHORT,4141.93,4156.46,4098.33,TARGET,2.83,WIN,2025-10-22,0,
PriorDayLevels,2025-10-22 08:00:00,LONG,4080.82,4068.57,4372.3,STOP,-1.366,LOSS,2025-10-22,0,
LiquidityRun,2025-10-22 08:15:00,SHORT,4102.8,4134.85,4006.67,STOP,-1.142,LOSS,2025-10-22,0,
PriorDayLevels,2025-10-22 23:00:00,LONG,4080.82,4068.57,4372.3,EOD,0.198,WIN,2025-10-22,0,
LiquidityRun,2025-10-23 07:45:00,SHORT,4094.29,4117.61,4024.33,STOP,-1.194,LOSS,2025-10-23,0,
Inducement+FVG,2025-10-23 19:30:00,LONG,4119.79,4105.89,4137.74,STOP,-1.325,LOSS,2025-10-23,0,
StructureSweep,2025-10-24 00:00:00,SHORT,4128.55,4136.29,4107.38,STOP,-1.588,LOSS,2025-10-24,0,
StructureSweep,2025-10-24 01:30:00,SHORT,4125.76,4141.67,4105.81,TARGET,1.098,WIN,2025-10-24,0,
LiquidityRun,2025-10-24 05:00:00,LONG,4115.04,4103.67,4149.17,STOP,-1.397,LOSS,2025-10-24,0,
PriorDayLevels,2025-10-24 08:00:00,LONG,4065.96,4053.76,4154.68,STOP,-1.366,LOSS,2025-10-24,0,
LiquidityRun,2025-10-24 12:45:00,LONG,4082.02,4060.36,4146.97,STOP,-1.207,LOSS,2025-10-24,0,
LiquidityRun,2025-10-27 05:00:00,LONG,4073.63,4060.9,4111.83,STOP,-1.351,LOSS,2025-10-27,1,PriorDayLevels
StructureSweep,2025-10-27 05:15:00,SHORT,4081.87,4088.64,4053.8,TARGET,3.788,WIN,2025-10-27,0,
PriorDayLevels,2025-10-27 08:00:00,LONG,4061.91,4049.73,4109.2,STOP,-1.366,LOSS,2025-10-27,1,LiquidityRun
LiquidityRun,2025-10-27 12:15:00,LONG,4034.65,4027.96,4054.71,STOP,-1.663,LOSS,2025-10-27,0,
LiquidityRun,2025-10-27 17:00:00,LONG,3998.68,3991.23,4021.0,STOP,-1.59,LOSS,2025-10-27,0,
StructureSweep,2025-10-28 02:00:00,SHORT,4005.37,4017.98,3973.04,TARGET,2.373,WIN,2025-10-28,1,LiquidityRun
LiquidityRun,2025-10-28 02:15:00,SHORT,4000.61,4014.04,3960.35,TARGET,2.822,WIN,2025-10-28,1,StructureSweep
LiquiditySweep,2025-10-28 04:15:00,LONG,3971.48,3957.7,4010.15,STOP,-1.316,LOSS,2025-10-28,0,
LiquidityRun,2025-10-28 10:45:00,LONG,3926.4,3905.19,3990.06,TARGET,2.888,WIN,2025-10-28,0,
StructureSweep,2025-10-28 13:30:00,SHORT,3922.76,3937.29,3886.59,STOP,-1.298,LOSS,2025-10-28,0,
StructureSweep,2025-10-28 18:30:00,LONG,3951.98,3941.2,3970.42,STOP,-1.403,LOSS,2025-10-28,0,
StructureSweep,2025-10-29 00:00:00,SHORT,3961.93,3973.0,3915.99,STOP,-1.395,LOSS,2025-10-29,0,
PriorDayLevels,2025-10-29 09:00:00,SHORT,4019.77,4031.83,3886.59,EOD,5.185,WIN,2025-10-29,1,LiquidityRun
LiquidityRun,2025-10-29 11:30:00,SHORT,4018.02,4026.05,3993.93,STOP,-1.551,LOSS,2025-10-29,1,PriorDayLevels
LiquidityRun,2025-10-29 13:15:00,SHORT,4018.63,4027.03,3993.42,TARGET,2.714,WIN,2025-10-29,0,
StructureSweep,2025-10-29 15:15:00,LONG,4006.42,3997.88,4030.27,STOP,-1.515,LOSS,2025-10-29,0,
Inducement+FVG,2025-10-29 18:30:00,LONG,3954.47,3939.47,3982.22,STOP,-1.289,LOSS,2025-10-29,0,
Inducement+FVG,2025-10-29 19:45:00,LONG,3945.56,3929.43,4030.27,STOP,-1.268,LOSS,2025-10-29,0,
Inducement+FVG,2025-10-29 22:00:00,LONG,3938.04,3912.75,4030.27,TARGET,3.551,WIN,2025-10-29,0,
LiquidityRun,2025-10-30 00:00:00,LONG,3956.75,3946.76,3986.71,STOP,-1.435,LOSS,2025-10-30,0,
LiquidityRun,2025-10-30 03:30:00,LONG,3932.61,3925.44,3954.1,TARGET,2.67,WIN,2025-10-30,0,
LiquidityRun,2025-10-30 04:30:00,LONG,3978.84,3939.86,4095.78,STOP,-1.112,LOSS,2025-10-30,0,
StructureSweep,2025-10-30 05:00:00,SHORT,3963.02,3982.42,3915.3,STOP,-1.225,LOSS,2025-10-30,0,
StructureSweep,2025-10-30 13:00:00,LONG,3975.63,3956.11,4011.86,TARGET,1.734,WIN,2025-10-30,0,
StructureSweep,2025-10-30 17:45:00,SHORT,4004.8,4021.9,3960.07,STOP,-1.258,LOSS,2025-10-30,0,
PriorDayLevels,2025-10-30 22:00:00,SHORT,4030.27,4042.36,3917.16,STOP,-1.368,LOSS,2025-10-30,1,LiquiditySweep
LiquiditySweep,2025-10-30 23:00:00,SHORT,4027.19,4044.84,4002.48,TARGET,1.263,WIN,2025-10-30,1,PriorDayLevels
StructureSweep,2025-10-31 01:45:00,LONG,4018.87,4008.92,4046.42,STOP,-1.444,LOSS,2025-10-31,0,
Inducement+FVG,2025-10-31 03:00:00,LONG,3994.31,3975.22,4030.27,TARGET,1.758,WIN,2025-10-31,0,
StructureSweep,2025-11-03 03:15:00,SHORT,4006.16,4014.52,3962.31,STOP,-1.528,LOSS,2025-11-03,0,
StructureSweep,2025-11-03 04:15:00,SHORT,4005.41,4013.86,3962.31,STOP,-1.522,LOSS,2025-11-03,0,
StructureSweep,2025-11-03 09:45:00,LONG,4000.6,3988.98,4027.84,TARGET,2.135,WIN,2025-11-03,0,
StructureSweep,2025-11-03 16:30:00,LONG,4003.71,3991.93,4030.65,STOP,-1.373,LOSS,2025-11-03,0,
StructureSweep,2025-11-04 08:30:00,SHORT,3999.07,4004.6,3966.77,TARGET,5.41,WIN,2025-11-04,0,
PriorDayLevels,2025-11-04 14:00:00,LONG,3962.31,3950.42,4030.65,STOP,-1.366,LOSS,2025-11-04,2,"LiquidityRun,LiquiditySweep"
LiquiditySweep,2025-11-04 14:45:00,LONG,3956.96,3925.09,3977.25,TARGET,0.562,WIN,2025-11-04,2,"LiquidityRun,PriorDayLevels"
LiquidityRun,2025-11-04 15:45:00,LONG,3956.84,3949.09,3980.06,STOP,-1.562,LOSS,2025-11-04,2,"LiquiditySweep,PriorDayLevels"
StructureSweep,2025-11-05 05:30:00,SHORT,3970.04,3980.03,3929.6,STOP,-1.438,LOSS,2025-11-05,1,LiquidityRun
LiquidityRun,2025-11-05 09:15:00,SHORT,3965.41,3983.38,3911.53,STOP,-1.244,LOSS,2025-11-05,1,StructureSweep
StructureSweep,2025-11-05 10:00:00,LONG,3963.86,3952.04,3987.09,TARGET,1.763,WIN,2025-11-05,0,
StructureSweep,2025-11-06 03:30:00,SHORT,3987.55,3994.43,3964.54,STOP,-1.638,LOSS,2025-11-06,0,
LiquidityRun,2025-11-06 10:15:00,SHORT,4006.18,4013.32,3984.75,STOP,-1.618,LOSS,2025-11-06,0,
LiquidityRun,2025-11-06 12:45:00,SHORT,4005.27,4014.86,3976.5,STOP,-1.46,LOSS,2025-11-06,0,
StructureSweep,2025-11-06 12:45:00,LONG,4005.27,3998.9,4016.82,STOP,-1.691,LOSS,2025-11-06,0,
LiquidityRun,2025-11-06 14:15:00,SHORT,3991.9,4015.98,3919.65,STOP,-1.183,LOSS,2025-11-06,0,
Inducement+FVG,2025-11-06 15:00:00,LONG,3982.61,3975.01,3990.54,TARGET,0.729,WIN,2025-11-06,0,
Inducement+FVG,2025-11-07 04:00:00,LONG,3991.16,3981.23,4019.61,TARGET,2.625,WIN,2025-11-07,0,
PriorDayLevels,2025-11-07 16:00:00,SHORT,4019.61,4031.67,3964.54,EOD,1.143,WIN,2025-11-07,1,LiquiditySweep
LiquiditySweep,2025-11-07 16:45:00,SHORT,4007.83,4028.19,4004.25,TARGET,0.058,WIN,2025-11-07,3,"LiquidityRun,PriorDayLevels,StructureSweep"
StructureSweep,2025-11-07 17:00:00,SHORT,3999.79,4013.98,3984.06,STOP,-1.311,LOSS,2025-11-07,2,"LiquidityRun,LiquiditySweep"
Inducement+FVG,2025-11-07 17:15:00,LONG,3997.79,3989.13,4019.61,TARGET,2.242,WIN,2025-11-07,0,
LiquidityRun,2025-11-07 17:15:00,SHORT,3997.79,4010.21,3960.55,STOP,-1.355,LOSS,2025-11-07,2,"LiquiditySweep,StructureSweep"
LiquidityRun,2025-11-10 13:45:00,SHORT,4091.6,4102.78,4058.06,STOP,-1.403,LOSS,2025-11-10,0,
StructureSweep,2025-11-10 14:30:00,LONG,4081.34,4070.33,4105.89,TARGET,2.006,WIN,2025-11-10,0,
StructureSweep,2025-11-11 05:30:00,LONG,4129.9,4120.45,4148.86,STOP,-1.48,LOSS,2025-11-11,0,
TridentKillzone,2025-11-11 10:30:00,LONG,4141.88,4137.56,4228.14,STOP,-2.995,LOSS,2025-11-11,1,Inducement+FVG
LiquidityRun,2025-11-11 14:15:00,SHORT,4130.29,4145.28,4085.3,STOP,-1.304,LOSS,2025-11-11,0,
Inducement+FVG,2025-11-11 14:30:00,LONG,4132.79,4122.06,4148.86,STOP,-1.423,LOSS,2025-11-11,1,TridentKillzone
StructureSweep,2025-11-11 19:15:00,SHORT,4117.53,4123.04,4097.11,STOP,-1.823,LOSS,2025-11-11,0,
StructureSweep,2025-11-12 04:00:00,LONG,4109.74,4099.51,4145.52,STOP,-1.441,LOSS,2025-11-12,0,
LiquidityRun,2025-11-12 13:00:00,SHORT,4125.7,4137.77,4089.5,STOP,-1.377,LOSS,2025-11-12,0,
PriorDayLevels,2025-11-12 15:00:00,SHORT,4148.86,4161.31,4097.11,STOP,-1.368,LOSS,2025-11-12,0,
LiquidityRun,2025-11-12 19:15:00,SHORT,4194.15,4210.78,4144.25,STOP,-1.278,LOSS,2025-11-12,0,
StructureSweep,2025-11-12 23:30:00,LONG,4191.0,4183.03,4211.82,STOP,-1.578,LOSS,2025-11-12,0,
LiquiditySweep,2025-11-13 04:15:00,SHORT,4209.65,4224.0,4190.7,STOP,-1.324,LOSS,2025-11-13,0,
LiquidityRun,2025-11-13 10:45:00,SHORT,4225.37,4239.08,4184.25,STOP,-1.34,LOSS,2025-11-13,1,LiquiditySweep
LiquiditySweep,2025-11-13 13:00:00,SHORT,4230.5,4250.32,4219.38,TARGET,0.433,WIN,2025-11-13,1,LiquidityRun
StructureSweep,2025-11-13 14:00:00,LONG,4220.57,4209.51,4245.33,STOP,-1.419,LOSS,2025-11-13,0,
LiquidityRun,2025-11-13 14:15:00,SHORT,4211.21,4228.32,4159.89,TARGET,2.853,WIN,2025-11-13,0,
LiquidityRun,2025-11-13 19:30:00,LONG,4169.81,4153.77,4217.92,STOP,-1.285,LOSS,2025-11-13,0,
StructureSweep,2025-11-14 06:15:00,LONG,4178.24,4169.39,4211.57,STOP,-1.519,LOSS,2025-11-14,0,
StructureSweep,2025-11-14 07:30:00,LONG,4173.95,4158.66,4211.57,STOP,-1.3,LOSS,2025-11-14,0,
PriorDayLevels,2025-11-14 11:00:00,LONG,4145.37,4132.93,4245.33,STOP,-1.366,LOSS,2025-11-14,0,
Inducement+FVG,2025-11-14 11:45:00,LONG,4132.86,4127.32,4245.33,STOP,-1.821,LOSS,2025-11-14,0,
LiquidityRun,2025-11-14 14:45:00,LONG,4082.69,4056.27,4161.97,STOP,-1.169,LOSS,2025-11-14,0,
LiquidityRun,2025-11-17 06:45:00,LONG,4066.07,4060.71,4082.15,TARGET,2.544,WIN,2025-11-17,0,
LiquidityRun,2025-11-17 07:45:00,LONG,4088.16,4075.53,4126.05,STOP,-1.355,LOSS,2025-11-17,0,
StructureSweep,2025-11-17 13:00:00,SHORT,4083.28,4096.37,4061.03,TARGET,1.512,WIN,2025-11-17,0,
LiquidityRun,2025-11-17 16:30:00,LONG,4068.85,4061.38,4091.23,STOP,-1.599,LOSS,2025-11-17,0,
LiquidityRun,2025-11-17 20:30:00,LONG,4029.94,4018.79,4063.4,STOP,-1.397,LOSS,2025-11-17,0,
LiquidityRun,2025-11-18 05:30:00,LONG,4023.77,4010.41,4063.83,STOP,-1.331,LOSS,2025-11-18,0,
LiquiditySweep,2025-11-18 07:00:00,LONG,4008.45,3996.46,4045.05,TARGET,2.851,WIN,2025-11-18,0,
StructureSweep,2025-11-18 08:00:00,SHORT,4025.07,4030.99,4004.88,STOP,-1.749,LOSS,2025-11-18,0,
LiquidityRun,2025-11-18 08:15:00,LONG,4022.21,4013.54,4048.22,TARGET,2.721,WIN,2025-11-18,0,
LiquidityRun,2025-11-18 15:00:00,SHORT,4059.47,4073.79,4016.51,STOP,-1.313,LOSS,2025-11-18,0,
LiquidityRun,2025-11-18 20:15:00,SHORT,4072.31,4080.72,4047.1,STOP,-1.534,LOSS,2025-11-18,0,
StructureSweep,2025-11-19 01:15:00,LONG,4067.92,4056.85,4082.27,STOP,-1.403,LOSS,2025-11-19,0,
LiquidityRun,2025-11-19 08:00:00,SHORT,4082.23,4092.19,4052.34,STOP,-1.451,LOSS,2025-11-19,0,
LiquidityRun,2025-11-19 13:15:00,SHORT,4109.44,4116.33,4088.75,STOP,-1.656,LOSS,2025-11-19,0,
LiquidityRun,2025-11-19 15:45:00,SHORT,4096.64,4120.06,4026.36,TARGET,2.896,WIN,2025-11-19,0,
Inducement+FVG,2025-11-19 16:15:00,LONG,4074.6,4067.02,4082.27,STOP,-1.591,LOSS,2025-11-19,0,
VolProfileReject,2025-11-19 17:00:00,SHORT,4065.58,4136.82,4034.42,TARGET,0.403,WIN,2025-11-19,0,
Inducement+FVG,2025-11-20 02:15:00,LONG,4055.08,4042.28,4082.27,TARGET,1.933,WIN,2025-11-20,0,
StructureSweep,2025-11-20 12:00:00,SHORT,4072.74,4079.03,4038.69,STOP,-1.713,LOSS,2025-11-20,0,
PriorDayLevels,2025-11-20 16:00:00,LONG,4055.57,4043.41,4132.69,EOD,1.573,WIN,2025-11-20,0,
StructureSweep,2025-11-20 23:30:00,SHORT,4087.1,4092.48,4043.67,TARGET,7.62,WIN,2025-11-20,0,
LiquidityRun,2025-11-21 08:30:00,LONG,4043.44,4035.22,4068.12,STOP,-1.54,LOSS,2025-11-21,0,
LiquidityRun,2025-11-21 14:30:00,SHORT,4063.16,4075.67,4025.65,STOP,-1.358,LOSS,2025-11-21,0,
LiquidityRun,2025-11-21 20:15:00,SHORT,4069.55,4088.53,4012.61,STOP,-1.237,LOSS,2025-11-21,0,
StructureSweep,2025-11-24 07:45:00,SHORT,4059.9,4071.71,4039.84,STOP,-1.379,LOSS,2025-11-24,0,
PriorDayLevels,2025-11-24 12:00:00,SHORT,4077.7,4089.93,4065.82,TARGET,0.838,WIN,2025-11-24,0,
LiquidityRun,2025-11-24 17:15:00,SHORT,4093.37,4098.97,4076.56,STOP,-1.804,LOSS,2025-11-24,0,
LiquidityRun,2025-11-24 23:15:00,SHORT,4131.11,4137.78,4111.11,STOP,-1.682,LOSS,2025-11-24,0,
StructureSweep,2025-11-25 01:15:00,LONG,4127.4,4118.4,4144.61,TARGET,1.635,WIN,2025-11-25,0,
LiquidityRun,2025-11-25 03:15:00,SHORT,4145.23,4153.97,4118.98,TARGET,2.716,WIN,2025-11-25,0,
StructureSweep,2025-11-25 06:30:00,LONG,4139.81,4134.4,4155.82,STOP,-1.842,LOSS,2025-11-25,0,
StructureSweep,2025-11-25 13:00:00,SHORT,4138.34,4144.15,4109.16,STOP,-1.784,LOSS,2025-11-25,1,PriorDayLevels
PriorDayLevels,2025-11-25 13:00:00,SHORT,4144.41,4156.84,4039.84,STOP,-1.368,LOSS,2025-11-25,1,StructureSweep
StructureSweep,2025-11-25 14:45:00,LONG,4125.21,4106.92,4150.84,TARGET,1.266,WIN,2025-11-25,0,
LiquiditySweep,2025-11-25 17:30:00,SHORT,4152.48,4165.74,4139.45,TARGET,0.796,WIN,2025-11-25,0,
LiquidityRun,2025-11-25 18:45:00,SHORT,4134.32,4145.69,4100.2,STOP,-1.401,LOSS,2025-11-25,0,
StructureSweep,2025-11-25 21:00:00,LONG,4131.97,4123.5,4159.5,TARGET,2.956,WIN,2025-11-25,0,
LiquiditySweep,2025-11-26 04:15:00,SHORT,4157.63,4168.65,4139.45,STOP,-1.416,LOSS,2025-11-26,1,LiquidityRun
LiquidityRun,2025-11-26 04:15:00,SHORT,4157.63,4168.31,4125.61,STOP,-1.429,LOSS,2025-11-26,1,LiquiditySweep
StructureSweep,2025-11-26 06:15:00,LONG,4158.26,4148.83,4169.42,STOP,-1.484,LOSS,2025-11-26,1,Inducement+FVG
LiquidityRun,2025-11-26 06:15:00,SHORT,4158.26,4164.92,4138.26,STOP,-1.687,LOSS,2025-11-26,1,LiquiditySweep
Inducement+FVG,2025-11-26 06:30:00,LONG,4151.02,4143.16,4159.5,TARGET,0.761,WIN,2025-11-26,1,StructureSweep
LiquiditySweep,2025-11-26 12:15:00,SHORT,4161.9,4177.37,4156.5,TARGET,0.187,WIN,2025-11-26,1,LiquidityRun
LiquidityRun,2025-11-26 12:30:00,SHORT,4158.4,4172.03,4117.5,STOP,-1.336,LOSS,2025-11-26,1,LiquiditySweep
Inducement+FVG,2025-11-26 12:45:00,LONG,4155.23,4150.03,4169.42,STOP,-1.877,LOSS,2025-11-26,1,StructureSweep
Inducement+FVG,2025-11-26 14:00:00,LONG,4147.36,4143.16,4169.42,STOP,-2.085,LOSS,2025-11-26,1,StructureSweep
StructureSweep,2025-11-26 15:15:00,LONG,4156.53,4147.92,4173.6,STOP,-1.53,LOSS,2025-11-26,1,Inducement+FVG
Inducement+FVG,2025-11-27 01:15:00,LONG,4153.66,4148.23,4173.6,STOP,-1.839,LOSS,2025-11-27,0,
LiquidityRun,2025-11-28 03:45:00,SHORT,4184.23,4190.29,4166.05,TARGET,2.586,WIN,2025-11-28,0,
LiquidityRun,2025-11-28 10:00:00,LONG,4173.24,4161.62,4208.11,STOP,-1.394,LOSS,2025-11-28,0,
LiquiditySweep,2025-11-28 15:00:00,SHORT,4189.48,4205.28,4158.02,STOP,-1.292,LOSS,2025-11-28,0,
LiquidityRun,2025-12-01 02:30:00,SHORT,4239.71,4249.76,4209.55,STOP,-1.465,LOSS,2025-12-01,0,
StructureSweep,2025-12-01 05:00:00,LONG,4232.6,4225.12,4256.45,STOP,-1.622,LOSS,2025-12-01,0,
StructureSweep,2025-12-01 08:30:00,SHORT,4242.43,4254.29,4215.43,STOP,-1.394,LOSS,2025-12-01,1,LiquiditySweep
LiquiditySweep,2025-12-01 10:15:00,SHORT,4253.58,4265.81,4232.55,TARGET,1.512,WIN,2025-12-01,2,"LiquidityRun,StructureSweep"
LiquidityRun,2025-12-01 14:00:00,SHORT,4247.27,4260.98,4206.13,TARGET,2.815,WIN,2025-12-01,1,LiquiditySweep
StructureSweep,2025-12-01 23:00:00,LONG,4233.06,4224.8,4244.7,STOP,-1.563,LOSS,2025-12-01,0,
Inducement+FVG,2025-12-02 09:30:00,LONG,4190.41,4178.64,4264.56,STOP,-1.391,LOSS,2025-12-02,1,LiquidityRun
LiquidityRun,2025-12-02 11:30:00,LONG,4197.76,4185.49,4234.56,STOP,-1.376,LOSS,2025-12-02,1,Inducement+FVG
StructureSweep,2025-12-02 14:30:00,SHORT,4218.0,4233.73,4180.94,TARGET,2.196,WIN,2025-12-02,0,
LiquidityRun,2025-12-02 16:45:00,LONG,4184.69,4175.48,4212.3,TARGET,2.727,WIN,2025-12-02,0,
StructureSweep,2025-12-03 12:00:00,SHORT,4207.59,4214.79,4194.48,STOP,-1.644,LOSS,2025-12-03,1,LiquidityRun
PriorDayLevels,2025-12-03 13:00:00,SHORT,4230.86,4243.55,4163.55,EOD,1.502,WIN,2025-12-03,0,
LiquidityRun,2025-12-03 15:00:00,SHORT,4217.65,4227.63,4187.7,STOP,-1.465,LOSS,2025-12-03,1,StructureSweep
StructureSweep,2025-12-03 17:00:00,LONG,4210.96,4196.02,4241.58,STOP,-1.309,LOSS,2025-12-03,0,
LiquidityRun,2025-12-03 17:00:00,SHORT,4210.96,4222.5,4176.36,TARGET,2.782,WIN,2025-12-03,0,
StructureSweep,2025-12-04 00:15:00,SHORT,4211.86,4217.0,4195.2,TARGET,2.753,WIN,2025-12-04,0,
Inducement+FVG,2025-12-04 03:00:00,LONG,4193.21,4187.59,4241.58,STOP,-1.82,LOSS,2025-12-04,1,LiquidityRun
Inducement+FVG,2025-12-04 05:45:00,LONG,4181.08,4175.48,4241.58,TARGET,10.37,WIN,2025-12-04,1,LiquidityRun
LiquidityRun,2025-12-04 06:45:00,LONG,4190.12,4181.61,4215.65,TARGET,2.704,WIN,2025-12-04,1,Inducement+FVG
LiquidityRun,2025-12-04 19:15:00,SHORT,4205.1,4211.56,4185.73,STOP,-1.717,LOSS,2025-12-04,0,
LiquidityRun,2025-12-05 07:45:00,SHORT,4224.44,4230.57,4206.04,STOP,-1.759,LOSS,2025-12-05,0,
LiquidityRun,2025-12-05 16:00:00,SHORT,4203.44,4250.47,4062.35,STOP,-1.099,LOSS,2025-12-05,0,
Inducement+FVG,2025-12-05 19:00:00,LONG,4208.56,4197.96,4230.69,STOP,-1.436,LOSS,2025-12-05,0,
StructureSweep,2025-12-08 02:45:00,SHORT,4208.51,4216.64,4189.8,STOP,-1.57,LOSS,2025-12-08,0,
StructureSweep,2025-12-08 09:00:00,LONG,4209.06,4199.89,4218.96,STOP,-1.504,LOSS,2025-12-08,0,
StructureSweep,2025-12-08 12:00:00,SHORT,4212.31,4217.15,4203.16,TARGET,1.366,WIN,2025-12-08,0,
PriorDayLevels,2025-12-08 15:00:00,LONG,4189.8,4177.23,4208.66,STOP,-1.366,LOSS,2025-12-08,0,
StructureSweep,2025-12-09 02:30:00,LONG,4189.17,4181.83,4197.37,TARGET,0.774,WIN,2025-12-09,1,LiquiditySweep
LiquiditySweep,2025-12-09 06:15:00,LONG,4178.51,4167.82,4195.5,TARGET,1.355,WIN,2025-12-09,1,StructureSweep
StructureSweep,2025-12-09 14:45:00,SHORT,4205.0,4214.51,4170.1,STOP,-1.487,LOSS,2025-12-09,0,
PriorDayLevels,2025-12-09 16:00:00,SHORT,4218.96,4231.62,4176.14,EOD,0.273,WIN,2025-12-09,0,
Inducement+FVG,2025-12-10 05:15:00,LONG,4205.65,4190.31,4221.53,STOP,-1.301,LOSS,2025-12-10,0,
Inducement+FVG,2025-12-10 19:30:00,LONG,4187.52,4179.52,4221.53,TARGET,3.932,WIN,2025-12-10,0,
PriorDayLevels,2025-12-10 20:00:00,SHORT,4221.53,4234.19,4170.1,STOP,-1.368,LOSS,2025-12-10,0,
StructureSweep,2025-12-11 04:45:00,LONG,4213.56,4204.38,4247.78,STOP,-1.504,LOSS,2025-12-11,0,
StructureSweep,2025-12-11 06:15:00,LONG,4213.88,4203.42,4247.78,TARGET,3.0,WIN,2025-12-11,0,
PriorDayLevels,2025-12-11 14:00:00,SHORT,4238.72,4251.44,4181.69,STOP,-1.368,LOSS,2025-12-11,0,
LiquidityRun,2025-12-11 19:00:00,SHORT,4271.39,4281.38,4241.43,STOP,-1.471,LOSS,2025-12-11,0,
Inducement+FVG,2025-12-12 00:45:00,LONG,4269.62,4258.86,4285.96,TARGET,1.279,WIN,2025-12-12,0,
LiquiditySweep,2025-12-12 07:00:00,SHORT,4285.75,4295.34,4266.08,STOP,-1.493,LOSS,2025-12-12,0,
LiquidityRun,2025-12-12 12:15:00,SHORT,4332.52,4338.73,4313.91,STOP,-1.769,LOSS,2025-12-12,0,
LiquidityRun,2025-12-12 15:30:00,SHORT,4317.3,4345.36,4233.14,STOP,-1.17,LOSS,2025-12-12,0,
TridentKillzone,2025-12-12 16:30:00,LONG,4282.13,4272.11,4482.61,BAIL,-0.548,LOSS,2025-12-12,0,
StructureSweep,2025-12-14 23:00:00,SHORT,4302.55,4312.48,4288.4,STOP,-1.478,LOSS,2025-12-14,0,
StructureSweep,2025-12-15 13:00:00,LONG,4335.93,4329.35,4350.35,STOP,-1.725,LOSS,2025-12-15,1,Inducement+FVG
Inducement+FVG,2025-12-15 14:00:00,LONG,4329.03,4323.25,4353.57,STOP,-1.823,LOSS,2025-12-15,1,StructureSweep
Inducement+FVG,2025-12-15 14:45:00,LONG,4323.59,4311.5,4353.57,STOP,-1.393,LOSS,2025-12-15,1,StructureSweep
Inducement+FVG,2025-12-15 15:30:00,LONG,4323.31,4309.65,4353.57,STOP,-1.347,LOSS,2025-12-15,1,StructureSweep
PriorDayLevels,2025-12-15 16:00:00,LONG,4299.86,4286.96,4308.45,STOP,-1.366,LOSS,2025-12-15,2,"Inducement+FVG,LiquidityRun"
Inducement+FVG,2025-12-15 16:30:00,LONG,4296.41,4286.45,4353.57,STOP,-1.474,LOSS,2025-12-15,2,"LiquidityRun,PriorDayLevels"
LiquidityRun,2025-12-15 17:30:00,LONG,4303.99,4295.79,4328.58,STOP,-1.577,LOSS,2025-12-15,2,"Inducement+FVG,PriorDayLevels"
LiquidityRun,2025-12-16 06:00:00,LONG,4286.48,4276.93,4315.11,STOP,-1.493,LOSS,2025-12-16,0,
LiquidityRun,2025-12-16 16:15:00,SHORT,4307.43,4323.53,4259.14,STOP,-1.295,LOSS,2025-12-16,0,
LiquidityRun,2025-12-17 02:45:00,SHORT,4314.27,4323.8,4285.67,STOP,-1.499,LOSS,2025-12-17,0,
LiquidityRun,2025-12-17 07:45:00,SHORT,4317.9,4323.79,4300.22,STOP,-1.807,LOSS,2025-12-17,0,
Inducement+FVG,2025-12-17 08:00:00,LONG,4313.63,4304.88,4335.14,TARGET,2.163,WIN,2025-12-17,1,StructureSweep
StructureSweep,2025-12-17 08:00:00,LONG,4313.63,4303.97,4342.53,TARGET,2.724,WIN,2025-12-17,1,Inducement+FVG
PriorDayLevels,2025-12-17 13:00:00,SHORT,4335.14,4348.14,4271.6,STOP,-1.368,LOSS,2025-12-17,1,LiquidityRun
LiquidityRun,2025-12-17 14:15:00,SHORT,4329.15,4337.39,4304.44,STOP,-1.579,LOSS,2025-12-17,1,PriorDayLevels
Inducement+FVG,2025-12-18 07:00:00,LONG,4330.98,4324.1,4349.3,STOP,-1.691,LOSS,2025-12-18,0,
Inducement+FVG,2025-12-18 09:30:00,LONG,4324.35,4313.92,4349.3,STOP,-1.455,LOSS,2025-12-18,0,
LiquidityRun,2025-12-18 13:45:00,LONG,4336.66,4319.56,4387.93,STOP,-1.278,LOSS,2025-12-18,0,
StructureSweep,2025-12-18 14:45:00,SHORT,4328.52,4334.43,4314.54,STOP,-1.806,LOSS,2025-12-18,3,"LiquidityRun,LiquiditySweep,VolProfileReject"
LiquidityRun,2025-12-18 14:45:00,SHORT,4328.52,4336.84,4303.55,STOP,-1.573,LOSS,2025-12-18,3,"LiquiditySweep,StructureSweep,VolProfileReject"
LiquidityRun,2025-12-18 15:45:00,LONG,4338.22,4329.96,4362.99,TARGET,2.684,WIN,2025-12-18,0,
PriorDayLevels,2025-12-18 16:00:00,SHORT,4349.3,4362.34,4306.45,STOP,-1.368,LOSS,2025-12-18,0,
LiquidityRun,2025-12-18 16:15:00,LONG,4367.22,4336.86,4458.28,STOP,-1.158,LOSS,2025-12-18,0,
LiquiditySweep,2025-12-18 17:00:00,SHORT,4328.65,4370.06,4328.58,TARGET,-0.061,LOSS,2025-12-18,3,"LiquidityRun,StructureSweep,VolProfileReject"
VolProfileReject,2025-12-18 17:00:00,SHORT,4328.65,4379.02,4310.96,TARGET,0.3,WIN,2025-12-18,3,"LiquidityRun,LiquiditySweep,StructureSweep"
LiquidityRun,2025-12-18 17:15:00,SHORT,4327.88,4360.72,4229.39,STOP,-1.146,LOSS,2025-12-18,3,"LiquiditySweep,StructureSweep,VolProfileReject"
StructureSweep,2025-12-19 14:45:00,SHORT,4332.5,4339.41,4320.65,STOP,-1.691,LOSS,2025-12-19,0,
LiquiditySweep,2025-12-22 13:15:00,SHORT,4418.59,4434.17,4406.14,STOP,-1.313,LOSS,2025-12-22,0,
LiquidityRun,2025-12-23 03:15:00,SHORT,4486.85,4493.86,4465.82,STOP,-1.705,LOSS,2025-12-23,0,
LiquidityRun,2025-12-23 12:15:00,SHORT,4485.29,4491.72,4466.01,STOP,-1.769,LOSS,2025-12-23,0,
LiquidityRun,2025-12-23 14:00:00,SHORT,4469.88,4488.98,4412.55,STOP,-1.258,LOSS,2025-12-23,0,
LiquiditySweep,2025-12-23 20:45:00,SHORT,4497.51,4506.86,4478.2,STOP,-1.53,LOSS,2025-12-23,1,StructureSweep
StructureSweep,2025-12-23 21:00:00,SHORT,4491.38,4503.47,4430.55,STOP,-1.409,LOSS,2025-12-23,1,LiquiditySweep
LiquidityRun,2025-12-24 02:15:00,SHORT,4506.8,4522.94,4458.38,TARGET,2.833,WIN,2025-12-24,0,
StructureSweep,2025-12-24 03:00:00,LONG,4485.46,4464.37,4525.99,STOP,-1.233,LOSS,2025-12-24,0,
Inducement+FVG,2025-12-24 14:30:00,LONG,4480.85,4462.63,4525.99,STOP,-1.27,LOSS,2025-12-24,1,LiquidityRun
LiquidityRun,2025-12-24 16:15:00,LONG,4468.39,4456.33,4504.55,TARGET,2.777,WIN,2025-12-24,1,Inducement+FVG
StructureSweep,2025-12-26 11:30:00,LONG,4507.8,4498.95,4523.86,TARGET,1.508,WIN,2025-12-26,0,
LiquiditySweep,2025-12-26 14:30:00,SHORT,4521.04,4540.24,4507.37,STOP,-1.26,LOSS,2025-12-26,1,LiquidityRun
LiquiditySweep,2025-12-26 17:00:00,SHORT,4526.24,4544.51,4512.75,TARGET,0.59,WIN,2025-12-26,1,LiquidityRun
LiquidityRun,2025-12-26 17:00:00,SHORT,4526.24,4543.39,4474.79,STOP,-1.291,LOSS,2025-12-26,1,LiquiditySweep
StructureSweep,2025-12-26 17:30:00,LONG,4516.39,4505.33,4550.22,STOP,-1.448,LOSS,2025-12-26,1,TridentKillzone
TridentKillzone,2025-12-26 18:00:00,LONG,4518.94,4509.84,4700.92,STOP,-4.129,LOSS,2025-12-26,1,StructureSweep
Inducement+FVG,2025-12-29 00:00:00,LONG,4524.07,4510.83,4550.22,STOP,-1.375,LOSS,2025-12-29,0,
Inducement+FVG,2025-12-29 00:30:00,LONG,4489.79,4477.89,4531.29,STOP,-1.414,LOSS,2025-12-29,0,
Inducement+FVG,2025-12-29 07:00:00,LONG,4473.43,4464.57,4550.22,STOP,-1.555,LOSS,2025-12-29,1,LiquidityRun
LiquidityRun,2025-12-29 08:15:00,LONG,4479.92,4474.41,4496.46,STOP,-1.893,LOSS,2025-12-29,1,Inducement+FVG
LiquidityRun,2025-12-29 09:45:00,LONG,4472.18,4464.46,4495.32,STOP,-1.637,LOSS,2025-12-29,1,Inducement+FVG
LiquidityRun,2025-12-29 12:45:00,LONG,4464.2,4452.71,4498.65,STOP,-1.427,LOSS,2025-12-29,0,
LiquidityRun,2025-12-29 20:00:00,LONG,4342.48,4331.47,4375.49,STOP,-1.433,LOSS,2025-12-29,0,
StructureSweep,2025-12-30 00:30:00,SHORT,4340.88,4353.78,4323.33,STOP,-1.371,LOSS,2025-12-30,0,
LiquidityRun,2025-12-30 11:45:00,SHORT,4384.41,4389.97,4367.73,STOP,-1.868,LOSS,2025-12-30,0,
LiquidityRun,2025-12-30 13:30:00,SHORT,4379.62,4401.39,4314.32,TARGET,2.88,WIN,2025-12-30,0,
LiquidityRun,2025-12-31 06:30:00,LONG,4314.56,4297.22,4366.57,TARGET,2.85,WIN,2025-12-31,0,
StructureSweep,2025-12-31 09:45:00,SHORT,4325.88,4341.71,4274.38,STOP,-1.301,LOSS,2025-12-31,0,
StructureSweep,2025-12-31 18:45:00,LONG,4319.3,4311.15,4353.62,STOP,-1.582,LOSS,2025-12-31,0,
TridentKillzone,2026-01-02 09:30:00,LONG,4385.64,4383.33,4431.66,STOP,-7.295,LOSS,2026-01-02,1,StructureSweep
StructureSweep,2026-01-02 13:30:00,LONG,4372.63,4361.47,4399.38,STOP,-1.43,LOSS,2026-01-02,1,TridentKillzone
LiquidityRun,2026-01-02 13:30:00,SHORT,4372.63,4396.96,4299.63,STOP,-1.198,LOSS,2026-01-02,0,
PriorDayLevels,2026-01-02 16:00:00,LONG,4327.66,4314.68,4351.55,STOP,-1.366,LOSS,2026-01-02,0,
LiquiditySweep,2026-01-05 01:00:00,SHORT,4402.95,4427.74,4371.95,STOP,-1.196,LOSS,2026-01-05,0,
LiquidityRun,2026-01-05 11:15:00,SHORT,4417.23,4438.67,4352.91,STOP,-1.227,LOSS,2026-01-05,1,LiquiditySweep
LiquiditySweep,2026-01-05 11:15:00,SHORT,4417.23,4440.41,4401.27,TARGET,0.575,WIN,2026-01-05,1,LiquidityRun
StructureSweep,2026-01-05 13:30:00,LONG,4412.15,4391.5,4440.01,TARGET,1.221,WIN,2026-01-05,0,
LiquiditySweep,2026-01-05 23:00:00,SHORT,4451.64,4467.01,4434.7,TARGET,0.928,WIN,2026-01-05,1,LiquidityRun
LiquidityRun,2026-01-05 23:30:00,SHORT,4442.98,4455.91,4404.21,STOP,-1.379,LOSS,2026-01-05,1,LiquiditySweep
Inducement+FVG,2026-01-05 23:45:00,LONG,4440.33,4425.72,4455.69,TARGET,0.868,WIN,2026-01-05,1,StructureSweep
StructureSweep,2026-01-06 00:30:00,LONG,4436.57,4425.94,4460.32,TARGET,1.983,WIN,2026-01-06,1,Inducement+FVG
LiquiditySweep,2026-01-06 02:00:00,SHORT,4459.6,4467.44,4434.7,STOP,-1.627,LOSS,2026-01-06,1,LiquidityRun
LiquidityRun,2026-01-06 05:45:00,SHORT,4452.58,4471.31,4396.42,STOP,-1.262,LOSS,2026-01-06,1,LiquiditySweep
LiquiditySweep,2026-01-06 05:45:00,SHORT,4452.58,4471.55,4434.7,STOP,-1.259,LOSS,2026-01-06,1,LiquidityRun
Inducement+FVG,2026-01-06 09:45:00,LONG,4446.35,4438.82,4455.69,TARGET,0.885,WIN,2026-01-06,1,StructureSweep
StructureSweep,2026-01-06 10:00:00,LONG,4450.29,4438.15,4476.0,TARGET,1.897,WIN,2026-01-06,2,"Inducement+FVG,LiquidityRun"
LiquidityRun,2026-01-06 11:30:00,LONG,4462.22,4448.62,4503.01,STOP,-1.36,LOSS,2026-01-06,1,StructureSweep
LiquiditySweep,2026-01-06 15:30:00,SHORT,4475.39,4488.73,4454.0,STOP,-1.37,LOSS,2026-01-06,0,
LiquiditySweep,2026-01-06 20:45:00,SHORT,4493.81,4503.69,4477.35,TARGET,1.394,WIN,2026-01-06,0,
Inducement+FVG,2026-01-07 05:30:00,LONG,4452.39,4438.82,4476.0,STOP,-1.36,LOSS,2026-01-07,1,LiquidityRun
LiquidityRun,2026-01-07 07:30:00,LONG,4458.88,4446.53,4495.93,STOP,-1.396,LOSS,2026-01-07,1,Inducement+FVG
Inducement+FVG,2026-01-07 13:15:00,LONG,4442.11,4425.72,4500.54,STOP,-1.297,LOSS,2026-01-07,0,
PriorDayLevels,2026-01-07 15:00:00,LONG,4427.68,4414.39,4500.54,EOD,2.322,WIN,2026-01-07,0,
LiquidityRun,2026-01-07 16:30:00,LONG,4467.63,4446.18,4531.97,STOP,-1.228,LOSS,2026-01-07,0,
StructureSweep,2026-01-07 17:45:00,SHORT,4451.91,4463.86,4423.56,STOP,-1.41,LOSS,2026-01-07,0,
LiquidityRun,2026-01-08 01:15:00,LONG,4455.06,4448.0,4476.26,STOP,-1.693,LOSS,2026-01-08,0,
LiquidityRun,2026-01-08 06:45:00,LONG,4433.36,4423.9,4461.72,STOP,-1.515,LOSS,2026-01-08,0,
LiquidityRun,2026-01-08 09:00:00,LONG,4431.01,4424.25,4451.27,STOP,-1.721,LOSS,2026-01-08,0,
LiquidityRun,2026-01-08 12:45:00,LONG,4427.86,4417.95,4457.58,STOP,-1.491,LOSS,2026-01-08,0,
StructureSweep,2026-01-08 13:30:00,SHORT,4433.21,4440.19,4407.56,STOP,-1.7,LOSS,2026-01-08,0,
LiquidityRun,2026-01-08 18:15:00,SHORT,4452.17,4463.61,4417.86,STOP,-1.429,LOSS,2026-01-08,0,
LiquidityRun,2026-01-08 21:30:00,SHORT,4474.31,4480.42,4455.96,STOP,-1.805,LOSS,2026-01-08,0,
LiquidityRun,2026-01-09 00:30:00,SHORT,4467.75,4475.92,4443.23,STOP,-1.602,LOSS,2026-01-09,0,
StructureSweep,2026-01-09 06:45:00,SHORT,4474.16,4481.89,4458.06,STOP,-1.638,LOSS,2026-01-09,0,
LiquidityRun,2026-01-09 12:30:00,SHORT,4466.0,4476.57,4434.28,STOP,-1.465,LOSS,2026-01-09,0,
PriorDayLevels,2026-01-09 13:00:00,SHORT,4484.2,4497.66,4407.56,STOP,-1.368,LOSS,2026-01-09,0,
LiquidityRun,2026-01-09 13:45:00,LONG,4482.7,4470.19,4520.24,TARGET,2.784,WIN,2026-01-09,0,
LiquidityRun,2026-01-12 01:15:00,SHORT,4582.69,4592.88,4552.13,STOP,-1.496,LOSS,2026-01-12,0,
Inducement+FVG,2026-01-12 11:15:00,LONG,4585.27,4579.84,4601.22,STOP,-1.929,LOSS,2026-01-12,0,
LiquiditySweep,2026-01-12 14:00:00,SHORT,4596.45,4624.29,4578.45,STOP,-1.182,LOSS,2026-01-12,1,LiquidityRun
LiquidityRun,2026-01-12 14:15:00,SHORT,4586.48,4612.5,4508.4,STOP,-1.195,LOSS,2026-01-12,1,LiquiditySweep
LiquidityRun,2026-01-12 16:45:00,SHORT,4616.95,4624.38,4594.64,TARGET,2.628,WIN,2026-01-12,0,
StructureSweep,2026-01-12 18:45:00,LONG,4610.74,4599.03,4630.12,STOP,-1.432,LOSS,2026-01-12,0,
LiquidityRun,2026-01-13 00:00:00,LONG,4593.0,4585.56,4615.3,STOP,-1.679,LOSS,2026-01-13,0,
LiquidityRun,2026-01-13 02:45:00,LONG,4594.24,4582.67,4628.97,STOP,-1.436,LOSS,2026-01-13,1,Inducement+FVG
Inducement+FVG,2026-01-13 05:30:00,LONG,4594.36,4582.67,4630.12,STOP,-1.431,LOSS,2026-01-13,1,LiquidityRun
LiquidityRun,2026-01-13 08:15:00,LONG,4589.98,4577.89,4626.25,STOP,-1.417,LOSS,2026-01-13,1,Inducement+FVG
PriorDayLevels,2026-01-13 14:00:00,SHORT,4630.12,4644.01,4536.24,EOD,2.01,WIN,2026-01-13,0,
LiquidityRun,2026-01-13 16:15:00,SHORT,4598.51,4617.6,4541.26,STOP,-1.266,LOSS,2026-01-13,0,
StructureSweep,2026-01-13 18:00:00,LONG,4594.34,4581.19,4634.74,STOP,-1.384,LOSS,2026-01-13,0,
StructureSweep,2026-01-13 18:30:00,LONG,4600.45,4585.24,4634.74,STOP,-1.332,LOSS,2026-01-13,0,
StructureSweep,2026-01-13 19:15:00,LONG,4593.39,4580.17,4634.74,STOP,-1.381,LOSS,2026-01-13,0,
LiquiditySweep,2026-01-14 05:00:00,SHORT,4634.02,4646.67,4613.49,TARGET,1.404,WIN,2026-01-14,1,LiquidityRun
LiquidityRun,2026-01-14 08:15:00,SHORT,4625.14,4637.03,4589.48,STOP,-1.429,LOSS,2026-01-14,1,LiquiditySweep
LiquidityRun,2026-01-14 09:45:00,SHORT,4630.42,4640.93,4598.9,STOP,-1.486,LOSS,2026-01-14,0,
LiquidityRun,2026-01-14 14:45:00,SHORT,4617.58,4635.73,4563.13,STOP,-1.281,LOSS,2026-01-14,0,
PriorDayLevels,2026-01-14 18:00:00,SHORT,4634.74,4648.64,4569.23,EOD,1.033,WIN,2026-01-14,2,"LiquidityRun,LiquiditySweep"
LiquiditySweep,2026-01-14 19:00:00,SHORT,4636.88,4650.15,4625.93,TARGET,0.615,WIN,2026-01-14,1,PriorDayLevels
LiquidityRun,2026-01-14 21:30:00,SHORT,4621.09,4629.05,4597.21,TARGET,2.652,WIN,2026-01-14,1,PriorDayLevels
Inducement+FVG,2026-01-15 01:30:00,LONG,4602.52,4585.36,4642.06,STOP,-1.294,LOSS,2026-01-15,2,"LiquidityRun,StructureSweep"
StructureSweep,2026-01-15 02:00:00,LONG,4613.9,4592.92,4643.19,STOP,-1.241,LOSS,2026-01-15,2,"Inducement+FVG,LiquidityRun"
LiquidityRun,2026-01-15 02:15:00,LONG,4611.06,4602.38,4637.1,STOP,-1.584,LOSS,2026-01-15,2,"Inducement+FVG,StructureSweep"
LiquidityRun,2026-01-15 06:15:00,LONG,4604.22,4594.41,4633.65,STOP,-1.516,LOSS,2026-01-15,0,
PriorDayLevels,2026-01-15 13:00:00,LONG,4597.14,4583.35,4643.19,STOP,-1.366,LOSS,2026-01-15,1,StructureSweep
StructureSweep,2026-01-15 14:00:00,LONG,4599.87,4578.67,4623.03,TARGET,0.962,WIN,2026-01-15,1,PriorDayLevels
LiquidityRun,2026-01-15 16:45:00,SHORT,4605.61,4616.08,4574.18,STOP,-1.484,LOSS,2026-01-15,0,
Inducement+FVG,2026-01-16 01:00:00,LONG,4603.76,4589.71,4643.19,STOP,-1.36,LOSS,2026-01-16,1,LiquidityRun
LiquidityRun,2026-01-16 04:15:00,LONG,4598.58,4592.81,4615.9,TARGET,2.521,WIN,2026-01-16,1,Inducement+FVG
PriorDayLevels,2026-01-16 15:00:00,LONG,4581.0,4567.25,4624.9,STOP,-1.366,LOSS,2026-01-16,0,
StructureSweep,2026-01-16 15:00:00,SHORT,4615.98,4625.14,4582.6,TARGET,3.343,WIN,2026-01-16,0,
LiquidityRun,2026-01-16 15:30:00,SHORT,4555.51,4612.27,4385.23,STOP,-1.089,LOSS,2026-01-16,0,
StructureSweep,2026-01-16 21:15:00,SHORT,4592.46,4603.15,4536.74,STOP,-1.473,LOSS,2026-01-16,0,
LiquidityRun,2026-01-19 01:15:00,SHORT,4662.07,4676.75,4618.02,STOP,-1.35,LOSS,2026-01-19,0,
StructureSweep,2026-01-19 10:45:00,LONG,4663.78,4656.92,4679.08,TARGET,1.819,WIN,2026-01-19,0,
LiquidityRun,2026-01-19 17:15:00,SHORT,4670.92,4676.23,4654.99,STOP,-1.968,LOSS,2026-01-19,0,
LiquidityRun,2026-01-19 19:15:00,SHORT,4670.93,4680.06,4643.53,STOP,-1.563,LOSS,2026-01-19,0,
StructureSweep,2026-01-19 23:00:00,LONG,4670.87,4661.76,4680.49,STOP,-1.563,LOSS,2026-01-19,0,
LiquidityRun,2026-01-20 10:30:00,SHORT,4724.59,4735.11,4693.02,STOP,-1.495,LOSS,2026-01-20,1,LiquiditySweep
LiquidityRun,2026-01-20 12:15:00,SHORT,4726.69,4735.35,4700.71,STOP,-1.601,LOSS,2026-01-20,1,LiquiditySweep
LiquiditySweep,2026-01-20 13:45:00,SHORT,4737.09,4745.6,4721.58,STOP,-1.613,LOSS,2026-01-20,1,LiquidityRun
LiquiditySweep,2026-01-20 15:15:00,SHORT,4723.89,4751.89,4721.58,STOP,-1.186,LOSS,2026-01-20,1,LiquidityRun
LiquidityRun,2026-01-20 15:30:00,SHORT,4732.8,4743.29,4701.34,STOP,-1.497,LOSS,2026-01-20,1,LiquiditySweep
LiquidityRun,2026-01-20 20:30:00,SHORT,4749.83,4760.66,4717.34,STOP,-1.483,LOSS,2026-01-20,0,
LiquidityRun,2026-01-21 06:45:00,SHORT,4847.64,4874.94,4765.74,STOP,-1.196,LOSS,2026-01-21,0,
LiquidityRun,2026-01-21 14:15:00,SHORT,4860.77,4874.89,4818.39,TARGET,2.794,WIN,2026-01-21,0,
Inducement+FVG,2026-01-21 15:15:00,LONG,4831.26,4805.18,4888.5,STOP,-1.203,LOSS,2026-01-21,2,"LiquidityRun,TridentKillzone"
LiquidityRun,2026-01-21 15:30:00,SHORT,4837.3,4851.96,4793.31,STOP,-1.364,LOSS,2026-01-21,0,
TridentKillzone,2026-01-21 16:30:00,LONG,4833.34,4829.13,4917.4,STOP,-4.403,LOSS,2026-01-21,2,"Inducement+FVG,LiquidityRun"
LiquidityRun,2026-01-21 18:00:00,LONG,4825.61,4816.82,4852.01,STOP,-1.603,LOSS,2026-01-21,2,"Inducement+FVG,TridentKillzone"
LiquidityRun,2026-01-21 20:15:00,LONG,4797.52,4778.19,4855.52,STOP,-1.272,LOSS,2026-01-21,0,
LiquidityRun,2026-01-22 14:30:00,LONG,4845.82,4821.11,4919.95,TARGET,2.882,WIN,2026-01-22,0,
PriorDayLevels,2026-01-22 17:00:00,SHORT,4888.5,4903.16,4755.85,STOP,-1.368,LOSS,2026-01-22,0,
LiquidityRun,2026-01-22 23:30:00,SHORT,4938.72,4947.61,4912.05,STOP,-1.612,LOSS,2026-01-22,0,
LiquidityRun,2026-01-23 03:15:00,SHORT,4943.93,4960.41,4894.49,STOP,-1.331,LOSS,2026-01-23,0,
PriorDayLevels,2026-01-23 15:00:00,SHORT,4960.59,4975.47,4772.21,STOP,-1.368,LOSS,2026-01-23,2,"LiquidityRun,LiquiditySweep"
LiquiditySweep,2026-01-23 17:45:00,SHORT,4966.03,4992.68,4945.46,STOP,-1.206,LOSS,2026-01-23,2,"LiquidityRun,PriorDayLevels"
LiquidityRun,2026-01-23 18:45:00,SHORT,4966.79,4982.57,4919.47,STOP,-1.347,LOSS,2026-01-23,2,"LiquiditySweep,PriorDayLevels"
LiquidityRun,2026-01-26 08:45:00,SHORT,5083.35,5100.06,5033.2,STOP,-1.335,LOSS,2026-01-26,0,
Inducement+FVG,2026-01-26 13:00:00,LONG,5080.19,5054.09,5111.17,STOP,-1.213,LOSS,2026-01-26,0,
StructureSweep,2026-01-26 15:00:00,SHORT,5095.38,5102.46,5054.53,STOP,-1.792,LOSS,2026-01-26,1,LiquidityRun
LiquidityRun,2026-01-26 16:30:00,SHORT,5077.4,5094.69,5025.53,STOP,-1.324,LOSS,2026-01-26,0,
StructureSweep,2026-01-26 17:00:00,SHORT,5094.32,5102.48,5054.53,STOP,-1.687,LOSS,2026-01-26,1,LiquidityRun
LiquidityRun,2026-01-26 18:15:00,SHORT,5085.04,5102.52,5032.62,TARGET,2.826,WIN,2026-01-26,1,StructureSweep
StructureSweep,2026-01-26 18:45:00,LONG,5068.87,5058.78,5104.97,STOP,-1.552,LOSS,2026-01-26,1,LiquidityRun
LiquidityRun,2026-01-26 20:15:00,LONG,5056.16,5032.67,5126.65,STOP,-1.236,LOSS,2026-01-26,1,StructureSweep
PriorDayLevels,2026-01-26 21:00:00,LONG,5003.58,4988.56,5040.3,TARGET,2.312,WIN,2026-01-26,1,Inducement+FVG
Inducement+FVG,2026-01-26 21:30:00,LONG,5005.27,4978.26,5111.17,TARGET,3.809,WIN,2026-01-26,1,PriorDayLevels
LiquidityRun,2026-01-26 23:15:00,LONG,5045.19,5011.9,5145.07,TARGET,2.908,WIN,2026-01-26,0,
StructureSweep,2026-01-27 01:45:00,SHORT,5060.4,5072.07,4989.63,STOP,-1.478,LOSS,2026-01-27,0,
StructureSweep,2026-01-27 16:30:00,SHORT,5088.43,5104.65,5046.46,STOP,-1.346,LOSS,2026-01-27,0,
PriorDayLevels,2026-01-27 20:00:00,SHORT,5111.17,5126.51,4989.63,STOP,-1.368,LOSS,2026-01-27,0,
LiquidityRun,2026-01-27 23:15:00,SHORT,5170.37,5179.88,5141.82,STOP,-1.599,LOSS,2026-01-27,0,
LiquidityRun,2026-01-28 09:30:00,SHORT,5266.88,5285.62,5210.64,STOP,-1.31,LOSS,2026-01-28,0,
LiquidityRun,2026-01-28 11:15:00,SHORT,5259.28,5275.21,5211.48,STOP,-1.364,LOSS,2026-01-28,0,
Inducement+FVG,2026-01-28 15:00:00,LONG,5256.85,5236.36,5311.54,TARGET,2.516,WIN,2026-01-28,0,
LiquidityRun,2026-01-28 16:15:00,LONG,5287.37,5276.34,5320.46,STOP,-1.527,LOSS,2026-01-28,0,
LiquidityRun,2026-01-28 17:00:00,LONG,5295.6,5283.94,5330.58,STOP,-1.499,LOSS,2026-01-28,0,
LiquidityRun,2026-01-28 18:45:00,SHORT,5283.6,5304.16,5221.91,STOP,-1.283,LOSS,2026-01-28,0,
LiquidityRun,2026-01-29 02:15:00,SHORT,5525.71,5532.54,5505.2,STOP,-1.89,LOSS,2026-01-29,0,
LiquiditySweep,2026-01-29 06:45:00,SHORT,5561.65,5593.5,5516.11,TARGET,1.325,WIN,2026-01-29,1,LiquidityRun
LiquidityRun,2026-01-29 07:00:00,SHORT,5561.99,5583.3,5498.09,TARGET,2.844,WIN,2026-01-29,1,LiquiditySweep
Inducement+FVG,2026-01-29 08:30:00,LONG,5482.89,5469.72,5570.02,STOP,-1.457,LOSS,2026-01-29,0,
LiquidityRun,2026-01-29 08:45:00,SHORT,5509.8,5528.84,5452.71,STOP,-1.319,LOSS,2026-01-29,0,
StructureSweep,2026-01-29 09:15:00,LONG,5516.16,5494.75,5595.35,STOP,-1.283,LOSS,2026-01-29,0,
StructureSweep,2026-01-29 14:30:00,SHORT,5517.72,5551.12,5470.7,TARGET,1.309,WIN,2026-01-29,0,
PriorDayLevels,2026-01-29 15:00:00,LONG,5157.06,5141.59,5570.02,STOP,-1.366,LOSS,2026-01-29,0,
LiquidityRun,2026-01-29 16:15:00,LONG,5290.05,5205.73,5543.01,STOP,-1.068,LOSS,2026-01-29,0,
LiquidityRun,2026-01-30 05:15:00,LONG,5230.26,5211.77,5285.72,STOP,-1.31,LOSS,2026-01-30,0,
PriorDayLevels,2026-01-30 08:00:00,LONG,5094.98,5079.69,5595.35,STOP,-1.366,LOSS,2026-01-30,1,Inducement+FVG
Inducement+FVG,2026-01-30 08:30:00,LONG,5096.4,5071.97,5595.35,STOP,-1.229,LOSS,2026-01-30,1,PriorDayLevels
LiquidityRun,2026-01-30 10:15:00,LONG,5059.7,5025.25,5163.03,STOP,-1.161,LOSS,2026-01-30,0,
LiquidityRun,2026-01-30 19:00:00,LONG,4889.78,4780.89,5216.44,STOP,-1.049,LOSS,2026-01-30,0,
LiquidityRun,2026-02-02 07:15:00,LONG,4560.2,4518.86,4684.21,TARGET,2.933,WIN,2026-02-02,0,
LiquidityRun,2026-02-02 09:30:00,LONG,4688.22,4653.59,4792.12,TARGET,2.918,WIN,2026-02-02,1,PriorDayLevels
StructureSweep,2026-02-02 09:30:00,SHORT,4688.22,4718.54,4402.06,STOP,-1.171,LOSS,2026-02-02,0,
StructureSweep,2026-02-02 10:15:00,SHORT,4682.95,4735.9,4402.06,STOP,-1.098,LOSS,2026-02-02,0,
PriorDayLevels,2026-02-02 13:00:00,LONG,4697.91,4683.82,4819.79,STOP,-1.366,LOSS,2026-02-02,1,LiquidityRun
StructureSweep,2026-02-02 15:30:00,LONG,4675.86,4643.74,4812.46,STOP,-1.159,LOSS,2026-02-02,0,
LiquidityRun,2026-02-03 02:15:00,SHORT,4772.93,4825.14,4616.32,STOP,-1.101,LOSS,2026-02-03,0,
LiquidityRun,2026-02-03 09:00:00,SHORT,4916.18,4935.41,4858.48,STOP,-1.282,LOSS,2026-02-03,0,
StructureSweep,2026-02-03 11:15:00,LONG,4901.19,4878.63,4949.85,TARGET,2.027,WIN,2026-02-03,0,
LiquidityRun,2026-02-03 17:00:00,SHORT,4944.04,4969.08,4868.92,STOP,-1.218,LOSS,2026-02-03,0,
StructureSweep,2026-02-03 18:30:00,LONG,4906.18,4880.09,4993.74,TARGET,3.242,WIN,2026-02-03,0,
LiquidityRun,2026-02-03 18:30:00,SHORT,4906.18,4931.28,4830.89,STOP,-1.216,LOSS,2026-02-03,0,
LiquidityRun,2026-02-04 06:15:00,SHORT,5054.66,5082.13,4972.23,STOP,-1.203,LOSS,2026-02-04,0,
LiquidityRun,2026-02-04 09:15:00,SHORT,5056.92,5076.54,4998.06,TARGET,2.846,WIN,2026-02-04,0,
StructureSweep,2026-02-04 09:30:00,LONG,5057.57,5037.78,5091.85,STOP,-1.28,LOSS,2026-02-04,0,
Inducement+FVG,2026-02-04 14:30:00,LONG,4995.96,4950.13,5091.85,STOP,-1.119,LOSS,2026-02-04,0,
Inducement+FVG,2026-02-04 16:45:00,LONG,4904.52,4844.36,5091.85,STOP,-1.089,LOSS,2026-02-04,0,
PriorDayLevels,2026-02-04 23:00:00,SHORT,4993.74,5008.72,4745.49,STOP,-1.368,LOSS,2026-02-04,0,
StructureSweep,2026-02-05 02:00:00,LONG,4914.92,4895.96,5023.77,STOP,-1.284,LOSS,2026-02-05,0,
Inducement+FVG,2026-02-05 03:00:00,LONG,4846.79,4825.57,5091.85,STOP,-1.25,LOSS,2026-02-05,0,
LiquidityRun,2026-02-05 05:45:00,LONG,4896.18,4865.58,4987.98,STOP,-1.175,LOSS,2026-02-05,0,
PriorDayLevels,2026-02-05 09:00:00,LONG,4852.07,4837.52,5091.85,STOP,-1.366,LOSS,2026-02-05,0,
LiquidityRun,2026-02-05 16:30:00,LONG,4878.81,4836.54,5005.62,STOP,-1.126,LOSS,2026-02-05,0,
StructureSweep,2026-02-05 17:15:00,SHORT,4867.12,4885.35,4800.54,TARGET,3.492,WIN,2026-02-05,0,
LiquidityRun,2026-02-06 00:30:00,LONG,4758.12,4702.54,4924.87,STOP,-1.093,LOSS,2026-02-06,0,
LiquidityRun,2026-02-06 02:00:00,LONG,4787.38,4742.42,4922.26,TARGET,2.936,WIN,2026-02-06,0,
StructureSweep,2026-02-06 06:30:00,SHORT,4846.49,4871.49,4655.16,STOP,-1.214,LOSS,2026-02-06,0,
StructureSweep,2026-02-06 20:30:00,LONG,4944.18,4931.62,4971.37,TARGET,1.929,WIN,2026-02-06,0,
StructureSweep,2026-02-09 07:15:00,LONG,5008.78,4992.25,5045.75,STOP,-1.332,LOSS,2026-02-09,0,
LiquidityRun,2026-02-09 11:30:00,LONG,5008.52,4994.07,5051.87,TARGET,2.791,WIN,2026-02-09,0,
PriorDayLevels,2026-02-09 15:00:00,SHORT,5046.84,5061.98,4964.72,STOP,-1.368,LOSS,2026-02-09,1,LiquidityRun
LiquidityRun,2026-02-09 18:00:00,SHORT,5058.17,5066.2,5034.07,STOP,-1.693,LOSS,2026-02-09,1,PriorDayLevels
LiquidityRun,2026-02-09 21:15:00,SHORT,5055.0,5078.61,4984.17,STOP,-1.236,LOSS,2026-02-09,0,
StructureSweep,2026-02-10 14:00:00,SHORT,5055.79,5063.39,5019.36,STOP,-1.732,LOSS,2026-02-10,0,
StructureSweep,2026-02-10 14:30:00,SHORT,5055.82,5083.64,5019.36,TARGET,1.202,WIN,2026-02-10,0,
PriorDayLevels,2026-02-11 10:00:00,SHORT,5078.56,5093.79,4998.8,STOP,-1.368,LOSS,2026-02-11,1,LiquiditySweep
LiquidityRun,2026-02-11 12:15:00,SHORT,5095.03,5113.42,5039.85,TARGET,2.834,WIN,2026-02-11,0,
LiquiditySweep,2026-02-11 12:30:00,SHORT,5068.44,5106.39,5045.56,TARGET,0.523,WIN,2026-02-11,2,"LiquidityRun,PriorDayLevels"
StructureSweep,2026-02-11 13:30:00,LONG,5060.32,5013.84,5119.18,STOP,-1.119,LOSS,2026-02-11,1,LiquidityRun
LiquidityRun,2026-02-11 14:45:00,SHORT,5059.3,5072.2,5020.62,STOP,-1.432,LOSS,2026-02-11,1,LiquiditySweep
LiquidityRun,2026-02-11 16:45:00,LONG,5075.11,5057.29,5128.58,STOP,-1.313,LOSS,2026-02-11,1,StructureSweep
Inducement+FVG,2026-02-11 21:30:00,LONG,5080.39,5057.29,5119.18,STOP,-1.241,LOSS,2026-02-11,0,
LiquidityRun,2026-02-12 10:15:00,SHORT,5061.42,5075.96,5017.8,STOP,-1.384,LOSS,2026-02-12,0,
LiquidityRun,2026-02-12 14:15:00,SHORT,5060.01,5079.64,5001.13,TARGET,2.846,WIN,2026-02-12,0,
PriorDayLevels,2026-02-12 16:00:00,LONG,5018.86,5003.8,5119.18,STOP,-1.366,LOSS,2026-02-12,0,
LiquidityRun,2026-02-12 16:15:00,SHORT,4897.71,5065.17,4395.31,STOP,-1.033,LOSS,2026-02-12,0,
StructureSweep,2026-02-13 13:30:00,SHORT,4984.15,5006.89,4933.49,STOP,-1.242,LOSS,2026-02-13,0,
StructureSweep,2026-02-13 15:45:00,SHORT,4977.06,5015.26,4933.49,STOP,-1.144,LOSS,2026-02-13,0,
Inducement+FVG,2026-02-16 05:00:00,LONG,4983.56,4965.81,5046.1,STOP,-1.308,LOSS,2026-02-16,0,
StructureSweep,2026-02-17 09:45:00,SHORT,4925.99,4937.48,4858.73,STOP,-1.472,LOSS,2026-02-17,0,
StructureSweep,2026-02-17 10:15:00,SHORT,4928.09,4942.44,4858.73,STOP,-1.378,LOSS,2026-02-17,0,
StructureSweep,2026-02-17 23:00:00,LONG,4882.69,4855.18,4910.67,STOP,-1.195,LOSS,2026-02-17,0,
StructureSweep,2026-02-18 01:00:00,SHORT,4886.52,4896.01,4853.94,STOP,-1.567,LOSS,2026-02-18,0,
StructureSweep,2026-02-18 08:15:00,LONG,4926.04,4917.57,4942.32,STOP,-1.639,LOSS,2026-02-18,0,
PriorDayLevels,2026-02-18 14:00:00,SHORT,4991.59,5006.57,4841.15,STOP,-1.368,LOSS,2026-02-18,0,
StructureSweep,2026-02-18 19:00:00,LONG,4991.9,4979.37,5011.05,STOP,-1.437,LOSS,2026-02-18,0,
StructureSweep,2026-02-19 03:30:00,SHORT,4977.1,4983.97,4960.43,STOP,-1.798,LOSS,2026-02-19,0,
Inducement+FVG,2026-02-19 09:15:00,LONG,5000.73,4995.04,5011.05,STOP,-1.966,LOSS,2026-02-19,0,
StructureSweep,2026-02-19 13:00:00,LONG,4983.95,4969.39,5022.03,STOP,-1.376,LOSS,2026-02-19,1,Inducement+FVG
Inducement+FVG,2026-02-19 13:00:00,LONG,4983.95,4966.83,5011.05,STOP,-1.32,LOSS,2026-02-19,1,StructureSweep
PriorDayLevels,2026-02-19 15:00:00,SHORT,5011.05,5026.08,4858.43,EOD,1.188,WIN,2026-02-19,1,LiquiditySweep
LiquiditySweep,2026-02-19 15:30:00,SHORT,5015.12,5029.87,4991.39,TARGET,1.405,WIN,2026-02-19,1,PriorDayLevels
Inducement+FVG,2026-02-20 03:30:00,LONG,4987.38,4979.37,5022.34,TARGET,3.99,WIN,2026-02-20,1,StructureSweep
StructureSweep,2026-02-20 03:30:00,LONG,4987.38,4976.62,5014.82,TARGET,2.274,WIN,2026-02-20,1,Inducement+FVG
LiquiditySweep,2026-02-20 06:15:00,SHORT,5022.25,5037.18,4991.39,STOP,-1.371,LOSS,2026-02-20,0,
StructureSweep,2026-02-20 12:00:00,LONG,5022.45,5008.49,5042.48,STOP,-1.395,LOSS,2026-02-20,0,
MaynePlaybook,2026-02-20 13:00:00,SHORT,5043.69,5048.72,4655.16,STOP,-2.103,LOSS,2026-02-20,0,
LiquidityRun,2026-02-23 00:15:00,SHORT,5153.2,5158.83,5136.32,STOP,-2.008,LOSS,2026-02-23,0,
LiquidityRun,2026-02-23 04:15:00,SHORT,5159.99,5171.61,5125.14,TARGET,2.734,WIN,2026-02-23,0,
StructureSweep,2026-02-23 13:00:00,SHORT,5155.06,5170.56,5122.1,STOP,-1.366,LOSS,2026-02-23,0,
Inducement+FVG,2026-02-23 13:15:00,LONG,5149.52,5136.72,5176.67,TARGET,1.88,WIN,2026-02-23,0,
PriorDayLevels,2026-02-23 14:00:00,SHORT,5171.87,5187.38,5108.78,STOP,-1.368,LOSS,2026-02-23,0,
LiquidityRun,2026-02-24 00:00:00,SHORT,5229.64,5241.79,5193.16,TARGET,2.743,WIN,2026-02-24,0,
LiquidityRun,2026-02-24 01:15:00,SHORT,5165.21,5226.4,4981.66,STOP,-1.094,LOSS,2026-02-24,0,
Inducement+FVG,2026-02-24 10:30:00,LONG,5170.08,5151.95,5249.44,STOP,-1.313,LOSS,2026-02-24,0,
Inducement+FVG,2026-02-24 12:30:00,LONG,5157.89,5148.11,5249.44,STOP,-1.579,LOSS,2026-02-24,0,
PriorDayLevels,2026-02-24 13:00:00,LONG,5122.1,5106.73,5249.44,STOP,-1.366,LOSS,2026-02-24,0,
Inducement+FVG,2026-02-24 13:30:00,LONG,5145.73,5136.72,5176.67,STOP,-1.627,LOSS,2026-02-24,0,
StructureSweep,2026-02-24 23:30:00,LONG,5146.79,5123.99,5173.06,TARGET,1.017,WIN,2026-02-24,0,
Inducement+FVG,2026-02-25 10:15:00,LONG,5175.24,5151.15,5249.44,STOP,-1.235,LOSS,2026-02-25,0,
StructureSweep,2026-02-25 14:45:00,SHORT,5190.96,5198.42,5154.87,STOP,-1.766,LOSS,2026-02-25,0,
StructureSweep,2026-02-25 15:15:00,SHORT,5180.37,5200.81,5154.87,STOP,-1.28,LOSS,2026-02-25,0,
StructureSweep,2026-02-26 08:30:00,LONG,5174.19,5165.15,5205.51,STOP,-1.629,LOSS,2026-02-26,0,
Inducement+FVG,2026-02-26 14:30:00,LONG,5172.1,5132.43,5217.54,STOP,-1.143,LOSS,2026-02-26,0,
PriorDayLevels,2026-02-26 15:00:00,LONG,5136.38,5120.97,5217.54,EOD,2.751,WIN,2026-02-26,0,
StructureSweep,2026-02-26 15:45:00,SHORT,5185.32,5197.91,5157.78,STOP,-1.454,LOSS,2026-02-26,0,
StructureSweep,2026-02-27 01:00:00,LONG,5176.3,5161.62,5200.77,TARGET,1.456,WIN,2026-02-27,0,
PriorDayLevels,2026-02-27 13:00:00,SHORT,5205.51,5221.12,5130.47,STOP,-1.368,LOSS,2026-02-27,1,LiquiditySweep
LiquiditySweep,2026-02-27 13:30:00,SHORT,5216.62,5243.65,5180.64,STOP,-1.213,LOSS,2026-02-27,1,PriorDayLevels
LiquidityRun,2026-03-02 01:00:00,SHORT,5340.34,5364.64,5267.43,STOP,-1.242,LOSS,2026-03-02,0,
StructureSweep,2026-03-02 11:45:00,LONG,5385.11,5369.73,5419.14,STOP,-1.385,LOSS,2026-03-02,1,Inducement+FVG
Inducement+FVG,2026-03-02 14:00:00,LONG,5375.07,5360.87,5419.14,STOP,-1.416,LOSS,2026-03-02,1,StructureSweep
PriorDayLevels,2026-03-02 14:00:00,LONG,5314.68,5298.74,5393.36,TARGET,4.801,WIN,2026-03-02,1,Inducement+FVG
Inducement+FVG,2026-03-02 16:00:00,LONG,5300.59,5258.25,5419.14,STOP,-1.137,LOSS,2026-03-02,1,PriorDayLevels
LiquidityRun,2026-03-02 19:00:00,LONG,5330.34,5297.79,5427.99,STOP,-1.179,LOSS,2026-03-02,0,
PriorDayLevels,2026-03-03 09:00:00,LONG,5260.22,5244.44,5419.14,STOP,-1.366,LOSS,2026-03-03,1,Inducement+FVG
Inducement+FVG,2026-03-03 09:30:00,LONG,5263.98,5258.25,5419.14,STOP,-2.011,LOSS,2026-03-03,1,PriorDayLevels
LiquidityRun,2026-03-03 12:15:00,LONG,5204.21,5152.35,5359.77,STOP,-1.11,LOSS,2026-03-03,0,
LiquidityRun,2026-03-03 15:45:00,LONG,5095.25,5048.25,5236.26,STOP,-1.119,LOSS,2026-03-03,0,
StructureSweep,2026-03-03 18:30:00,SHORT,5133.15,5142.35,4995.77,STOP,-1.614,LOSS,2026-03-03,0,
StructureSweep,2026-03-04 06:00:00,LONG,5141.79,5116.34,5190.85,TARGET,1.807,WIN,2026-03-04,0,
StructureSweep,2026-03-04 15:15:00,LONG,5156.24,5127.29,5205.97,STOP,-1.195,LOSS,2026-03-04,0,
StructureSweep,2026-03-05 06:00:00,LONG,5132.66,5115.48,5194.84,STOP,-1.328,LOSS,2026-03-05,0,
PriorDayLevels,2026-03-05 13:00:00,LONG,5105.76,5090.44,5205.97,STOP,-1.366,LOSS,2026-03-05,0,
Inducement+FVG,2026-03-05 13:15:00,LONG,5121.36,5088.46,5205.97,STOP,-1.171,LOSS,2026-03-05,0,
StructureSweep,2026-03-06 14:00:00,SHORT,5096.94,5107.76,5062.58,STOP,-1.519,LOSS,2026-03-06,0,
LiquiditySweep,2026-03-08 23:30:00,LONG,5072.72,5036.64,5094.51,STOP,-1.154,LOSS,2026-03-08,1,LiquidityRun
LiquiditySweep,2026-03-09 00:30:00,LONG,5052.67,5036.51,5094.51,STOP,-1.343,LOSS,2026-03-09,0,
LiquiditySweep,2026-03-09 01:00:00,LONG,5072.35,5006.9,5094.51,TARGET,0.292,WIN,2026-03-09,1,LiquidityRun
LiquidityRun,2026-03-09 01:15:00,LONG,5071.94,5052.73,5129.55,TARGET,2.841,WIN,2026-03-09,1,LiquiditySweep
StructureSweep,2026-03-09 05:15:00,SHORT,5095.51,5109.01,5014.42,STOP,-1.416,LOSS,2026-03-09,0,
StructureSweep,2026-03-09 08:30:00,LONG,5090.15,5082.02,5140.46,STOP,-1.688,LOSS,2026-03-09,0,
Inducement+FVG,2026-03-09 13:45:00,LONG,5074.12,5052.73,5180.12,TARGET,4.811,WIN,2026-03-09,0,
LiquidityRun,2026-03-10 03:00:00,SHORT,5166.33,5181.0,5122.3,STOP,-1.388,LOSS,2026-03-10,0,
LiquiditySweep,2026-03-10 08:45:00,SHORT,5183.46,5202.83,5158.5,TARGET,1.129,WIN,2026-03-10,1,LiquidityRun
LiquidityRun,2026-03-10 10:15:00,SHORT,5173.76,5187.59,5132.28,STOP,-1.412,LOSS,2026-03-10,1,LiquiditySweep
StructureSweep,2026-03-10 10:30:00,LONG,5168.97,5151.35,5195.04,TARGET,1.303,WIN,2026-03-10,0,
LiquidityRun,2026-03-10 11:45:00,SHORT,5174.91,5184.71,5145.51,STOP,-1.582,LOSS,2026-03-10,1,LiquiditySweep
LiquidityRun,2026-03-10 18:15:00,SHORT,5202.75,5231.55,5116.38,TARGET,2.892,WIN,2026-03-10,0,
Inducement+FVG,2026-03-11 07:30:00,LONG,5191.34,5180.17,5238.51,STOP,-1.51,LOSS,2026-03-11,0,
Inducement+FVG,2026-03-11 08:45:00,LONG,5187.37,5175.21,5238.51,STOP,-1.469,LOSS,2026-03-11,0,
StructureSweep,2026-03-11 20:00:00,SHORT,5177.65,5188.6,5154.1,TARGET,1.868,WIN,2026-03-11,0,
StructureSweep,2026-03-12 11:15:00,LONG,5176.48,5167.37,5191.69,STOP,-1.625,LOSS,2026-03-12,0,
PriorDayLevels,2026-03-12 15:00:00,LONG,5129.7,5114.31,5223.01,STOP,-1.366,LOSS,2026-03-12,0,
LiquidityRun,2026-03-13 00:15:00,LONG,5106.3,5095.9,5137.52,STOP,-1.539,LOSS,2026-03-13,0,
PriorDayLevels,2026-03-13 14:00:00,LONG,5054.75,5039.59,5191.69,STOP,-1.366,LOSS,2026-03-13,2,"LiquidityRun,LiquiditySweep"
LiquiditySweep,2026-03-13 15:00:00,LONG,5068.98,5030.69,5097.0,STOP,-1.145,LOSS,2026-03-13,2,"LiquidityRun,PriorDayLevels"
LiquiditySweep,2026-03-13 17:00:00,LONG,5057.02,5035.94,5097.0,STOP,-1.263,LOSS,2026-03-13,2,"LiquidityRun,PriorDayLevels"
LiquidityRun,2026-03-13 17:15:00,LONG,5056.3,5046.7,5085.11,STOP,-1.578,LOSS,2026-03-13,2,"LiquiditySweep,PriorDayLevels"
LiquidityRun,2026-03-16 00:00:00,LONG,5022.66,4987.55,5128.0,STOP,-1.157,LOSS,2026-03-16,0,
StructureSweep,2026-03-16 00:30:00,SHORT,5027.81,5036.14,4966.8,STOP,-1.665,LOSS,2026-03-16,0,
LiquidityRun,2026-03-16 02:00:00,LONG,5015.2,4999.18,5063.25,STOP,-1.344,LOSS,2026-03-16,0,
LiquidityRun,2026-03-16 03:30:00,LONG,5018.63,5001.92,5068.76,STOP,-1.33,LOSS,2026-03-16,0,
PriorDayLevels,2026-03-16 13:00:00,SHORT,5030.41,5045.5,4966.8,EOD,0.8,WIN,2026-03-16,0,
LiquidityRun,2026-03-16 14:30:00,SHORT,5001.04,5032.08,4907.94,STOP,-1.178,LOSS,2026-03-16,0,
Inducement+FVG,2026-03-17 01:00:00,LONG,5010.34,4987.69,5038.06,TARGET,1.09,WIN,2026-03-17,0,
LiquidityRun,2026-03-17 05:45:00,SHORT,5020.77,5038.48,4967.66,TARGET,2.83,WIN,2026-03-17,1,StructureSweep
StructureSweep,2026-03-17 06:00:00,SHORT,5012.89,5027.72,4994.46,STOP,-1.372,LOSS,2026-03-17,1,LiquidityRun
Inducement+FVG,2026-03-17 10:30:00,LONG,4998.99,4987.69,5038.06,STOP,-1.486,LOSS,2026-03-17,0,
StructureSweep,2026-03-17 13:30:00,SHORT,5027.18,5036.52,4991.66,TARGET,3.479,WIN,2026-03-17,0,
Inducement+FVG,2026-03-17 15:45:00,LONG,4997.8,4987.69,5044.47,STOP,-1.543,LOSS,2026-03-17,0,
StructureSweep,2026-03-18 01:15:00,SHORT,5008.16,5021.06,4993.4,TARGET,0.912,WIN,2026-03-18,0,
PriorDayLevels,2026-03-18 10:00:00,LONG,4973.34,4958.42,5044.47,STOP,-1.366,LOSS,2026-03-18,1,LiquiditySweep
LiquiditySweep,2026-03-18 10:30:00,LONG,4977.73,4952.88,5008.93,STOP,-1.22,LOSS,2026-03-18,1,PriorDayLevels
LiquidityRun,2026-03-18 15:00:00,LONG,4875.27,4860.33,4920.07,STOP,-1.358,LOSS,2026-03-18,0,
StructureSweep,2026-03-18 17:15:00,SHORT,4891.13,4902.93,4833.98,TARGET,4.596,WIN,2026-03-18,0,
LiquidityRun,2026-03-18 22:45:00,LONG,4834.3,4820.64,4875.29,STOP,-1.389,LOSS,2026-03-18,0,
LiquidityRun,2026-03-19 14:00:00,LONG,4630.76,4578.61,4787.19,STOP,-1.097,LOSS,2026-03-19,0,
LiquidityRun,2026-03-20 04:00:00,SHORT,4718.93,4732.82,4677.26,TARGET,2.797,WIN,2026-03-20,0,
LiquidityRun,2026-03-20 12:15:00,LONG,4678.25,4667.63,4710.09,STOP,-1.484,LOSS,2026-03-20,0,
LiquidityRun,2026-03-20 16:15:00,LONG,4584.87,4558.21,4664.84,STOP,-1.188,LOSS,2026-03-20,0,
PriorDayLevels,2026-03-20 18:00:00,LONG,4502.54,4489.03,4866.89,STOP,-1.366,LOSS,2026-03-20,0,
LiquidityRun,2026-03-23 01:15:00,LONG,4421.88,4366.91,4586.79,STOP,-1.088,LOSS,2026-03-23,0,
LiquidityRun,2026-03-23 04:15:00,LONG,4368.51,4355.84,4406.53,STOP,-1.378,LOSS,2026-03-23,0,
LiquidityRun,2026-03-23 07:45:00,LONG,4204.18,4155.86,4349.14,TARGET,2.947,WIN,2026-03-23,0,
LiquidityRun,2026-03-24 02:30:00,LONG,4366.66,4332.59,4468.85,STOP,-1.14,LOSS,2026-03-24,0,
StructureSweep,2026-03-24 11:45:00,LONG,4407.62,4386.06,4432.39,STOP,-1.224,LOSS,2026-03-24,0,
PriorDayLevels,2026-03-24 23:00:00,SHORT,4512.74,4526.28,4098.36,STOP,-1.368,LOSS,2026-03-24,0,
LiquidityRun,2026-03-25 03:15:00,SHORT,4575.47,4586.17,4543.36,TARGET,2.744,WIN,2026-03-25,0,
Inducement+FVG,2026-03-25 09:45:00,LONG,4551.78,4505.38,4602.46,STOP,-1.107,LOSS,2026-03-25,0,
StructureSweep,2026-03-25 11:00:00,SHORT,4567.45,4573.7,4527.5,STOP,-1.805,LOSS,2026-03-25,0,
LiquidityRun,2026-03-25 11:15:00,LONG,4579.85,4557.89,4645.73,STOP,-1.229,LOSS,2026-03-25,0,
LiquidityRun,2026-03-25 12:30:00,SHORT,4547.41,4577.51,4457.1,STOP,-1.167,LOSS,2026-03-25,0,
Inducement+FVG,2026-03-25 19:15:00,LONG,4513.13,4480.46,4602.46,STOP,-1.151,LOSS,2026-03-25,0,
LiquidityRun,2026-03-26 00:15:00,LONG,4525.19,4495.45,4614.4,STOP,-1.167,LOSS,2026-03-26,0,
StructureSweep,2026-03-26 01:15:00,SHORT,4534.44,4543.18,4488.84,TARGET,4.909,WIN,2026-03-26,0,
LiquidityRun,2026-03-26 06:45:00,LONG,4456.35,4437.07,4514.17,STOP,-1.254,LOSS,2026-03-26,0,
LiquidityRun,2026-03-26 18:45:00,LONG,4394.36,4383.86,4425.87,STOP,-1.46,LOSS,2026-03-26,1,StructureSweep
StructureSweep,2026-03-26 20:00:00,LONG,4396.83,4346.59,4479.51,TARGET,1.593,WIN,2026-03-26,1,LiquidityRun
LiquidityRun,2026-03-26 20:15:00,LONG,4404.44,4375.71,4490.65,STOP,-1.168,LOSS,2026-03-26,1,StructureSweep
LiquidityRun,2026-03-27 08:30:00,SHORT,4435.13,4447.12,4399.15,STOP,-1.408,LOSS,2026-03-27,0,
PriorDayLevels,2026-03-27 15:00:00,SHORT,4544.57,4558.2,4350.94,EOD,3.244,WIN,2026-03-27,0,
LiquidityRun,2026-03-27 16:45:00,SHORT,4515.93,4529.19,4476.14,TARGET,2.796,WIN,2026-03-27,0,
Inducement+FVG,2026-03-29 23:30:00,LONG,4452.21,4437.12,4555.42,STOP,-1.324,LOSS,2026-03-29,1,LiquidityRun
LiquidityRun,2026-03-30 01:15:00,LONG,4448.56,4438.23,4479.56,TARGET,2.741,WIN,2026-03-30,1,Inducement+FVG
LiquidityRun,2026-03-30 02:45:00,LONG,4481.26,4469.82,4515.58,TARGET,2.764,WIN,2026-03-30,0,
LiquidityRun,2026-03-30 13:45:00,SHORT,4523.35,4563.41,4403.16,STOP,-1.125,LOSS,2026-03-30,0,
Inducement+FVG,2026-03-30 13:45:00,LONG,4523.35,4510.68,4555.42,TARGET,2.316,WIN,2026-03-30,1,StructureSweep
StructureSweep,2026-03-30 14:00:00,LONG,4533.6,4513.29,4580.72,STOP,-1.245,LOSS,2026-03-30,1,Inducement+FVG
StructureSweep,2026-03-30 14:45:00,LONG,4538.65,4516.82,4580.72,STOP,-1.228,LOSS,2026-03-30,0,
Inducement+FVG,2026-03-30 23:00:00,LONG,4498.65,4486.81,4580.72,STOP,-1.417,LOSS,2026-03-30,0,
StructureSweep,2026-03-31 00:00:00,SHORT,4515.97,4532.77,4492.97,TARGET,1.208,WIN,2026-03-31,0,
LiquidityRun,2026-03-31 02:15:00,SHORT,4582.69,4600.55,4529.09,STOP,-1.283,LOSS,2026-03-31,0,
Inducement+FVG,2026-03-31 10:30:00,LONG,4541.19,4513.72,4619.4,TARGET,2.748,WIN,2026-03-31,0,
PriorDayLevels,2026-03-31 11:00:00,SHORT,4580.72,4594.46,4418.5,STOP,-1.368,LOSS,2026-03-31,1,StructureSweep
StructureSweep,2026-03-31 12:45:00,SHORT,4574.89,4585.8,4529.32,STOP,-1.462,LOSS,2026-03-31,1,PriorDayLevels
LiquidityRun,2026-03-31 20:30:00,SHORT,4668.27,4680.84,4630.54,STOP,-1.409,LOSS,2026-03-31,0,
LiquidityRun,2026-04-01 04:00:00,SHORT,4673.77,4687.56,4632.39,STOP,-1.374,LOSS,2026-04-01,0,
StructureSweep,2026-04-01 05:00:00,LONG,4682.86,4670.08,4724.21,TARGET,3.016,WIN,2026-04-01,0,
LiquidityRun,2026-04-01 09:15:00,SHORT,4719.27,4730.98,4684.15,STOP,-1.444,LOSS,2026-04-01,0,
LiquidityRun,2026-04-01 12:15:00,SHORT,4735.34,4756.91,4670.63,STOP,-1.242,LOSS,2026-04-01,0,
LiquidityRun,2026-04-01 17:30:00,SHORT,4781.93,4791.08,4754.47,TARGET,2.687,WIN,2026-04-01,0,
LiquidityRun,2026-04-02 01:15:00,SHORT,4696.98,4788.13,4423.53,STOP,-1.057,LOSS,2026-04-02,0,
Inducement+FVG,2026-04-02 05:30:00,LONG,4634.08,4614.26,4724.21,STOP,-1.257,LOSS,2026-04-02,0,
Inducement+FVG,2026-04-05 22:00:00,LONG,4630.32,4603.12,4800.29,STOP,-1.187,LOSS,2026-04-05,0,
StructureSweep,2026-04-06 05:15:00,SHORT,4667.12,4683.56,4600.54,STOP,-1.313,LOSS,2026-04-06,0,
StructureSweep,2026-04-06 15:15:00,LONG,4667.11,4650.55,4706.67,STOP,-1.309,LOSS,2026-04-06,0,
Inducement+FVG,2026-04-07 01:00:00,LONG,4640.42,4628.73,4706.67,STOP,-1.436,LOSS,2026-04-07,0,
StructureSweep,2026-04-07 11:15:00,LONG,4647.97,4628.36,4694.58,STOP,-1.26,LOSS,2026-04-07,0,
Inducement+FVG,2026-04-07 14:00:00,LONG,4622.06,4616.96,4706.67,STOP,-1.996,LOSS,2026-04-07,0,
StructureSweep,2026-04-07 17:00:00,SHORT,4668.14,4677.87,4607.25,STOP,-1.529,LOSS,2026-04-07,0,
PriorDayLevels,2026-04-07 19:00:00,SHORT,4706.67,4720.79,4600.54,STOP,-1.368,LOSS,2026-04-07,0,
LiquidityRun,2026-04-08 00:30:00,SHORT,4813.83,4835.43,4749.03,STOP,-1.246,LOSS,2026-04-08,0,
LiquidityRun,2026-04-08 12:00:00,LONG,4805.27,4787.46,4858.7,STOP,-1.296,LOSS,2026-04-08,0,
LiquidityRun,2026-04-08 15:30:00,LONG,4755.62,4744.78,4788.13,STOP,-1.482,LOSS,2026-04-08,0,
LiquidityRun,2026-04-08 19:45:00,LONG,4730.54,4713.86,4780.55,STOP,-1.311,LOSS,2026-04-08,0,
StructureSweep,2026-04-09 02:30:00,SHORT,4732.18,4737.41,4698.43,STOP,-1.997,LOSS,2026-04-09,0,
LiquidityRun,2026-04-09 03:00:00,SHORT,4712.67,4729.89,4661.03,STOP,-1.302,LOSS,2026-04-09,0,
LiquidityRun,2026-04-09 12:15:00,SHORT,4737.41,4755.34,4683.61,STOP,-1.291,LOSS,2026-04-09,0,
LiquidityRun,2026-04-09 18:15:00,SHORT,4782.19,4799.93,4728.94,TARGET,2.839,WIN,2026-04-09,0,
Inducement+FVG,2026-04-10 06:15:00,LONG,4755.25,4748.77,4801.2,STOP,-1.807,LOSS,2026-04-10,0,
Inducement+FVG,2026-04-10 08:45:00,LONG,4740.69,4728.2,4801.2,STOP,-1.417,LOSS,2026-04-10,0,
StructureSweep,2026-04-10 12:00:00,SHORT,4766.56,4774.85,4730.6,STOP,-1.633,LOSS,2026-04-10,0,
StructureSweep,2026-04-10 13:30:00,SHORT,4769.12,4783.51,4730.6,STOP,-1.366,LOSS,2026-04-10,0,
LiquidityRun,2026-04-13 00:00:00,LONG,4672.39,4655.34,4723.56,TARGET,2.835,WIN,2026-04-13,0,
LiquidityRun,2026-04-13 08:45:00,SHORT,4723.48,4734.79,4689.54,STOP,-1.46,LOSS,2026-04-13,0,
StructureSweep,2026-04-13 10:15:00,LONG,4712.3,4703.41,4739.99,STOP,-1.582,LOSS,2026-04-13,0,
StructureSweep,2026-04-13 12:00:00,LONG,4717.21,4698.86,4739.99,TARGET,1.086,WIN,2026-04-13,0,
StructureSweep,2026-04-13 14:00:00,SHORT,4727.26,4736.09,4703.37,TARGET,2.385,WIN,2026-04-13,0,
LiquidityRun,2026-04-13 16:15:00,LONG,4730.43,4711.01,4788.69,TARGET,2.853,WIN,2026-04-13,0,
LiquidityRun,2026-04-14 07:30:00,SHORT,4777.78,4785.69,4754.06,STOP,-1.665,LOSS,2026-04-14,0,
LiquidityRun,2026-04-14 09:30:00,SHORT,4778.32,4785.24,4757.56,STOP,-1.76,LOSS,2026-04-14,0,
StructureSweep,2026-04-14 10:30:00,LONG,4767.21,4747.02,4796.39,TARGET,1.304,WIN,2026-04-14,0,
LiquidityRun,2026-04-14 10:45:00,SHORT,4768.53,4785.28,4718.28,STOP,-1.314,LOSS,2026-04-14,0,
LiquiditySweep,2026-04-14 13:30:00,SHORT,4792.94,4810.51,4758.06,STOP,-1.301,LOSS,2026-04-14,0,
LiquiditySweep,2026-04-14 15:00:00,SHORT,4794.63,4811.14,4762.21,STOP,-1.32,LOSS,2026-04-14,0,
LiquiditySweep,2026-04-15 01:00:00,SHORT,4849.98,4860.02,4762.21,STOP,-1.532,LOSS,2026-04-15,0,
LiquiditySweep,2026-04-15 01:30:00,SHORT,4843.62,4858.44,4762.21,STOP,-1.36,LOSS,2026-04-15,0,
LiquidityRun,2026-04-15 02:30:00,SHORT,4828.36,4849.63,4764.55,STOP,-1.25,LOSS,2026-04-15,0,
StructureSweep,2026-04-15 02:30:00,LONG,4828.36,4816.53,4871.2,STOP,-1.448,LOSS,2026-04-15,0,
Inducement+FVG,2026-04-15 07:00:00,LONG,4815.58,4801.07,4871.2,STOP,-1.364,LOSS,2026-04-15,0,
StructureSweep,2026-04-15 13:30:00,SHORT,4820.54,4830.02,4786.07,STOP,-1.56,LOSS,2026-04-15,0,
StructureSweep,2026-04-15 14:30:00,SHORT,4819.44,4830.58,4786.07,STOP,-1.476,LOSS,2026-04-15,0,
PriorDayLevels,2026-04-16 13:00:00,LONG,4786.07,4771.71,4871.2,EOD,0.021,BE,2026-04-16,1,Inducement+FVG
Inducement+FVG,2026-04-16 14:30:00,LONG,4787.45,4768.91,4838.38,STOP,-1.283,LOSS,2026-04-16,1,PriorDayLevels
PriorDayLevels,2026-04-17 12:00:00,SHORT,4838.38,4852.9,4772.9,STOP,-1.368,LOSS,2026-04-17,0,
StructureSweep,2026-04-17 17:15:00,LONG,4858.31,4848.8,4889.66,STOP,-1.561,LOSS,2026-04-17,0,
LiquidityRun,2026-04-20 00:30:00,LONG,4764.12,4750.55,4804.83,TARGET,2.789,WIN,2026-04-20,1,LiquiditySweep
LiquiditySweep,2026-04-20 00:45:00,LONG,4772.23,4752.35,4798.62,TARGET,1.183,WIN,2026-04-20,1,LiquidityRun
VolProfileReject,2026-04-20 01:00:00,LONG,4793.51,4732.1,4826.01,TARGET,0.482,WIN,2026-04-20,1,Inducement+FVG
LiquidityRun,2026-04-20 01:45:00,LONG,4807.9,4798.67,4835.57,STOP,-1.573,LOSS,2026-04-20,1,VolProfileReject
Inducement+FVG,2026-04-20 04:30:00,LONG,4787.38,4769.49,4889.66,STOP,-1.294,LOSS,2026-04-20,1,VolProfileReject
LiquidityRun,2026-04-20 15:00:00,SHORT,4798.2,4815.31,4746.84,STOP,-1.309,LOSS,2026-04-20,0,
LiquidityRun,2026-04-21 01:15:00,SHORT,4818.32,4826.24,4794.57,TARGET,2.635,WIN,2026-04-21,0,
StructureSweep,2026-04-21 01:30:00,LONG,4813.28,4804.37,4833.05,STOP,-1.593,LOSS,2026-04-21,0,
LiquidityRun,2026-04-21 10:45:00,LONG,4789.5,4779.94,4818.2,STOP,-1.55,LOSS,2026-04-21,1,StructureSweep
LiquidityRun,2026-04-21 11:45:00,LONG,4794.7,4779.56,4840.12,STOP,-1.348,LOSS,2026-04-21,0,
StructureSweep,2026-04-21 12:00:00,SHORT,4791.27,4801.83,4772.67,TARGET,1.489,WIN,2026-04-21,1,LiquidityRun
LiquidityRun,2026-04-21 12:30:00,SHORT,4778.86,4795.72,4728.29,TARGET,2.831,WIN,2026-04-21,1,StructureSweep
StructureSweep,2026-04-21 14:00:00,LONG,4778.57,4768.5,4798.07,STOP,-1.521,LOSS,2026-04-21,1,LiquidityRun
PriorDayLevels,2026-04-21 14:00:00,LONG,4745.03,4730.79,4833.05,STOP,-1.366,LOSS,2026-04-21,0,
LiquidityRun,2026-04-21 19:00:00,LONG,4707.11,4698.85,4731.88,STOP,-1.626,LOSS,2026-04-21,0,
LiquidityRun,2026-04-21 20:15:00,LONG,4705.64,4681.01,4779.54,STOP,-1.209,LOSS,2026-04-21,0,
StructureSweep,2026-04-22 08:30:00,LONG,4755.79,4747.03,4772.36,STOP,-1.596,LOSS,2026-04-22,0,
StructureSweep,2026-04-22 19:00:00,SHORT,4738.67,4748.34,4723.67,TARGET,1.257,WIN,2026-04-22,0,
StructureSweep,2026-04-23 00:30:00,SHORT,4744.72,4756.75,4723.67,TARGET,1.512,WIN,2026-04-23,0,
StructureSweep,2026-04-23 05:30:00,LONG,4701.68,4687.56,4753.76,STOP,-1.365,LOSS,2026-04-23,0,
StructureSweep,2026-04-23 13:45:00,SHORT,4724.23,4745.99,4684.14,TARGET,1.713,WIN,2026-04-23,0,
LiquiditySweep,2026-04-24 04:30:00,LONG,4667.9,4650.59,4711.04,TARGET,2.329,WIN,2026-04-24,1,LiquidityRun
LiquidityRun,2026-04-24 05:00:00,LONG,4673.71,4663.75,4703.59,TARGET,2.718,WIN,2026-04-24,1,LiquiditySweep
LiquidityRun,2026-04-24 12:45:00,SHORT,4700.66,4706.05,4684.49,STOP,-1.96,LOSS,2026-04-24,0,
LiquidityRun,2026-04-24 17:30:00,SHORT,4722.55,4730.31,4699.27,TARGET,2.635,WIN,2026-04-24,0,
LiquidityRun,2026-04-27 01:00:00,LONG,4692.93,4676.85,4741.17,STOP,-1.32,LOSS,2026-04-27,0,
Inducement+FVG,2026-04-27 13:30:00,LONG,4693.08,4676.85,4740.33,STOP,-1.317,LOSS,2026-04-27,1,LiquidityRun
PriorDayLevels,2026-04-27 15:00:00,LONG,4674.85,4660.82,4699.83,EOD,0.858,WIN,2026-04-27,1,LiquidityRun
LiquidityRun,2026-04-27 17:30:00,LONG,4683.03,4673.62,4711.26,STOP,-1.547,LOSS,2026-04-27,2,"Inducement+FVG,PriorDayLevels"
StructureSweep,2026-04-28 02:00:00,LONG,4677.07,4661.79,4701.39,STOP,-1.336,LOSS,2026-04-28,0,
LiquiditySweep,2026-04-28 05:15:00,LONG,4658.15,4644.25,4686.17,STOP,-1.368,LOSS,2026-04-28,0,
LiquidityRun,2026-04-28 16:00:00,LONG,4584.99,4576.8,4609.55,TARGET,2.663,WIN,2026-04-28,0,
LiquidityRun,2026-04-29 01:15:00,SHORT,4580.43,4600.62,4519.85,STOP,-1.25,LOSS,2026-04-29,0,
LiquidityRun,2026-04-29 03:45:00,SHORT,4595.21,4601.73,4575.63,STOP,-1.775,LOSS,2026-04-29,1,StructureSweep
StructureSweep,2026-04-29 04:30:00,SHORT,4602.05,4610.3,4575.79,TARGET,2.847,WIN,2026-04-29,1,LiquidityRun
PriorDayLevels,2026-04-29 09:00:00,LONG,4554.72,4541.05,4701.39,STOP,-1.366,LOSS,2026-04-29,1,LiquiditySweep
LiquidityRun,2026-04-29 09:00:00,LONG,4573.67,4564.18,4602.14,STOP,-1.53,LOSS,2026-04-29,0,
LiquiditySweep,2026-04-29 09:45:00,LONG,4555.72,4544.7,4599.46,STOP,-1.454,LOSS,2026-04-29,1,PriorDayLevels
LiquidityRun,2026-04-29 10:15:00,LONG,4571.53,4557.44,4613.83,STOP,-1.356,LOSS,2026-04-29,0,
LiquidityRun,2026-04-29 14:30:00,LONG,4538.59,4523.77,4583.05,STOP,-1.336,LOSS,2026-04-29,0,
LiquidityRun,2026-04-30 02:30:00,SHORT,4562.42,4579.38,4511.55,STOP,-1.297,LOSS,2026-04-30,0,
PriorDayLevels,2026-04-30 08:00:00,SHORT,4610.39,4624.22,4510.11,STOP,-1.368,LOSS,2026-04-30,0,
LiquidityRun,2026-04-30 13:45:00,SHORT,4610.88,4637.38,4531.36,STOP,-1.192,LOSS,2026-04-30,0,
StructureSweep,2026-05-01 01:15:00,LONG,4616.1,4609.11,4634.03,TARGET,2.168,WIN,2026-05-01,1,Inducement+FVG
Inducement+FVG,2026-05-01 04:45:00,LONG,4609.22,4600.89,4646.96,STOP,-1.607,LOSS,2026-05-01,1,StructureSweep
Inducement+FVG,2026-05-01 07:15:00,LONG,4592.15,4573.9,4646.96,STOP,-1.276,LOSS,2026-05-01,0,
PriorDayLevels,2026-05-01 14:00:00,SHORT,4646.96,4660.9,4540.77,EOD,2.038,WIN,2026-05-01,1,LiquiditySweep
LiquiditySweep,2026-05-01 14:15:00,SHORT,4644.66,4667.15,4614.4,TARGET,1.222,WIN,2026-05-01,2,"LiquidityRun,PriorDayLevels"
LiquidityRun,2026-05-01 14:45:00,SHORT,4631.98,4648.51,4582.39,STOP,-1.309,LOSS,2026-05-01,1,LiquiditySweep
LiquidityRun,2026-05-01 17:30:00,SHORT,4628.21,4642.19,4586.26,TARGET,2.802,WIN,2026-05-01,0,
LiquidityRun,2026-05-04 09:15:00,LONG,4581.14,4575.1,4599.27,STOP,-1.833,LOSS,2026-05-04,0,
LiquidityRun,2026-05-04 10:45:00,LONG,4562.42,4540.6,4627.91,STOP,-1.229,LOSS,2026-05-04,0,
StructureSweep,2026-05-04 14:15:00,SHORT,4571.28,4586.8,4525.72,TARGET,2.76,WIN,2026-05-04,0,
LiquidityRun,2026-05-04 17:15:00,LONG,4524.23,4511.52,4562.33,STOP,-1.391,LOSS,2026-05-04,0,
LiquidityRun,2026-05-04 19:15:00,LONG,4522.37,4511.88,4553.85,STOP,-1.473,LOSS,2026-05-04,0,
LiquidityRun,2026-05-05 10:45:00,SHORT,4543.58,4551.21,4520.69,STOP,-1.656,LOSS,2026-05-05,0,
LiquidityRun,2026-05-05 16:00:00,SHORT,4566.06,4577.09,4532.98,STOP,-1.456,LOSS,2026-05-05,0,
StructureSweep,2026-05-05 19:45:00,LONG,4554.74,4547.05,4586.72,STOP,-1.651,LOSS,2026-05-05,0,
LiquidityRun,2026-05-06 11:45:00,SHORT,4691.94,4710.37,4636.65,STOP,-1.281,LOSS,2026-05-06,0,
TridentKillzone,2026-05-06 12:30:00,LONG,4683.24,4660.14,5145.26,BAIL,1.104,WIN,2026-05-06,0,
LiquidityRun,2026-05-07 00:45:00,SHORT,4688.49,4696.97,4663.06,STOP,-1.609,LOSS,2026-05-07,0,
LiquidityRun,2026-05-07 02:15:00,SHORT,4702.81,4717.05,4660.11,STOP,-1.364,LOSS,2026-05-07,0,
Inducement+FVG,2026-05-07 04:30:00,LONG,4697.8,4683.43,4722.96,TARGET,1.553,WIN,2026-05-07,0,
LiquidityRun,2026-05-07 08:30:00,SHORT,4735.3,4747.07,4699.98,STOP,-1.443,LOSS,2026-05-07,0,
LiquidityRun,2026-05-07 15:30:00,SHORT,4738.74,4759.02,4677.9,TARGET,2.86,WIN,2026-05-07,0,
Inducement+FVG,2026-05-07 16:00:00,LONG,4715.32,4705.64,4753.36,STOP,-1.535,LOSS,2026-05-07,0,
Inducement+FVG,2026-05-07 17:15:00,LONG,4698.88,4686.97,4753.36,STOP,-1.433,LOSS,2026-05-07,0,
Inducement+FVG,2026-05-07 22:00:00,LONG,4691.02,4683.43,4753.36,STOP,-1.679,LOSS,2026-05-07,0,
StructureSweep,2026-05-08 01:00:00,SHORT,4713.81,4723.95,4681.75,STOP,-1.512,LOSS,2026-05-08,0,
StructureSweep,2026-05-08 02:30:00,SHORT,4710.42,4728.14,4681.75,STOP,-1.293,LOSS,2026-05-08,0,
StructureSweep,2026-05-08 08:00:00,LONG,4711.48,4701.94,4734.48,TARGET,2.114,WIN,2026-05-08,0,
Inducement+FVG,2026-05-08 20:00:00,LONG,4718.84,4711.45,4749.58,STOP,-1.701,LOSS,2026-05-08,0,
Inducement+FVG,2026-05-10 22:15:00,LONG,4694.25,4689.01,4764.74,STOP,-1.984,LOSS,2026-05-10,0,
Inducement+FVG,2026-05-11 00:45:00,LONG,4683.42,4665.91,4764.74,STOP,-1.294,LOSS,2026-05-11,0,
LiquidityRun,2026-05-11 06:15:00,LONG,4667.25,4659.47,4690.59,STOP,-1.659,LOSS,2026-05-11,0,
PriorDayLevels,2026-05-11 12:00:00,SHORT,4698.54,4712.63,4678.96,TARGET,1.256,WIN,2026-05-11,0,
LiquidityRun,2026-05-11 14:15:00,SHORT,4725.15,4739.64,4681.7,STOP,-1.36,LOSS,2026-05-11,0,
StructureSweep,2026-05-11 16:45:00,LONG,4716.28,4704.06,4748.57,TARGET,2.41,WIN,2026-05-11,0,
LiquidityRun,2026-05-12 01:00:00,SHORT,4746.01,4762.01,4698.01,TARGET,2.823,WIN,2026-05-12,0,
StructureSweep,2026-05-12 03:45:00,LONG,4720.3,4713.2,4773.58,STOP,-1.731,LOSS,2026-05-12,0,
StructureSweep,2026-05-12 10:00:00,SHORT,4705.08,4713.25,4686.48,TARGET,1.934,WIN,2026-05-12,0,
LiquidityRun,2026-05-12 11:45:00,LONG,4706.73,4695.52,4740.38,STOP,-1.461,LOSS,2026-05-12,0,
PriorDayLevels,2026-05-12 15:00:00,LONG,4648.24,4634.3,4770.0,EOD,4.538,WIN,2026-05-12,1,LiquiditySweep
LiquiditySweep,2026-05-12 15:15:00,LONG,4655.8,4631.03,4680.63,TARGET,0.889,WIN,2026-05-12,1,PriorDayLevels
LiquidityRun,2026-05-12 17:15:00,LONG,4679.46,4669.64,4708.93,TARGET,2.714,WIN,2026-05-12,0,
LiquidityRun,2026-05-12 19:45:00,LONG,4715.78,4699.94,4763.31,STOP,-1.327,LOSS,2026-05-12,0,
StructureSweep,2026-05-13 09:00:00,LONG,4694.6,4688.65,4715.34,STOP,-1.868,LOSS,2026-05-13,2,"Inducement+FVG,LiquidityRun"
Inducement+FVG,2026-05-13 09:15:00,LONG,4688.78,4683.12,4727.04,STOP,-1.911,LOSS,2026-05-13,2,"LiquidityRun,StructureSweep"
StructureSweep,2026-05-13 09:30:00,LONG,4693.92,4681.34,4715.34,STOP,-1.41,LOSS,2026-05-13,2,"Inducement+FVG,LiquidityRun"
LiquidityRun,2026-05-13 10:00:00,LONG,4702.41,4689.86,4740.05,STOP,-1.411,LOSS,2026-05-13,2,"Inducement+FVG,StructureSweep"
Inducement+FVG,2026-05-13 12:45:00,LONG,4683.85,4678.92,4727.04,STOP,-2.044,LOSS,2026-05-13,2,"LiquidityRun,StructureSweep"
LiquidityRun,2026-05-13 13:15:00,LONG,4688.5,4680.69,4711.96,STOP,-1.659,LOSS,2026-05-13,2,"Inducement+FVG,StructureSweep"
LiquidityRun,2026-05-13 15:15:00,LONG,4691.07,4680.25,4723.54,STOP,-1.476,LOSS,2026-05-13,1,Inducement+FVG
StructureSweep,2026-05-13 16:30:00,SHORT,4700.17,4712.49,4669.37,TARGET,2.271,WIN,2026-05-13,0,
LiquidityRun,2026-05-14 04:15:00,LONG,4702.43,4673.18,4790.19,STOP,-1.176,LOSS,2026-05-14,0,
StructureSweep,2026-05-14 05:15:00,SHORT,4693.77,4705.01,4667.9,STOP,-1.46,LOSS,2026-05-14,0,
PriorDayLevels,2026-05-14 13:00:00,LONG,4669.37,4655.36,4727.04,STOP,-1.366,LOSS,2026-05-14,0,
StructureSweep,2026-05-14 14:15:00,LONG,4691.28,4681.91,4709.96,STOP,-1.55,LOSS,2026-05-14,0,
StructureSweep,2026-05-14 18:00:00,LONG,4674.48,4663.98,4709.96,STOP,-1.489,LOSS,2026-05-14,0,
LiquidityRun,2026-05-14 22:15:00,LONG,4658.97,4647.89,4692.22,STOP,-1.462,LOSS,2026-05-14,0,
LiquidityRun,2026-05-15 07:15:00,LONG,4581.57,4569.71,4617.15,STOP,-1.424,LOSS,2026-05-15,0,
LiquidityRun,2026-05-15 10:15:00,LONG,4551.84,4542.27,4580.54,STOP,-1.523,LOSS,2026-05-15,0,
LiquidityRun,2026-05-15 17:15:00,LONG,4557.6,4543.5,4599.91,STOP,-1.355,LOSS,2026-05-15,0,
LiquidityRun,2026-05-18 01:45:00,LONG,4525.53,4505.44,4585.78,TARGET,2.864,WIN,2026-05-18,0,
PriorDayLevels,2026-05-18 11:00:00,LONG,4532.03,4518.43,4554.76,TARGET,1.539,WIN,2026-05-18,0,
PriorDayLevels,2026-05-18 15:00:00,LONG,4532.03,4518.43,4554.76,TARGET,1.539,WIN,2026-05-18,0,
LiquidityRun,2026-05-19 00:30:00,SHORT,4570.92,4581.05,4540.53,TARGET,2.73,WIN,2026-05-19,0,
StructureSweep,2026-05-19 05:15:00,LONG,4538.59,4526.13,4589.29,STOP,-1.4,LOSS,2026-05-19,0,
Inducement+FVG,2026-05-19 13:00:00,LONG,4524.52,4509.37,4589.29,STOP,-1.328,LOSS,2026-05-19,0,
PriorDayLevels,2026-05-19 13:00:00,LONG,4480.27,4466.82,4588.92,STOP,-1.366,LOSS,2026-05-19,0,
PriorDayLevels,2026-05-19 22:00:00,LONG,4480.27,4466.82,4588.92,EOD,0.316,WIN,2026-05-19,0,
LiquidityRun,2026-05-20 05:15:00,LONG,4468.39,4458.85,4497.01,TARGET,2.718,WIN,2026-05-20,0,
StructureSweep,2026-05-20 18:30:00,SHORT,4537.1,4548.05,4467.01,STOP,-1.457,LOSS,2026-05-20,0,
Inducement+FVG,2026-05-20 23:15:00,LONG,4538.25,4529.58,4552.98,TARGET,1.384,WIN,2026-05-20,1,StructureSweep
LiquidityRun,2026-05-21 02:15:00,SHORT,4540.38,4563.62,4470.65,STOP,-1.216,LOSS,2026-05-21,0,
StructureSweep,2026-05-21 02:30:00,LONG,4536.41,4529.23,4550.46,STOP,-1.695,LOSS,2026-05-21,1,Inducement+FVG
StructureSweep,2026-05-21 04:00:00,LONG,4536.03,4522.64,4571.02,STOP,-1.372,LOSS,2026-05-21,0,
Inducement+FVG,2026-05-21 07:15:00,LONG,4512.78,4506.38,4552.98,STOP,-1.774,LOSS,2026-05-21,0,
StructureSweep,2026-05-21 09:15:00,SHORT,4537.03,4546.94,4511.59,TARGET,2.293,WIN,2026-05-21,0,
Inducement+FVG,2026-05-21 12:15:00,LONG,4506.88,4480.7,4571.02,TARGET,2.346,WIN,2026-05-21,0,
PriorDayLevels,2026-05-21 17:00:00,SHORT,4552.98,4566.64,4453.4,EOD,0.929,WIN,2026-05-21,0,
StructureSweep,2026-05-22 11:30:00,LONG,4521.5,4506.86,4536.85,STOP,-1.339,LOSS,2026-05-22,0,
StructureSweep,2026-05-25 05:30:00,LONG,4556.73,4548.11,4579.98,TARGET,2.379,WIN,2026-05-25,0,
LiquidityRun,2026-05-25 17:30:00,SHORT,4566.86,4577.69,4534.36,STOP,-1.464,LOSS,2026-05-25,0,
PriorDayLevels,2026-05-25 23:00:00,SHORT,4579.98,4593.72,4543.32,EOD,1.111,WIN,2026-05-25,1,LiquiditySweep
LiquiditySweep,2026-05-25 23:15:00,SHORT,4568.34,4587.21,4563.09,TARGET,0.133,WIN,2026-05-25,2,"LiquidityRun,PriorDayLevels"
LiquidityRun,2026-05-25 23:30:00,SHORT,4556.34,4578.23,4490.68,TARGET,2.876,WIN,2026-05-25,1,LiquiditySweep
LiquiditySweep,2026-05-26 18:15:00,LONG,4495.07,4479.64,4511.4,TARGET,0.883,WIN,2026-05-26,1,LiquidityRun
LiquidityRun,2026-05-26 18:30:00,LONG,4495.92,4488.85,4517.14,TARGET,2.618,WIN,2026-05-26,1,LiquiditySweep
StructureSweep,2026-05-26 22:45:00,SHORT,4511.09,4516.99,4482.24,STOP,-1.842,LOSS,2026-05-26,0,
StructureSweep,2026-05-27 04:00:00,LONG,4502.79,4491.24,4527.94,STOP,-1.428,LOSS,2026-05-27,0,
LiquidityRun,2026-05-27 08:15:00,LONG,4488.87,4479.55,4516.84,STOP,-1.529,LOSS,2026-05-27,0,
LiquidityRun,2026-05-27 12:30:00,LONG,4447.07,4433.01,4489.26,STOP,-1.347,LOSS,2026-05-27,0,
LiquidityRun,2026-05-27 14:00:00,LONG,4447.91,4421.13,4528.24,STOP,-1.182,LOSS,2026-05-27,0,
StructureSweep,2026-05-27 18:30:00,SHORT,4453.46,4460.65,4401.28,STOP,-1.682,LOSS,2026-05-27,0,
StructureSweep,2026-05-28 00:30:00,LONG,4451.79,4438.8,4465.31,STOP,-1.376,LOSS,2026-05-28,0,
LiquidityRun,2026-05-28 05:45:00,LONG,4388.07,4375.64,4425.37,STOP,-1.387,LOSS,2026-05-28,0,
StructureSweep,2026-05-28 07:15:00,SHORT,4392.72,4400.86,4366.23,STOP,-1.595,LOSS,2026-05-28,0,
LiquidityRun,2026-05-28 07:15:00,LONG,4392.72,4380.3,4429.99,STOP,-1.388,LOSS,2026-05-28,0,
LiquidityRun,2026-05-28 18:45:00,SHORT,4501.11,4509.74,4475.24,STOP,-1.575,LOSS,2026-05-28,0,
LiquidityRun,2026-05-29 03:15:00,SHORT,4496.67,4505.74,4469.44,STOP,-1.546,LOSS,2026-05-29,0,
LiquidityRun,2026-05-29 08:15:00,SHORT,4517.17,4526.52,4489.11,STOP,-1.532,LOSS,2026-05-29,0,
LiquidityRun,2026-05-29 11:15:00,SHORT,4528.1,4539.74,4493.2,STOP,-1.429,LOSS,2026-05-29,1,LiquiditySweep
LiquiditySweep,2026-05-29 14:15:00,SHORT,4529.92,4551.88,4512.51,STOP,-1.228,LOSS,2026-05-29,1,LiquidityRun
LiquidityRun,2026-05-29 15:45:00,SHORT,4571.2,4582.48,4537.37,TARGET,2.757,WIN,2026-05-29,0,
Inducement+FVG,2026-06-01 04:45:00,LONG,4514.52,4500.81,4595.19,STOP,-1.361,LOSS,2026-06-01,1,LiquidityRun
LiquidityRun,2026-06-01 05:15:00,LONG,4520.49,4510.68,4549.93,STOP,-1.506,LOSS,2026-06-01,1,Inducement+FVG
Inducement+FVG,2026-06-01 07:00:00,LONG,4507.35,4496.91,4595.19,STOP,-1.474,LOSS,2026-06-01,1,LiquidityRun
Inducement+FVG,2026-06-01 13:00:00,LONG,4483.9,4477.89,4595.19,STOP,-1.82,LOSS,2026-06-01,0,
LiquidityRun,2026-06-01 15:15:00,LONG,4468.1,4456.7,4502.32,TARGET,2.764,WIN,2026-06-01,0,
StructureSweep,2026-06-02 02:00:00,LONG,4480.34,4467.55,4497.19,TARGET,1.107,WIN,2026-06-02,0,
Inducement+FVG,2026-06-02 12:45:00,LONG,4514.8,4506.59,4595.19,STOP,-1.605,LOSS,2026-06-02,0,
LiquidityRun,2026-06-03 00:30:00,LONG,4495.7,4475.11,4557.47,STOP,-1.239,LOSS,2026-06-03,0,
StructureSweep,2026-06-03 00:45:00,SHORT,4486.21,4500.5,4462.06,TARGET,1.503,WIN,2026-06-03,0,
LiquidityRun,2026-06-03 03:15:00,LONG,4483.35,4477.66,4500.4,STOP,-1.867,LOSS,2026-06-03,0,
LiquidityRun,2026-06-03 10:15:00,LONG,4459.74,4443.57,4508.27,STOP,-1.303,LOSS,2026-06-03,0,
LiquidityRun,2026-06-03 17:00:00,LONG,4441.96,4436.24,4459.13,STOP,-1.853,LOSS,2026-06-03,0,
StructureSweep,2026-06-03 22:30:00,LONG,4436.92,4429.38,4452.19,TARGET,1.672,WIN,2026-06-03,1,LiquidityRun
LiquidityRun,2026-06-03 22:45:00,LONG,4448.67,4430.92,4501.89,TARGET,2.849,WIN,2026-06-03,1,StructureSweep
PriorDayLevels,2026-06-04 11:00:00,SHORT,4496.78,4510.27,4423.59,STOP,-1.368,LOSS,2026-06-04,1,LiquidityRun
LiquidityRun,2026-06-04 14:00:00,SHORT,4487.82,4506.54,4431.66,TARGET,2.857,WIN,2026-06-04,1,PriorDayLevels
StructureSweep,2026-06-04 14:45:00,LONG,4465.82,4452.72,4514.73,STOP,-1.374,LOSS,2026-06-04,0,
Inducement+FVG,2026-06-05 01:30:00,LONG,4446.14,4436.01,4515.52,STOP,-1.482,LOSS,2026-06-05,0,
Inducement+FVG,2026-06-05 06:00:00,LONG,4436.56,4430.92,4515.52,STOP,-1.865,LOSS,2026-06-05,0,
StructureSweep,2026-06-05 06:30:00,SHORT,4448.28,4454.59,4435.09,STOP,-1.777,LOSS,2026-06-05,0,
Inducement+FVG,2026-06-05 11:15:00,LONG,4465.85,4451.65,4515.52,STOP,-1.345,LOSS,2026-06-05,0,
PriorDayLevels,2026-06-05 12:00:00,LONG,4443.03,4429.7,4515.52,STOP,-1.366,LOSS,2026-06-05,0,
LiquidityRun,2026-06-05 17:00:00,LONG,4339.42,4328.0,4373.68,STOP,-1.417,LOSS,2026-06-05,0,
LiquidityRun,2026-06-05 20:30:00,LONG,4323.99,4314.54,4352.36,STOP,-1.502,LOSS,2026-06-05,0,
LiquidityRun,2026-06-07 23:15:00,LONG,4334.21,4322.48,4369.42,STOP,-1.406,LOSS,2026-06-07,0,
StructureSweep,2026-06-08 00:30:00,SHORT,4345.12,4356.72,4310.13,TARGET,2.794,WIN,2026-06-08,0,
LiquidityRun,2026-06-08 04:00:00,LONG,4318.53,4305.54,4357.49,STOP,-1.365,LOSS,2026-06-08,0,
LiquiditySweep,2026-06-08 06:00:00,LONG,4303.84,4285.42,4321.82,STOP,-1.256,LOSS,2026-06-08,1,LiquidityRun
LiquidityRun,2026-06-08 06:15:00,LONG,4305.97,4291.46,4349.51,STOP,-1.326,LOSS,2026-06-08,1,LiquiditySweep
LiquidityRun,2026-06-08 14:00:00,SHORT,4319.28,4335.31,4271.19,STOP,-1.297,LOSS,2026-06-08,0,
LiquidityRun,2026-06-09 01:15:00,LONG,4335.44,4316.75,4391.49,STOP,-1.255,LOSS,2026-06-09,0,
StructureSweep,2026-06-09 04:00:00,SHORT,4332.39,4343.57,4312.78,STOP,-1.427,LOSS,2026-06-09,0,
StructureSweep,2026-06-09 07:15:00,LONG,4330.91,4318.59,4351.53,TARGET,1.462,WIN,2026-06-09,0,
PriorDayLevels,2026-06-09 13:00:00,SHORT,4353.37,4366.43,4268.25,TARGET,6.386,WIN,2026-06-09,0,
LiquiditySweep,2026-06-09 15:30:00,LONG,4279.88,4256.58,4316.88,STOP,-1.201,LOSS,2026-06-09,1,PriorDayLevels
PriorDayLevels,2026-06-09 16:00:00,LONG,4268.25,4255.45,4353.37,STOP,-1.366,LOSS,2026-06-09,2,"LiquidityRun,LiquiditySweep"
LiquidityRun,2026-06-09 17:15:00,LONG,4262.96,4249.72,4302.7,STOP,-1.353,LOSS,2026-06-09,1,PriorDayLevels
LiquidityRun,2026-06-10 05:30:00,LONG,4197.98,4176.23,4263.23,STOP,-1.212,LOSS,2026-06-10,0,
LiquiditySweep,2026-06-10 08:15:00,LONG,4172.16,4159.69,4221.92,STOP,-1.367,LOSS,2026-06-10,0,
LiquidityRun,2026-06-10 13:45:00,LONG,4179.36,4147.3,4275.55,STOP,-1.143,LOSS,2026-06-10,0,
StructureSweep,2026-06-10 13:45:00,SHORT,4179.36,4190.56,4128.49,TARGET,4.32,WIN,2026-06-10,0,
LiquidityRun,2026-06-10 23:30:00,LONG,4056.1,4049.84,4074.88,STOP,-1.712,LOSS,2026-06-10,0,
LiquidityRun,2026-06-11 01:15:00,LONG,4104.64,4073.91,4196.81,STOP,-1.146,LOSS,2026-06-11,0,
StructureSweep,2026-06-11 15:45:00,SHORT,4088.66,4099.51,4052.84,STOP,-1.415,LOSS,2026-06-11,0,
PriorDayLevels,2026-06-11 22:00:00,SHORT,4228.48,4241.17,4023.76,STOP,-1.368,LOSS,2026-06-11,0,
StructureSweep,2026-06-12 00:45:00,LONG,4208.33,4196.5,4246.42,STOP,-1.39,LOSS,2026-06-12,0,
LiquidityRun,2026-06-12 01:15:00,SHORT,4180.96,4204.9,4109.14,STOP,-1.193,LOSS,2026-06-12,0,
LiquidityRun,2026-06-12 08:00:00,LONG,4203.64,4180.5,4273.06,STOP,-1.199,LOSS,2026-06-12,1,Inducement+FVG
StructureSweep,2026-06-12 08:00:00,SHORT,4203.64,4209.27,4170.76,STOP,-1.822,LOSS,2026-06-12,0,
Inducement+FVG,2026-06-12 11:30:00,LONG,4209.6,4189.85,4246.42,STOP,-1.234,LOSS,2026-06-12,1,LiquidityRun
Inducement+FVG,2026-06-12 13:00:00,LONG,4198.39,4180.5,4246.42,STOP,-1.257,LOSS,2026-06-12,0,
StructureSweep,2026-06-12 15:30:00,SHORT,4211.09,4232.81,4170.06,STOP,-1.214,LOSS,2026-06-12,0,
LiquidityRun,2026-06-14 23:15:00,SHORT,4283.1,4289.01,4265.36,STOP,-1.798,LOSS,2026-06-14,0,
LiquidityRun,2026-06-15 05:45:00,SHORT,4310.17,4330.45,4249.34,STOP,-1.235,LOSS,2026-06-15,0,
LiquiditySweep,2026-06-15 08:45:00,SHORT,4334.33,4349.51,4300.62,STOP,-1.315,LOSS,2026-06-15,0,
LiquidityRun,2026-06-15 16:15:00,SHORT,4343.17,4359.27,4294.89,STOP,-1.298,LOSS,2026-06-15,0,
Inducement+FVG,2026-06-15 17:30:00,LONG,4321.98,4313.19,4335.56,STOP,-1.54,LOSS,2026-06-15,1,StructureSweep
StructureSweep,2026-06-15 18:15:00,LONG,4324.8,4318.35,4369.3,STOP,-1.736,LOSS,2026-06-15,1,Inducement+FVG
Inducement+FVG,2026-06-15 20:30:00,LONG,4309.8,4305.33,4335.56,TARGET,5.181,WIN,2026-06-15,0,
Inducement+FVG,2026-06-16 11:30:00,LONG,4338.83,4331.17,4369.3,STOP,-1.622,LOSS,2026-06-16,1,StructureSweep
StructureSweep,2026-06-16 13:15:00,LONG,4335.19,4328.68,4349.47,STOP,-1.732,LOSS,2026-06-16,1,Inducement+FVG
Inducement+FVG,2026-06-16 14:30:00,LONG,4324.17,4315.86,4369.3,TARGET,5.115,WIN,2026-06-16,1,StructureSweep
StructureSweep,2026-06-17 01:30:00,SHORT,4339.68,4348.4,4328.36,TARGET,1.0,WIN,2026-06-17,0,
PriorDayLevels,2026-06-17 14:00:00,SHORT,4354.99,4368.06,4306.68,STOP,-1.368,LOSS,2026-06-17,1,LiquidityRun
LiquidityRun,2026-06-17 16:45:00,SHORT,4359.61,4364.77,4344.11,STOP,-1.929,LOSS,2026-06-17,1,PriorDayLevels
PriorDayLevels,2026-06-17 18:00:00,LONG,4306.68,4293.76,4354.99,STOP,-1.366,LOSS,2026-06-17,0,
LiquidityRun,2026-06-17 18:15:00,SHORT,4292.5,4378.55,4034.35,TARGET,2.971,WIN,2026-06-17,0,
VolProfileReject,2026-06-17 18:30:00,SHORT,4323.38,4386.82,4313.55,TARGET,0.114,WIN,2026-06-17,0,
PriorDayLevels,2026-06-18 16:00:00,LONG,4218.83,4206.18,4382.44,STOP,-1.366,LOSS,2026-06-18,1,LiquiditySweep
LiquiditySweep,2026-06-18 19:30:00,LONG,4213.88,4194.91,4233.19,STOP,-1.244,LOSS,2026-06-18,1,PriorDayLevels
StructureSweep,2026-06-21 23:30:00,LONG,4145.77,4137.63,4183.04,STOP,-1.56,LOSS,2026-06-21,0,
StructureSweep,2026-06-22 13:00:00,LONG,4194.14,4184.47,4215.31,STOP,-1.476,LOSS,2026-06-22,1,Inducement+FVG
Inducement+FVG,2026-06-22 13:30:00,LONG,4191.08,4177.95,4221.17,STOP,-1.35,LOSS,2026-06-22,1,StructureSweep
StructureSweep,2026-06-22 14:30:00,LONG,4193.09,4182.17,4215.31,STOP,-1.422,LOSS,2026-06-22,1,Inducement+FVG
StructureSweep,2026-06-22 19:00:00,SHORT,4191.2,4197.61,4169.63,STOP,-1.72,LOSS,2026-06-22,0,
StructureSweep,2026-06-23 14:15:00,SHORT,4132.49,4147.16,4090.63,TARGET,2.685,WIN,2026-06-23,0,
LiquidityRun,2026-06-24 13:45:00,LONG,4038.26,3973.39,4232.88,STOP,-1.068,LOSS,2026-06-24,0,
LiquidityRun,2026-06-24 20:15:00,LONG,3999.84,3986.87,4038.75,STOP,-1.338,LOSS,2026-06-24,0,
StructureSweep,2026-06-25 00:00:00,SHORT,4005.66,4020.48,3958.81,STOP,-1.298,LOSS,2026-06-25,0,
LiquidityRun,2026-06-25 16:45:00,SHORT,4028.85,4040.94,3992.56,STOP,-1.367,LOSS,2026-06-25,0,
LiquidityRun,2026-06-25 19:45:00,SHORT,4026.64,4039.38,3988.41,TARGET,2.811,WIN,2026-06-25,0,
Inducement+FVG,2026-06-26 02:30:00,LONG,3992.37,3982.14,4044.22,TARGET,4.837,WIN,2026-06-26,0,
StructureSweep,2026-06-26 07:00:00,SHORT,4027.51,4038.08,3982.88,STOP,-1.42,LOSS,2026-06-26,0,
PriorDayLevels,2026-06-26 09:00:00,SHORT,4044.22,4056.35,3962.36,STOP,-1.368,LOSS,2026-06-26,0,
LiquidityRun,2026-06-26 17:45:00,SHORT,4074.64,4084.32,4045.6,STOP,-1.464,LOSS,2026-06-26,0,
StructureSweep,2026-06-28 22:45:00,LONG,4066.36,4058.1,4096.05,STOP,-1.54,LOSS,2026-06-28,0,
StructureSweep,2026-06-29 03:15:00,SHORT,4072.23,4079.79,4048.26,TARGET,2.85,WIN,2026-06-29,0,
LiquidityRun,2026-06-29 06:00:00,LONG,4059.52,4047.42,4095.82,STOP,-1.368,LOSS,2026-06-29,0,
LiquiditySweep,2026-06-30 01:15:00,LONG,3978.92,3944.25,4001.16,TARGET,0.572,WIN,2026-06-30,1,LiquidityRun
LiquidityRun,2026-06-30 04:00:00,LONG,3972.38,3963.11,4000.2,TARGET,2.742,WIN,2026-06-30,1,LiquiditySweep
LiquidityRun,2026-06-30 08:45:00,SHORT,4015.59,4024.11,3990.05,STOP,-1.52,LOSS,2026-06-30,0,
LiquidityRun,2026-06-30 12:15:00,SHORT,4016.97,4034.3,3964.98,STOP,-1.256,LOSS,2026-06-30,0,
StructureSweep,2026-06-30 15:00:00,SHORT,4035.82,4043.57,4008.56,TARGET,3.203,WIN,2026-06-30,1,LiquidityRun
LiquidityRun,2026-06-30 15:00:00,SHORT,4035.82,4048.94,3996.45,TARGET,2.816,WIN,2026-06-30,1,StructureSweep
Inducement+FVG,2026-07-01 01:00:00,LONG,3984.2,3977.76,4063.33,STOP,-1.679,LOSS,2026-07-01,0,
LiquidityRun,2026-07-01 09:45:00,LONG,3984.28,3976.35,4008.09,TARGET,2.698,WIN,2026-07-01,0,
PriorDayLevels,2026-07-01 13:00:00,SHORT,4063.33,4075.52,3942.1,STOP,-1.368,LOSS,2026-07-01,1,LiquidityRun
LiquiditySweep,2026-07-01 13:45:00,SHORT,4089.58,4114.19,4064.42,STOP,-1.183,LOSS,2026-07-01,0,
LiquidityRun,2026-07-01 16:45:00,SHORT,4070.96,4084.46,4030.45,TARGET,2.82,WIN,2026-07-01,1,PriorDayLevels
LiquidityRun,2026-07-02 04:30:00,SHORT,4063.45,4072.15,4037.36,STOP,-1.515,LOSS,2026-07-02,0,
StructureSweep,2026-07-02 11:00:00,LONG,4063.15,4053.18,4080.21,TARGET,1.468,WIN,2026-07-02,0,
PriorDayLevels,2026-07-02 12:00:00,SHORT,4115.7,4128.05,3959.96,STOP,-1.368,LOSS,2026-07-02,0,
LiquidityRun,2026-07-02 16:15:00,SHORT,4116.4,4128.18,4081.06,STOP,-1.385,LOSS,2026-07-02,0,
LiquidityRun,2026-07-03 06:00:00,SHORT,4162.37,4177.18,4117.95,STOP,-1.31,LOSS,2026-07-03,0,
LiquidityRun,2026-07-03 15:00:00,LONG,4172.34,4163.11,4200.0,STOP,-1.497,LOSS,2026-07-03,0,
LiquidityRun,2026-07-03 16:30:00,LONG,4170.05,4161.8,4194.8,TARGET,2.696,WIN,2026-07-03,0,
LiquidityRun,2026-07-05 23:30:00,LONG,4196.25,4187.4,4222.79,STOP,-1.521,LOSS,2026-07-05,0,
LiquidityRun,2026-07-06 00:00:00,SHORT,4175.02,4197.59,4107.3,STOP,-1.204,LOSS,2026-07-06,0,
StructureSweep,2026-07-06 02:30:00,LONG,4172.5,4164.24,4202.27,STOP,-1.555,LOSS,2026-07-06,0,
LiquidityRun,2026-07-06 03:15:00,SHORT,4165.7,4173.91,4141.05,TARGET,2.696,WIN,2026-07-06,0,
Inducement+FVG,2026-07-06 05:45:00,LONG,4148.05,4135.64,4195.51,STOP,-1.367,LOSS,2026-07-06,0,
LiquidityRun,2026-07-06 10:15:00,LONG,4148.69,4140.59,4173.0,STOP,-1.562,LOSS,2026-07-06,0,
LiquidityRun,2026-07-06 15:15:00,LONG,4150.47,4134.12,4199.54,STOP,-1.278,LOSS,2026-07-06,0,
StructureSweep,2026-07-06 17:15:00,SHORT,4155.53,4163.79,4128.46,STOP,-1.554,LOSS,2026-07-06,0,
StructureSweep,2026-07-06 19:00:00,SHORT,4159.29,4169.72,4128.46,TARGET,2.716,WIN,2026-07-06,0,
LiquidityRun,2026-07-07 08:15:00,LONG,4138.49,4129.56,4165.28,STOP,-1.509,LOSS,2026-07-07,0,
LiquidityRun,2026-07-07 15:15:00,SHORT,4143.17,4155.9,4105.0,TARGET,2.805,WIN,2026-07-07,0,
PriorDayLevels,2026-07-07 18:00:00,LONG,4128.46,4116.08,4203.19,STOP,-1.366,LOSS,2026-07-07,0,
LiquidityRun,2026-07-07 19:45:00,LONG,4114.03,4102.48,4148.68,STOP,-1.391,LOSS,2026-07-07,0,
LiquidityRun,2026-07-08 00:45:00,LONG,4111.65,4104.05,4134.44,STOP,-1.595,LOSS,2026-07-08,0,
PriorDayLevels,2026-07-08 08:00:00,LONG,4092.05,4079.78,4180.51,STOP,-1.366,LOSS,2026-07-08,0,
LiquidityRun,2026-07-08 10:30:00,LONG,4057.15,4044.43,4095.29,STOP,-1.35,LOSS,2026-07-08,0,
LiquidityRun,2026-07-08 11:45:00,LONG,4061.99,4050.4,4096.77,STOP,-1.385,LOSS,2026-07-08,0,
LiquiditySweep,2026-07-08 14:45:00,LONG,4040.9,4027.67,4086.56,STOP,-1.335,LOSS,2026-07-08,0,
LiquiditySweep,2026-07-08 16:15:00,LONG,4043.57,4031.51,4086.56,TARGET,3.362,WIN,2026-07-08,0,
LiquidityRun,2026-07-08 16:45:00,LONG,4063.56,4041.09,4130.97,TARGET,2.891,WIN,2026-07-08,0,
StructureSweep,2026-07-08 18:45:00,SHORT,4084.18,4095.69,4021.65,STOP,-1.391,LOSS,2026-07-08,0,
PriorDayLevels,2026-07-09 14:00:00,SHORT,4134.08,4146.48,4021.65,EOD,0.483,WIN,2026-07-09,1,LiquidityRun
LiquidityRun,2026-07-09 17:00:00,SHORT,4127.58,4135.81,4102.91,STOP,-1.553,LOSS,2026-07-09,1,PriorDayLevels
LiquidityRun,2026-07-09 18:15:00,SHORT,4123.98,4135.93,4088.12,TARGET,2.794,WIN,2026-07-09,0,
Inducement+FVG,2026-07-10 13:15:00,LONG,4087.44,4080.19,4138.14,STOP,-1.62,LOSS,2026-07-10,1,StructureSweep
StructureSweep,2026-07-10 13:30:00,LONG,4098.46,4082.71,4117.59,STOP,-1.286,LOSS,2026-07-10,2,"Inducement+FVG,LiquidityRun"
StructureSweep,2026-07-10 15:00:00,LONG,4097.63,4087.03,4117.59,TARGET,1.65,WIN,2026-07-10,2,"Inducement+FVG,LiquidityRun"
LiquidityRun,2026-07-10 15:30:00,LONG,4106.18,4096.95,4133.88,STOP,-1.488,LOSS,2026-07-10,1,StructureSweep
LiquidityRun,2026-07-12 23:45:00,LONG,4084.31,4071.22,4123.59,STOP,-1.342,LOSS,2026-07-12,0,
LiquidityRun,2026-07-13 06:30:00,LONG,4060.02,4052.05,4083.93,STOP,-1.56,LOSS,2026-07-13,0,
LiquidityRun,2026-07-13 08:00:00,LONG,4073.77,4058.89,4118.4,STOP,-1.3,LOSS,2026-07-13,0,
StructureSweep,2026-07-13 09:15:00,SHORT,4072.53,4080.82,4043.71,TARGET,3.181,WIN,2026-07-13,0,
LiquidityRun,2026-07-13 18:45:00,LONG,4001.35,3992.86,4026.8,STOP,-1.518,LOSS,2026-07-13,0,
LiquiditySweep,2026-07-14 00:00:00,LONG,3995.34,3977.33,4006.53,TARGET,0.488,WIN,2026-07-14,1,LiquidityRun
LiquidityRun,2026-07-14 00:45:00,LONG,4004.06,3993.04,4037.13,STOP,-1.399,LOSS,2026-07-14,1,LiquiditySweep
LiquidityRun,2026-07-14 02:00:00,LONG,4016.47,4000.1,4065.56,TARGET,2.852,WIN,2026-07-14,0,
PriorDayLevels,2026-07-14 12:00:00,SHORT,4091.18,4103.46,3986.41,EOD,2.737,WIN,2026-07-14,0,
LiquidityRun,2026-07-14 15:45:00,SHORT,4066.39,4086.35,4006.51,TARGET,2.878,WIN,2026-07-14,0,
Inducement+FVG,2026-07-15 05:15:00,LONG,4024.98,4020.09,4103.23,STOP,-1.905,LOSS,2026-07-15,0,
StructureSweep,2026-07-16 09:15:00,SHORT,4033.21,4041.9,4022.8,TARGET,0.919,WIN,2026-07-16,0,
PriorDayLevels,2026-07-16 12:00:00,LONG,4017.3,4005.25,4081.5,STOP,-1.366,LOSS,2026-07-16,1,LiquidityRun
LiquiditySweep,2026-07-16 13:00:00,LONG,3992.15,3967.52,4006.53,TARGET,0.487,WIN,2026-07-16,0,
LiquidityRun,2026-07-16 15:30:00,LONG,4010.44,3994.59,4057.97,STOP,-1.278,LOSS,2026-07-16,1,PriorDayLevels
LiquidityRun,2026-07-17 00:00:00,LONG,3983.77,3978.0,4001.07,STOP,-1.759,LOSS,2026-07-17,0,
StructureSweep,2026-07-17 03:45:00,SHORT,3991.24,4002.71,3970.41,STOP,-1.384,LOSS,2026-07-17,0,
PriorDayLevels,2026-07-17 12:00:00,LONG,3969.11,3957.2,4061.33,EOD,3.7,WIN,2026-07-17,1,LiquiditySweep
LiquiditySweep,2026-07-17 12:30:00,LONG,3969.84,3959.42,3996.18,STOP,-1.418,LOSS,2026-07-17,1,PriorDayLevels
LiquiditySweep,2026-07-17 13:30:00,LONG,3985.25,3957.6,3996.18,TARGET,0.309,WIN,2026-07-17,1,LiquidityRun
LiquidityRun,2026-07-17 13:45:00,LONG,3997.13,3971.29,4074.65,TARGET,2.907,WIN,2026-07-17,1,LiquiditySweep
StructureSweep,2026-07-17 14:15:00,SHORT,3998.6,4008.59,3959.36,STOP,-1.441,LOSS,2026-07-17,0,
StructureSweep,2026-07-20 16:00:00,SHORT,4013.56,4022.5,3998.15,STOP,-1.494,LOSS,2026-07-20,0,
LiquidityRun,2026-07-21 07:15:00,SHORT,4069.65,4081.0,4035.61,STOP,-1.395,LOSS,2026-07-21,0,
LiquiditySweep,2026-07-21 18:15:00,SHORT,4084.01,4093.62,4059.07,STOP,-1.468,LOSS,2026-07-21,1,LiquidityRun
LiquidityRun,2026-07-21 20:45:00,SHORT,4077.93,4085.5,4055.23,STOP,-1.593,LOSS,2026-07-21,1,LiquiditySweep
LiquidityRun,2026-07-22 03:45:00,SHORT,4130.93,4140.71,4101.57,STOP,-1.465,LOSS,2026-07-22,0,
Inducement+FVG,2026-07-22 12:45:00,LONG,4112.98,4095.53,4141.75,TARGET,1.506,WIN,2026-07-22,0,
LiquidityRun,2026-07-22 14:30:00,SHORT,4150.88,4157.42,4131.27,STOP,-1.699,LOSS,2026-07-22,0,
LiquidityRun,2026-07-22 16:15:00,SHORT,4149.13,4162.5,4109.02,TARGET,2.814,WIN,2026-07-22,0,
StructureSweep,2026-07-23 02:30:00,LONG,4122.11,4109.69,4140.98,STOP,-1.364,LOSS,2026-07-23,0,
Inducement+FVG,2026-07-23 07:00:00,LONG,4106.57,4095.53,4166.0,STOP,-1.408,LOSS,2026-07-23,0,
Inducement+FVG,2026-07-23 07:45:00,LONG,4095.53,4079.0,4141.75,STOP,-1.272,LOSS,2026-07-23,0,
PriorDayLevels,2026-07-23 11:00:00,LONG,4076.63,4064.4,4166.0,STOP,-1.366,LOSS,2026-07-23,0,
LiquidityRun,2026-07-23 14:30:00,LONG,4056.88,4047.31,4085.58,STOP,-1.466,LOSS,2026-07-23,0,
LiquidityRun,2026-07-23 18:30:00,LONG,4046.37,4040.21,4064.86,STOP,-1.722,LOSS,2026-07-23,0,
LiquidityRun,2026-07-24 06:15:00,LONG,4036.34,4025.14,4069.93,TARGET,2.783,WIN,2026-07-24,0,
VolProfileReject,2026-07-24 07:15:00,LONG,4048.61,4018.2,4136.21,STOP,-1.146,LOSS,2026-07-24,0,
StructureSweep,2026-07-24 07:15:00,SHORT,4048.61,4054.97,4021.84,STOP,-1.701,LOSS,2026-07-24,0,
LiquidityRun,2026-07-24 16:30:00,SHORT,4067.84,4078.36,4036.27,STOP,-1.426,LOSS,2026-07-24,0,
LiquidityRun,2026-07-26 23:15:00,SHORT,4084.74,4092.95,4060.13,STOP,-1.548,LOSS,2026-07-26,0,
LiquidityRun,2026-07-27 02:45:00,SHORT,4093.75,4105.98,4057.06,STOP,-1.369,LOSS,2026-07-27,0,
StructureSweep,2026-07-27 05:45:00,LONG,4092.99,4080.27,4116.17,STOP,-1.353,LOSS,2026-07-27,0,
PriorDayLevels,2026-07-27 12:00:00,LONG,4083.58,4071.33,4096.55,TARGET,0.925,WIN,2026-07-27,1,LiquidityRun
LiquidityRun,2026-07-27 15:00:00,LONG,4075.84,4066.69,4103.29,STOP,-1.489,LOSS,2026-07-27,1,PriorDayLevels
StructureSweep,2026-07-27 16:30:00,SHORT,4088.41,4097.95,4065.17,TARGET,2.179,WIN,2026-07-27,0,
StructureSweep,2026-07-28 06:30:00,SHORT,4049.91,4056.43,4040.19,TARGET,1.118,WIN,2026-07-28,0,
LiquiditySweep,2026-07-28 09:45:00,LONG,4023.4,4013.03,4050.83,STOP,-1.426,LOSS,2026-07-28,0,
StructureSweep,2026-07-28 15:15:00,SHORT,4035.59,4044.92,4016.83,STOP,-1.477,LOSS,2026-07-28,0,
LiquidityRun,2026-07-28 15:15:00,LONG,4035.59,4025.59,4065.62,STOP,-1.443,LOSS,2026-07-28,0,
StructureSweep,2026-07-28 16:45:00,SHORT,4037.62,4045.2,4011.29,TARGET,3.154,WIN,2026-07-28,0,
LiquiditySweep,2026-07-29 01:00:00,LONG,4013.04,4003.98,4030.44,TARGET,1.654,WIN,2026-07-29,0,
StructureSweep,2026-07-29 01:30:00,SHORT,4027.63,4034.66,4013.92,STOP,-1.631,LOSS,2026-07-29,0,
VolProfileReject,2026-07-29 01:30:00,LONG,4027.63,4005.99,4103.06,STOP,-1.204,LOSS,2026-07-29,1,LiquidityRun
LiquidityRun,2026-07-29 01:45:00,LONG,4025.68,4016.29,4053.87,STOP,-1.471,LOSS,2026-07-29,1,VolProfileReject
StructureSweep,2026-07-29 02:45:00,SHORT,4029.66,4039.33,4010.0,STOP,-1.459,LOSS,2026-07-29,0,
PriorDayLevels,2026-07-29 12:00:00,LONG,4011.29,3999.26,4074.23,STOP,-1.366,LOSS,2026-07-29,2,"LiquiditySweep,StructureSweep"
LiquiditySweep,2026-07-29 12:30:00,LONG,4020.88,4003.06,4030.44,STOP,-1.248,LOSS,2026-07-29,2,"PriorDayLevels,StructureSweep"
StructureSweep,2026-07-29 12:30:00,LONG,4020.88,4005.06,4047.78,STOP,-1.279,LOSS,2026-07-29,2,"LiquiditySweep,PriorDayLevels"
LiquiditySweep,2026-07-29 15:15:00,LONG,4010.6,3997.66,4030.44,TARGET,1.347,WIN,2026-07-29,2,"PriorDayLevels,StructureSweep"
LiquidityRun,2026-07-29 17:00:00,LONG,4042.21,4014.94,4123.99,TARGET,2.91,WIN,2026-07-29,0,
PriorDayLevels,2026-07-29 18:00:00,SHORT,4074.23,4086.45,4011.29,STOP,-1.368,LOSS,2026-07-29,0,
StructureSweep,2026-07-30 12:30:00,SHORT,4077.24,4090.97,4028.42,STOP,-1.327,LOSS,2026-07-30,0,
PriorDayLevels,2026-07-30 14:00:00,SHORT,4116.48,4128.83,3995.84,EOD,0.5,WIN,2026-07-30,0,
Inducement+FVG,2026-07-31 01:30:00,LONG,4085.84,4080.01,4120.41,STOP,-1.77,LOSS,2026-07-31,0,
Inducement+FVG,2026-07-31 08:00:00,LONG,4062.28,4052.13,4120.41,STOP,-1.44,LOSS,2026-07-31,0,
PriorDayLevels,2026-07-31 13:00:00,LONG,4028.42,4016.33,4120.41,EOD,0.906,WIN,2026-07-31,1,Inducement+FVG
Inducement+FVG,2026-07-31 13:30:00,LONG,4025.13,4014.94,4120.41,TARGET,9.117,WIN,2026-07-31,1,PriorDayLevels
StructureSweep,2026-07-31 17:15:00,SHORT,4050.47,4057.49,4020.88,STOP,-1.635,LOSS,2026-07-31,0,
StructureSweep,2026-08-04 00:45:00,LONG,4049.28,4044.51,4058.24,STOP,-1.934,LOSS,2026-08-04,0,
StructureSweep,2026-08-04 04:45:00,SHORT,4063.66,4070.44,4042.4,STOP,-1.66,LOSS,2026-08-04,0,
StructureSweep,2026-08-04 11:00:00,LONG,4056.6,4048.29,4072.89,TARGET,1.666,WIN,2026-08-04,0,
PriorDayLevels,2026-08-04 11:00:00,SHORT,4079.02,4091.26,4018.89,STOP,-1.368,LOSS,2026-08-04,0,
StructureSweep,2026-08-04 20:15:00,LONG,4075.5,4070.44,4106.48,STOP,-1.885,LOSS,2026-08-04,0,
StructureSweep,2026-08-05 01:15:00,SHORT,4084.52,4092.91,4065.4,STOP,-1.536,LOSS,2026-08-05,0,
LiquidityRun,2026-08-05 04:45:00,SHORT,4135.6,4141.78,4117.08,STOP,-1.738,LOSS,2026-08-05,0,
LiquidityRun,2026-08-05 07:15:00,SHORT,4164.35,4176.16,4128.94,STOP,-1.389,LOSS,2026-08-05,0,
LiquidityRun,2026-08-05 12:45:00,SHORT,4184.0,4201.76,4130.72,STOP,-1.26,LOSS,2026-08-05,0,
LiquidityRun,2026-08-05 16:00:00,SHORT,4234.24,4256.49,4167.47,STOP,-1.21,LOSS,2026-08-05,0,
LiquidityRun,2026-08-05 19:30:00,SHORT,4253.07,4260.24,4231.56,STOP,-1.653,LOSS,2026-08-05,0,
LiquidityRun,2026-08-06 02:45:00,SHORT,4278.55,4296.05,4226.07,TARGET,2.854,WIN,2026-08-06,1,LiquiditySweep
LiquiditySweep,2026-08-06 03:15:00,SHORT,4266.16,4280.62,4242.89,STOP,-1.325,LOSS,2026-08-06,1,LiquidityRun
PriorDayLevels,2026-08-06 09:00:00,SHORT,4281.99,4294.83,4070.29,EOD,1.959,WIN,2026-08-06,0,
StructureSweep,2026-08-06 13:15:00,LONG,4247.49,4231.51,4284.76,STOP,-1.292,LOSS,2026-08-06,1,LiquidityRun
Inducement+FVG,2026-08-06 16:15:00,LONG,4230.15,4202.69,4304.28,TARGET,2.607,WIN,2026-08-06,1,LiquidityRun
LiquidityRun,2026-08-06 17:00:00,LONG,4240.88,4231.86,4267.91,STOP,-1.517,LOSS,2026-08-06,2,"Inducement+FVG,StructureSweep"
LiquidityRun,2026-08-07 01:15:00,LONG,4243.41,4232.71,4275.5,TARGET,2.761,WIN,2026-08-07,0,
LiquidityRun,2026-08-07 07:30:00,SHORT,4285.17,4294.5,4257.2,STOP,-1.506,LOSS,2026-08-07,0,
LiquidityRun,2026-08-07 12:15:00,SHORT,4307.02,4325.0,4253.07,STOP,-1.264,LOSS,2026-08-07,0,
LiquidityRun,2026-08-07 14:00:00,SHORT,4334.37,4354.48,4274.04,STOP,-1.238,LOSS,2026-08-07,0,
LiquidityRun,2026-08-10 03:30:00,LONG,4325.23,4317.02,4349.85,TARGET,2.683,WIN,2026-08-10,0,
StructureSweep,2026-08-10 04:00:00,SHORT,4332.12,4337.18,4313.2,STOP,-1.943,LOSS,2026-08-10,0,
StructureSweep,2026-08-10 04:30:00,SHORT,4332.15,4340.6,4313.2,STOP,-1.565,LOSS,2026-08-10,0,
LiquidityRun,2026-08-10 08:45:00,SHORT,4346.4,4356.49,4316.11,STOP,-1.474,LOSS,2026-08-10,0,
Inducement+FVG,2026-08-10 11:00:00,LONG,4331.46,4323.46,4371.87,STOP,-1.595,LOSS,2026-08-10,2,"PriorDayLevels,StructureSweep"
PriorDayLevels,2026-08-10 11:00:00,LONG,4331.89,4318.89,4349.15,STOP,-1.366,LOSS,2026-08-10,2,"Inducement+FVG,StructureSweep"
Inducement+FVG,2026-08-10 14:00:00,LONG,4329.84,4317.02,4371.87,TARGET,3.077,WIN,2026-08-10,2,"PriorDayLevels,StructureSweep"
StructureSweep,2026-08-10 14:00:00,LONG,4329.84,4313.64,4362.16,TARGET,1.835,WIN,2026-08-10,2,"Inducement+FVG,PriorDayLevels"
PriorDayLevels,2026-08-10 14:00:00,SHORT,4349.15,4362.2,4331.89,TARGET,1.19,WIN,2026-08-10,1,LiquidityRun
LiquidityRun,2026-08-10 16:45:00,SHORT,4356.68,4365.19,4331.12,STOP,-1.563,LOSS,2026-08-10,1,PriorDayLevels
LiquidityRun,2026-08-11 02:45:00,SHORT,4410.75,4430.3,4352.09,STOP,-1.249,LOSS,2026-08-11,0,
StructureSweep,2026-08-11 04:45:00,LONG,4409.01,4398.76,4435.26,STOP,-1.473,LOSS,2026-08-11,0,
PriorDayLevels,2026-08-11 13:00:00,SHORT,4402.68,4415.89,4313.2,EOD,2.006,WIN,2026-08-11,0,
StructureSweep,2026-08-11 15:45:00,LONG,4383.64,4370.37,4404.24,STOP,-1.363,LOSS,2026-08-11,0,
StructureSweep,2026-08-11 22:00:00,SHORT,4374.08,4379.88,4360.04,STOP,-1.83,LOSS,2026-08-11,0,
PriorDayLevels,2026-08-12 12:00:00,SHORT,4435.26,4448.57,4356.62,EOD,1.213,WIN,2026-08-12,0,
Inducement+FVG,2026-08-12 16:45:00,LONG,4401.46,4393.17,4416.34,TARGET,1.476,WIN,2026-08-12,0,
LiquidityRun,2026-08-12 16:45:00,SHORT,4401.46,4426.61,4326.01,STOP,-1.193,LOSS,2026-08-12,0,
LiquiditySweep,2026-08-13 00:30:00,SHORT,4440.12,4456.51,4407.84,TARGET,1.806,WIN,2026-08-13,0,
VolProfileReject,2026-08-13 01:45:00,SHORT,4408.47,4454.29,4359.24,TARGET,1.017,WIN,2026-08-13,1,LiquidityRun
LiquidityRun,2026-08-13 02:00:00,SHORT,4410.81,4422.01,4377.22,TARGET,2.764,WIN,2026-08-13,1,VolProfileReject
Inducement+FVG,2026-08-13 04:00:00,LONG,4394.32,4386.21,4441.42,STOP,-1.595,LOSS,2026-08-13,1,StructureSweep
StructureSweep,2026-08-13 04:15:00,LONG,4398.14,4388.06,4449.84,STOP,-1.479,LOSS,2026-08-13,1,Inducement+FVG
Inducement+FVG,2026-08-13 06:15:00,LONG,4375.83,4367.46,4416.34,STOP,-1.574,LOSS,2026-08-13,1,LiquidityRun
LiquidityRun,2026-08-13 08:30:00,LONG,4373.67,4366.39,4395.51,TARGET,2.639,WIN,2026-08-13,1,Inducement+FVG
PriorDayLevels,2026-08-13 14:00:00,LONG,4366.37,4353.27,4441.42,STOP,-1.366,LOSS,2026-08-13,1,LiquidityRun
LiquidityRun,2026-08-13 14:45:00,LONG,4383.8,4373.77,4413.88,STOP,-1.48,LOSS,2026-08-13,0,
LiquidityRun,2026-08-13 16:45:00,LONG,4367.12,4358.51,4392.95,STOP,-1.557,LOSS,2026-08-13,1,PriorDayLevels
LiquidityRun,2026-08-13 22:00:00,LONG,4354.07,4347.19,4374.73,STOP,-1.695,LOSS,2026-08-13,0,
LiquidityRun,2026-08-14 03:30:00,LONG,4325.78,4319.54,4344.49,STOP,-1.762,LOSS,2026-08-14,0,
LiquidityRun,2026-08-14 06:00:00,LONG,4332.55,4320.67,4368.19,TARGET,2.781,WIN,2026-08-14,0,
LiquidityRun,2026-08-14 14:45:00,SHORT,4381.57,4389.41,4358.05,STOP,-1.615,LOSS,2026-08-14,0,
LiquidityRun,2026-08-17 00:15:00,LONG,4389.61,4369.35,4450.39,STOP,-1.238,LOSS,2026-08-17,0,
StructureSweep,2026-08-17 06:15:00,SHORT,4398.51,4404.35,4386.78,STOP,-1.83,LOSS,2026-08-17,0,
Inducement+FVG,2026-08-17 12:15:00,LONG,4385.88,4375.2,4416.58,TARGET,2.629,WIN,2026-08-17,0,
Inducement+FVG,2026-08-18 01:45:00,LONG,4408.13,4403.09,4428.87,STOP,-1.962,LOSS,2026-08-18,0,
Inducement+FVG,2026-08-18 13:30:00,LONG,4401.25,4369.35,4436.35,STOP,-1.151,LOSS,2026-08-18,0,
PriorDayLevels,2026-08-18 14:00:00,LONG,4368.09,4354.98,4428.87,STOP,-1.366,LOSS,2026-08-18,1,LiquidityRun
LiquidityRun,2026-08-18 16:00:00,LONG,4367.83,4357.91,4397.59,STOP,-1.484,LOSS,2026-08-18,1,PriorDayLevels
LiquidityRun,2026-08-19 00:15:00,LONG,4342.82,4330.0,4381.28,STOP,-1.372,LOSS,2026-08-19,0,
LiquidityRun,2026-08-19 01:45:00,LONG,4356.34,4341.98,4399.43,STOP,-1.333,LOSS,2026-08-19,0,
LiquidityRun,2026-08-19 11:45:00,SHORT,4364.8,4373.08,4339.95,STOP,-1.58,LOSS,2026-08-19,0,
PriorDayLevels,2026-08-19 12:00:00,SHORT,4436.35,4449.66,4327.23,STOP,-1.368,LOSS,2026-08-19,0,
LiquidityRun,2026-08-19 17:15:00,SHORT,4487.94,4497.84,4458.25,STOP,-1.5,LOSS,2026-08-19,0,
LiquidityRun,2026-08-20 01:15:00,SHORT,4500.59,4508.36,4477.3,TARGET,2.653,WIN,2026-08-20,0,
StructureSweep,2026-08-20 08:15:00,SHORT,4491.38,4503.24,4477.73,TARGET,0.925,WIN,2026-08-20,0,
Inducement+FVG,2026-08-20 11:45:00,LONG,4467.15,4458.84,4527.58,STOP,-1.591,LOSS,2026-08-20,1,LiquidityRun
LiquidityRun,2026-08-20 13:00:00,LONG,4472.79,4462.68,4503.1,TARGET,2.734,WIN,2026-08-20,1,Inducement+FVG
PriorDayLevels,2026-08-20 15:00:00,SHORT,4527.58,4541.17,4324.48,EOD,-0.284,LOSS,2026-08-20,0,
LiquidityRun,2026-08-20 15:00:00,LONG,4534.91,4496.66,4649.66,TARGET,2.928,WIN,2026-08-20,0,
LiquiditySweep,2026-08-21 04:30:00,SHORT,4541.49,4554.96,4516.71,STOP,-1.372,LOSS,2026-08-21,0,
StructureSweep,2026-08-21 12:45:00,LONG,4577.91,4568.34,4604.54,TARGET,2.495,WIN,2026-08-21,0,
LiquiditySweep,2026-08-21 15:15:00,SHORT,4602.76,4614.69,4577.85,STOP,-1.425,LOSS,2026-08-21,0,
Inducement+FVG,2026-08-24 00:15:00,LONG,4605.0,4593.78,4632.09,TARGET,2.169,WIN,2026-08-24,0,
LiquidityRun,2026-08-24 02:45:00,SHORT,4643.56,4653.66,4613.26,STOP,-1.507,LOSS,2026-08-24,0,
LiquidityRun,2026-08-24 10:00:00,LONG,4648.21,4636.46,4683.47,STOP,-1.434,LOSS,2026-08-24,0,
LiquiditySweep,2026-08-24 11:30:00,SHORT,4658.71,4677.34,4629.64,STOP,-1.276,LOSS,2026-08-24,0,
Inducement+FVG,2026-08-24 15:45:00,LONG,4649.03,4643.12,4660.03,TARGET,1.388,WIN,2026-08-24,2,"LiquidityRun,StructureSweep"
StructureSweep,2026-08-24 16:00:00,LONG,4657.33,4641.63,4680.96,STOP,-1.326,LOSS,2026-08-24,2,"Inducement+FVG,LiquidityRun"
Inducement+FVG,2026-08-24 18:00:00,LONG,4632.14,4616.43,4660.03,TARGET,1.597,WIN,2026-08-24,0,
LiquidityRun,2026-08-24 19:45:00,LONG,4651.71,4640.4,4685.65,TARGET,2.753,WIN,2026-08-24,2,"Inducement+FVG,StructureSweep"
LiquiditySweep,2026-08-24 23:45:00,SHORT,4679.76,4689.96,4655.38,STOP,-1.505,LOSS,2026-08-24,2,"LiquidityRun,StructureSweep"
LiquiditySweep,2026-08-25 01:00:00,SHORT,4678.19,4693.94,4655.38,TARGET,1.27,WIN,2026-08-25,2,"LiquidityRun,StructureSweep"
StructureSweep,2026-08-25 01:00:00,SHORT,4678.19,4691.59,4624.77,TARGET,3.777,WIN,2026-08-25,2,"LiquidityRun,LiquiditySweep"
LiquidityRun,2026-08-25 01:15:00,SHORT,4669.58,4688.42,4613.06,TARGET,2.852,WIN,2026-08-25,2,"LiquiditySweep,StructureSweep"
Inducement+FVG,2026-08-25 02:45:00,LONG,4629.4,4616.43,4680.96,STOP,-1.392,LOSS,2026-08-25,0,
StructureSweep,2026-08-25 14:15:00,LONG,4624.01,4613.62,4647.54,STOP,-1.489,LOSS,2026-08-25,1,LiquidityRun
LiquidityRun,2026-08-25 14:15:00,LONG,4624.01,4613.34,4656.01,STOP,-1.476,LOSS,2026-08-25,1,StructureSweep
LiquidityRun,2026-08-25 14:45:00,LONG,4635.36,4623.91,4669.73,TARGET,2.757,WIN,2026-08-25,1,StructureSweep
LiquidityRun,2026-08-25 23:15:00,SHORT,4661.1,4674.37,4621.26,TARGET,2.79,WIN,2026-08-25,0,
Inducement+FVG,2026-08-26 01:00:00,LONG,4643.94,4623.91,4697.11,STOP,-1.254,LOSS,2026-08-26,0,
StructureSweep,2026-08-26 02:00:00,LONG,4660.22,4650.14,4673.62,STOP,-1.508,LOSS,2026-08-26,0,
LiquidityRun,2026-08-26 12:00:00,LONG,4625.53,4618.24,4647.42,STOP,-1.697,LOSS,2026-08-26,0,
PriorDayLevels,2026-08-26 13:00:00,LONG,4605.17,4591.35,4697.11,STOP,-1.366,LOSS,2026-08-26,1,Inducement+FVG
Inducement+FVG,2026-08-26 13:15:00,LONG,4611.12,4593.78,4697.11,STOP,-1.292,LOSS,2026-08-26,1,PriorDayLevels
LiquidityRun,2026-08-26 13:45:00,LONG,4631.44,4609.68,4696.72,STOP,-1.233,LOSS,2026-08-26,0,
LiquidityRun,2026-08-27 02:30:00,SHORT,4627.14,4642.67,4580.57,TARGET,2.822,WIN,2026-08-27,0,
StructureSweep,2026-08-27 06:00:00,LONG,4605.88,4594.84,4643.11,STOP,-1.458,LOSS,2026-08-27,0,
StructureSweep,2026-08-27 08:00:00,LONG,4603.33,4595.02,4643.11,STOP,-1.609,LOSS,2026-08-27,1,LiquidityRun
PriorDayLevels,2026-08-27 09:00:00,LONG,4582.92,4569.17,4670.84,STOP,-1.366,LOSS,2026-08-27,2,"LiquidityRun,LiquiditySweep"
LiquiditySweep,2026-08-27 10:30:00,LONG,4585.45,4569.19,4601.67,STOP,-1.309,LOSS,2026-08-27,2,"LiquidityRun,PriorDayLevels"
LiquidityRun,2026-08-27 10:45:00,LONG,4590.1,4579.09,4623.13,STOP,-1.458,LOSS,2026-08-27,3,"LiquiditySweep,PriorDayLevels,StructureSweep"
LiquidityRun,2026-08-27 14:30:00,LONG,4595.09,4574.66,4656.39,STOP,-1.247,LOSS,2026-08-27,1,LiquiditySweep
StructureSweep,2026-08-27 20:45:00,LONG,4600.78,4595.31,4618.12,STOP,-1.923,LOSS,2026-08-27,0,
LiquidityRun,2026-08-28 06:15:00,LONG,4584.82,4572.93,4620.49,TARGET,2.768,WIN,2026-08-28,0,
PriorDayLevels,2026-08-28 14:00:00,LONG,4564.92,4551.22,4643.11,STOP,-1.366,LOSS,2026-08-28,1,LiquiditySweep
LiquidityRun,2026-08-28 14:15:00,SHORT,4551.9,4609.04,4380.48,TARGET,2.953,WIN,2026-08-28,0,
LiquiditySweep,2026-08-28 14:45:00,LONG,4576.65,4543.38,4590.07,STOP,-1.151,LOSS,2026-08-28,1,PriorDayLevels
LiquiditySweep,2026-08-30 23:45:00,LONG,4458.24,4428.97,4467.06,TARGET,0.21,WIN,2026-08-30,0,
StructureSweep,2026-08-31 00:30:00,SHORT,4465.11,4476.9,4438.98,TARGET,1.991,WIN,2026-08-31,0,
LiquiditySweep,2026-08-31 01:00:00,LONG,4443.54,4429.18,4466.89,STOP,-1.34,LOSS,2026-08-31,0,
PriorDayLevels,2026-08-31 12:00:00,LONG,4435.62,4422.31,4466.89,STOP,-1.366,LOSS,2026-08-31,1,StructureSweep
StructureSweep,2026-08-31 13:00:00,LONG,4445.93,4429.2,4464.04,STOP,-1.292,LOSS,2026-08-31,1,PriorDayLevels
StructureSweep,2026-09-01 01:45:00,LONG,4444.24,4434.8,4456.08,STOP,-1.517,LOSS,2026-09-01,0,
PriorDayLevels,2026-09-01 08:00:00,LONG,4396.4,4383.21,4472.42,STOP,-1.366,LOSS,2026-09-01,1,LiquidityRun
LiquidityRun,2026-09-01 10:15:00,LONG,4384.83,4369.15,4431.88,STOP,-1.307,LOSS,2026-09-01,1,PriorDayLevels
LiquidityRun,2026-09-01 13:45:00,LONG,4365.54,4340.32,4441.23,STOP,-1.19,LOSS,2026-09-01,0,
StructureSweep,2026-09-01 23:30:00,SHORT,4333.77,4340.09,4322.67,TARGET,1.346,WIN,2026-09-01,0,
LiquiditySweep,2026-09-02 00:00:00,LONG,4328.16,4309.1,4334.6,STOP,-1.249,LOSS,2026-09-02,0,
LiquidityRun,2026-09-02 04:00:00,LONG,4304.18,4289.61,4347.89,TARGET,2.822,WIN,2026-09-02,0,
LiquidityRun,2026-09-02 15:00:00,SHORT,4373.02,4385.49,4335.61,STOP,-1.386,LOSS,2026-09-02,0,
LiquidityRun,2026-09-03 05:15:00,SHORT,4424.99,4438.3,4385.05,STOP,-1.366,LOSS,2026-09-03,0,
LiquidityRun,2026-09-03 09:45:00,SHORT,4427.36,4436.46,4400.09,STOP,-1.537,LOSS,2026-09-03,0,
LiquidityRun,2026-09-03 13:30:00,SHORT,4470.21,4489.19,4413.27,STOP,-1.26,LOSS,2026-09-03,0,
LiquidityRun,2026-09-03 15:45:00,SHORT,4493.11,4505.97,4454.54,TARGET,2.791,WIN,2026-09-03,0,
StructureSweep,2026-09-04 02:30:00,LONG,4470.84,4465.66,4487.3,STOP,-1.948,LOSS,2026-09-04,1,Inducement+FVG
Inducement+FVG,2026-09-04 04:00:00,LONG,4469.34,4444.78,4510.95,STOP,-1.199,LOSS,2026-09-04,1,StructureSweep
StructureSweep,2026-09-04 08:30:00,SHORT,4477.6,4487.01,4459.99,TARGET,1.585,WIN,2026-09-04,0,
PriorDayLevels,2026-09-04 12:00:00,LONG,4382.42,4369.27,4510.95,STOP,-1.366,LOSS,2026-09-04,0,
LiquidityRun,2026-09-04 13:30:00,LONG,4423.89,4390.33,4524.56,STOP,-1.144,LOSS,2026-09-04,0,
Inducement+FVG,2026-09-07 01:00:00,LONG,4399.68,4390.33,4490.9,STOP,-1.517,LOSS,2026-09-07,1,LiquidityRun
LiquidityRun,2026-09-07 01:45:00,LONG,4409.2,4399.22,4439.15,STOP,-1.485,LOSS,2026-09-07,1,Inducement+FVG
LiquidityRun,2026-09-07 08:00:00,LONG,4416.98,4394.59,4484.15,STOP,-1.216,LOSS,2026-09-07,0,
StructureSweep,2026-09-07 08:45:00,SHORT,4411.23,4419.71,4385.23,TARGET,2.751,WIN,2026-09-07,0,
LiquidityRun,2026-09-07 13:15:00,LONG,4403.89,4393.79,4434.16,TARGET,2.738,WIN,2026-09-07,0,
LiquidityRun,2026-09-08 02:15:00,SHORT,4424.72,4437.83,4385.41,STOP,-1.372,LOSS,2026-09-08,0,
LiquidityRun,2026-09-08 04:30:00,SHORT,4436.63,4442.03,4420.42,TARGET,2.508,WIN,2026-09-08,0,
StructureSweep,2026-09-08 05:30:00,LONG,4425.67,4413.29,4443.1,STOP,-1.393,LOSS,2026-09-08,0,
LiquidityRun,2026-09-08 05:30:00,SHORT,4425.67,4431.59,4407.91,TARGET,2.552,WIN,2026-09-08,0,
LiquidityRun,2026-09-08 07:45:00,SHORT,4392.2,4404.4,4355.63,STOP,-1.397,LOSS,2026-09-08,0,
LiquidityRun,2026-09-08 11:30:00,LONG,4403.35,4395.29,4427.54,STOP,-1.6,LOSS,2026-09-08,0,
PriorDayLevels,2026-09-08 16:00:00,LONG,4380.96,4367.82,4429.79,STOP,-1.366,LOSS,2026-09-08,0,
LiquidityRun,2026-09-08 23:30:00,LONG,4358.36,4350.79,4381.08,STOP,-1.632,LOSS,2026-09-08,0,
LiquidityRun,2026-09-09 00:45:00,LONG,4364.54,4345.93,4420.38,TARGET,2.859,WIN,2026-09-09,0,
LiquidityRun,2026-09-09 15:15:00,SHORT,4394.55,4419.41,4319.97,STOP,-1.195,LOSS,2026-09-09,0,
StructureSweep,2026-09-09 15:15:00,LONG,4394.55,4370.68,4434.21,TARGET,1.551,WIN,2026-09-09,0,
LiquidityRun,2026-09-09 17:15:00,LONG,4414.87,4406.01,4441.43,STOP,-1.548,LOSS,2026-09-09,0,
Inducement+FVG,2026-09-10 00:00:00,LONG,4395.1,4384.34,4434.21,TARGET,3.389,WIN,2026-09-10,0,
LiquidityRun,2026-09-10 06:15:00,SHORT,4417.44,4428.15,4385.3,STOP,-1.454,LOSS,2026-09-10,0,
Inducement+FVG,2026-09-10 07:15:00,LONG,4408.52,4400.64,4434.21,STOP,-1.615,LOSS,2026-09-10,1,StructureSweep
LiquidityRun,2026-09-10 07:15:00,SHORT,4408.52,4427.95,4350.24,TARGET,2.864,WIN,2026-09-10,0,
StructureSweep,2026-09-10 07:30:00,LONG,4409.52,4399.44,4434.92,STOP,-1.48,LOSS,2026-09-10,1,Inducement+FVG
Inducement+FVG,2026-09-10 09:00:00,LONG,4395.0,4384.34,4434.21,STOP,-1.453,LOSS,2026-09-10,0,
Inducement+FVG,2026-09-10 12:00:00,LONG,4375.14,4364.34,4434.92,STOP,-1.445,LOSS,2026-09-10,1,LiquidityRun
PriorDayLevels,2026-09-10 12:00:00,LONG,4340.92,4327.89,4434.21,STOP,-1.366,LOSS,2026-09-10,1,LiquiditySweep
LiquiditySweep,2026-09-10 13:00:00,LONG,4343.94,4332.77,4384.35,STOP,-1.427,LOSS,2026-09-10,1,PriorDayLevels
LiquidityRun,2026-09-10 13:45:00,LONG,4365.86,4353.59,4402.69,STOP,-1.39,LOSS,2026-09-10,1,Inducement+FVG
LiquidityRun,2026-09-10 15:30:00,LONG,4365.65,4357.1,4391.3,STOP,-1.561,LOSS,2026-09-10,1,Inducement+FVG
PriorDayLevels,2026-09-10 18:00:00,LONG,4340.92,4327.89,4434.21,STOP,-1.366,LOSS,2026-09-10,0,
LiquidityRun,2026-09-10 22:00:00,LONG,4321.33,4314.47,4341.88,STOP,-1.693,LOSS,2026-09-10,0,
LiquidityRun,2026-09-11 00:45:00,LONG,4331.89,4319.88,4367.9,STOP,-1.396,LOSS,2026-09-11,1,LiquiditySweep
LiquiditySweep,2026-09-11 04:00:00,LONG,4321.72,4295.43,4340.59,TARGET,0.619,WIN,2026-09-11,1,LiquidityRun
LiquidityRun,2026-09-11 04:15:00,LONG,4328.49,4304.15,4401.5,STOP,-1.195,LOSS,2026-09-11,1,LiquiditySweep
PriorDayLevels,2026-09-11 12:00:00,LONG,4311.08,4298.15,4434.92,STOP,-1.366,LOSS,2026-09-11,0,
VolProfileReject,2026-09-11 13:45:00,LONG,4401.41,4287.47,4424.84,STOP,-1.042,LOSS,2026-09-11,0,
LiquidityRun,2026-09-11 14:15:00,SHORT,4375.12,4391.45,4326.14,TARGET,2.84,WIN,2026-09-11,0,
StructureSweep,2026-09-14 02:30:00,SHORT,4345.79,4359.73,4326.23,TARGET,1.216,WIN,2026-09-14,0,
StructureSweep,2026-09-14 15:30:00,SHORT,4294.06,4302.61,4253.4,STOP,-1.553,LOSS,2026-09-14,1,LiquidityRun
LiquidityRun,2026-09-14 15:45:00,LONG,4288.27,4280.35,4312.04,TARGET,2.675,WIN,2026-09-14,0,
LiquidityRun,2026-09-14 17:00:00,LONG,4311.1,4303.7,4333.28,STOP,-1.641,LOSS,2026-09-14,0,
LiquidityRun,2026-09-14 19:30:00,SHORT,4291.93,4307.0,4246.74,STOP,-1.314,LOSS,2026-09-14,1,StructureSweep
StructureSweep,2026-09-15 07:30:00,LONG,4283.73,4276.51,4317.46,STOP,-1.651,LOSS,2026-09-15,1,LiquidityRun
LiquidityRun,2026-09-15 11:00:00,LONG,4283.8,4273.24,4315.47,STOP,-1.446,LOSS,2026-09-15,1,StructureSweep
LiquidityRun,2026-09-15 12:45:00,LONG,4290.19,4274.86,4336.17,STOP,-1.307,LOSS,2026-09-15,0,
LiquidityRun,2026-09-15 19:15:00,SHORT,4300.93,4308.4,4278.51,TARGET,2.655,WIN,2026-09-15,0,
LiquidityRun,2026-09-16 03:45:00,SHORT,4326.98,4336.17,4299.42,STOP,-1.519,LOSS,2026-09-16,0,
LiquidityRun,2026-09-16 13:45:00,SHORT,4338.4,4353.76,4292.29,STOP,-1.311,LOSS,2026-09-16,0,
StructureSweep,2026-09-16 14:15:00,LONG,4337.88,4326.31,4353.62,TARGET,1.136,WIN,2026-09-16,0,
PriorDayLevels,2026-09-16 18:00:00,LONG,4261.13,4248.35,4317.46,TARGET,4.272,WIN,2026-09-16,1,LiquidityRun
LiquidityRun,2026-09-16 18:15:00,SHORT,4322.29,4347.0,4248.14,TARGET,2.896,WIN,2026-09-16,0,
LiquidityRun,2026-09-16 19:45:00,LONG,4272.29,4253.54,4328.55,END,-0.96,LOSS,2026-09-16,1,PriorDayLevels
VolProfileReject,2026-09-16 19:45:00,SHORT,4272.29,4372.54,4267.39,TARGET,0.023,BE,2026-09-16,0,
